"Consumption","Resistance","Pathogen","DOI","Antibiotic","Weight","ISO3","PC1","PC2","PC3","GDP","Year"
87,63,"Acinetobacter spp.","https://doi.org/10.1007/s10096-018-3352-1","J01D",1,"BRA",-3.35430939462738,-0.931137478553002,1.03283862584676,16440.58374,2007
118,76,"Acinetobacter spp.","https://doi.org/10.1007/s10096-018-3352-1","J01D",1,"BRA",-3.21734083873706,-1.17157598843414,1.02190865196567,17113.36798,2008
140,57,"P. aeruginosa","https://doi.org/10.1007/s10096-018-3352-1","J01D",1,"BRA",-3.08685403848337,-1.40360707282844,1.00881104009003,16939.44078,2009
156,54,"P. aeruginosa","https://doi.org/10.1007/s10096-018-3352-1","J01D",1,"BRA",-2.93983748037192,-1.64964157577591,0.997207925642445,18062.15811,2010
220,66,"P. aeruginosa","https://doi.org/10.1007/s10096-018-3352-1","J01D",1,"BRA",-2.79144821520567,-1.90238363635956,0.985988985480535,18627.81045,2011
219,44,"P. aeruginosa","https://doi.org/10.1007/s10096-018-3352-1","J01D",1,"BRA",-2.33403740887391,-3.67683741064336,0.752668970791227,17620.92724,2016
87,1,"K. pneumoniae","https://doi.org/10.1007/s10096-018-3352-1","J01D",1,"BRA",-3.35430939462738,-0.931137478553002,1.03283862584676,16440.58374,2007
118,1,"K. pneumoniae","https://doi.org/10.1007/s10096-018-3352-1","J01D",1,"BRA",-3.21734083873706,-1.17157598843414,1.02190865196567,17113.36798,2008
140,5,"K. pneumoniae","https://doi.org/10.1007/s10096-018-3352-1","J01D",1,"BRA",-3.08685403848337,-1.40360707282844,1.00881104009003,16939.44078,2009
156,15,"K. pneumoniae","https://doi.org/10.1007/s10096-018-3352-1","J01D",1,"BRA",-2.93983748037192,-1.64964157577591,0.997207925642445,18062.15811,2010
220,10,"K. pneumoniae","https://doi.org/10.1007/s10096-018-3352-1","J01D",1,"BRA",-2.79144821520567,-1.90238363635956,0.985988985480535,18627.81045,2011
199,36,"K. pneumoniae","https://doi.org/10.1007/s10096-018-3352-1","J01D",1,"BRA",-2.85372574626252,-2.69179599532858,0.799154494688383,18832.21955,2012
227,63,"K. pneumoniae","https://doi.org/10.1007/s10096-018-3352-1","J01D",1,"BRA",-2.71089116221965,-2.94548661256019,0.789129646008654,19241.50598,2013
245,84,"K. pneumoniae","https://doi.org/10.1007/s10096-018-3352-1","J01D",1,"BRA",-2.57405733723056,-3.18948552243266,0.777611405682442,19183.17275,2014
223,80,"K. pneumoniae","https://doi.org/10.1007/s10096-018-3352-1","J01D",1,"BRA",-2.4613856801155,-3.43033110872296,0.764952698444053,18357.06906,2015
219,82,"K. pneumoniae","https://doi.org/10.1007/s10096-018-3352-1","J01D",1,"BRA",-2.33403740887391,-3.67683741064336,0.752668970791227,17620.92724,2016
156,81,"Acinetobacter spp.","https://doi.org/10.1007/s10096-018-3352-1","J01D",1,"BRA",-2.93983748037192,-1.64964157577591,0.997207925642445,18062.15811,2010
220,86,"Acinetobacter spp.","https://doi.org/10.1007/s10096-018-3352-1","J01D",1,"BRA",-2.79144821520567,-1.90238363635956,0.985988985480535,18627.81045,2011
199,88,"Acinetobacter spp.","https://doi.org/10.1007/s10096-018-3352-1","J01D",1,"BRA",-2.85372574626252,-2.69179599532858,0.799154494688383,18832.21955,2012
227,92,"Acinetobacter spp.","https://doi.org/10.1007/s10096-018-3352-1","J01D",1,"BRA",-2.71089116221965,-2.94548661256019,0.789129646008654,19241.50598,2013
245,89,"Acinetobacter spp.","https://doi.org/10.1007/s10096-018-3352-1","J01D",1,"BRA",-2.57405733723056,-3.18948552243266,0.777611405682442,19183.17275,2014
223,87,"Acinetobacter spp.","https://doi.org/10.1007/s10096-018-3352-1","J01D",1,"BRA",-2.4613856801155,-3.43033110872296,0.764952698444053,18357.06906,2015
219,92,"Acinetobacter spp.","https://doi.org/10.1007/s10096-018-3352-1","J01D",1,"BRA",-2.33403740887391,-3.67683741064336,0.752668970791227,17620.92724,2016
87,38,"P. aeruginosa","https://doi.org/10.1007/s10096-018-3352-1","J01D",1,"BRA",-3.35430939462738,-0.931137478553002,1.03283862584676,16440.58374,2007
118,52,"P. aeruginosa","https://doi.org/10.1007/s10096-018-3352-1","J01D",1,"BRA",-3.21734083873706,-1.17157598843414,1.02190865196567,17113.36798,2008
227,81,"P. aeruginosa","https://doi.org/10.1007/s10096-018-3352-1","J01D",1,"BRA",-2.71089116221965,-2.94548661256019,0.789129646008654,19241.50598,2013
245,76,"P. aeruginosa","https://doi.org/10.1007/s10096-018-3352-1","J01D",1,"BRA",-2.57405733723056,-3.18948552243266,0.777611405682442,19183.17275,2014
223,62,"P. aeruginosa","https://doi.org/10.1007/s10096-018-3352-1","J01D",1,"BRA",-2.4613856801155,-3.43033110872296,0.764952698444053,18357.06906,2015
140,84,"Acinetobacter spp.","https://doi.org/10.1007/s10096-018-3352-1","J01D",1,"BRA",-3.08685403848337,-1.40360707282844,1.00881104009003,16939.44078,2009
199,69,"P. aeruginosa","https://doi.org/10.1007/s10096-018-3352-1","J01D",1,"BRA",-2.85372574626252,-2.69179599532858,0.799154494688383,18832.21955,2012
32,39,"E. coli","https://doi.org/10.1186/s12879-020-04981-0","J01M",1,"CHN",-1.1471184963597,-6.66556216623794,0.485655711813823,13696.51749,2014
52,27,"E. coli","https://doi.org/10.1186/s12879-020-04981-0","J01M",1,"CHN",-1.1471184963597,-6.66556216623794,0.485655711813823,13696.51749,2014
83,66,"E. coli","https://doi.org/10.1186/s12879-020-04981-0","J01M",1,"CHN",-1.1471184963597,-6.66556216623794,0.485655711813823,13696.51749,2014
85,56,"E. coli","https://doi.org/10.1186/s12879-020-04981-0","J01M",1,"CHN",-1.1471184963597,-6.66556216623794,0.485655711813823,13696.51749,2014
59,43,"E. coli","https://doi.org/10.1186/s12879-020-04981-0","J01M",1,"CHN",-1.1471184963597,-6.66556216623794,0.485655711813823,13696.51749,2014
28,38,"P. aeruginosa","https://doi.org/10.1371/journal.pone.0078604","J01D",1,"CHN",-1.58407288566217,-6.02265177388231,0.488981557069322,10267.80567,2010
27,16,"E. coli","https://doi.org/10.1186/s12879-020-04981-0","J01M",1,"CHN",-1.1471184963597,-6.66556216623794,0.485655711813823,13696.51749,2014
54,46,"E. coli","https://doi.org/10.1186/s12879-020-04981-0","J01M",1,"CHN",-1.1471184963597,-6.66556216623794,0.485655711813823,13696.51749,2014
50,35,"E. coli","https://doi.org/10.1186/s12879-020-04981-0","J01M",1,"CHN",-1.1471184963597,-6.66556216623794,0.485655711813823,13696.51749,2014
60,44,"E. coli","https://doi.org/10.1186/s12879-020-04981-0","J01M",1,"CHN",-1.1471184963597,-6.66556216623794,0.485655711813823,13696.51749,2014
57,45,"E. coli","https://doi.org/10.1186/s12879-020-04981-0","J01M",1,"CHN",-1.1471184963597,-6.66556216623794,0.485655711813823,13696.51749,2014
44,65,"P. aeruginosa","https://doi.org/10.1371/journal.pone.0078604","J01G",1,"CHN",-2.1482018956611,-3.85871080376836,0.631884438443154,5567.190612,2004
82,57,"E. coli","https://doi.org/10.1186/s12879-020-04981-0","J01M",1,"CHN",-1.1471184963597,-6.66556216623794,0.485655711813823,13696.51749,2014
96,23,"E. coli","https://doi.org/10.1186/s12879-020-04981-0","J01M",1,"CHN",-1.1471184963597,-6.66556216623794,0.485655711813823,13696.51749,2014
106,49,"E. coli","https://doi.org/10.1186/s12879-020-04981-0","J01M",1,"CHN",-1.1471184963597,-6.66556216623794,0.485655711813823,13696.51749,2014
54,31,"E. coli","https://doi.org/10.1186/s12879-020-04981-0","J01M",1,"CHN",-1.1471184963597,-6.66556216623794,0.485655711813823,13696.51749,2014
54,41,"E. coli","https://doi.org/10.1186/s12879-020-04981-0","J01M",1,"CHN",-1.1471184963597,-6.66556216623794,0.485655711813823,13696.51749,2014
105,41,"E. coli","https://doi.org/10.1186/s12879-020-04981-0","J01M",1,"CHN",-1.1471184963597,-6.66556216623794,0.485655711813823,13696.51749,2014
69,19,"E. coli","https://doi.org/10.1186/s12879-020-04981-0","J01M",1,"CHN",-1.1471184963597,-6.66556216623794,0.485655711813823,13696.51749,2014
47,42,"E. coli","https://doi.org/10.1186/s12879-020-04981-0","J01M",1,"CHN",-1.1471184963597,-6.66556216623794,0.485655711813823,13696.51749,2014
51,31,"E. coli","https://doi.org/10.1186/s12879-020-04981-0","J01M",1,"CHN",-1.1471184963597,-6.66556216623794,0.485655711813823,13696.51749,2014
53,30,"E. coli","https://doi.org/10.1186/s12879-020-04981-0","J01M",1,"CHN",-1.1471184963597,-6.66556216623794,0.485655711813823,13696.51749,2014
47,29,"E. coli","https://doi.org/10.1186/s12879-020-04981-0","J01M",1,"CHN",-1.1471184963597,-6.66556216623794,0.485655711813823,13696.51749,2014
55,44,"E. coli","https://doi.org/10.1186/s12879-020-04981-0","J01M",1,"CHN",-1.1471184963597,-6.66556216623794,0.485655711813823,13696.51749,2014
29,40,"P. aeruginosa","https://doi.org/10.1371/journal.pone.0078604","J01D",1,"CHN",-1.48119376487864,-6.20045016211227,0.493627877460411,11187.1661,2011
64,17,"E. coli","https://doi.org/10.1186/s12879-020-04981-0","J01M",1,"CHN",-1.1471184963597,-6.66556216623794,0.485655711813823,13696.51749,2014
49,34,"E. coli","https://doi.org/10.1186/s12879-020-04981-0","J01M",1,"CHN",-1.1471184963597,-6.66556216623794,0.485655711813823,13696.51749,2014
71,39,"E. coli","https://doi.org/10.1186/s12879-020-04981-0","J01M",1,"CHN",-1.1471184963597,-6.66556216623794,0.485655711813823,13696.51749,2014
75,38,"E. coli","https://doi.org/10.1186/s12879-020-04981-0","J01M",1,"CHN",-1.1471184963597,-6.66556216623794,0.485655711813823,13696.51749,2014
63,29,"E. coli","https://doi.org/10.1186/s12879-020-04981-0","J01M",1,"CHN",-1.1471184963597,-6.66556216623794,0.485655711813823,13696.51749,2014
47,44,"E. coli","https://doi.org/10.1186/s12879-020-04981-0","J01M",1,"CHN",-1.1471184963597,-6.66556216623794,0.485655711813823,13696.51749,2014
90,54,"E. coli","https://doi.org/10.1186/s12879-020-04981-0","J01M",1,"CHN",-1.1471184963597,-6.66556216623794,0.485655711813823,13696.51749,2014
91,75,"E. coli","https://doi.org/10.1186/s12879-020-04981-0","J01M",1,"CHN",-1.1471184963597,-6.66556216623794,0.485655711813823,13696.51749,2014
59,44,"E. coli","https://doi.org/10.1186/s12879-020-04981-0","J01M",1,"CHN",-1.1471184963597,-6.66556216623794,0.485655711813823,13696.51749,2014
30,19,"E. coli","https://doi.org/10.1186/s12879-020-04981-0","J01M",1,"CHN",-1.1471184963597,-6.66556216623794,0.485655711813823,13696.51749,2014
12,40,"P. aeruginosa","https://doi.org/10.1371/journal.pone.0078604","J01M",1,"CHN",-1.8281355266774,-5.52695922838994,0.455145913540877,8566.964854,2008
13,43,"P. aeruginosa","https://doi.org/10.1371/journal.pone.0078604","J01M",1,"CHN",-1.6883840524033,-5.81981016282927,0.47366184130405,9325.650779,2009
57,17,"E. coli","https://doi.org/10.1186/s12879-020-04981-0","J01M",1,"CHN",-1.1471184963597,-6.66556216623794,0.485655711813823,13696.51749,2014
67,28,"E. coli","https://doi.org/10.1186/s12879-020-04981-0","J01M",1,"CHN",-1.1471184963597,-6.66556216623794,0.485655711813823,13696.51749,2014
43,31,"E. coli","https://doi.org/10.1186/s12879-020-04981-0","J01M",1,"CHN",-1.1471184963597,-6.66556216623794,0.485655711813823,13696.51749,2014
99,43,"E. coli","https://doi.org/10.1186/s12879-020-04981-0","J01M",1,"CHN",-1.1471184963597,-6.66556216623794,0.485655711813823,13696.51749,2014
43,47,"E. coli","https://doi.org/10.1186/s12879-020-04981-0","J01M",1,"CHN",-1.1471184963597,-6.66556216623794,0.485655711813823,13696.51749,2014
49,46,"E. coli","https://doi.org/10.1186/s12879-020-04981-0","J01M",1,"CHN",-1.1471184963597,-6.66556216623794,0.485655711813823,13696.51749,2014
397,46,"S. aureus","10.1017/S0950268818003059","J01C",1,"CHN",-1.35312281586922,-6.4548943873254,0.48091957226722,11985.31712,2012
60,14,"E. coli","https://doi.org/10.1186/s12879-020-04981-0","J01M",1,"CHN",-1.1471184963597,-6.66556216623794,0.485655711813823,13696.51749,2014
59,25,"E. coli","https://doi.org/10.1186/s12879-020-04981-0","J01M",1,"CHN",-1.1471184963597,-6.66556216623794,0.485655711813823,13696.51749,2014
56,30,"E. coli","https://doi.org/10.1186/s12879-020-04981-0","J01M",1,"CHN",-1.1471184963597,-6.66556216623794,0.485655711813823,13696.51749,2014
55,38,"E. coli","https://doi.org/10.1186/s12879-020-04981-0","J01M",1,"CHN",-1.1471184963597,-6.66556216623794,0.485655711813823,13696.51749,2014
55,40,"E. coli","https://doi.org/10.1186/s12879-020-04981-0","J01M",1,"CHN",-1.1471184963597,-6.66556216623794,0.485655711813823,13696.51749,2014
54,42,"E. coli","https://doi.org/10.1186/s12879-020-04981-0","J01M",1,"CHN",-1.1471184963597,-6.66556216623794,0.485655711813823,13696.51749,2014
59,47,"E. coli","https://doi.org/10.1186/s12879-020-04981-0","J01M",1,"CHN",-1.1471184963597,-6.66556216623794,0.485655711813823,13696.51749,2014
53,50,"E. coli","https://doi.org/10.1186/s12879-020-04981-0","J01M",1,"CHN",-1.1471184963597,-6.66556216623794,0.485655711813823,13696.51749,2014
56,49,"E. coli","https://doi.org/10.1186/s12879-020-04981-0","J01M",1,"CHN",-1.1471184963597,-6.66556216623794,0.485655711813823,13696.51749,2014
60,55,"E. coli","https://doi.org/10.1186/s12879-020-04981-0","J01M",1,"CHN",-1.1471184963597,-6.66556216623794,0.485655711813823,13696.51749,2014
61,50,"E. coli","https://doi.org/10.1186/s12879-020-04981-0","J01M",1,"CHN",-1.1471184963597,-6.66556216623794,0.485655711813823,13696.51749,2014
63,49,"E. coli","https://doi.org/10.1186/s12879-020-04981-0","J01M",1,"CHN",-1.1471184963597,-6.66556216623794,0.485655711813823,13696.51749,2014
66,40,"E. coli","https://doi.org/10.1186/s12879-020-04981-0","J01M",1,"CHN",-1.1471184963597,-6.66556216623794,0.485655711813823,13696.51749,2014
74,35,"E. coli","https://doi.org/10.1186/s12879-020-04981-0","J01M",1,"CHN",-1.1471184963597,-6.66556216623794,0.485655711813823,13696.51749,2014
78,43,"E. coli","https://doi.org/10.1186/s12879-020-04981-0","J01M",1,"CHN",-1.1471184963597,-6.66556216623794,0.485655711813823,13696.51749,2014
88,43,"E. coli","https://doi.org/10.1186/s12879-020-04981-0","J01M",1,"CHN",-1.1471184963597,-6.66556216623794,0.485655711813823,13696.51749,2014
99,42,"E. coli","https://doi.org/10.1186/s12879-020-04981-0","J01M",1,"CHN",-1.1471184963597,-6.66556216623794,0.485655711813823,13696.51749,2014
19,33,"E. coli","https://doi.org/10.1186/s12879-020-04981-0","J01M",1,"CHN",-1.1471184963597,-6.66556216623794,0.485655711813823,13696.51749,2014
20,33,"E. coli","https://doi.org/10.1186/s12879-020-04981-0","J01M",1,"CHN",-1.1471184963597,-6.66556216623794,0.485655711813823,13696.51749,2014
15,28,"E. coli","https://doi.org/10.1186/s12879-020-04981-0","J01M",1,"CHN",-1.1471184963597,-6.66556216623794,0.485655711813823,13696.51749,2014
85,54,"E. coli","https://doi.org/10.1186/s12879-020-04981-0","J01M",1,"CHN",-1.1471184963597,-6.66556216623794,0.485655711813823,13696.51749,2014
31,40,"E. coli","https://doi.org/10.1186/s12879-020-04981-0","J01M",1,"CHN",-1.1471184963597,-6.66556216623794,0.485655711813823,13696.51749,2014
43,64,"P. aeruginosa","https://doi.org/10.1371/journal.pone.0078604","J01G",1,"CHN",-2.33179769157929,-3.69844475089425,0.577754753017023,5085.977831,2003
21,21,"E. coli","https://doi.org/10.1186/s12879-020-04981-0","J01M",1,"CHN",-1.1471184963597,-6.66556216623794,0.485655711813823,13696.51749,2014
37,20,"E. coli","https://doi.org/10.1186/s12879-020-04981-0","J01M",1,"CHN",-1.1471184963597,-6.66556216623794,0.485655711813823,13696.51749,2014
40,19,"E. coli","https://doi.org/10.1186/s12879-020-04981-0","J01M",1,"CHN",-1.1471184963597,-6.66556216623794,0.485655711813823,13696.51749,2014
48,9,"E. coli","https://doi.org/10.1186/s12879-020-04981-0","J01M",1,"CHN",-1.1471184963597,-6.66556216623794,0.485655711813823,13696.51749,2014
51,18,"E. coli","https://doi.org/10.1186/s12879-020-04981-0","J01M",1,"CHN",-1.1471184963597,-6.66556216623794,0.485655711813823,13696.51749,2014
77,37,"E. coli","https://doi.org/10.1186/s12879-020-04981-0","J01M",1,"CHN",-1.1471184963597,-6.66556216623794,0.485655711813823,13696.51749,2014
45,27,"E. coli","https://doi.org/10.1186/s12879-020-04981-0","J01M",1,"CHN",-1.1471184963597,-6.66556216623794,0.485655711813823,13696.51749,2014
42,33,"E. coli","https://doi.org/10.1186/s12879-020-04981-0","J01M",1,"CHN",-1.1471184963597,-6.66556216623794,0.485655711813823,13696.51749,2014
40,37,"E. coli","https://doi.org/10.1186/s12879-020-04981-0","J01M",1,"CHN",-1.1471184963597,-6.66556216623794,0.485655711813823,13696.51749,2014
46,52,"E. coli","https://doi.org/10.1186/s12879-020-04981-0","J01M",1,"CHN",-1.1471184963597,-6.66556216623794,0.485655711813823,13696.51749,2014
46,51,"E. coli","https://doi.org/10.1186/s12879-020-04981-0","J01M",1,"CHN",-1.1471184963597,-6.66556216623794,0.485655711813823,13696.51749,2014
47,42,"E. coli","https://doi.org/10.1186/s12879-020-04981-0","J01M",1,"CHN",-1.1471184963597,-6.66556216623794,0.485655711813823,13696.51749,2014
359,35,"S. aureus","10.1017/S0950268818003059","J01C",1,"CHN",-1.35312281586922,-6.4548943873254,0.48091957226722,11985.31712,2012
50,34,"E. coli","https://doi.org/10.1186/s12879-020-04981-0","J01M",1,"CHN",-1.1471184963597,-6.66556216623794,0.485655711813823,13696.51749,2014
50,31,"E. coli","https://doi.org/10.1186/s12879-020-04981-0","J01M",1,"CHN",-1.1471184963597,-6.66556216623794,0.485655711813823,13696.51749,2014
55,23,"E. coli","https://doi.org/10.1186/s12879-020-04981-0","J01M",1,"CHN",-1.1471184963597,-6.66556216623794,0.485655711813823,13696.51749,2014
350,27,"S. aureus","10.1017/S0950268818003059","J01C",1,"CHN",-0.907816811570494,-7.12250598199081,0.443032904466055,15485.21301,2016
71,16,"E. coli","https://doi.org/10.1186/s12879-020-04981-0","J01M",1,"CHN",-1.1471184963597,-6.66556216623794,0.485655711813823,13696.51749,2014
69,12,"E. coli","https://doi.org/10.1186/s12879-020-04981-0","J01M",1,"CHN",-1.1471184963597,-6.66556216623794,0.485655711813823,13696.51749,2014
79,25,"E. coli","https://doi.org/10.1186/s12879-020-04981-0","J01M",1,"CHN",-1.1471184963597,-6.66556216623794,0.485655711813823,13696.51749,2014
71,35,"E. coli","https://doi.org/10.1186/s12879-020-04981-0","J01M",1,"CHN",-1.1471184963597,-6.66556216623794,0.485655711813823,13696.51749,2014
53,38,"E. coli","https://doi.org/10.1186/s12879-020-04981-0","J01M",1,"CHN",-1.1471184963597,-6.66556216623794,0.485655711813823,13696.51749,2014
58,40,"E. coli","https://doi.org/10.1186/s12879-020-04981-0","J01M",1,"CHN",-1.1471184963597,-6.66556216623794,0.485655711813823,13696.51749,2014
58,49,"E. coli","https://doi.org/10.1186/s12879-020-04981-0","J01M",1,"CHN",-1.1471184963597,-6.66556216623794,0.485655711813823,13696.51749,2014
66,41,"E. coli","https://doi.org/10.1186/s12879-020-04981-0","J01M",1,"CHN",-1.1471184963597,-6.66556216623794,0.485655711813823,13696.51749,2014
68,49,"E. coli","https://doi.org/10.1186/s12879-020-04981-0","J01M",1,"CHN",-1.1471184963597,-6.66556216623794,0.485655711813823,13696.51749,2014
76,30,"E. coli","https://doi.org/10.1186/s12879-020-04981-0","J01M",1,"CHN",-1.1471184963597,-6.66556216623794,0.485655711813823,13696.51749,2014
81,41,"E. coli","https://doi.org/10.1186/s12879-020-04981-0","J01M",1,"CHN",-1.1471184963597,-6.66556216623794,0.485655711813823,13696.51749,2014
75,56,"E. coli","https://doi.org/10.1186/s12879-020-04981-0","J01M",1,"CHN",-1.1471184963597,-6.66556216623794,0.485655711813823,13696.51749,2014
22,38,"E. coli","https://doi.org/10.1186/s12879-020-04981-0","J01M",1,"CHN",-1.1471184963597,-6.66556216623794,0.485655711813823,13696.51749,2014
33,43,"E. coli","https://doi.org/10.1186/s12879-020-04981-0","J01M",1,"CHN",-1.1471184963597,-6.66556216623794,0.485655711813823,13696.51749,2014
34,52,"E. coli","https://doi.org/10.1186/s12879-020-04981-0","J01M",1,"CHN",-1.1471184963597,-6.66556216623794,0.485655711813823,13696.51749,2014
35,25,"E. coli","https://doi.org/10.1186/s12879-020-04981-0","J01M",1,"CHN",-1.1471184963597,-6.66556216623794,0.485655711813823,13696.51749,2014
23,43,"P. aeruginosa","https://doi.org/10.1371/journal.pone.0078604","J01M",1,"CHN",-1.95168429768264,-5.27909855899847,0.436618829089813,7853.096395,2007
11,51,"P. aeruginosa","https://doi.org/10.1371/journal.pone.0078604","J01M",1,"CHN",-1.58407288566217,-6.02265177388231,0.488981557069322,10267.80567,2010
41,9,"E. coli","https://doi.org/10.1186/s12879-020-04981-0","J01M",1,"CHN",-1.1471184963597,-6.66556216623794,0.485655711813823,13696.51749,2014
57,9,"E. coli","https://doi.org/10.1186/s12879-020-04981-0","J01M",1,"CHN",-1.1471184963597,-6.66556216623794,0.485655711813823,13696.51749,2014
40,31,"E. coli","https://doi.org/10.1186/s12879-020-04981-0","J01M",1,"CHN",-1.1471184963597,-6.66556216623794,0.485655711813823,13696.51749,2014
38,31,"E. coli","https://doi.org/10.1186/s12879-020-04981-0","J01M",1,"CHN",-1.1471184963597,-6.66556216623794,0.485655711813823,13696.51749,2014
6,28,"Acinetobacter spp.","https://doi.org/10.2147/IDR.S381604","J01D",1,"CHN",-0.650717284610922,-7.549244035477,0.385178332865924,17490.16673,2018
44,36,"E. coli","https://doi.org/10.1186/s12879-020-04981-0","J01M",1,"CHN",-1.1471184963597,-6.66556216623794,0.485655711813823,13696.51749,2014
48,43,"E. coli","https://doi.org/10.1186/s12879-020-04981-0","J01M",1,"CHN",-1.1471184963597,-6.66556216623794,0.485655711813823,13696.51749,2014
333,44,"S. aureus","10.1017/S0950268818003059","J01C",1,"CHN",-1.24192984551251,-6.49973486571037,0.499685364207569,12830.36997,2013
337,25,"S. aureus","10.1017/S0950268818003059","J01C",1,"CHN",-1.1471184963597,-6.66556216623794,0.485655711813823,13696.51749,2014
53,22,"E. coli","https://doi.org/10.1186/s12879-020-04981-0","J01M",1,"CHN",-1.1471184963597,-6.66556216623794,0.485655711813823,13696.51749,2014
92,17,"E. coli","https://doi.org/10.1186/s12879-020-04981-0","J01M",1,"CHN",-1.1471184963597,-6.66556216623794,0.485655711813823,13696.51749,2014
93,16,"E. coli","https://doi.org/10.1186/s12879-020-04981-0","J01M",1,"CHN",-1.1471184963597,-6.66556216623794,0.485655711813823,13696.51749,2014
71,33,"E. coli","https://doi.org/10.1186/s12879-020-04981-0","J01M",1,"CHN",-1.1471184963597,-6.66556216623794,0.485655711813823,13696.51749,2014
58,47,"E. coli","https://doi.org/10.1186/s12879-020-04981-0","J01M",1,"CHN",-1.1471184963597,-6.66556216623794,0.485655711813823,13696.51749,2014
57,52,"E. coli","https://doi.org/10.1186/s12879-020-04981-0","J01M",1,"CHN",-1.1471184963597,-6.66556216623794,0.485655711813823,13696.51749,2014
65,47,"E. coli","https://doi.org/10.1186/s12879-020-04981-0","J01M",1,"CHN",-1.1471184963597,-6.66556216623794,0.485655711813823,13696.51749,2014
67,48,"E. coli","https://doi.org/10.1186/s12879-020-04981-0","J01M",1,"CHN",-1.1471184963597,-6.66556216623794,0.485655711813823,13696.51749,2014
70,45,"E. coli","https://doi.org/10.1186/s12879-020-04981-0","J01M",1,"CHN",-1.1471184963597,-6.66556216623794,0.485655711813823,13696.51749,2014
90,57,"E. coli","https://doi.org/10.1186/s12879-020-04981-0","J01M",1,"CHN",-1.1471184963597,-6.66556216623794,0.485655711813823,13696.51749,2014
101,49,"E. coli","https://doi.org/10.1186/s12879-020-04981-0","J01M",1,"CHN",-1.1471184963597,-6.66556216623794,0.485655711813823,13696.51749,2014
50,19,"E. coli","https://doi.org/10.1186/s12879-020-04981-0","J01M",1,"CHN",-1.1471184963597,-6.66556216623794,0.485655711813823,13696.51749,2014
6,18,"Acinetobacter spp.","https://doi.org/10.2147/IDR.S381604","J01D",1,"CHN",-0.796330593375932,-7.31229156899351,0.42359406727723,16461.06993,2017
38,38,"E. coli","https://doi.org/10.1186/s12879-020-04981-0","J01M",1,"CHN",-1.1471184963597,-6.66556216623794,0.485655711813823,13696.51749,2014
746,75,"S. aureus","10.1017/S0950268818003059","J01C",1,"CHN",-1.58407288566217,-6.02265177388231,0.488981557069322,10267.80567,2010
43,39,"P. aeruginosa","https://doi.org/10.2147/IDR.S163853","J01G",1,"CHN",-1.1471184963597,-6.66556216623794,0.485655711813823,13696.51749,2014
337,42,"S. aureus","10.1017/S0950268818003059","J01C",1,"CHN",-0.907816811570494,-7.12250598199081,0.443032904466055,15485.21301,2016
66,32,"E. coli","https://doi.org/10.1186/s12879-020-04981-0","J01M",1,"CHN",-1.1471184963597,-6.66556216623794,0.485655711813823,13696.51749,2014
68,34,"E. coli","https://doi.org/10.1186/s12879-020-04981-0","J01M",1,"CHN",-1.1471184963597,-6.66556216623794,0.485655711813823,13696.51749,2014
38,7,"P. aeruginosa","https://doi.org/10.2147/IDR.S163853","J01D",1,"CHN",-0.907816811570494,-7.12250598199081,0.443032904466055,15485.21301,2016
44,14,"P. aeruginosa","https://doi.org/10.2147/IDR.S163853","J01D",1,"CHN",-1.24192984551251,-6.49973486571037,0.499685364207569,12830.36997,2013
39,30,"P. aeruginosa","https://doi.org/10.2147/IDR.S163853","J01D",1,"CHN",-1.04471226966516,-6.84190099408763,0.466840946344343,14575.93479,2015
82,32,"E. coli","https://doi.org/10.1186/s12879-020-04981-0","J01M",1,"CHN",-1.1471184963597,-6.66556216623794,0.485655711813823,13696.51749,2014
193,45,"P. aeruginosa","https://doi.org/10.1371/journal.pone.0078604","J01D",1,"CHN",-1.6883840524033,-5.81981016282927,0.47366184130405,9325.650779,2009
102,41,"E. coli","https://doi.org/10.1186/s12879-020-04981-0","J01M",1,"CHN",-1.1471184963597,-6.66556216623794,0.485655711813823,13696.51749,2014
9,17,"P. aeruginosa","https://doi.org/10.1371/journal.pone.0078604","J01D",1,"CHN",-2.07094179457626,-5.07033843779818,0.427874392238765,6910.757859,2006
14,37,"P. aeruginosa","https://doi.org/10.1371/journal.pone.0078604","J01D",1,"CHN",-1.8281355266774,-5.52695922838994,0.455145913540877,8566.964854,2008
38,42,"E. coli","https://doi.org/10.1186/s12879-020-04981-0","J01M",1,"CHN",-1.1471184963597,-6.66556216623794,0.485655711813823,13696.51749,2014
35,52,"E. coli","https://doi.org/10.1186/s12879-020-04981-0","J01M",1,"CHN",-1.1471184963597,-6.66556216623794,0.485655711813823,13696.51749,2014
39,50,"E. coli","https://doi.org/10.1186/s12879-020-04981-0","J01M",1,"CHN",-1.1471184963597,-6.66556216623794,0.485655711813823,13696.51749,2014
37,26,"E. coli","https://doi.org/10.1186/s12879-020-04981-0","J01M",1,"CHN",-1.1471184963597,-6.66556216623794,0.485655711813823,13696.51749,2014
30,35,"E. coli","https://doi.org/10.1186/s12879-020-04981-0","J01M",1,"CHN",-1.1471184963597,-6.66556216623794,0.485655711813823,13696.51749,2014
33,33,"E. coli","https://doi.org/10.1186/s12879-020-04981-0","J01M",1,"CHN",-1.1471184963597,-6.66556216623794,0.485655711813823,13696.51749,2014
23,52,"P. aeruginosa","https://doi.org/10.1371/journal.pone.0078604","J01M",1,"CHN",-1.48119376487864,-6.20045016211227,0.493627877460411,11187.1661,2011
43,8,"E. coli","https://doi.org/10.1186/s12879-020-04981-0","J01M",1,"CHN",-1.1471184963597,-6.66556216623794,0.485655711813823,13696.51749,2014
42,28,"E. coli","https://doi.org/10.1186/s12879-020-04981-0","J01M",1,"CHN",-1.1471184963597,-6.66556216623794,0.485655711813823,13696.51749,2014
48,51,"E. coli","https://doi.org/10.1186/s12879-020-04981-0","J01M",1,"CHN",-1.1471184963597,-6.66556216623794,0.485655711813823,13696.51749,2014
346,52,"S. aureus","10.1017/S0950268818003059","J01C",1,"CHN",-1.35312281586922,-6.4548943873254,0.48091957226722,11985.31712,2012
307,35,"S. aureus","10.1017/S0950268818003059","J01C",1,"CHN",-1.24192984551251,-6.49973486571037,0.499685364207569,12830.36997,2013
346,41,"S. aureus","10.1017/S0950268818003059","J01C",1,"CHN",-1.1471184963597,-6.66556216623794,0.485655711813823,13696.51749,2014
350,41,"S. aureus","10.1017/S0950268818003059","J01C",1,"CHN",-0.907816811570494,-7.12250598199081,0.443032904466055,15485.21301,2016
39,15,"P. aeruginosa","https://doi.org/10.2147/IDR.S163853","J01C",1,"CHN",-1.04471226966516,-6.84190099408763,0.466840946344343,14575.93479,2015
43,8,"P. aeruginosa","https://doi.org/10.2147/IDR.S163853","J01D",1,"CHN",-1.1471184963597,-6.66556216623794,0.485655711813823,13696.51749,2014
38,6,"P. aeruginosa","https://doi.org/10.2147/IDR.S163853","J01D",1,"CHN",-0.796330593375932,-7.31229156899351,0.42359406727723,16461.06993,2017
61,40,"E. coli","https://doi.org/10.1186/s12879-020-04981-0","J01M",1,"CHN",-1.1471184963597,-6.66556216623794,0.485655711813823,13696.51749,2014
65,45,"E. coli","https://doi.org/10.1186/s12879-020-04981-0","J01M",1,"CHN",-1.1471184963597,-6.66556216623794,0.485655711813823,13696.51749,2014
69,46,"E. coli","https://doi.org/10.1186/s12879-020-04981-0","J01M",1,"CHN",-1.1471184963597,-6.66556216623794,0.485655711813823,13696.51749,2014
74,33,"E. coli","https://doi.org/10.1186/s12879-020-04981-0","J01M",1,"CHN",-1.1471184963597,-6.66556216623794,0.485655711813823,13696.51749,2014
90,35,"E. coli","https://doi.org/10.1186/s12879-020-04981-0","J01M",1,"CHN",-1.1471184963597,-6.66556216623794,0.485655711813823,13696.51749,2014
141,44,"P. aeruginosa","https://doi.org/10.1371/journal.pone.0078604","J01D",1,"CHN",-1.58407288566217,-6.02265177388231,0.488981557069322,10267.80567,2010
131,48,"P. aeruginosa","https://doi.org/10.1371/journal.pone.0078604","J01D",1,"CHN",-1.48119376487864,-6.20045016211227,0.493627877460411,11187.1661,2011
3,7,"P. aeruginosa","https://doi.org/10.1371/journal.pone.0078604","J01D",1,"CHN",-2.33179769157929,-3.69844475089425,0.577754753017023,5085.977831,2003
5,8,"P. aeruginosa","https://doi.org/10.1371/journal.pone.0078604","J01D",1,"CHN",-2.1482018956611,-3.85871080376836,0.631884438443154,5567.190612,2004
7,13,"P. aeruginosa","https://doi.org/10.1371/journal.pone.0078604","J01D",1,"CHN",-1.98912529919213,-4.36553882743565,0.586827609290448,6165.18344,2005
12,28,"P. aeruginosa","https://doi.org/10.1371/journal.pone.0078604","J01D",1,"CHN",-1.95168429768264,-5.27909855899847,0.436618829089813,7853.096395,2007
99,59,"E. coli","https://doi.org/10.1186/s12879-020-04981-0","J01M",1,"CHN",-1.1471184963597,-6.66556216623794,0.485655711813823,13696.51749,2014
38,56,"E. coli","https://doi.org/10.1186/s12879-020-04981-0","J01M",1,"CHN",-1.1471184963597,-6.66556216623794,0.485655711813823,13696.51749,2014
122,46,"E. coli","https://doi.org/10.1186/s12879-020-04981-0","J01M",1,"CHN",-1.1471184963597,-6.66556216623794,0.485655711813823,13696.51749,2014
129,46,"E. coli","https://doi.org/10.1186/s12879-020-04981-0","J01M",1,"CHN",-1.1471184963597,-6.66556216623794,0.485655711813823,13696.51749,2014
39,25,"E. coli","https://doi.org/10.1186/s12879-020-04981-0","J01M",1,"CHN",-1.1471184963597,-6.66556216623794,0.485655711813823,13696.51749,2014
192,52,"E. coli","https://doi.org/10.1186/s12879-020-04981-0","J01M",1,"CHN",-1.1471184963597,-6.66556216623794,0.485655711813823,13696.51749,2014
34,15,"E. coli","https://doi.org/10.1186/s12879-020-04981-0","J01M",1,"CHN",-1.1471184963597,-6.66556216623794,0.485655711813823,13696.51749,2014
7,24,"Acinetobacter spp.","https://doi.org/10.2147/IDR.S381604","J01D",1,"CHN",-0.907816811570494,-7.12250598199081,0.443032904466055,15485.21301,2016
952,73,"S. aureus","10.1017/S0950268818003059","J01C",1,"CHN",-1.58407288566217,-6.02265177388231,0.488981557069322,10267.80567,2010
789,69,"S. aureus","10.1017/S0950268818003059","J01C",1,"CHN",-1.58407288566217,-6.02265177388231,0.488981557069322,10267.80567,2010
772,66,"S. aureus","10.1017/S0950268818003059","J01C",1,"CHN",-1.48119376487864,-6.20045016211227,0.493627877460411,11187.1661,2011
376,60,"S. aureus","10.1017/S0950268818003059","J01C",1,"CHN",-1.48119376487864,-6.20045016211227,0.493627877460411,11187.1661,2011
311,38,"S. aureus","10.1017/S0950268818003059","J01C",1,"CHN",-1.1471184963597,-6.66556216623794,0.485655711813823,13696.51749,2014
324,27,"S. aureus","10.1017/S0950268818003059","J01C",1,"CHN",-1.1471184963597,-6.66556216623794,0.485655711813823,13696.51749,2014
45,22,"P. aeruginosa","https://doi.org/10.2147/IDR.S163853","J01D",1,"CHN",-1.35312281586922,-6.4548943873254,0.48091957226722,11985.31712,2012
359,44,"S. aureus","10.1017/S0950268818003059","J01C",1,"CHN",-1.04471226966516,-6.84190099408763,0.466840946344343,14575.93479,2015
324,60,"S. aureus","10.1017/S0950268818003059","J01C",1,"CHN",-1.04471226966516,-6.84190099408763,0.466840946344343,14575.93479,2015
316,41,"S. aureus","10.1017/S0950268818003059","J01C",1,"CHN",-1.04471226966516,-6.84190099408763,0.466840946344343,14575.93479,2015
44,35,"P. aeruginosa","https://doi.org/10.2147/IDR.S163853","J01G",1,"CHN",-1.24192984551251,-6.49973486571037,0.499685364207569,12830.36997,2013
38,11,"P. aeruginosa","https://doi.org/10.2147/IDR.S163853","J01G",1,"CHN",-0.796330593375932,-7.31229156899351,0.42359406727723,16461.06993,2017
44,21,"P. aeruginosa","https://doi.org/10.2147/IDR.S163853","J01D",1,"CHN",-1.24192984551251,-6.49973486571037,0.499685364207569,12830.36997,2013
43,23,"P. aeruginosa","https://doi.org/10.2147/IDR.S163853","J01D",1,"CHN",-1.1471184963597,-6.66556216623794,0.485655711813823,13696.51749,2014
38,17,"P. aeruginosa","https://doi.org/10.2147/IDR.S163853","J01D",1,"CHN",-0.907816811570494,-7.12250598199081,0.443032904466055,15485.21301,2016
39,22,"P. aeruginosa","https://doi.org/10.2147/IDR.S163853","J01D",1,"CHN",-1.04471226966516,-6.84190099408763,0.466840946344343,14575.93479,2015
45,7,"P. aeruginosa","https://doi.org/10.2147/IDR.S163853","J01D",1,"CHN",-1.35312281586922,-6.4548943873254,0.48091957226722,11985.31712,2012
45,12,"P. aeruginosa","https://doi.org/10.2147/IDR.S163853","J01D",1,"CHN",-1.35312281586922,-6.4548943873254,0.48091957226722,11985.31712,2012
105,22,"P. aeruginosa","https://doi.org/10.1371/journal.pone.0078604","J01D",1,"CHN",-2.1482018956611,-3.85871080376836,0.631884438443154,5567.190612,2004
48,23,"P. aeruginosa","https://doi.org/10.1371/journal.pone.0078604","J01D",1,"CHN",-1.98912529919213,-4.36553882743565,0.586827609290448,6165.18344,2005
161,40,"P. aeruginosa","https://doi.org/10.1371/journal.pone.0078604","J01D",1,"CHN",-1.95168429768264,-5.27909855899847,0.436618829089813,7853.096395,2007
137,44,"P. aeruginosa","https://doi.org/10.1371/journal.pone.0078604","J01D",1,"CHN",-1.8281355266774,-5.52695922838994,0.455145913540877,8566.964854,2008
25,37,"P. aeruginosa","https://doi.org/10.1371/journal.pone.0078604","J01D",1,"CHN",-1.6883840524033,-5.81981016282927,0.47366184130405,9325.650779,2009
42,64,"P. aeruginosa","https://doi.org/10.1371/journal.pone.0078604","J01G",1,"CHN",-2.07094179457626,-5.07033843779818,0.427874392238765,6910.757859,2006
40,63,"P. aeruginosa","https://doi.org/10.1371/journal.pone.0078604","J01G",1,"CHN",-1.95168429768264,-5.27909855899847,0.436618829089813,7853.096395,2007
138,48,"E. coli","https://doi.org/10.1186/s12879-020-04981-0","J01M",1,"CHN",-1.1471184963597,-6.66556216623794,0.485655711813823,13696.51749,2014
23,40,"P. aeruginosa","https://doi.org/10.1371/journal.pone.0078604","J01M",1,"CHN",-2.07094179457626,-5.07033843779818,0.427874392238765,6910.757859,2006
7,30,"Acinetobacter spp.","https://doi.org/10.2147/IDR.S381604","J01D",1,"CHN",-0.533287415987917,-7.72640990162775,0.359352224988337,18465.29895,2019
43,45,"P. aeruginosa","https://doi.org/10.2147/IDR.S163853","J01G",1,"CHN",-1.1471184963597,-6.66556216623794,0.485655711813823,13696.51749,2014
346,63,"S. aureus","10.1017/S0950268818003059","J01C",1,"CHN",-1.35312281586922,-6.4548943873254,0.48091957226722,11985.31712,2012
44,25,"P. aeruginosa","https://doi.org/10.2147/IDR.S163853","J01G",1,"CHN",-1.24192984551251,-6.49973486571037,0.499685364207569,12830.36997,2013
38,11,"P. aeruginosa","https://doi.org/10.2147/IDR.S163853","J01G",1,"CHN",-0.907816811570494,-7.12250598199081,0.443032904466055,15485.21301,2016
43,23,"P. aeruginosa","https://doi.org/10.2147/IDR.S163853","J01D",1,"CHN",-1.1471184963597,-6.66556216623794,0.485655711813823,13696.51749,2014
38,10,"P. aeruginosa","https://doi.org/10.2147/IDR.S163853","J01D",1,"CHN",-0.907816811570494,-7.12250598199081,0.443032904466055,15485.21301,2016
363,44,"S. aureus","10.1017/S0950268818003059","J01C",1,"CHN",-0.907816811570494,-7.12250598199081,0.443032904466055,15485.21301,2016
38,19,"P. aeruginosa","https://doi.org/10.2147/IDR.S163853","J01M",1,"CHN",-0.907816811570494,-7.12250598199081,0.443032904466055,15485.21301,2016
38,13,"P. aeruginosa","https://doi.org/10.2147/IDR.S163853","J01M",1,"CHN",-0.796330593375932,-7.31229156899351,0.42359406727723,16461.06993,2017
582,69,"S. aureus","10.1017/S0950268818003059","J01C",1,"CHN",-1.48119376487864,-6.20045016211227,0.493627877460411,11187.1661,2011
45,21,"P. aeruginosa","https://doi.org/10.2147/IDR.S163853","J01C",1,"CHN",-1.35312281586922,-6.4548943873254,0.48091957226722,11985.31712,2012
44,18,"P. aeruginosa","https://doi.org/10.2147/IDR.S163853","J01C",1,"CHN",-1.24192984551251,-6.49973486571037,0.499685364207569,12830.36997,2013
43,7,"P. aeruginosa","https://doi.org/10.2147/IDR.S163853","J01C",1,"CHN",-1.1471184963597,-6.66556216623794,0.485655711813823,13696.51749,2014
38,2,"P. aeruginosa","https://doi.org/10.2147/IDR.S163853","J01C",1,"CHN",-0.796330593375932,-7.31229156899351,0.42359406727723,16461.06993,2017
44,5,"P. aeruginosa","https://doi.org/10.2147/IDR.S163853","J01D",1,"CHN",-1.24192984551251,-6.49973486571037,0.499685364207569,12830.36997,2013
39,11,"P. aeruginosa","https://doi.org/10.2147/IDR.S163853","J01D",1,"CHN",-1.04471226966516,-6.84190099408763,0.466840946344343,14575.93479,2015
43,28,"P. aeruginosa","https://doi.org/10.2147/IDR.S163853","J01D",1,"CHN",-1.1471184963597,-6.66556216623794,0.485655711813823,13696.51749,2014
38,15,"P. aeruginosa","https://doi.org/10.2147/IDR.S163853","J01D",1,"CHN",-0.907816811570494,-7.12250598199081,0.443032904466055,15485.21301,2016
38,17,"P. aeruginosa","https://doi.org/10.2147/IDR.S163853","J01D",1,"CHN",-0.796330593375932,-7.31229156899351,0.42359406727723,16461.06993,2017
44,65,"P. aeruginosa","https://doi.org/10.1371/journal.pone.0078604","J01G",1,"CHN",-1.98912529919213,-4.36553882743565,0.586827609290448,6165.18344,2005
32,57,"P. aeruginosa","https://doi.org/10.1371/journal.pone.0078604","J01G",1,"CHN",-1.8281355266774,-5.52695922838994,0.455145913540877,8566.964854,2008
37,59,"P. aeruginosa","https://doi.org/10.1371/journal.pone.0078604","J01G",1,"CHN",-1.6883840524033,-5.81981016282927,0.47366184130405,9325.650779,2009
75,68,"P. aeruginosa","https://doi.org/10.1371/journal.pone.0078604","J01G",1,"CHN",-1.58407288566217,-6.02265177388231,0.488981557069322,10267.80567,2010
24,73,"P. aeruginosa","https://doi.org/10.1371/journal.pone.0078604","J01G",1,"CHN",-1.48119376487864,-6.20045016211227,0.493627877460411,11187.1661,2011
24,32,"P. aeruginosa","https://doi.org/10.1371/journal.pone.0078604","J01M",1,"CHN",-2.33179769157929,-3.69844475089425,0.577754753017023,5085.977831,2003
21,34,"P. aeruginosa","https://doi.org/10.1371/journal.pone.0078604","J01M",1,"CHN",-2.1482018956611,-3.85871080376836,0.631884438443154,5567.190612,2004
22,36,"P. aeruginosa","https://doi.org/10.1371/journal.pone.0078604","J01M",1,"CHN",-1.98912529919213,-4.36553882743565,0.586827609290448,6165.18344,2005
45,34,"P. aeruginosa","https://doi.org/10.2147/IDR.S163853","J01G",1,"CHN",-1.35312281586922,-6.4548943873254,0.48091957226722,11985.31712,2012
797,68,"S. aureus","10.1017/S0950268818003059","J01C",1,"CHN",-1.58407288566217,-6.02265177388231,0.488981557069322,10267.80567,2010
45,19,"P. aeruginosa","https://doi.org/10.2147/IDR.S163853","J01D",1,"CHN",-1.35312281586922,-6.4548943873254,0.48091957226722,11985.31712,2012
341,52,"S. aureus","10.1017/S0950268818003059","J01C",1,"CHN",-1.48119376487864,-6.20045016211227,0.493627877460411,11187.1661,2011
393,67,"S. aureus","10.1017/S0950268818003059","J01C",1,"CHN",-1.24192984551251,-6.49973486571037,0.499685364207569,12830.36997,2013
311,16,"S. aureus","10.1017/S0950268818003059","J01C",1,"CHN",-1.24192984551251,-6.49973486571037,0.499685364207569,12830.36997,2013
38,3,"P. aeruginosa","https://doi.org/10.2147/IDR.S163853","J01G",1,"CHN",-0.796330593375932,-7.31229156899351,0.42359406727723,16461.06993,2017
311,38,"S. aureus","10.1017/S0950268818003059","J01C",1,"CHN",-1.04471226966516,-6.84190099408763,0.466840946344343,14575.93479,2015
38,8,"P. aeruginosa","https://doi.org/10.2147/IDR.S163853","J01D",1,"CHN",-0.796330593375932,-7.31229156899351,0.42359406727723,16461.06993,2017
45,22,"P. aeruginosa","https://doi.org/10.2147/IDR.S163853","J01M",1,"CHN",-1.35312281586922,-6.4548943873254,0.48091957226722,11985.31712,2012
44,14,"P. aeruginosa","https://doi.org/10.2147/IDR.S163853","J01M",1,"CHN",-1.24192984551251,-6.49973486571037,0.499685364207569,12830.36997,2013
39,25,"P. aeruginosa","https://doi.org/10.2147/IDR.S163853","J01G",1,"CHN",-1.04471226966516,-6.84190099408763,0.466840946344343,14575.93479,2015
38,21,"P. aeruginosa","https://doi.org/10.2147/IDR.S163853","J01G",1,"CHN",-0.907816811570494,-7.12250598199081,0.443032904466055,15485.21301,2016
38,15,"P. aeruginosa","https://doi.org/10.2147/IDR.S163853","J01D",1,"CHN",-0.796330593375932,-7.31229156899351,0.42359406727723,16461.06993,2017
38,8,"P. aeruginosa","https://doi.org/10.2147/IDR.S163853","J01C",1,"CHN",-0.907816811570494,-7.12250598199081,0.443032904466055,15485.21301,2016
43,16,"P. aeruginosa","https://doi.org/10.2147/IDR.S163853","J01M",1,"CHN",-1.1471184963597,-6.66556216623794,0.485655711813823,13696.51749,2014
122,17,"P. aeruginosa","https://doi.org/10.1371/journal.pone.0078604","J01D",1,"CHN",-2.33179769157929,-3.69844475089425,0.577754753017023,5085.977831,2003
108,35,"P. aeruginosa","https://doi.org/10.1371/journal.pone.0078604","J01D",1,"CHN",-2.07094179457626,-5.07033843779818,0.427874392238765,6910.757859,2006
39,28,"P. aeruginosa","https://doi.org/10.2147/IDR.S163853","J01G",1,"CHN",-1.04471226966516,-6.84190099408763,0.466840946344343,14575.93479,2015
44,17,"P. aeruginosa","https://doi.org/10.2147/IDR.S163853","J01D",1,"CHN",-1.24192984551251,-6.49973486571037,0.499685364207569,12830.36997,2013
45,27,"P. aeruginosa","https://doi.org/10.2147/IDR.S163853","J01G",1,"CHN",-1.35312281586922,-6.4548943873254,0.48091957226722,11985.31712,2012
39,28,"P. aeruginosa","https://doi.org/10.2147/IDR.S163853","J01D",1,"CHN",-1.04471226966516,-6.84190099408763,0.466840946344343,14575.93479,2015
39,18,"P. aeruginosa","https://doi.org/10.2147/IDR.S163853","J01M",1,"CHN",-1.04471226966516,-6.84190099408763,0.466840946344343,14575.93479,2015
3.1,11,"E. coli","10.26633/RPSP.2023.10","J01C",1,"COL",-1.85426922634726,-3.22940750521575,0.845429017139204,17305.8529,2019
1.3,11,"E. coli","10.26633/RPSP.2023.10","J01C",1,"COL",-1.85426922634726,-3.22940750521575,0.845429017139204,17305.8529,2019
1.8,23,"Acinetobacter spp.","10.26633/RPSP.2023.10","J01D",1,"COL",-1.85426922634726,-3.22940750521575,0.845429017139204,17305.8529,2019
0.7,23,"Acinetobacter spp.","10.26633/RPSP.2023.10","J01D",1,"COL",-1.85426922634726,-3.22940750521575,0.845429017139204,17305.8529,2019
1.5,23,"Acinetobacter spp.","10.26633/RPSP.2023.10","J01D",1,"COL",-1.85426922634726,-3.22940750521575,0.845429017139204,17305.8529,2019
0.4,23,"Acinetobacter spp.","10.26633/RPSP.2023.10","J01D",1,"COL",-1.85426922634726,-3.22940750521575,0.845429017139204,17305.8529,2019
1.5,11,"E. coli","10.26633/RPSP.2023.10","J01C",1,"COL",-1.85426922634726,-3.22940750521575,0.845429017139204,17305.8529,2019
0.4,11,"E. coli","10.26633/RPSP.2023.10","J01C",1,"COL",-1.85426922634726,-3.22940750521575,0.845429017139204,17305.8529,2019
1.5,42,"S. aureus","10.26633/RPSP.2023.10","J01C",1,"COL",-1.85426922634726,-3.22940750521575,0.845429017139204,17305.8529,2019
3.1,23,"Acinetobacter spp.","10.26633/RPSP.2023.10","J01D",1,"COL",-1.85426922634726,-3.22940750521575,0.845429017139204,17305.8529,2019
0.7,11,"E. coli","10.26633/RPSP.2023.10","J01C",1,"COL",-1.85426922634726,-3.22940750521575,0.845429017139204,17305.8529,2019
1.3,23,"Acinetobacter spp.","10.26633/RPSP.2023.10","J01D",1,"COL",-1.85426922634726,-3.22940750521575,0.845429017139204,17305.8529,2019
1.3,12,"P. aeruginosa","10.26633/RPSP.2023.10","J01D",1,"COL",-1.85426922634726,-3.22940750521575,0.845429017139204,17305.8529,2019
1.8,12,"P. aeruginosa","10.26633/RPSP.2023.10","J01D",1,"COL",-1.85426922634726,-3.22940750521575,0.845429017139204,17305.8529,2019
0.7,12,"P. aeruginosa","10.26633/RPSP.2023.10","J01D",1,"COL",-1.85426922634726,-3.22940750521575,0.845429017139204,17305.8529,2019
1.5,12,"P. aeruginosa","10.26633/RPSP.2023.10","J01D",1,"COL",-1.85426922634726,-3.22940750521575,0.845429017139204,17305.8529,2019
0.4,12,"P. aeruginosa","10.26633/RPSP.2023.10","J01D",1,"COL",-1.85426922634726,-3.22940750521575,0.845429017139204,17305.8529,2019
1.8,42,"S. aureus","10.26633/RPSP.2023.10","J01C",1,"COL",-1.85426922634726,-3.22940750521575,0.845429017139204,17305.8529,2019
0.7,42,"S. aureus","10.26633/RPSP.2023.10","J01C",1,"COL",-1.85426922634726,-3.22940750521575,0.845429017139204,17305.8529,2019
1.5,4,"K. pneumoniae","10.26633/RPSP.2023.10","J01D",1,"COL",-1.85426922634726,-3.22940750521575,0.845429017139204,17305.8529,2019
0.4,4,"K. pneumoniae","10.26633/RPSP.2023.10","J01D",1,"COL",-1.85426922634726,-3.22940750521575,0.845429017139204,17305.8529,2019
3.1,4,"K. pneumoniae","10.26633/RPSP.2023.10","J01D",1,"COL",-1.85426922634726,-3.22940750521575,0.845429017139204,17305.8529,2019
1.3,4,"K. pneumoniae","10.26633/RPSP.2023.10","J01D",1,"COL",-1.85426922634726,-3.22940750521575,0.845429017139204,17305.8529,2019
1.8,11,"E. coli","10.26633/RPSP.2023.10","J01C",1,"COL",-1.85426922634726,-3.22940750521575,0.845429017139204,17305.8529,2019
0.7,4,"K. pneumoniae","10.26633/RPSP.2023.10","J01D",1,"COL",-1.85426922634726,-3.22940750521575,0.845429017139204,17305.8529,2019
1.8,4,"K. pneumoniae","10.26633/RPSP.2023.10","J01D",1,"COL",-1.85426922634726,-3.22940750521575,0.845429017139204,17305.8529,2019
3.1,12,"P. aeruginosa","10.26633/RPSP.2023.10","J01D",1,"COL",-1.85426922634726,-3.22940750521575,0.845429017139204,17305.8529,2019
1.3,42,"S. aureus","10.26633/RPSP.2023.10","J01C",1,"COL",-1.85426922634726,-3.22940750521575,0.845429017139204,17305.8529,2019
3.1,42,"S. aureus","10.26633/RPSP.2023.10","J01C",1,"COL",-1.85426922634726,-3.22940750521575,0.845429017139204,17305.8529,2019
0.4,42,"S. aureus","10.26633/RPSP.2023.10","J01C",1,"COL",-1.85426922634726,-3.22940750521575,0.845429017139204,17305.8529,2019
1,2,"P. aeruginosa","https://doi.org/10.1007/s40121-015-0066-x","J01G",1,"JPN",3.37416937233917,-10.1914112202681,1.81797941649225,39316.36707,2009
0,6,"P. aeruginosa","https://doi.org/10.1007/s40121-015-0066-x","J01G",1,"JPN",3.52993443177546,-10.3981402151018,1.81554450648471,40920.16938,2010
0,4,"P. aeruginosa","https://doi.org/10.1007/s40121-015-0066-x","J01G",1,"JPN",3.63991338187612,-10.6749772216256,1.60083126200042,41005.79557,2011
0,0,"P. aeruginosa","https://doi.org/10.1007/s40121-015-0066-x","J01G",1,"JPN",3.77904969471706,-10.8975362252055,1.60078837399043,41635.96717,2012
24,10,"P. aeruginosa","https://doi.org/10.1007/s40121-015-0066-x","J01D",1,"JPN",3.77904969471706,-10.8975362252055,1.60078837399043,41635.96717,2012
3,18,"P. aeruginosa","https://doi.org/10.1007/s40121-015-0066-x","J01D",1,"JPN",3.37416937233917,-10.1914112202681,1.81797941649225,39316.36707,2009
2,41,"P. aeruginosa","https://doi.org/10.1007/s40121-015-0066-x","J01D",1,"JPN",3.52993443177546,-10.3981402151018,1.81554450648471,40920.16938,2010
3,21,"P. aeruginosa","https://doi.org/10.1007/s40121-015-0066-x","J01D",1,"JPN",3.63991338187612,-10.6749772216256,1.60083126200042,41005.79557,2011
1,7,"P. aeruginosa","https://doi.org/10.1007/s40121-015-0066-x","J01D",1,"JPN",3.77904969471706,-10.8975362252055,1.60078837399043,41635.96717,2012
13,18,"P. aeruginosa","https://doi.org/10.1007/s40121-015-0066-x","J01C",1,"JPN",3.37416937233917,-10.1914112202681,1.81797941649225,39316.36707,2009
26,18,"P. aeruginosa","https://doi.org/10.1007/s40121-015-0066-x","J01D",1,"JPN",3.37416937233917,-10.1914112202681,1.81797941649225,39316.36707,2009
20,41,"P. aeruginosa","https://doi.org/10.1007/s40121-015-0066-x","J01D",1,"JPN",3.52993443177546,-10.3981402151018,1.81554450648471,40920.16938,2010
18,17,"P. aeruginosa","https://doi.org/10.1007/s40121-015-0066-x","J01D",1,"JPN",3.63991338187612,-10.6749772216256,1.60083126200042,41005.79557,2011
17,14,"P. aeruginosa","https://doi.org/10.1007/s40121-015-0066-x","J01D",1,"JPN",3.37416937233917,-10.1914112202681,1.81797941649225,39316.36707,2009
14,45,"P. aeruginosa","https://doi.org/10.1007/s40121-015-0066-x","J01D",1,"JPN",3.52993443177546,-10.3981402151018,1.81554450648471,40920.16938,2010
9,27,"P. aeruginosa","https://doi.org/10.1007/s40121-015-0066-x","J01D",1,"JPN",3.63991338187612,-10.6749772216256,1.60083126200042,41005.79557,2011
12,21,"P. aeruginosa","https://doi.org/10.1007/s40121-015-0066-x","J01D",1,"JPN",3.77904969471706,-10.8975362252055,1.60078837399043,41635.96717,2012
3,14,"P. aeruginosa","https://doi.org/10.1007/s40121-015-0066-x","J01D",1,"JPN",3.37416937233917,-10.1914112202681,1.81797941649225,39316.36707,2009
1,35,"P. aeruginosa","https://doi.org/10.1007/s40121-015-0066-x","J01D",1,"JPN",3.52993443177546,-10.3981402151018,1.81554450648471,40920.16938,2010
16,51,"P. aeruginosa","https://doi.org/10.1007/s40121-015-0066-x","J01C",1,"JPN",3.52993443177546,-10.3981402151018,1.81554450648471,40920.16938,2010
21,23,"P. aeruginosa","https://doi.org/10.1007/s40121-015-0066-x","J01C",1,"JPN",3.63991338187612,-10.6749772216256,1.60083126200042,41005.79557,2011
25,17,"P. aeruginosa","https://doi.org/10.1007/s40121-015-0066-x","J01C",1,"JPN",3.77904969471706,-10.8975362252055,1.60078837399043,41635.96717,2012
0,16,"P. aeruginosa","https://doi.org/10.1007/s40121-015-0066-x","J01C",1,"JPN",3.37416937233917,-10.1914112202681,1.81797941649225,39316.36707,2009
0,54,"P. aeruginosa","https://doi.org/10.1007/s40121-015-0066-x","J01C",1,"JPN",3.52993443177546,-10.3981402151018,1.81554450648471,40920.16938,2010
0,23,"P. aeruginosa","https://doi.org/10.1007/s40121-015-0066-x","J01C",1,"JPN",3.63991338187612,-10.6749772216256,1.60083126200042,41005.79557,2011
0,10,"P. aeruginosa","https://doi.org/10.1007/s40121-015-0066-x","J01C",1,"JPN",3.77904969471706,-10.8975362252055,1.60078837399043,41635.96717,2012
0,45,"P. aeruginosa","https://doi.org/10.1007/s40121-015-0066-x","J01D",1,"JPN",3.52993443177546,-10.3981402151018,1.81554450648471,40920.16938,2010
0,23,"P. aeruginosa","https://doi.org/10.1007/s40121-015-0066-x","J01D",1,"JPN",3.63991338187612,-10.6749772216256,1.60083126200042,41005.79557,2011
0,10,"P. aeruginosa","https://doi.org/10.1007/s40121-015-0066-x","J01D",1,"JPN",3.77904969471706,-10.8975362252055,1.60078837399043,41635.96717,2012
1,69,"P. aeruginosa","https://doi.org/10.1007/s40121-015-0066-x","J01D",1,"JPN",3.37416937233917,-10.1914112202681,1.81797941649225,39316.36707,2009
0,74,"P. aeruginosa","https://doi.org/10.1007/s40121-015-0066-x","J01D",1,"JPN",3.52993443177546,-10.3981402151018,1.81554450648471,40920.16938,2010
0,68,"P. aeruginosa","https://doi.org/10.1007/s40121-015-0066-x","J01D",1,"JPN",3.63991338187612,-10.6749772216256,1.60083126200042,41005.79557,2011
2,19,"P. aeruginosa","https://doi.org/10.1007/s40121-015-0066-x","J01D",1,"JPN",3.63991338187612,-10.6749772216256,1.60083126200042,41005.79557,2011
3,14,"P. aeruginosa","https://doi.org/10.1007/s40121-015-0066-x","J01D",1,"JPN",3.77904969471706,-10.8975362252055,1.60078837399043,41635.96717,2012
1,27,"P. aeruginosa","https://doi.org/10.1007/s40121-015-0066-x","J01D",1,"JPN",3.37416937233917,-10.1914112202681,1.81797941649225,39316.36707,2009
1,51,"P. aeruginosa","https://doi.org/10.1007/s40121-015-0066-x","J01D",1,"JPN",3.52993443177546,-10.3981402151018,1.81554450648471,40920.16938,2010
1,25,"P. aeruginosa","https://doi.org/10.1007/s40121-015-0066-x","J01D",1,"JPN",3.63991338187612,-10.6749772216256,1.60083126200042,41005.79557,2011
1,25,"P. aeruginosa","https://doi.org/10.1007/s40121-015-0066-x","J01D",1,"JPN",3.77904969471706,-10.8975362252055,1.60078837399043,41635.96717,2012
0,18,"P. aeruginosa","https://doi.org/10.1007/s40121-015-0066-x","J01D",1,"JPN",3.37416937233917,-10.1914112202681,1.81797941649225,39316.36707,2009
4,45,"P. aeruginosa","https://doi.org/10.1007/s40121-015-0066-x","J01M",1,"JPN",3.52993443177546,-10.3981402151018,1.81554450648471,40920.16938,2010
0,75,"P. aeruginosa","https://doi.org/10.1007/s40121-015-0066-x","J01D",1,"JPN",3.77904969471706,-10.8975362252055,1.60078837399043,41635.96717,2012
6,7,"P. aeruginosa","https://doi.org/10.1007/s40121-015-0066-x","J01M",1,"JPN",3.37416937233917,-10.1914112202681,1.81797941649225,39316.36707,2009
3,19,"P. aeruginosa","https://doi.org/10.1007/s40121-015-0066-x","J01M",1,"JPN",3.63991338187612,-10.6749772216256,1.60083126200042,41005.79557,2011
3,14,"P. aeruginosa","https://doi.org/10.1007/s40121-015-0066-x","J01M",1,"JPN",3.77904969471706,-10.8975362252055,1.60078837399043,41635.96717,2012
435,21,"P. aeruginosa","https://doi.org/10.3390/antibiotics12020192","J01D",1,"LBN",-1.90942535357108,-1.14547780838466,1.84565208390183,17390.7584,2010
548,28,"P. aeruginosa","https://doi.org/10.3390/antibiotics12020192","J01D",1,"LBN",-1.80336280368424,-1.33887253332887,1.83976730421401,17353.19608,2011
176,20,"P. aeruginosa","https://doi.org/10.3390/antibiotics12020192","J01D",1,"LBN",-1.71162883347617,-1.53811260037378,1.82810186735467,17323.30138,2012
408,17,"P. aeruginosa","https://doi.org/10.3390/antibiotics12020192","J01D",1,"LBN",-1.59584849239378,-1.79290950480255,1.8123617660861,16396.49693,2013
322,13,"P. aeruginosa","https://doi.org/10.3390/antibiotics12020192","J01D",1,"LBN",-1.49637927762125,-1.7659407614424,1.85568953333378,15205.87327,2014
240,10,"P. aeruginosa","https://doi.org/10.3390/antibiotics12020192","J01D",1,"LBN",-1.4338043818007,-1.83149433274796,1.85072499921015,14980.02052,2015
350,11,"P. aeruginosa","https://doi.org/10.3390/antibiotics12020192","J01D",1,"LBN",-1.38118683974065,-2.05009994039871,1.7997698528006,15572.36117,2016
48,11,"P. aeruginosa","https://doi.org/10.3390/antibiotics12020192","J01D",1,"LBN",-1.32941154665577,-2.100571035661,1.81475581743111,16128.58382,2017
380,14,"P. aeruginosa","https://doi.org/10.3390/antibiotics12020192","J01D",1,"LBN",-1.2968566977402,-2.10761926310264,1.83090199194083,16290.05165,2018
435,19,"P. aeruginosa","https://doi.org/10.3390/antibiotics12020192","J01D",1,"LBN",-1.90942535357108,-1.14547780838466,1.84565208390183,17390.7584,2010
548,16,"P. aeruginosa","https://doi.org/10.3390/antibiotics12020192","J01D",1,"LBN",-1.80336280368424,-1.33887253332887,1.83976730421401,17353.19608,2011
176,13,"P. aeruginosa","https://doi.org/10.3390/antibiotics12020192","J01D",1,"LBN",-1.71162883347617,-1.53811260037378,1.82810186735467,17323.30138,2012
408,13,"P. aeruginosa","https://doi.org/10.3390/antibiotics12020192","J01D",1,"LBN",-1.59584849239378,-1.79290950480255,1.8123617660861,16396.49693,2013
322,15,"P. aeruginosa","https://doi.org/10.3390/antibiotics12020192","J01D",1,"LBN",-1.49637927762125,-1.7659407614424,1.85568953333378,15205.87327,2014
240,9,"P. aeruginosa","https://doi.org/10.3390/antibiotics12020192","J01D",1,"LBN",-1.4338043818007,-1.83149433274796,1.85072499921015,14980.02052,2015
350,9,"P. aeruginosa","https://doi.org/10.3390/antibiotics12020192","J01D",1,"LBN",-1.38118683974065,-2.05009994039871,1.7997698528006,15572.36117,2016
48,13,"P. aeruginosa","https://doi.org/10.3390/antibiotics12020192","J01D",1,"LBN",-1.32941154665577,-2.100571035661,1.81475581743111,16128.58382,2017
380,12,"P. aeruginosa","https://doi.org/10.3390/antibiotics12020192","J01D",1,"LBN",-1.2968566977402,-2.10761926310264,1.83090199194083,16290.05165,2018
58,26,"P. aeruginosa","https://doi.org/10.3390/antibiotics12020192","J01G",1,"LBN",-1.90942535357108,-1.14547780838466,1.84565208390183,17390.7584,2010
49,27,"P. aeruginosa","https://doi.org/10.3390/antibiotics12020192","J01G",1,"LBN",-1.80336280368424,-1.33887253332887,1.83976730421401,17353.19608,2011
78,18,"P. aeruginosa","https://doi.org/10.3390/antibiotics12020192","J01G",1,"LBN",-1.71162883347617,-1.53811260037378,1.82810186735467,17323.30138,2012
95,14,"P. aeruginosa","https://doi.org/10.3390/antibiotics12020192","J01G",1,"LBN",-1.59584849239378,-1.79290950480255,1.8123617660861,16396.49693,2013
120,12,"P. aeruginosa","https://doi.org/10.3390/antibiotics12020192","J01G",1,"LBN",-1.49637927762125,-1.7659407614424,1.85568953333378,15205.87327,2014
108,13,"P. aeruginosa","https://doi.org/10.3390/antibiotics12020192","J01G",1,"LBN",-1.4338043818007,-1.83149433274796,1.85072499921015,14980.02052,2015
117,13,"P. aeruginosa","https://doi.org/10.3390/antibiotics12020192","J01G",1,"LBN",-1.38118683974065,-2.05009994039871,1.7997698528006,15572.36117,2016
82,12,"P. aeruginosa","https://doi.org/10.3390/antibiotics12020192","J01G",1,"LBN",-1.32941154665577,-2.100571035661,1.81475581743111,16128.58382,2017
52,13,"P. aeruginosa","https://doi.org/10.3390/antibiotics12020192","J01G",1,"LBN",-1.2968566977402,-2.10761926310264,1.83090199194083,16290.05165,2018
1375,34,"P. aeruginosa","https://doi.org/10.3390/antibiotics12020192","J01M",1,"LBN",-1.90942535357108,-1.14547780838466,1.84565208390183,17390.7584,2010
1336,36,"P. aeruginosa","https://doi.org/10.3390/antibiotics12020192","J01M",1,"LBN",-1.80336280368424,-1.33887253332887,1.83976730421401,17353.19608,2011
1279,36,"P. aeruginosa","https://doi.org/10.3390/antibiotics12020192","J01M",1,"LBN",-1.71162883347617,-1.53811260037378,1.82810186735467,17323.30138,2012
1284,28,"P. aeruginosa","https://doi.org/10.3390/antibiotics12020192","J01M",1,"LBN",-1.59584849239378,-1.79290950480255,1.8123617660861,16396.49693,2013
1315,28,"P. aeruginosa","https://doi.org/10.3390/antibiotics12020192","J01M",1,"LBN",-1.49637927762125,-1.7659407614424,1.85568953333378,15205.87327,2014
1222,25,"P. aeruginosa","https://doi.org/10.3390/antibiotics12020192","J01M",1,"LBN",-1.4338043818007,-1.83149433274796,1.85072499921015,14980.02052,2015
1244,23,"P. aeruginosa","https://doi.org/10.3390/antibiotics12020192","J01M",1,"LBN",-1.38118683974065,-2.05009994039871,1.7997698528006,15572.36117,2016
1175,23,"P. aeruginosa","https://doi.org/10.3390/antibiotics12020192","J01M",1,"LBN",-1.32941154665577,-2.100571035661,1.81475581743111,16128.58382,2017
1246,32,"P. aeruginosa","https://doi.org/10.3390/antibiotics12020192","J01M",1,"LBN",-1.2968566977402,-2.10761926310264,1.83090199194083,16290.05165,2018
1375,42,"P. aeruginosa","https://doi.org/10.3390/antibiotics12020192","J01M",1,"LBN",-1.90942535357108,-1.14547780838466,1.84565208390183,17390.7584,2010
1336,40,"P. aeruginosa","https://doi.org/10.3390/antibiotics12020192","J01M",1,"LBN",-1.80336280368424,-1.33887253332887,1.83976730421401,17353.19608,2011
1279,45,"P. aeruginosa","https://doi.org/10.3390/antibiotics12020192","J01M",1,"LBN",-1.71162883347617,-1.53811260037378,1.82810186735467,17323.30138,2012
1284,35,"P. aeruginosa","https://doi.org/10.3390/antibiotics12020192","J01M",1,"LBN",-1.59584849239378,-1.79290950480255,1.8123617660861,16396.49693,2013
1315,36,"P. aeruginosa","https://doi.org/10.3390/antibiotics12020192","J01M",1,"LBN",-1.49637927762125,-1.7659407614424,1.85568953333378,15205.87327,2014
1222,33,"P. aeruginosa","https://doi.org/10.3390/antibiotics12020192","J01M",1,"LBN",-1.4338043818007,-1.83149433274796,1.85072499921015,14980.02052,2015
1244,31,"P. aeruginosa","https://doi.org/10.3390/antibiotics12020192","J01M",1,"LBN",-1.38118683974065,-2.05009994039871,1.7997698528006,15572.36117,2016
1175,30,"P. aeruginosa","https://doi.org/10.3390/antibiotics12020192","J01M",1,"LBN",-1.32941154665577,-2.100571035661,1.81475581743111,16128.58382,2017
1246,35,"P. aeruginosa","https://doi.org/10.3390/antibiotics12020192","J01M",1,"LBN",-1.2968566977402,-2.10761926310264,1.83090199194083,16290.05165,2018
429,22,"P. aeruginosa","https://doi.org/10.3390/antibiotics12020192","J01C",1,"LBN",-1.90942535357108,-1.14547780838466,1.84565208390183,17390.7584,2010
571,24,"P. aeruginosa","https://doi.org/10.3390/antibiotics12020192","J01C",1,"LBN",-1.80336280368424,-1.33887253332887,1.83976730421401,17353.19608,2011
279,19,"P. aeruginosa","https://doi.org/10.3390/antibiotics12020192","J01C",1,"LBN",-1.71162883347617,-1.53811260037378,1.82810186735467,17323.30138,2012
236,12,"P. aeruginosa","https://doi.org/10.3390/antibiotics12020192","J01C",1,"LBN",-1.59584849239378,-1.79290950480255,1.8123617660861,16396.49693,2013
260,17,"P. aeruginosa","https://doi.org/10.3390/antibiotics12020192","J01C",1,"LBN",-1.49637927762125,-1.7659407614424,1.85568953333378,15205.87327,2014
349,9,"P. aeruginosa","https://doi.org/10.3390/antibiotics12020192","J01C",1,"LBN",-1.4338043818007,-1.83149433274796,1.85072499921015,14980.02052,2015
410,9,"P. aeruginosa","https://doi.org/10.3390/antibiotics12020192","J01C",1,"LBN",-1.38118683974065,-2.05009994039871,1.7997698528006,15572.36117,2016
360,11,"P. aeruginosa","https://doi.org/10.3390/antibiotics12020192","J01C",1,"LBN",-1.32941154665577,-2.100571035661,1.81475581743111,16128.58382,2017
441,15,"P. aeruginosa","https://doi.org/10.3390/antibiotics12020192","J01C",1,"LBN",-1.2968566977402,-2.10761926310264,1.83090199194083,16290.05165,2018
962,0,"P. aeruginosa","https://doi.org/10.3390/antibiotics12020192","J01D",1,"LBN",-1.90942535357108,-1.14547780838466,1.84565208390183,17390.7584,2010
961,0,"P. aeruginosa","https://doi.org/10.3390/antibiotics12020192","J01D",1,"LBN",-1.80336280368424,-1.33887253332887,1.83976730421401,17353.19608,2011
986,38,"P. aeruginosa","https://doi.org/10.3390/antibiotics12020192","J01D",1,"LBN",-1.71162883347617,-1.53811260037378,1.82810186735467,17323.30138,2012
1062,25,"P. aeruginosa","https://doi.org/10.3390/antibiotics12020192","J01D",1,"LBN",-1.59584849239378,-1.79290950480255,1.8123617660861,16396.49693,2013
1173,24,"P. aeruginosa","https://doi.org/10.3390/antibiotics12020192","J01D",1,"LBN",-1.49637927762125,-1.7659407614424,1.85568953333378,15205.87327,2014
1183,28,"P. aeruginosa","https://doi.org/10.3390/antibiotics12020192","J01D",1,"LBN",-1.4338043818007,-1.83149433274796,1.85072499921015,14980.02052,2015
930,31,"P. aeruginosa","https://doi.org/10.3390/antibiotics12020192","J01D",1,"LBN",-1.38118683974065,-2.05009994039871,1.7997698528006,15572.36117,2016
355,27,"P. aeruginosa","https://doi.org/10.3390/antibiotics12020192","J01D",1,"LBN",-1.32941154665577,-2.100571035661,1.81475581743111,16128.58382,2017
185,29,"P. aeruginosa","https://doi.org/10.3390/antibiotics12020192","J01D",1,"LBN",-1.2968566977402,-2.10761926310264,1.83090199194083,16290.05165,2018
10,0,"K. pneumoniae","https://doi.org/10.3390/antibiotics10101221","J01D",1,"PER",-3.23962739933198,-2.01074434903803,0.872680296672333,14920.10368,2016
4,0,"K. pneumoniae","https://doi.org/10.3390/antibiotics10101221","J01D",1,"PER",-3.16260948265197,-2.15177879548844,0.866355276731284,15072.2039,2017
18,27,"K. pneumoniae","https://doi.org/10.3390/antibiotics10101221","J01D",1,"PER",-3.0671221059663,-2.33871345707949,0.859658142212516,15388.99832,2018
4,0,"K. pneumoniae","https://doi.org/10.3390/antibiotics10101221","J01D",1,"PER",-3.32052029376411,-1.8586284082814,0.878806480559941,14545.38114,2015
20,93,"Acinetobacter spp.","https://doi.org/10.3390/antibiotics10101221","J01D",1,"PER",-3.0671221059663,-2.33871345707949,0.859658142212516,15388.99832,2018
3,30,"K. pneumoniae","https://doi.org/10.3390/antibiotics10101221","J01D",1,"PER",-3.0671221059663,-2.33871345707949,0.859658142212516,15388.99832,2018
13,0,"K. pneumoniae","https://doi.org/10.3390/antibiotics10101221","J01D",1,"PER",-3.32052029376411,-1.8586284082814,0.878806480559941,14545.38114,2015
24,0,"K. pneumoniae","https://doi.org/10.3390/antibiotics10101221","J01D",1,"PER",-3.23962739933198,-2.01074434903803,0.872680296672333,14920.10368,2016
14,1,"K. pneumoniae","https://doi.org/10.3390/antibiotics10101221","J01D",1,"PER",-3.16260948265197,-2.15177879548844,0.866355276731284,15072.2039,2017
21,31,"K. pneumoniae","https://doi.org/10.3390/antibiotics10101221","J01D",1,"PER",-3.0671221059663,-2.33871345707949,0.859658142212516,15388.99832,2018
19,0,"K. pneumoniae","https://doi.org/10.3390/antibiotics10101221","J01D",1,"PER",-3.32052029376411,-1.8586284082814,0.878806480559941,14545.38114,2015
13,2,"K. pneumoniae","https://doi.org/10.3390/antibiotics10101221","J01D",1,"PER",-3.16260948265197,-2.15177879548844,0.866355276731284,15072.2039,2017
92,0,"Enterobacter spp.","https://doi.org/10.3390/antibiotics10101221","J01D",1,"PER",-3.0671221059663,-2.33871345707949,0.859658142212516,15388.99832,2018
60,0,"Enterobacter spp.","https://doi.org/10.3390/antibiotics10101221","J01D",1,"PER",-3.32052029376411,-1.8586284082814,0.878806480559941,14545.38114,2015
70,0,"Enterobacter spp.","https://doi.org/10.3390/antibiotics10101221","J01D",1,"PER",-3.23962739933198,-2.01074434903803,0.872680296672333,14920.10368,2016
8,98,"Acinetobacter spp.","https://doi.org/10.3390/antibiotics10101221","J01D",1,"PER",-3.16260948265197,-2.15177879548844,0.866355276731284,15072.2039,2017
8,96,"Acinetobacter spp.","https://doi.org/10.3390/antibiotics10101221","J01D",1,"PER",-3.0671221059663,-2.33871345707949,0.859658142212516,15388.99832,2018
44,95,"Acinetobacter spp.","https://doi.org/10.3390/antibiotics10101221","J01D",1,"PER",-3.32052029376411,-1.8586284082814,0.878806480559941,14545.38114,2015
78,88,"Acinetobacter spp.","https://doi.org/10.3390/antibiotics10101221","J01D",1,"PER",-3.23962739933198,-2.01074434903803,0.872680296672333,14920.10368,2016
44,90,"Acinetobacter spp.","https://doi.org/10.3390/antibiotics10101221","J01D",1,"PER",-3.16260948265197,-2.15177879548844,0.866355276731284,15072.2039,2017
54,97,"Acinetobacter spp.","https://doi.org/10.3390/antibiotics10101221","J01D",1,"PER",-3.32052029376411,-1.8586284082814,0.878806480559941,14545.38114,2015
71,95,"Acinetobacter spp.","https://doi.org/10.3390/antibiotics10101221","J01D",1,"PER",-3.23962739933198,-2.01074434903803,0.872680296672333,14920.10368,2016
42,94,"Acinetobacter spp.","https://doi.org/10.3390/antibiotics10101221","J01D",1,"PER",-3.16260948265197,-2.15177879548844,0.866355276731284,15072.2039,2017
56,14,"Enterobacter spp.","https://doi.org/10.3390/antibiotics10101221","J01D",1,"PER",-3.16260948265197,-2.15177879548844,0.866355276731284,15072.2039,2017
22,0,"Enterobacter spp.","https://doi.org/10.3390/antibiotics10101221","J01D",1,"PER",-3.0671221059663,-2.33871345707949,0.859658142212516,15388.99832,2018
19,95,"Acinetobacter spp.","https://doi.org/10.3390/antibiotics10101221","J01D",1,"PER",-3.23962739933198,-2.01074434903803,0.872680296672333,14920.10368,2016
17,5,"Enterobacter spp.","https://doi.org/10.3390/antibiotics10101221","J01D",1,"PER",-3.0671221059663,-2.33871345707949,0.859658142212516,15388.99832,2018
9,0,"Enterobacter spp.","https://doi.org/10.3390/antibiotics10101221","J01D",1,"PER",-3.32052029376411,-1.8586284082814,0.878806480559941,14545.38114,2015
13,13,"Enterobacter spp.","https://doi.org/10.3390/antibiotics10101221","J01D",1,"PER",-3.23962739933198,-2.01074434903803,0.872680296672333,14920.10368,2016
13,0,"Enterobacter spp.","https://doi.org/10.3390/antibiotics10101221","J01D",1,"PER",-3.16260948265197,-2.15177879548844,0.866355276731284,15072.2039,2017
18,0,"Enterobacter spp.","https://doi.org/10.3390/antibiotics10101221","J01D",1,"PER",-3.0671221059663,-2.33871345707949,0.859658142212516,15388.99832,2018
46,87,"Acinetobacter spp.","https://doi.org/10.3390/antibiotics10101221","J01D",1,"PER",-3.0671221059663,-2.33871345707949,0.859658142212516,15388.99832,2018
10,0,"Enterobacter spp.","https://doi.org/10.3390/antibiotics10101221","J01D",1,"PER",-3.23962739933198,-2.01074434903803,0.872680296672333,14920.10368,2016
4,21,"Enterobacter spp.","https://doi.org/10.3390/antibiotics10101221","J01D",1,"PER",-3.16260948265197,-2.15177879548844,0.866355276731284,15072.2039,2017
3,0,"Enterobacter spp.","https://doi.org/10.3390/antibiotics10101221","J01D",1,"PER",-3.0671221059663,-2.33871345707949,0.859658142212516,15388.99832,2018
13,0,"Enterobacter spp.","https://doi.org/10.3390/antibiotics10101221","J01D",1,"PER",-3.32052029376411,-1.8586284082814,0.878806480559941,14545.38114,2015
6,0,"Enterobacter spp.","https://doi.org/10.3390/antibiotics10101221","J01D",1,"PER",-3.32052029376411,-1.8586284082814,0.878806480559941,14545.38114,2015
13,4,"Enterobacter spp.","https://doi.org/10.3390/antibiotics10101221","J01D",1,"PER",-3.23962739933198,-2.01074434903803,0.872680296672333,14920.10368,2016
8,0,"Enterobacter spp.","https://doi.org/10.3390/antibiotics10101221","J01D",1,"PER",-3.16260948265197,-2.15177879548844,0.866355276731284,15072.2039,2017
19,0,"Enterobacter spp.","https://doi.org/10.3390/antibiotics10101221","J01D",1,"PER",-3.32052029376411,-1.8586284082814,0.878806480559941,14545.38114,2015
4,0,"Enterobacter spp.","https://doi.org/10.3390/antibiotics10101221","J01D",1,"PER",-3.32052029376411,-1.8586284082814,0.878806480559941,14545.38114,2015
27,2,"K. pneumoniae","https://doi.org/10.3390/antibiotics10101221","J01D",1,"PER",-3.16260948265197,-2.15177879548844,0.866355276731284,15072.2039,2017
42,25,"K. pneumoniae","https://doi.org/10.3390/antibiotics10101221","J01D",1,"PER",-3.0671221059663,-2.33871345707949,0.859658142212516,15388.99832,2018
74,0,"K. pneumoniae","https://doi.org/10.3390/antibiotics10101221","J01D",1,"PER",-3.32052029376411,-1.8586284082814,0.878806480559941,14545.38114,2015
120,0,"K. pneumoniae","https://doi.org/10.3390/antibiotics10101221","J01D",1,"PER",-3.23962739933198,-2.01074434903803,0.872680296672333,14920.10368,2016
24,0,"Enterobacter spp.","https://doi.org/10.3390/antibiotics10101221","J01D",1,"PER",-3.23962739933198,-2.01074434903803,0.872680296672333,14920.10368,2016
14,0,"Enterobacter spp.","https://doi.org/10.3390/antibiotics10101221","J01D",1,"PER",-3.16260948265197,-2.15177879548844,0.866355276731284,15072.2039,2017
21,0,"Enterobacter spp.","https://doi.org/10.3390/antibiotics10101221","J01D",1,"PER",-3.0671221059663,-2.33871345707949,0.859658142212516,15388.99832,2018
3,56,"S. aureus","https://doi.org/10.3390/antibiotics10101221","J01C",1,"PER",-3.32052029376411,-1.8586284082814,0.878806480559941,14545.38114,2015
4,54,"S. aureus","https://doi.org/10.3390/antibiotics10101221","J01C",1,"PER",-3.23962739933198,-2.01074434903803,0.872680296672333,14920.10368,2016
3,71,"S. aureus","https://doi.org/10.3390/antibiotics10101221","J01C",1,"PER",-3.16260948265197,-2.15177879548844,0.866355276731284,15072.2039,2017
5,54,"S. aureus","https://doi.org/10.3390/antibiotics10101221","J01C",1,"PER",-3.0671221059663,-2.33871345707949,0.859658142212516,15388.99832,2018
33,65,"S. aureus","https://doi.org/10.3390/antibiotics10101221","J01C",1,"PER",-3.32052029376411,-1.8586284082814,0.878806480559941,14545.38114,2015
17,45,"S. aureus","https://doi.org/10.3390/antibiotics10101221","J01C",1,"PER",-3.23962739933198,-2.01074434903803,0.872680296672333,14920.10368,2016
27,45,"S. aureus","https://doi.org/10.3390/antibiotics10101221","J01C",1,"PER",-3.16260948265197,-2.15177879548844,0.866355276731284,15072.2039,2017
15,44,"S. aureus","https://doi.org/10.3390/antibiotics10101221","J01C",1,"PER",-3.0671221059663,-2.33871345707949,0.859658142212516,15388.99832,2018
3,66,"S. aureus","https://doi.org/10.3390/antibiotics10101221","J01C",1,"PER",-3.32052029376411,-1.8586284082814,0.878806480559941,14545.38114,2015
6,65,"S. aureus","https://doi.org/10.3390/antibiotics10101221","J01C",1,"PER",-3.23962739933198,-2.01074434903803,0.872680296672333,14920.10368,2016
8,78,"S. aureus","https://doi.org/10.3390/antibiotics10101221","J01C",1,"PER",-3.16260948265197,-2.15177879548844,0.866355276731284,15072.2039,2017
6,83,"S. aureus","https://doi.org/10.3390/antibiotics10101221","J01C",1,"PER",-3.0671221059663,-2.33871345707949,0.859658142212516,15388.99832,2018
32,54,"S. aureus","https://doi.org/10.3390/antibiotics10101221","J01C",1,"PER",-3.32052029376411,-1.8586284082814,0.878806480559941,14545.38114,2015
46,67,"S. aureus","https://doi.org/10.3390/antibiotics10101221","J01C",1,"PER",-3.23962739933198,-2.01074434903803,0.872680296672333,14920.10368,2016
16,64,"S. aureus","https://doi.org/10.3390/antibiotics10101221","J01C",1,"PER",-3.16260948265197,-2.15177879548844,0.866355276731284,15072.2039,2017
30,63,"S. aureus","https://doi.org/10.3390/antibiotics10101221","J01C",1,"PER",-3.0671221059663,-2.33871345707949,0.859658142212516,15388.99832,2018
37,43,"S. aureus","https://doi.org/10.3390/antibiotics10101221","J01C",1,"PER",-3.32052029376411,-1.8586284082814,0.878806480559941,14545.38114,2015
69,61,"S. aureus","https://doi.org/10.3390/antibiotics10101221","J01C",1,"PER",-3.23962739933198,-2.01074434903803,0.872680296672333,14920.10368,2016
32,0,"Enterobacter spp.","https://doi.org/10.3390/antibiotics10101221","J01D",1,"PER",-3.23962739933198,-2.01074434903803,0.872680296672333,14920.10368,2016
27,0,"Enterobacter spp.","https://doi.org/10.3390/antibiotics10101221","J01D",1,"PER",-3.16260948265197,-2.15177879548844,0.866355276731284,15072.2039,2017
42,0,"Enterobacter spp.","https://doi.org/10.3390/antibiotics10101221","J01D",1,"PER",-3.0671221059663,-2.33871345707949,0.859658142212516,15388.99832,2018
74,0,"Enterobacter spp.","https://doi.org/10.3390/antibiotics10101221","J01D",1,"PER",-3.32052029376411,-1.8586284082814,0.878806480559941,14545.38114,2015
32,0,"K. pneumoniae","https://doi.org/10.3390/antibiotics10101221","J01D",1,"PER",-3.23962739933198,-2.01074434903803,0.872680296672333,14920.10368,2016
98,0,"K. pneumoniae","https://doi.org/10.3390/antibiotics10101221","J01D",1,"PER",-3.16260948265197,-2.15177879548844,0.866355276731284,15072.2039,2017
71,29,"K. pneumoniae","https://doi.org/10.3390/antibiotics10101221","J01D",1,"PER",-3.0671221059663,-2.33871345707949,0.859658142212516,15388.99832,2018
12,94,"Acinetobacter spp.","https://doi.org/10.3390/antibiotics10101221","J01D",1,"PER",-3.32052029376411,-1.8586284082814,0.878806480559941,14545.38114,2015
45,67,"S. aureus","https://doi.org/10.3390/antibiotics10101221","J01C",1,"PER",-3.32052029376411,-1.8586284082814,0.878806480559941,14545.38114,2015
70,64,"S. aureus","https://doi.org/10.3390/antibiotics10101221","J01C",1,"PER",-3.23962739933198,-2.01074434903803,0.872680296672333,14920.10368,2016
40,62,"S. aureus","https://doi.org/10.3390/antibiotics10101221","J01C",1,"PER",-3.16260948265197,-2.15177879548844,0.866355276731284,15072.2039,2017
44,71,"S. aureus","https://doi.org/10.3390/antibiotics10101221","J01C",1,"PER",-3.0671221059663,-2.33871345707949,0.859658142212516,15388.99832,2018
31,100,"S. aureus","https://doi.org/10.3390/antibiotics10101221","J01C",1,"PER",-3.32052029376411,-1.8586284082814,0.878806480559941,14545.38114,2015
36,60,"S. aureus","https://doi.org/10.3390/antibiotics10101221","J01C",1,"PER",-3.23962739933198,-2.01074434903803,0.872680296672333,14920.10368,2016
17,95,"S. aureus","https://doi.org/10.3390/antibiotics10101221","J01C",1,"PER",-3.16260948265197,-2.15177879548844,0.866355276731284,15072.2039,2017
13,83,"S. aureus","https://doi.org/10.3390/antibiotics10101221","J01C",1,"PER",-3.0671221059663,-2.33871345707949,0.859658142212516,15388.99832,2018
12,66,"P. aeruginosa","https://doi.org/10.3390/antibiotics10101221","J01D",1,"PER",-3.32052029376411,-1.8586284082814,0.878806480559941,14545.38114,2015
19,65,"P. aeruginosa","https://doi.org/10.3390/antibiotics10101221","J01D",1,"PER",-3.23962739933198,-2.01074434903803,0.872680296672333,14920.10368,2016
8,48,"P. aeruginosa","https://doi.org/10.3390/antibiotics10101221","J01D",1,"PER",-3.16260948265197,-2.15177879548844,0.866355276731284,15072.2039,2017
8,63,"P. aeruginosa","https://doi.org/10.3390/antibiotics10101221","J01D",1,"PER",-3.0671221059663,-2.33871345707949,0.859658142212516,15388.99832,2018
44,55,"P. aeruginosa","https://doi.org/10.3390/antibiotics10101221","J01D",1,"PER",-3.32052029376411,-1.8586284082814,0.878806480559941,14545.38114,2015
78,54,"P. aeruginosa","https://doi.org/10.3390/antibiotics10101221","J01D",1,"PER",-3.23962739933198,-2.01074434903803,0.872680296672333,14920.10368,2016
44,47,"P. aeruginosa","https://doi.org/10.3390/antibiotics10101221","J01D",1,"PER",-3.16260948265197,-2.15177879548844,0.866355276731284,15072.2039,2017
46,65,"P. aeruginosa","https://doi.org/10.3390/antibiotics10101221","J01D",1,"PER",-3.0671221059663,-2.33871345707949,0.859658142212516,15388.99832,2018
54,66,"P. aeruginosa","https://doi.org/10.3390/antibiotics10101221","J01D",1,"PER",-3.32052029376411,-1.8586284082814,0.878806480559941,14545.38114,2015
71,72,"P. aeruginosa","https://doi.org/10.3390/antibiotics10101221","J01D",1,"PER",-3.23962739933198,-2.01074434903803,0.872680296672333,14920.10368,2016
42,73,"P. aeruginosa","https://doi.org/10.3390/antibiotics10101221","J01D",1,"PER",-3.16260948265197,-2.15177879548844,0.866355276731284,15072.2039,2017
20,65,"P. aeruginosa","https://doi.org/10.3390/antibiotics10101221","J01D",1,"PER",-3.0671221059663,-2.33871345707949,0.859658142212516,15388.99832,2018
10,40,"P. aeruginosa","https://doi.org/10.3390/antibiotics10101221","J01C",1,"PER",-3.32052029376411,-1.8586284082814,0.878806480559941,14545.38114,2015
24,58,"P. aeruginosa","https://doi.org/10.3390/antibiotics10101221","J01C",1,"PER",-3.23962739933198,-2.01074434903803,0.872680296672333,14920.10368,2016
10,34,"P. aeruginosa","https://doi.org/10.3390/antibiotics10101221","J01C",1,"PER",-3.16260948265197,-2.15177879548844,0.866355276731284,15072.2039,2017
18,45,"P. aeruginosa","https://doi.org/10.3390/antibiotics10101221","J01C",1,"PER",-3.0671221059663,-2.33871345707949,0.859658142212516,15388.99832,2018
15,37,"P. aeruginosa","https://doi.org/10.3390/antibiotics10101221","J01C",1,"PER",-3.32052029376411,-1.8586284082814,0.878806480559941,14545.38114,2015
29,48,"P. aeruginosa","https://doi.org/10.3390/antibiotics10101221","J01C",1,"PER",-3.23962739933198,-2.01074434903803,0.872680296672333,14920.10368,2016
30,33,"P. aeruginosa","https://doi.org/10.3390/antibiotics10101221","J01C",1,"PER",-3.16260948265197,-2.15177879548844,0.866355276731284,15072.2039,2017
38,51,"P. aeruginosa","https://doi.org/10.3390/antibiotics10101221","J01C",1,"PER",-3.0671221059663,-2.33871345707949,0.859658142212516,15388.99832,2018
22,67,"P. aeruginosa","https://doi.org/10.3390/antibiotics10101221","J01C",1,"PER",-3.32052029376411,-1.8586284082814,0.878806480559941,14545.38114,2015
42,63,"P. aeruginosa","https://doi.org/10.3390/antibiotics10101221","J01C",1,"PER",-3.23962739933198,-2.01074434903803,0.872680296672333,14920.10368,2016
15,56,"P. aeruginosa","https://doi.org/10.3390/antibiotics10101221","J01C",1,"PER",-3.16260948265197,-2.15177879548844,0.866355276731284,15072.2039,2017
23,28,"P. aeruginosa","https://doi.org/10.3390/antibiotics10101221","J01C",1,"PER",-3.0671221059663,-2.33871345707949,0.859658142212516,15388.99832,2018
44,76,"P. aeruginosa","https://doi.org/10.3390/antibiotics10101221","J01D",1,"PER",-3.23962739933198,-2.01074434903803,0.872680296672333,14920.10368,2016
24,48,"P. aeruginosa","https://doi.org/10.3390/antibiotics10101221","J01D",1,"PER",-3.16260948265197,-2.15177879548844,0.866355276731284,15072.2039,2017
19,72,"P. aeruginosa","https://doi.org/10.3390/antibiotics10101221","J01D",1,"PER",-3.0671221059663,-2.33871345707949,0.859658142212516,15388.99832,2018
99,56,"P. aeruginosa","https://doi.org/10.3390/antibiotics10101221","J01D",1,"PER",-3.32052029376411,-1.8586284082814,0.878806480559941,14545.38114,2015
60,82,"P. aeruginosa","https://doi.org/10.3390/antibiotics10101221","J01D",1,"PER",-3.32052029376411,-1.8586284082814,0.878806480559941,14545.38114,2015
70,83,"P. aeruginosa","https://doi.org/10.3390/antibiotics10101221","J01D",1,"PER",-3.23962739933198,-2.01074434903803,0.872680296672333,14920.10368,2016
56,85,"P. aeruginosa","https://doi.org/10.3390/antibiotics10101221","J01D",1,"PER",-3.16260948265197,-2.15177879548844,0.866355276731284,15072.2039,2017
22,77,"P. aeruginosa","https://doi.org/10.3390/antibiotics10101221","J01D",1,"PER",-3.0671221059663,-2.33871345707949,0.859658142212516,15388.99832,2018
13,51,"P. aeruginosa","https://doi.org/10.3390/antibiotics10101221","J01D",1,"PER",-3.32052029376411,-1.8586284082814,0.878806480559941,14545.38114,2015
24,73,"P. aeruginosa","https://doi.org/10.3390/antibiotics10101221","J01D",1,"PER",-3.23962739933198,-2.01074434903803,0.872680296672333,14920.10368,2016
14,48,"P. aeruginosa","https://doi.org/10.3390/antibiotics10101221","J01D",1,"PER",-3.16260948265197,-2.15177879548844,0.866355276731284,15072.2039,2017
21,59,"P. aeruginosa","https://doi.org/10.3390/antibiotics10101221","J01D",1,"PER",-3.0671221059663,-2.33871345707949,0.859658142212516,15388.99832,2018
19,58,"P. aeruginosa","https://doi.org/10.3390/antibiotics10101221","J01D",1,"PER",-3.32052029376411,-1.8586284082814,0.878806480559941,14545.38114,2015
32,60,"P. aeruginosa","https://doi.org/10.3390/antibiotics10101221","J01D",1,"PER",-3.23962739933198,-2.01074434903803,0.872680296672333,14920.10368,2016
27,48,"P. aeruginosa","https://doi.org/10.3390/antibiotics10101221","J01D",1,"PER",-3.16260948265197,-2.15177879548844,0.866355276731284,15072.2039,2017
42,57,"P. aeruginosa","https://doi.org/10.3390/antibiotics10101221","J01D",1,"PER",-3.0671221059663,-2.33871345707949,0.859658142212516,15388.99832,2018
74,79,"P. aeruginosa","https://doi.org/10.3390/antibiotics10101221","J01D",1,"PER",-3.32052029376411,-1.8586284082814,0.878806480559941,14545.38114,2015
120,79,"P. aeruginosa","https://doi.org/10.3390/antibiotics10101221","J01D",1,"PER",-3.23962739933198,-2.01074434903803,0.872680296672333,14920.10368,2016
98,85,"P. aeruginosa","https://doi.org/10.3390/antibiotics10101221","J01D",1,"PER",-3.16260948265197,-2.15177879548844,0.866355276731284,15072.2039,2017
71,65,"P. aeruginosa","https://doi.org/10.3390/antibiotics10101221","J01D",1,"PER",-3.0671221059663,-2.33871345707949,0.859658142212516,15388.99832,2018
32,66,"P. aeruginosa","https://doi.org/10.3390/antibiotics10101221","J01M",1,"PER",-3.32052029376411,-1.8586284082814,0.878806480559941,14545.38114,2015
46,68,"P. aeruginosa","https://doi.org/10.3390/antibiotics10101221","J01M",1,"PER",-3.23962739933198,-2.01074434903803,0.872680296672333,14920.10368,2016
16,61,"P. aeruginosa","https://doi.org/10.3390/antibiotics10101221","J01M",1,"PER",-3.16260948265197,-2.15177879548844,0.866355276731284,15072.2039,2017
30,65,"P. aeruginosa","https://doi.org/10.3390/antibiotics10101221","J01M",1,"PER",-3.0671221059663,-2.33871345707949,0.859658142212516,15388.99832,2018
37,55,"P. aeruginosa","https://doi.org/10.3390/antibiotics10101221","J01M",1,"PER",-3.32052029376411,-1.8586284082814,0.878806480559941,14545.38114,2015
69,58,"P. aeruginosa","https://doi.org/10.3390/antibiotics10101221","J01M",1,"PER",-3.23962739933198,-2.01074434903803,0.872680296672333,14920.10368,2016
35,56,"P. aeruginosa","https://doi.org/10.3390/antibiotics10101221","J01M",1,"PER",-3.16260948265197,-2.15177879548844,0.866355276731284,15072.2039,2017
40,60,"P. aeruginosa","https://doi.org/10.3390/antibiotics10101221","J01M",1,"PER",-3.0671221059663,-2.33871345707949,0.859658142212516,15388.99832,2018
14,64,"P. aeruginosa","https://doi.org/10.3390/antibiotics10101221","J01M",1,"PER",-3.32052029376411,-1.8586284082814,0.878806480559941,14545.38114,2015
22,70,"P. aeruginosa","https://doi.org/10.3390/antibiotics10101221","J01M",1,"PER",-3.23962739933198,-2.01074434903803,0.872680296672333,14920.10368,2016
12,74,"P. aeruginosa","https://doi.org/10.3390/antibiotics10101221","J01M",1,"PER",-3.16260948265197,-2.15177879548844,0.866355276731284,15072.2039,2017
3,57,"P. aeruginosa","https://doi.org/10.3390/antibiotics10101221","J01M",1,"PER",-3.0671221059663,-2.33871345707949,0.859658142212516,15388.99832,2018
33,25,"P. aeruginosa","https://doi.org/10.3390/antibiotics10101221","J01G",1,"PER",-3.32052029376411,-1.8586284082814,0.878806480559941,14545.38114,2015
47,57,"P. aeruginosa","https://doi.org/10.3390/antibiotics10101221","J01G",1,"PER",-3.23962739933198,-2.01074434903803,0.872680296672333,14920.10368,2016
26,44,"P. aeruginosa","https://doi.org/10.3390/antibiotics10101221","J01G",1,"PER",-3.16260948265197,-2.15177879548844,0.866355276731284,15072.2039,2017
33,46,"P. aeruginosa","https://doi.org/10.3390/antibiotics10101221","J01G",1,"PER",-3.0671221059663,-2.33871345707949,0.859658142212516,15388.99832,2018
27,76,"P. aeruginosa","https://doi.org/10.3390/antibiotics10101221","J01D",1,"PER",-3.32052029376411,-1.8586284082814,0.878806480559941,14545.38114,2015
120,0,"Enterobacter spp.","https://doi.org/10.3390/antibiotics10101221","J01D",1,"PER",-3.23962739933198,-2.01074434903803,0.872680296672333,14920.10368,2016
98,14,"Enterobacter spp.","https://doi.org/10.3390/antibiotics10101221","J01D",1,"PER",-3.16260948265197,-2.15177879548844,0.866355276731284,15072.2039,2017
71,0,"Enterobacter spp.","https://doi.org/10.3390/antibiotics10101221","J01D",1,"PER",-3.0671221059663,-2.33871345707949,0.859658142212516,15388.99832,2018
166,65,"Enterobacter spp.","https://doi.org/10.3390/antibiotics10101221","J01D",1,"PER",-3.32052029376411,-1.8586284082814,0.878806480559941,14545.38114,2015
135,64,"P. aeruginosa","https://doi.org/10.3390/antibiotics10101221","J01D",1,"PER",-3.23962739933198,-2.01074434903803,0.872680296672333,14920.10368,2016
99,53,"P. aeruginosa","https://doi.org/10.3390/antibiotics10101221","J01D",1,"PER",-3.16260948265197,-2.15177879548844,0.866355276731284,15072.2039,2017
92,73,"P. aeruginosa","https://doi.org/10.3390/antibiotics10101221","J01D",1,"PER",-3.0671221059663,-2.33871345707949,0.859658142212516,15388.99832,2018
71,60,"Enterobacter spp.","https://doi.org/10.3390/antibiotics10101221","J01D",1,"PER",-3.32052029376411,-1.8586284082814,0.878806480559941,14545.38114,2015
98,65,"Enterobacter spp.","https://doi.org/10.3390/antibiotics10101221","J01D",1,"PER",-3.23962739933198,-2.01074434903803,0.872680296672333,14920.10368,2016
55,58,"Enterobacter spp.","https://doi.org/10.3390/antibiotics10101221","J01D",1,"PER",-3.16260948265197,-2.15177879548844,0.866355276731284,15072.2039,2017
50,59,"Enterobacter spp.","https://doi.org/10.3390/antibiotics10101221","J01D",1,"PER",-3.0671221059663,-2.33871345707949,0.859658142212516,15388.99832,2018
62,27,"Enterobacter spp.","https://doi.org/10.3390/antibiotics10101221","J01D",1,"PER",-3.32052029376411,-1.8586284082814,0.878806480559941,14545.38114,2015
77,28,"Enterobacter spp.","https://doi.org/10.3390/antibiotics10101221","J01D",1,"PER",-3.23962739933198,-2.01074434903803,0.872680296672333,14920.10368,2016
31,71,"Enterobacter spp.","https://doi.org/10.3390/antibiotics10101221","J01D",1,"PER",-3.16260948265197,-2.15177879548844,0.866355276731284,15072.2039,2017
34,48,"Enterobacter spp.","https://doi.org/10.3390/antibiotics10101221","J01D",1,"PER",-3.0671221059663,-2.33871345707949,0.859658142212516,15388.99832,2018
42,43,"P. aeruginosa","https://doi.org/10.3390/antibiotics10101221","J01G",1,"PER",-3.32052029376411,-1.8586284082814,0.878806480559941,14545.38114,2015
14,66,"S. aureus","https://doi.org/10.3390/antibiotics10101221","J01C",1,"PER",-3.32052029376411,-1.8586284082814,0.878806480559941,14545.38114,2015
22,65,"S. aureus","https://doi.org/10.3390/antibiotics10101221","J01C",1,"PER",-3.23962739933198,-2.01074434903803,0.872680296672333,14920.10368,2016
12,82,"S. aureus","https://doi.org/10.3390/antibiotics10101221","J01C",1,"PER",-3.16260948265197,-2.15177879548844,0.866355276731284,15072.2039,2017
3,78,"S. aureus","https://doi.org/10.3390/antibiotics10101221","J01C",1,"PER",-3.0671221059663,-2.33871345707949,0.859658142212516,15388.99832,2018
236,72,"Enterobacter spp.","https://doi.org/10.3390/antibiotics10101221","J01D",1,"PER",-3.23962739933198,-2.01074434903803,0.872680296672333,14920.10368,2016
101,76,"Enterobacter spp.","https://doi.org/10.3390/antibiotics10101221","J01D",1,"PER",-3.16260948265197,-2.15177879548844,0.866355276731284,15072.2039,2017
120,66,"Enterobacter spp.","https://doi.org/10.3390/antibiotics10101221","J01D",1,"PER",-3.0671221059663,-2.33871345707949,0.859658142212516,15388.99832,2018
48,60,"S. aureus","https://doi.org/10.3390/antibiotics10101221","J01C",1,"PER",-3.0671221059663,-2.33871345707949,0.859658142212516,15388.99832,2018
6,0,"K. pneumoniae","https://doi.org/10.3390/antibiotics10101221","J01D",1,"PER",-3.32052029376411,-1.8586284082814,0.878806480559941,14545.38114,2015
13,0,"K. pneumoniae","https://doi.org/10.3390/antibiotics10101221","J01D",1,"PER",-3.23962739933198,-2.01074434903803,0.872680296672333,14920.10368,2016
8,2,"K. pneumoniae","https://doi.org/10.3390/antibiotics10101221","J01D",1,"PER",-3.16260948265197,-2.15177879548844,0.866355276731284,15072.2039,2017
17,31,"K. pneumoniae","https://doi.org/10.3390/antibiotics10101221","J01D",1,"PER",-3.0671221059663,-2.33871345707949,0.859658142212516,15388.99832,2018
9,0,"K. pneumoniae","https://doi.org/10.3390/antibiotics10101221","J01D",1,"PER",-3.32052029376411,-1.8586284082814,0.878806480559941,14545.38114,2015
13,0,"K. pneumoniae","https://doi.org/10.3390/antibiotics10101221","J01D",1,"PER",-3.23962739933198,-2.01074434903803,0.872680296672333,14920.10368,2016
27,91,"Acinetobacter spp.","https://doi.org/10.3390/antibiotics10101221","J01D",1,"PER",-3.32052029376411,-1.8586284082814,0.878806480559941,14545.38114,2015
44,90,"Acinetobacter spp.","https://doi.org/10.3390/antibiotics10101221","J01D",1,"PER",-3.23962739933198,-2.01074434903803,0.872680296672333,14920.10368,2016
24,91,"Acinetobacter spp.","https://doi.org/10.3390/antibiotics10101221","J01D",1,"PER",-3.16260948265197,-2.15177879548844,0.866355276731284,15072.2039,2017
19,92,"Acinetobacter spp.","https://doi.org/10.3390/antibiotics10101221","J01D",1,"PER",-3.0671221059663,-2.33871345707949,0.859658142212516,15388.99832,2018
99,88,"Acinetobacter spp.","https://doi.org/10.3390/antibiotics10101221","J01D",1,"PER",-3.32052029376411,-1.8586284082814,0.878806480559941,14545.38114,2015
135,88,"Acinetobacter spp.","https://doi.org/10.3390/antibiotics10101221","J01D",1,"PER",-3.23962739933198,-2.01074434903803,0.872680296672333,14920.10368,2016
99,90,"Acinetobacter spp.","https://doi.org/10.3390/antibiotics10101221","J01D",1,"PER",-3.16260948265197,-2.15177879548844,0.866355276731284,15072.2039,2017
92,86,"Acinetobacter spp.","https://doi.org/10.3390/antibiotics10101221","J01D",1,"PER",-3.0671221059663,-2.33871345707949,0.859658142212516,15388.99832,2018
60,90,"Acinetobacter spp.","https://doi.org/10.3390/antibiotics10101221","J01D",1,"PER",-3.32052029376411,-1.8586284082814,0.878806480559941,14545.38114,2015
70,89,"Acinetobacter spp.","https://doi.org/10.3390/antibiotics10101221","J01D",1,"PER",-3.23962739933198,-2.01074434903803,0.872680296672333,14920.10368,2016
56,91,"Acinetobacter spp.","https://doi.org/10.3390/antibiotics10101221","J01D",1,"PER",-3.16260948265197,-2.15177879548844,0.866355276731284,15072.2039,2017
22,92,"Acinetobacter spp.","https://doi.org/10.3390/antibiotics10101221","J01D",1,"PER",-3.0671221059663,-2.33871345707949,0.859658142212516,15388.99832,2018
13,91,"Acinetobacter spp.","https://doi.org/10.3390/antibiotics10101221","J01D",1,"PER",-3.32052029376411,-1.8586284082814,0.878806480559941,14545.38114,2015
24,90,"Acinetobacter spp.","https://doi.org/10.3390/antibiotics10101221","J01D",1,"PER",-3.23962739933198,-2.01074434903803,0.872680296672333,14920.10368,2016
14,91,"Acinetobacter spp.","https://doi.org/10.3390/antibiotics10101221","J01D",1,"PER",-3.16260948265197,-2.15177879548844,0.866355276731284,15072.2039,2017
21,92,"Acinetobacter spp.","https://doi.org/10.3390/antibiotics10101221","J01D",1,"PER",-3.0671221059663,-2.33871345707949,0.859658142212516,15388.99832,2018
19,86,"Acinetobacter spp.","https://doi.org/10.3390/antibiotics10101221","J01D",1,"PER",-3.32052029376411,-1.8586284082814,0.878806480559941,14545.38114,2015
32,84,"Acinetobacter spp.","https://doi.org/10.3390/antibiotics10101221","J01D",1,"PER",-3.23962739933198,-2.01074434903803,0.872680296672333,14920.10368,2016
27,82,"Acinetobacter spp.","https://doi.org/10.3390/antibiotics10101221","J01D",1,"PER",-3.16260948265197,-2.15177879548844,0.866355276731284,15072.2039,2017
42,82,"Acinetobacter spp.","https://doi.org/10.3390/antibiotics10101221","J01D",1,"PER",-3.0671221059663,-2.33871345707949,0.859658142212516,15388.99832,2018
74,88,"Acinetobacter spp.","https://doi.org/10.3390/antibiotics10101221","J01D",1,"PER",-3.32052029376411,-1.8586284082814,0.878806480559941,14545.38114,2015
120,86,"Acinetobacter spp.","https://doi.org/10.3390/antibiotics10101221","J01D",1,"PER",-3.23962739933198,-2.01074434903803,0.872680296672333,14920.10368,2016
98,78,"Acinetobacter spp.","https://doi.org/10.3390/antibiotics10101221","J01D",1,"PER",-3.16260948265197,-2.15177879548844,0.866355276731284,15072.2039,2017
71,95,"Acinetobacter spp.","https://doi.org/10.3390/antibiotics10101221","J01D",1,"PER",-3.0671221059663,-2.33871345707949,0.859658142212516,15388.99832,2018
99,0,"Enterobacter spp.","https://doi.org/10.3390/antibiotics10101221","J01D",1,"PER",-3.16260948265197,-2.15177879548844,0.866355276731284,15072.2039,2017
22,29,"K. pneumoniae","https://doi.org/10.3390/antibiotics10101221","J01D",1,"PER",-3.0671221059663,-2.33871345707949,0.859658142212516,15388.99832,2018
12,55,"Enterobacter spp.","https://doi.org/10.3390/antibiotics10101221","J01D",1,"PER",-3.32052029376411,-1.8586284082814,0.878806480559941,14545.38114,2015
19,60,"Enterobacter spp.","https://doi.org/10.3390/antibiotics10101221","J01D",1,"PER",-3.23962739933198,-2.01074434903803,0.872680296672333,14920.10368,2016
8,76,"Enterobacter spp.","https://doi.org/10.3390/antibiotics10101221","J01D",1,"PER",-3.16260948265197,-2.15177879548844,0.866355276731284,15072.2039,2017
57,65,"S. aureus","https://doi.org/10.3390/antibiotics10101221","J01C",1,"PER",-3.32052029376411,-1.8586284082814,0.878806480559941,14545.38114,2015
91,61,"S. aureus","https://doi.org/10.3390/antibiotics10101221","J01C",1,"PER",-3.23962739933198,-2.01074434903803,0.872680296672333,14920.10368,2016
53,80,"S. aureus","https://doi.org/10.3390/antibiotics10101221","J01C",1,"PER",-3.16260948265197,-2.15177879548844,0.866355276731284,15072.2039,2017
44,53,"Enterobacter spp.","https://doi.org/10.3390/antibiotics10101221","J01D",1,"PER",-3.16260948265197,-2.15177879548844,0.866355276731284,15072.2039,2017
46,51,"Enterobacter spp.","https://doi.org/10.3390/antibiotics10101221","J01D",1,"PER",-3.0671221059663,-2.33871345707949,0.859658142212516,15388.99832,2018
54,30,"Enterobacter spp.","https://doi.org/10.3390/antibiotics10101221","J01D",1,"PER",-3.32052029376411,-1.8586284082814,0.878806480559941,14545.38114,2015
71,28,"Enterobacter spp.","https://doi.org/10.3390/antibiotics10101221","J01D",1,"PER",-3.23962739933198,-2.01074434903803,0.872680296672333,14920.10368,2016
42,64,"Enterobacter spp.","https://doi.org/10.3390/antibiotics10101221","J01D",1,"PER",-3.16260948265197,-2.15177879548844,0.866355276731284,15072.2039,2017
20,41,"Enterobacter spp.","https://doi.org/10.3390/antibiotics10101221","J01D",1,"PER",-3.0671221059663,-2.33871345707949,0.859658142212516,15388.99832,2018
27,0,"Enterobacter spp.","https://doi.org/10.3390/antibiotics10101221","J01D",1,"PER",-3.32052029376411,-1.8586284082814,0.878806480559941,14545.38114,2015
44,0,"Enterobacter spp.","https://doi.org/10.3390/antibiotics10101221","J01D",1,"PER",-3.23962739933198,-2.01074434903803,0.872680296672333,14920.10368,2016
24,0,"Enterobacter spp.","https://doi.org/10.3390/antibiotics10101221","J01D",1,"PER",-3.16260948265197,-2.15177879548844,0.866355276731284,15072.2039,2017
19,0,"Enterobacter spp.","https://doi.org/10.3390/antibiotics10101221","J01D",1,"PER",-3.0671221059663,-2.33871345707949,0.859658142212516,15388.99832,2018
99,0,"Enterobacter spp.","https://doi.org/10.3390/antibiotics10101221","J01D",1,"PER",-3.32052029376411,-1.8586284082814,0.878806480559941,14545.38114,2015
135,0,"Enterobacter spp.","https://doi.org/10.3390/antibiotics10101221","J01D",1,"PER",-3.23962739933198,-2.01074434903803,0.872680296672333,14920.10368,2016
56,0,"K. pneumoniae","https://doi.org/10.3390/antibiotics10101221","J01D",1,"PER",-3.16260948265197,-2.15177879548844,0.866355276731284,15072.2039,2017
39,65,"P. aeruginosa","https://doi.org/10.3390/antibiotics10101221","J01G",1,"PER",-3.32052029376411,-1.8586284082814,0.878806480559941,14545.38114,2015
35,47,"S. aureus","https://doi.org/10.3390/antibiotics10101221","J01C",1,"PER",-3.16260948265197,-2.15177879548844,0.866355276731284,15072.2039,2017
40,42,"S. aureus","https://doi.org/10.3390/antibiotics10101221","J01C",1,"PER",-3.0671221059663,-2.33871345707949,0.859658142212516,15388.99832,2018
49,48,"P. aeruginosa","https://doi.org/10.3390/antibiotics10101221","J01G",1,"PER",-3.23962739933198,-2.01074434903803,0.872680296672333,14920.10368,2016
25,40,"P. aeruginosa","https://doi.org/10.3390/antibiotics10101221","J01G",1,"PER",-3.16260948265197,-2.15177879548844,0.866355276731284,15072.2039,2017
21,34,"P. aeruginosa","https://doi.org/10.3390/antibiotics10101221","J01G",1,"PER",-3.0671221059663,-2.33871345707949,0.859658142212516,15388.99832,2018
71,74,"K. pneumoniae","https://doi.org/10.3390/antibiotics10101221","J01D",1,"PER",-3.23962739933198,-2.01074434903803,0.872680296672333,14920.10368,2016
44,62,"P. aeruginosa","https://doi.org/10.3390/antibiotics10101221","J01G",1,"PER",-3.23962739933198,-2.01074434903803,0.872680296672333,14920.10368,2016
29,60,"P. aeruginosa","https://doi.org/10.3390/antibiotics10101221","J01G",1,"PER",-3.16260948265197,-2.15177879548844,0.866355276731284,15072.2039,2017
19,34,"P. aeruginosa","https://doi.org/10.3390/antibiotics10101221","J01G",1,"PER",-3.0671221059663,-2.33871345707949,0.859658142212516,15388.99832,2018
12,68,"K. pneumoniae","https://doi.org/10.3390/antibiotics10101221","J01D",1,"PER",-3.32052029376411,-1.8586284082814,0.878806480559941,14545.38114,2015
19,62,"K. pneumoniae","https://doi.org/10.3390/antibiotics10101221","J01D",1,"PER",-3.23962739933198,-2.01074434903803,0.872680296672333,14920.10368,2016
8,60,"K. pneumoniae","https://doi.org/10.3390/antibiotics10101221","J01D",1,"PER",-3.16260948265197,-2.15177879548844,0.866355276731284,15072.2039,2017
8,33,"K. pneumoniae","https://doi.org/10.3390/antibiotics10101221","J01D",1,"PER",-3.0671221059663,-2.33871345707949,0.859658142212516,15388.99832,2018
44,72,"K. pneumoniae","https://doi.org/10.3390/antibiotics10101221","J01D",1,"PER",-3.32052029376411,-1.8586284082814,0.878806480559941,14545.38114,2015
78,64,"K. pneumoniae","https://doi.org/10.3390/antibiotics10101221","J01D",1,"PER",-3.23962739933198,-2.01074434903803,0.872680296672333,14920.10368,2016
44,61,"K. pneumoniae","https://doi.org/10.3390/antibiotics10101221","J01D",1,"PER",-3.16260948265197,-2.15177879548844,0.866355276731284,15072.2039,2017
46,77,"K. pneumoniae","https://doi.org/10.3390/antibiotics10101221","J01D",1,"PER",-3.0671221059663,-2.33871345707949,0.859658142212516,15388.99832,2018
54,72,"K. pneumoniae","https://doi.org/10.3390/antibiotics10101221","J01D",1,"PER",-3.32052029376411,-1.8586284082814,0.878806480559941,14545.38114,2015
42,69,"K. pneumoniae","https://doi.org/10.3390/antibiotics10101221","J01D",1,"PER",-3.16260948265197,-2.15177879548844,0.866355276731284,15072.2039,2017
20,72,"K. pneumoniae","https://doi.org/10.3390/antibiotics10101221","J01D",1,"PER",-3.0671221059663,-2.33871345707949,0.859658142212516,15388.99832,2018
27,0,"K. pneumoniae","https://doi.org/10.3390/antibiotics10101221","J01D",1,"PER",-3.32052029376411,-1.8586284082814,0.878806480559941,14545.38114,2015
44,0,"K. pneumoniae","https://doi.org/10.3390/antibiotics10101221","J01D",1,"PER",-3.23962739933198,-2.01074434903803,0.872680296672333,14920.10368,2016
24,1,"K. pneumoniae","https://doi.org/10.3390/antibiotics10101221","J01D",1,"PER",-3.16260948265197,-2.15177879548844,0.866355276731284,15072.2039,2017
19,30,"K. pneumoniae","https://doi.org/10.3390/antibiotics10101221","J01D",1,"PER",-3.0671221059663,-2.33871345707949,0.859658142212516,15388.99832,2018
99,0,"K. pneumoniae","https://doi.org/10.3390/antibiotics10101221","J01D",1,"PER",-3.32052029376411,-1.8586284082814,0.878806480559941,14545.38114,2015
135,0,"K. pneumoniae","https://doi.org/10.3390/antibiotics10101221","J01D",1,"PER",-3.23962739933198,-2.01074434903803,0.872680296672333,14920.10368,2016
99,2,"K. pneumoniae","https://doi.org/10.3390/antibiotics10101221","J01D",1,"PER",-3.16260948265197,-2.15177879548844,0.866355276731284,15072.2039,2017
92,26,"K. pneumoniae","https://doi.org/10.3390/antibiotics10101221","J01D",1,"PER",-3.0671221059663,-2.33871345707949,0.859658142212516,15388.99832,2018
60,0,"K. pneumoniae","https://doi.org/10.3390/antibiotics10101221","J01D",1,"PER",-3.32052029376411,-1.8586284082814,0.878806480559941,14545.38114,2015
70,0,"K. pneumoniae","https://doi.org/10.3390/antibiotics10101221","J01D",1,"PER",-3.23962739933198,-2.01074434903803,0.872680296672333,14920.10368,2016
78,61,"Enterobacter spp.","https://doi.org/10.3390/antibiotics10101221","J01D",1,"PER",-3.23962739933198,-2.01074434903803,0.872680296672333,14920.10368,2016
8,55,"Enterobacter spp.","https://doi.org/10.3390/antibiotics10101221","J01D",1,"PER",-3.0671221059663,-2.33871345707949,0.859658142212516,15388.99832,2018
44,54,"Enterobacter spp.","https://doi.org/10.3390/antibiotics10101221","J01D",1,"PER",-3.32052029376411,-1.8586284082814,0.878806480559941,14545.38114,2015
18,86,"P. aeruginosa","https://doi.org/10.1093/jacamr/dlaa050","J01C",1,"QAT",-1.44226178515687,-2.54909557291002,0.89690668760277,120054.4087,2016
32,80,"P. aeruginosa","https://doi.org/10.1093/jacamr/dlaa050","J01C",1,"QAT",-1.40438759293704,-2.81011795256422,0.794813866852209,115064.9437,2017
10,91,"P. aeruginosa","https://doi.org/10.1093/jacamr/dlaa050","J01M",1,"QAT",-1.45631450417932,-2.41722194594485,0.939750647698383,123070.8879,2015
35,90,"P. aeruginosa","https://doi.org/10.1093/jacamr/dlaa050","J01C",1,"QAT",-1.45631450417932,-2.41722194594485,0.939750647698383,123070.8879,2015
5,88,"P. aeruginosa","https://doi.org/10.1093/jacamr/dlaa050","J01M",1,"QAT",-1.40438759293704,-2.81011795256422,0.794813866852209,115064.9437,2017
36,89,"P. aeruginosa","https://doi.org/10.1093/jacamr/dlaa050","J01D",1,"QAT",-1.45631450417932,-2.41722194594485,0.939750647698383,123070.8879,2015
34,89,"P. aeruginosa","https://doi.org/10.1093/jacamr/dlaa050","J01D",1,"QAT",-1.44226178515687,-2.54909557291002,0.89690668760277,120054.4087,2016
8,89,"P. aeruginosa","https://doi.org/10.1093/jacamr/dlaa050","J01M",1,"QAT",-1.44226178515687,-2.54909557291002,0.89690668760277,120054.4087,2016
3,58,"P. aeruginosa","https://doi.org/10.1093/jacamr/dlaa050","J01G",1,"QAT",-1.45631450417932,-2.41722194594485,0.939750647698383,123070.8879,2015
4,58,"P. aeruginosa","https://doi.org/10.1093/jacamr/dlaa050","J01G",1,"QAT",-1.44226178515687,-2.54909557291002,0.89690668760277,120054.4087,2016
2,47,"P. aeruginosa","https://doi.org/10.1093/jacamr/dlaa050","J01G",1,"QAT",-1.40438759293704,-2.81011795256422,0.794813866852209,115064.9437,2017
31,86,"P. aeruginosa","https://doi.org/10.1093/jacamr/dlaa050","J01D",1,"QAT",-1.40438759293704,-2.81011795256422,0.794813866852209,115064.9437,2017
126,7,"S. aureus","https://doi.org/10.1186/s12941-017-0251-8","J01C",1,"ROU",0.340094279447238,-7.90549720794444,0.826198361627398,26916.18205,2013
193,6,"Acinetobacter spp.","https://doi.org/10.1186/s12941-017-0251-8","J01D",1,"ROU",0.0408800020403497,-8.12518364540175,0.68789197313731,26741.87257,2012
69,7,"S. aureus","https://doi.org/10.1186/s12941-017-0251-8","J01C",1,"ROU",0.0408800020403497,-8.12518364540175,0.68789197313731,26741.87257,2012
247,6,"Acinetobacter spp.","https://doi.org/10.1186/s12941-017-0251-8","J01D",1,"ROU",0.340094279447238,-7.90549720794444,0.826198361627398,26916.18205,2013
193,1,"P. aeruginosa","https://doi.org/10.1186/s12941-017-0251-8","J01D",1,"ROU",0.0408800020403497,-8.12518364540175,0.68789197313731,26741.87257,2012
247,4,"P. aeruginosa","https://doi.org/10.1186/s12941-017-0251-8","J01D",1,"ROU",0.340094279447238,-7.90549720794444,0.826198361627398,26916.18205,2013
179,71,"S. aureus","10.1016/j.ajic.2016.01.025","J01C",1,"KOR",0.217216602358663,-5.29657179391285,1.671260401734,32522.77317,2006
178,68,"S. aureus","10.1016/j.ajic.2016.01.025","J01C",1,"KOR",0.217216602358663,-5.29657179391285,1.671260401734,32522.77317,2006
160,63,"S. aureus","10.1016/j.ajic.2016.01.025","J01C",1,"KOR",-0.000767740262989847,-4.95828278867627,1.67334046435254,31058.98564,2005
502,74,"S. aureus","10.1016/j.ajic.2016.01.025","J01C",1,"KOR",0.614576032373016,-5.939757566807,1.67325857990702,35000.277,2008
171,68,"S. aureus","10.1016/j.ajic.2016.01.025","J01C",1,"KOR",0.217216602358663,-5.29657179391285,1.671260401734,32522.77317,2006
157,72,"S. aureus","10.1016/j.ajic.2016.01.025","J01C",1,"KOR",0.425324610835645,-5.61537722953129,1.67209132999796,34235.53986,2007
483,74,"S. aureus","10.1016/j.ajic.2016.01.025","J01C",1,"KOR",0.75920846662844,-6.36987737664224,1.61026241419768,35096.62191,2009
182,64,"S. aureus","10.1016/j.ajic.2016.01.025","J01C",1,"KOR",0.217216602358663,-5.29657179391285,1.671260401734,32522.77317,2006
146,74,"S. aureus","10.1016/j.ajic.2016.01.025","J01C",1,"KOR",-0.000767740262989847,-4.95828278867627,1.67334046435254,31058.98564,2005
547,64,"S. aureus","10.1016/j.ajic.2016.01.025","J01C",1,"KOR",0.217216602358663,-5.29657179391285,1.671260401734,32522.77317,2006
463,76,"S. aureus","10.1016/j.ajic.2016.01.025","J01C",1,"KOR",0.75920846662844,-6.36987737664224,1.61026241419768,35096.62191,2009
464,66,"S. aureus","10.1016/j.ajic.2016.01.025","J01C",1,"KOR",0.75920846662844,-6.36987737664224,1.61026241419768,35096.62191,2009
566,73,"S. aureus","10.1016/j.ajic.2016.01.025","J01C",1,"KOR",0.425324610835645,-5.61537722953129,1.67209132999796,34235.53986,2007
13,17,"P. aeruginosa","10.1016/j.ajic.2016.01.025","J01D",1,"KOR",0.959523691857287,-6.67111398694461,1.61028631379155,37298.59095,2010
167,69,"S. aureus","10.1016/j.ajic.2016.01.025","J01C",1,"KOR",0.217216602358663,-5.29657179391285,1.671260401734,32522.77317,2006
164,69,"S. aureus","10.1016/j.ajic.2016.01.025","J01C",1,"KOR",-0.000767740262989847,-4.95828278867627,1.67334046435254,31058.98564,2005
461,71,"S. aureus","10.1016/j.ajic.2016.01.025","J01C",1,"KOR",0.75920846662844,-6.36987737664224,1.61026241419768,35096.62191,2009
57,12,"E. coli","10.1016/j.ajic.2016.01.025","J01C",1,"KOR",0.217216602358663,-5.29657179391285,1.671260401734,32522.77317,2006
155,77,"S. aureus","10.1016/j.ajic.2016.01.025","J01C",1,"KOR",0.217216602358663,-5.29657179391285,1.671260401734,32522.77317,2006
147,77,"S. aureus","10.1016/j.ajic.2016.01.025","J01C",1,"KOR",-0.000767740262989847,-4.95828278867627,1.67334046435254,31058.98564,2005
24,73,"S. aureus","10.1016/j.ajic.2016.01.025","J01C",1,"KOR",0.217216602358663,-5.29657179391285,1.671260401734,32522.77317,2006
177,73,"S. aureus","10.1016/j.ajic.2016.01.025","J01C",1,"KOR",0.425324610835645,-5.61537722953129,1.67209132999796,34235.53986,2007
467,75,"S. aureus","10.1016/j.ajic.2016.01.025","J01C",1,"KOR",0.959523691857287,-6.67111398694461,1.61028631379155,37298.59095,2010
177,76,"S. aureus","10.1016/j.ajic.2016.01.025","J01C",1,"KOR",0.425324610835645,-5.61537722953129,1.67209132999796,34235.53986,2007
22,15,"P. aeruginosa","10.1016/j.ajic.2016.01.025","J01D",1,"KOR",0.217216602358663,-5.29657179391285,1.671260401734,32522.77317,2006
55,17,"E. coli","10.1016/j.ajic.2016.01.025","J01C",1,"KOR",0.425324610835645,-5.61537722953129,1.67209132999796,34235.53986,2007
459,64,"S. aureus","10.1016/j.ajic.2016.01.025","J01C",1,"KOR",0.75920846662844,-6.36987737664224,1.61026241419768,35096.62191,2009
466,67,"S. aureus","10.1016/j.ajic.2016.01.025","J01C",1,"KOR",0.75920846662844,-6.36987737664224,1.61026241419768,35096.62191,2009
448,79,"S. aureus","10.1016/j.ajic.2016.01.025","J01C",1,"KOR",0.959523691857287,-6.67111398694461,1.61028631379155,37298.59095,2010
189,79,"S. aureus","10.1016/j.ajic.2016.01.025","J01C",1,"KOR",0.425324610835645,-5.61537722953129,1.67209132999796,34235.53986,2007
541,73,"S. aureus","10.1016/j.ajic.2016.01.025","J01C",1,"KOR",-0.000767740262989847,-4.95828278867627,1.67334046435254,31058.98564,2005
472,74,"S. aureus","10.1016/j.ajic.2016.01.025","J01C",1,"KOR",0.959523691857287,-6.67111398694461,1.61028631379155,37298.59095,2010
149,71,"S. aureus","10.1016/j.ajic.2016.01.025","J01C",1,"KOR",-0.000767740262989847,-4.95828278867627,1.67334046435254,31058.98564,2005
58,15,"E. coli","10.1016/j.ajic.2016.01.025","J01C",1,"KOR",0.425324610835645,-5.61537722953129,1.67209132999796,34235.53986,2007
168,63,"S. aureus","10.1016/j.ajic.2016.01.025","J01C",1,"KOR",0.217216602358663,-5.29657179391285,1.671260401734,32522.77317,2006
159,78,"S. aureus","10.1016/j.ajic.2016.01.025","J01C",1,"KOR",0.217216602358663,-5.29657179391285,1.671260401734,32522.77317,2006
142,76,"S. aureus","10.1016/j.ajic.2016.01.025","J01C",1,"KOR",-0.000767740262989847,-4.95828278867627,1.67334046435254,31058.98564,2005
106,20,"E. coli","10.1016/j.ajic.2016.01.025","J01C",1,"KOR",0.959523691857287,-6.67111398694461,1.61028631379155,37298.59095,2010
172,69,"S. aureus","10.1016/j.ajic.2016.01.025","J01C",1,"KOR",-0.000767740262989847,-4.95828278867627,1.67334046435254,31058.98564,2005
555,72,"S. aureus","10.1016/j.ajic.2016.01.025","J01C",1,"KOR",0.425324610835645,-5.61537722953129,1.67209132999796,34235.53986,2007
70,9,"E. coli","10.1016/j.ajic.2016.01.025","J01C",1,"KOR",-0.000767740262989847,-4.95828278867627,1.67334046435254,31058.98564,2005
152,73,"S. aureus","10.1016/j.ajic.2016.01.025","J01C",1,"KOR",-0.000767740262989847,-4.95828278867627,1.67334046435254,31058.98564,2005
59,16,"E. coli","10.1016/j.ajic.2016.01.025","J01C",1,"KOR",0.217216602358663,-5.29657179391285,1.671260401734,32522.77317,2006
59,14,"E. coli","10.1016/j.ajic.2016.01.025","J01C",1,"KOR",0.217216602358663,-5.29657179391285,1.671260401734,32522.77317,2006
533,71,"S. aureus","10.1016/j.ajic.2016.01.025","J01C",1,"KOR",0.425324610835645,-5.61537722953129,1.67209132999796,34235.53986,2007
60,7,"E. coli","10.1016/j.ajic.2016.01.025","J01C",1,"KOR",0.425324610835645,-5.61537722953129,1.67209132999796,34235.53986,2007
476,80,"S. aureus","10.1016/j.ajic.2016.01.025","J01C",1,"KOR",0.75920846662844,-6.36987737664224,1.61026241419768,35096.62191,2009
460,77,"S. aureus","10.1016/j.ajic.2016.01.025","J01C",1,"KOR",0.75920846662844,-6.36987737664224,1.61026241419768,35096.62191,2009
475,78,"S. aureus","10.1016/j.ajic.2016.01.025","J01C",1,"KOR",0.75920846662844,-6.36987737664224,1.61026241419768,35096.62191,2009
28,71,"S. aureus","10.1016/j.ajic.2016.01.025","J01C",1,"KOR",0.425324610835645,-5.61537722953129,1.67209132999796,34235.53986,2007
25,13,"E. coli","10.1016/j.ajic.2016.01.025","J01C",1,"KOR",0.425324610835645,-5.61537722953129,1.67209132999796,34235.53986,2007
69,2,"E. coli","10.1016/j.ajic.2016.01.025","J01C",1,"KOR",-0.000767740262989847,-4.95828278867627,1.67334046435254,31058.98564,2005
71,8,"E. coli","10.1016/j.ajic.2016.01.025","J01C",1,"KOR",-0.000767740262989847,-4.95828278867627,1.67334046435254,31058.98564,2005
58,12,"E. coli","10.1016/j.ajic.2016.01.025","J01C",1,"KOR",0.217216602358663,-5.29657179391285,1.671260401734,32522.77317,2006
476,76,"S. aureus","10.1016/j.ajic.2016.01.025","J01C",1,"KOR",0.614576032373016,-5.939757566807,1.67325857990702,35000.277,2008
465,76,"S. aureus","10.1016/j.ajic.2016.01.025","J01C",1,"KOR",0.614576032373016,-5.939757566807,1.67325857990702,35000.277,2008
476,71,"S. aureus","10.1016/j.ajic.2016.01.025","J01C",1,"KOR",0.614576032373016,-5.939757566807,1.67325857990702,35000.277,2008
486,77,"S. aureus","10.1016/j.ajic.2016.01.025","J01C",1,"KOR",0.614576032373016,-5.939757566807,1.67325857990702,35000.277,2008
134,71,"S. aureus","10.1016/j.ajic.2016.01.025","J01C",1,"KOR",0.425324610835645,-5.61537722953129,1.67209132999796,34235.53986,2007
29,72,"S. aureus","10.1016/j.ajic.2016.01.025","J01C",1,"KOR",0.425324610835645,-5.61537722953129,1.67209132999796,34235.53986,2007
172,73,"S. aureus","10.1016/j.ajic.2016.01.025","J01C",1,"KOR",0.217216602358663,-5.29657179391285,1.671260401734,32522.77317,2006
121,78,"S. aureus","10.1016/j.ajic.2016.01.025","J01C",1,"KOR",0.425324610835645,-5.61537722953129,1.67209132999796,34235.53986,2007
155,69,"S. aureus","10.1016/j.ajic.2016.01.025","J01C",1,"KOR",-0.000767740262989847,-4.95828278867627,1.67334046435254,31058.98564,2005
23,24,"P. aeruginosa","10.1016/j.ajic.2016.01.025","J01D",1,"KOR",0.614576032373016,-5.939757566807,1.67325857990702,35000.277,2008
560,69,"S. aureus","10.1016/j.ajic.2016.01.025","J01C",1,"KOR",-0.000767740262989847,-4.95828278867627,1.67334046435254,31058.98564,2005
550,77,"S. aureus","10.1016/j.ajic.2016.01.025","J01C",1,"KOR",-0.000767740262989847,-4.95828278867627,1.67334046435254,31058.98564,2005
23,63,"S. aureus","10.1016/j.ajic.2016.01.025","J01C",1,"KOR",-0.000767740262989847,-4.95828278867627,1.67334046435254,31058.98564,2005
460,72,"S. aureus","10.1016/j.ajic.2016.01.025","J01C",1,"KOR",0.959523691857287,-6.67111398694461,1.61028631379155,37298.59095,2010
70,11,"E. coli","10.1016/j.ajic.2016.01.025","J01C",1,"KOR",-0.000767740262989847,-4.95828278867627,1.67334046435254,31058.98564,2005
144,74,"S. aureus","10.1016/j.ajic.2016.01.025","J01C",1,"KOR",0.425324610835645,-5.61537722953129,1.67209132999796,34235.53986,2007
145,63,"S. aureus","10.1016/j.ajic.2016.01.025","J01C",1,"KOR",-0.000767740262989847,-4.95828278867627,1.67334046435254,31058.98564,2005
538,73,"S. aureus","10.1016/j.ajic.2016.01.025","J01C",1,"KOR",0.217216602358663,-5.29657179391285,1.671260401734,32522.77317,2006
536,69,"S. aureus","10.1016/j.ajic.2016.01.025","J01C",1,"KOR",-0.000767740262989847,-4.95828278867627,1.67334046435254,31058.98564,2005
569,77,"S. aureus","10.1016/j.ajic.2016.01.025","J01C",1,"KOR",0.217216602358663,-5.29657179391285,1.671260401734,32522.77317,2006
562,79,"S. aureus","10.1016/j.ajic.2016.01.025","J01C",1,"KOR",0.217216602358663,-5.29657179391285,1.671260401734,32522.77317,2006
61,11,"E. coli","10.1016/j.ajic.2016.01.025","J01C",1,"KOR",0.217216602358663,-5.29657179391285,1.671260401734,32522.77317,2006
545,79,"S. aureus","10.1016/j.ajic.2016.01.025","J01C",1,"KOR",0.425324610835645,-5.61537722953129,1.67209132999796,34235.53986,2007
57,15,"E. coli","10.1016/j.ajic.2016.01.025","J01C",1,"KOR",0.217216602358663,-5.29657179391285,1.671260401734,32522.77317,2006
530,80,"S. aureus","10.1016/j.ajic.2016.01.025","J01C",1,"KOR",0.425324610835645,-5.61537722953129,1.67209132999796,34235.53986,2007
29,79,"S. aureus","10.1016/j.ajic.2016.01.025","J01C",1,"KOR",0.425324610835645,-5.61537722953129,1.67209132999796,34235.53986,2007
52,21,"E. coli","10.1016/j.ajic.2016.01.025","J01C",1,"KOR",0.425324610835645,-5.61537722953129,1.67209132999796,34235.53986,2007
44,10,"E. coli","10.1016/j.ajic.2016.01.025","J01C",1,"KOR",0.425324610835645,-5.61537722953129,1.67209132999796,34235.53986,2007
459,80,"S. aureus","10.1016/j.ajic.2016.01.025","J01C",1,"KOR",0.425324610835645,-5.61537722953129,1.67209132999796,34235.53986,2007
106,77,"S. aureus","10.1016/j.ajic.2016.01.025","J01C",1,"KOR",0.75920846662844,-6.36987737664224,1.61026241419768,35096.62191,2009
185,72,"S. aureus","10.1016/j.ajic.2016.01.025","J01C",1,"KOR",0.425324610835645,-5.61537722953129,1.67209132999796,34235.53986,2007
24,18,"E. coli","10.1016/j.ajic.2016.01.025","J01C",1,"KOR",0.425324610835645,-5.61537722953129,1.67209132999796,34235.53986,2007
22,78,"S. aureus","10.1016/j.ajic.2016.01.025","J01C",1,"KOR",0.425324610835645,-5.61537722953129,1.67209132999796,34235.53986,2007
19,11,"E. coli","10.1016/j.ajic.2016.01.025","J01C",1,"KOR",0.614576032373016,-5.939757566807,1.67325857990702,35000.277,2008
19,80,"S. aureus","10.1016/j.ajic.2016.01.025","J01C",1,"KOR",0.425324610835645,-5.61537722953129,1.67209132999796,34235.53986,2007
20,15,"E. coli","10.1016/j.ajic.2016.01.025","J01C",1,"KOR",0.614576032373016,-5.939757566807,1.67325857990702,35000.277,2008
109,23,"E. coli","10.1016/j.ajic.2016.01.025","J01C",1,"KOR",0.75920846662844,-6.36987737664224,1.61026241419768,35096.62191,2009
108,15,"E. coli","10.1016/j.ajic.2016.01.025","J01C",1,"KOR",0.75920846662844,-6.36987737664224,1.61026241419768,35096.62191,2009
173,79,"S. aureus","10.1016/j.ajic.2016.01.025","J01C",1,"KOR",0.217216602358663,-5.29657179391285,1.671260401734,32522.77317,2006
20,74,"S. aureus","10.1016/j.ajic.2016.01.025","J01C",1,"KOR",-0.000767740262989847,-4.95828278867627,1.67334046435254,31058.98564,2005
109,18,"E. coli","10.1016/j.ajic.2016.01.025","J01C",1,"KOR",0.959523691857287,-6.67111398694461,1.61028631379155,37298.59095,2010
547,63,"S. aureus","10.1016/j.ajic.2016.01.025","J01C",1,"KOR",-0.000767740262989847,-4.95828278867627,1.67334046435254,31058.98564,2005
69,6,"E. coli","10.1016/j.ajic.2016.01.025","J01C",1,"KOR",-0.000767740262989847,-4.95828278867627,1.67334046435254,31058.98564,2005
70,7,"E. coli","10.1016/j.ajic.2016.01.025","J01C",1,"KOR",-0.000767740262989847,-4.95828278867627,1.67334046435254,31058.98564,2005
475,76,"S. aureus","10.1016/j.ajic.2016.01.025","J01C",1,"KOR",0.959523691857287,-6.67111398694461,1.61028631379155,37298.59095,2010
138,70,"S. aureus","10.1016/j.ajic.2016.01.025","J01C",1,"KOR",-0.000767740262989847,-4.95828278867627,1.67334046435254,31058.98564,2005
66,7,"E. coli","10.1016/j.ajic.2016.01.025","J01C",1,"KOR",-0.000767740262989847,-4.95828278867627,1.67334046435254,31058.98564,2005
64,15,"E. coli","10.1016/j.ajic.2016.01.025","J01C",1,"KOR",0.217216602358663,-5.29657179391285,1.671260401734,32522.77317,2006
578,78,"S. aureus","10.1016/j.ajic.2016.01.025","J01C",1,"KOR",0.217216602358663,-5.29657179391285,1.671260401734,32522.77317,2006
58,14,"E. coli","10.1016/j.ajic.2016.01.025","J01C",1,"KOR",0.217216602358663,-5.29657179391285,1.671260401734,32522.77317,2006
56,18,"E. coli","10.1016/j.ajic.2016.01.025","J01C",1,"KOR",0.217216602358663,-5.29657179391285,1.671260401734,32522.77317,2006
22,80,"S. aureus","10.1016/j.ajic.2016.01.025","J01C",1,"KOR",0.425324610835645,-5.61537722953129,1.67209132999796,34235.53986,2007
22,63,"S. aureus","10.1016/j.ajic.2016.01.025","J01C",1,"KOR",0.217216602358663,-5.29657179391285,1.671260401734,32522.77317,2006
471,16,"P. aeruginosa","10.1016/j.ajic.2016.01.025","J01D",1,"KOR",0.614576032373016,-5.939757566807,1.67325857990702,35000.277,2008
554,76,"S. aureus","10.1016/j.ajic.2016.01.025","J01C",1,"KOR",0.425324610835645,-5.61537722953129,1.67209132999796,34235.53986,2007
26,79,"S. aureus","10.1016/j.ajic.2016.01.025","J01C",1,"KOR",0.217216602358663,-5.29657179391285,1.671260401734,32522.77317,2006
535,74,"S. aureus","10.1016/j.ajic.2016.01.025","J01C",1,"KOR",0.425324610835645,-5.61537722953129,1.67209132999796,34235.53986,2007
27,73,"S. aureus","10.1016/j.ajic.2016.01.025","J01C",1,"KOR",0.425324610835645,-5.61537722953129,1.67209132999796,34235.53986,2007
28,76,"S. aureus","10.1016/j.ajic.2016.01.025","J01C",1,"KOR",0.425324610835645,-5.61537722953129,1.67209132999796,34235.53986,2007
25,72,"S. aureus","10.1016/j.ajic.2016.01.025","J01C",1,"KOR",0.425324610835645,-5.61537722953129,1.67209132999796,34235.53986,2007
28,14,"E. coli","10.1016/j.ajic.2016.01.025","J01C",1,"KOR",0.425324610835645,-5.61537722953129,1.67209132999796,34235.53986,2007
27,18,"E. coli","10.1016/j.ajic.2016.01.025","J01C",1,"KOR",0.425324610835645,-5.61537722953129,1.67209132999796,34235.53986,2007
450,81,"S. aureus","10.1016/j.ajic.2016.01.025","J01C",1,"KOR",0.614576032373016,-5.939757566807,1.67325857990702,35000.277,2008
22,17,"E. coli","10.1016/j.ajic.2016.01.025","J01C",1,"KOR",0.425324610835645,-5.61537722953129,1.67209132999796,34235.53986,2007
491,81,"S. aureus","10.1016/j.ajic.2016.01.025","J01C",1,"KOR",0.614576032373016,-5.939757566807,1.67325857990702,35000.277,2008
20,17,"E. coli","10.1016/j.ajic.2016.01.025","J01C",1,"KOR",0.614576032373016,-5.939757566807,1.67325857990702,35000.277,2008
17,12,"E. coli","10.1016/j.ajic.2016.01.025","J01C",1,"KOR",0.614576032373016,-5.939757566807,1.67325857990702,35000.277,2008
27,7,"P. aeruginosa","10.1016/j.ajic.2016.01.025","J01D",1,"KOR",0.217216602358663,-5.29657179391285,1.671260401734,32522.77317,2006
113,20,"E. coli","10.1016/j.ajic.2016.01.025","J01C",1,"KOR",0.75920846662844,-6.36987737664224,1.61026241419768,35096.62191,2009
19,20,"E. coli","10.1016/j.ajic.2016.01.025","J01C",1,"KOR",0.614576032373016,-5.939757566807,1.67325857990702,35000.277,2008
115,75,"S. aureus","10.1016/j.ajic.2016.01.025","J01C",1,"KOR",0.425324610835645,-5.61537722953129,1.67209132999796,34235.53986,2007
111,80,"S. aureus","10.1016/j.ajic.2016.01.025","J01C",1,"KOR",0.425324610835645,-5.61537722953129,1.67209132999796,34235.53986,2007
119,79,"S. aureus","10.1016/j.ajic.2016.01.025","J01C",1,"KOR",0.614576032373016,-5.939757566807,1.67325857990702,35000.277,2008
16,71,"S. aureus","10.1016/j.ajic.2016.01.025","J01C",1,"KOR",-0.000767740262989847,-4.95828278867627,1.67334046435254,31058.98564,2005
18,70,"S. aureus","10.1016/j.ajic.2016.01.025","J01C",1,"KOR",-0.000767740262989847,-4.95828278867627,1.67334046435254,31058.98564,2005
545,69,"S. aureus","10.1016/j.ajic.2016.01.025","J01C",1,"KOR",-0.000767740262989847,-4.95828278867627,1.67334046435254,31058.98564,2005
534,69,"S. aureus","10.1016/j.ajic.2016.01.025","J01C",1,"KOR",0.217216602358663,-5.29657179391285,1.671260401734,32522.77317,2006
565,71,"S. aureus","10.1016/j.ajic.2016.01.025","J01C",1,"KOR",0.217216602358663,-5.29657179391285,1.671260401734,32522.77317,2006
69,9,"E. coli","10.1016/j.ajic.2016.01.025","J01C",1,"KOR",-0.000767740262989847,-4.95828278867627,1.67334046435254,31058.98564,2005
559,68,"S. aureus","10.1016/j.ajic.2016.01.025","J01C",1,"KOR",0.217216602358663,-5.29657179391285,1.671260401734,32522.77317,2006
553,63,"S. aureus","10.1016/j.ajic.2016.01.025","J01C",1,"KOR",0.217216602358663,-5.29657179391285,1.671260401734,32522.77317,2006
27,64,"S. aureus","10.1016/j.ajic.2016.01.025","J01C",1,"KOR",0.217216602358663,-5.29657179391285,1.671260401734,32522.77317,2006
61,13,"E. coli","10.1016/j.ajic.2016.01.025","J01C",1,"KOR",0.217216602358663,-5.29657179391285,1.671260401734,32522.77317,2006
23,20,"P. aeruginosa","10.1016/j.ajic.2016.01.025","J01D",1,"KOR",0.614576032373016,-5.939757566807,1.67325857990702,35000.277,2008
24,22,"P. aeruginosa","10.1016/j.ajic.2016.01.025","J01D",1,"KOR",0.614576032373016,-5.939757566807,1.67325857990702,35000.277,2008
22,68,"S. aureus","10.1016/j.ajic.2016.01.025","J01C",1,"KOR",0.217216602358663,-5.29657179391285,1.671260401734,32522.77317,2006
118,64,"S. aureus","10.1016/j.ajic.2016.01.025","J01C",1,"KOR",0.75920846662844,-6.36987737664224,1.61026241419768,35096.62191,2009
21,16,"P. aeruginosa","10.1016/j.ajic.2016.01.025","J01D",1,"KOR",0.614576032373016,-5.939757566807,1.67325857990702,35000.277,2008
26,78,"S. aureus","10.1016/j.ajic.2016.01.025","J01C",1,"KOR",0.217216602358663,-5.29657179391285,1.671260401734,32522.77317,2006
557,72,"S. aureus","10.1016/j.ajic.2016.01.025","J01C",1,"KOR",0.425324610835645,-5.61537722953129,1.67209132999796,34235.53986,2007
124,20,"E. coli","10.1016/j.ajic.2016.01.025","J01C",1,"KOR",0.614576032373016,-5.939757566807,1.67325857990702,35000.277,2008
519,78,"S. aureus","10.1016/j.ajic.2016.01.025","J01C",1,"KOR",0.425324610835645,-5.61537722953129,1.67209132999796,34235.53986,2007
462,75,"S. aureus","10.1016/j.ajic.2016.01.025","J01C",1,"KOR",0.425324610835645,-5.61537722953129,1.67209132999796,34235.53986,2007
32,80,"S. aureus","10.1016/j.ajic.2016.01.025","J01C",1,"KOR",0.425324610835645,-5.61537722953129,1.67209132999796,34235.53986,2007
30,74,"S. aureus","10.1016/j.ajic.2016.01.025","J01C",1,"KOR",0.425324610835645,-5.61537722953129,1.67209132999796,34235.53986,2007
463,79,"S. aureus","10.1016/j.ajic.2016.01.025","J01C",1,"KOR",0.614576032373016,-5.939757566807,1.67325857990702,35000.277,2008
18,78,"S. aureus","10.1016/j.ajic.2016.01.025","J01C",1,"KOR",0.75920846662844,-6.36987737664224,1.61026241419768,35096.62191,2009
461,79,"S. aureus","10.1016/j.ajic.2016.01.025","J01C",1,"KOR",0.614576032373016,-5.939757566807,1.67325857990702,35000.277,2008
130,80,"S. aureus","10.1016/j.ajic.2016.01.025","J01C",1,"KOR",0.425324610835645,-5.61537722953129,1.67209132999796,34235.53986,2007
524,71,"S. aureus","10.1016/j.ajic.2016.01.025","J01C",1,"KOR",-0.000767740262989847,-4.95828278867627,1.67334046435254,31058.98564,2005
518,70,"S. aureus","10.1016/j.ajic.2016.01.025","J01C",1,"KOR",-0.000767740262989847,-4.95828278867627,1.67334046435254,31058.98564,2005
535,63,"S. aureus","10.1016/j.ajic.2016.01.025","J01C",1,"KOR",-0.000767740262989847,-4.95828278867627,1.67334046435254,31058.98564,2005
547,76,"S. aureus","10.1016/j.ajic.2016.01.025","J01C",1,"KOR",-0.000767740262989847,-4.95828278867627,1.67334046435254,31058.98564,2005
162,14,"E. coli","10.1016/j.ajic.2016.01.025","J01C",1,"KOR",0.217216602358663,-5.29657179391285,1.671260401734,32522.77317,2006
171,18,"E. coli","10.1016/j.ajic.2016.01.025","J01C",1,"KOR",0.217216602358663,-5.29657179391285,1.671260401734,32522.77317,2006
178,12,"E. coli","10.1016/j.ajic.2016.01.025","J01C",1,"KOR",0.217216602358663,-5.29657179391285,1.671260401734,32522.77317,2006
78,3,"E. coli","10.1016/j.ajic.2016.01.025","J01C",1,"KOR",-0.000767740262989847,-4.95828278867627,1.67334046435254,31058.98564,2005
18,23,"P. aeruginosa","10.1016/j.ajic.2016.01.025","J01D",1,"KOR",0.614576032373016,-5.939757566807,1.67325857990702,35000.277,2008
74,17,"E. coli","10.1016/j.ajic.2016.01.025","J01C",1,"KOR",-0.000767740262989847,-4.95828278867627,1.67334046435254,31058.98564,2005
22,63,"S. aureus","10.1016/j.ajic.2016.01.025","J01C",1,"KOR",-0.000767740262989847,-4.95828278867627,1.67334046435254,31058.98564,2005
23,73,"S. aureus","10.1016/j.ajic.2016.01.025","J01C",1,"KOR",-0.000767740262989847,-4.95828278867627,1.67334046435254,31058.98564,2005
22,69,"S. aureus","10.1016/j.ajic.2016.01.025","J01C",1,"KOR",-0.000767740262989847,-4.95828278867627,1.67334046435254,31058.98564,2005
28,71,"S. aureus","10.1016/j.ajic.2016.01.025","J01C",1,"KOR",0.425324610835645,-5.61537722953129,1.67209132999796,34235.53986,2007
29,77,"S. aureus","10.1016/j.ajic.2016.01.025","J01C",1,"KOR",0.217216602358663,-5.29657179391285,1.671260401734,32522.77317,2006
545,7,"E. coli","10.1016/j.ajic.2016.01.025","J01C",1,"KOR",-0.000767740262989847,-4.95828278867627,1.67334046435254,31058.98564,2005
16,76,"S. aureus","10.1016/j.ajic.2016.01.025","J01C",1,"KOR",0.75920846662844,-6.36987737664224,1.61026241419768,35096.62191,2009
477,79,"S. aureus","10.1016/j.ajic.2016.01.025","J01C",1,"KOR",0.614576032373016,-5.939757566807,1.67325857990702,35000.277,2008
118,26,"E. coli","10.1016/j.ajic.2016.01.025","J01C",1,"KOR",0.75920846662844,-6.36987737664224,1.61026241419768,35096.62191,2009
13,74,"S. aureus","10.1016/j.ajic.2016.01.025","J01C",1,"KOR",0.75920846662844,-6.36987737664224,1.61026241419768,35096.62191,2009
13,79,"S. aureus","10.1016/j.ajic.2016.01.025","J01C",1,"KOR",0.959523691857287,-6.67111398694461,1.61028631379155,37298.59095,2010
13,72,"S. aureus","10.1016/j.ajic.2016.01.025","J01C",1,"KOR",0.959523691857287,-6.67111398694461,1.61028631379155,37298.59095,2010
111,24,"E. coli","10.1016/j.ajic.2016.01.025","J01C",1,"KOR",0.959523691857287,-6.67111398694461,1.61028631379155,37298.59095,2010
100,20,"E. coli","10.1016/j.ajic.2016.01.025","J01C",1,"KOR",0.959523691857287,-6.67111398694461,1.61028631379155,37298.59095,2010
101,24,"E. coli","10.1016/j.ajic.2016.01.025","J01C",1,"KOR",0.959523691857287,-6.67111398694461,1.61028631379155,37298.59095,2010
168,11,"E. coli","10.1016/j.ajic.2016.01.025","J01C",1,"KOR",0.217216602358663,-5.29657179391285,1.671260401734,32522.77317,2006
172,16,"E. coli","10.1016/j.ajic.2016.01.025","J01C",1,"KOR",0.217216602358663,-5.29657179391285,1.671260401734,32522.77317,2006
546,68,"S. aureus","10.1016/j.ajic.2016.01.025","J01C",1,"KOR",0.217216602358663,-5.29657179391285,1.671260401734,32522.77317,2006
175,15,"E. coli","10.1016/j.ajic.2016.01.025","J01C",1,"KOR",0.425324610835645,-5.61537722953129,1.67209132999796,34235.53986,2007
52,73,"S. aureus","10.1016/j.ajic.2016.01.025","J01C",1,"KOR",0.425324610835645,-5.61537722953129,1.67209132999796,34235.53986,2007
19,69,"S. aureus","10.1016/j.ajic.2016.01.025","J01C",1,"KOR",0.217216602358663,-5.29657179391285,1.671260401734,32522.77317,2006
30,71,"S. aureus","10.1016/j.ajic.2016.01.025","J01C",1,"KOR",0.217216602358663,-5.29657179391285,1.671260401734,32522.77317,2006
23,68,"S. aureus","10.1016/j.ajic.2016.01.025","J01C",1,"KOR",0.217216602358663,-5.29657179391285,1.671260401734,32522.77317,2006
22,79,"S. aureus","10.1016/j.ajic.2016.01.025","J01C",1,"KOR",0.614576032373016,-5.939757566807,1.67325857990702,35000.277,2008
21,71,"S. aureus","10.1016/j.ajic.2016.01.025","J01C",1,"KOR",0.614576032373016,-5.939757566807,1.67325857990702,35000.277,2008
20,28,"E. coli","10.1016/j.ajic.2016.01.025","J01C",1,"KOR",0.614576032373016,-5.939757566807,1.67325857990702,35000.277,2008
22,21,"E. coli","10.1016/j.ajic.2016.01.025","J01C",1,"KOR",0.614576032373016,-5.939757566807,1.67325857990702,35000.277,2008
22,21,"E. coli","10.1016/j.ajic.2016.01.025","J01C",1,"KOR",0.614576032373016,-5.939757566807,1.67325857990702,35000.277,2008
22,76,"S. aureus","10.1016/j.ajic.2016.01.025","J01C",1,"KOR",-0.000767740262989847,-4.95828278867627,1.67334046435254,31058.98564,2005
21,77,"S. aureus","10.1016/j.ajic.2016.01.025","J01C",1,"KOR",-0.000767740262989847,-4.95828278867627,1.67334046435254,31058.98564,2005
23,21,"P. aeruginosa","10.1016/j.ajic.2016.01.025","J01D",1,"KOR",0.614576032373016,-5.939757566807,1.67325857990702,35000.277,2008
24,16,"P. aeruginosa","10.1016/j.ajic.2016.01.025","J01D",1,"KOR",0.614576032373016,-5.939757566807,1.67325857990702,35000.277,2008
108,80,"S. aureus","10.1016/j.ajic.2016.01.025","J01C",1,"KOR",0.75920846662844,-6.36987737664224,1.61026241419768,35096.62191,2009
15,40,"Acinetobacter spp.","10.1097/MD.0000000000013719","J01D",1,"KOR",0.614576032373016,-5.939757566807,1.67325857990702,35000.277,2008
28,24,"P. aeruginosa","10.1016/j.ajic.2016.01.025","J01D",1,"KOR",0.614576032373016,-5.939757566807,1.67325857990702,35000.277,2008
15,31,"P. aeruginosa","10.1097/MD.0000000000013719","J01D",1,"KOR",0.614576032373016,-5.939757566807,1.67325857990702,35000.277,2008
24,21,"P. aeruginosa","10.1016/j.ajic.2016.01.025","J01D",1,"KOR",0.75920846662844,-6.36987737664224,1.61026241419768,35096.62191,2009
26,22,"P. aeruginosa","10.1016/j.ajic.2016.01.025","J01D",1,"KOR",0.75920846662844,-6.36987737664224,1.61026241419768,35096.62191,2009
454,22,"P. aeruginosa","10.1016/j.ajic.2016.01.025","J01D",1,"KOR",0.75920846662844,-6.36987737664224,1.61026241419768,35096.62191,2009
26,23,"P. aeruginosa","10.1016/j.ajic.2016.01.025","J01D",1,"KOR",0.75920846662844,-6.36987737664224,1.61026241419768,35096.62191,2009
30,23,"P. aeruginosa","10.1016/j.ajic.2016.01.025","J01D",1,"KOR",0.75920846662844,-6.36987737664224,1.61026241419768,35096.62191,2009
501,74,"S. aureus","10.1016/j.ajic.2016.01.025","J01C",1,"KOR",-0.000767740262989847,-4.95828278867627,1.67334046435254,31058.98564,2005
160,9,"E. coli","10.1016/j.ajic.2016.01.025","J01C",1,"KOR",-0.000767740262989847,-4.95828278867627,1.67334046435254,31058.98564,2005
166,17,"E. coli","10.1016/j.ajic.2016.01.025","J01C",1,"KOR",-0.000767740262989847,-4.95828278867627,1.67334046435254,31058.98564,2005
167,15,"E. coli","10.1016/j.ajic.2016.01.025","J01C",1,"KOR",0.217216602358663,-5.29657179391285,1.671260401734,32522.77317,2006
56,64,"S. aureus","10.1016/j.ajic.2016.01.025","J01C",1,"KOR",0.217216602358663,-5.29657179391285,1.671260401734,32522.77317,2006
25,10,"E. coli","10.1016/j.ajic.2016.01.025","J01C",1,"KOR",0.425324610835645,-5.61537722953129,1.67209132999796,34235.53986,2007
58,68,"S. aureus","10.1016/j.ajic.2016.01.025","J01C",1,"KOR",0.217216602358663,-5.29657179391285,1.671260401734,32522.77317,2006
61,63,"S. aureus","10.1016/j.ajic.2016.01.025","J01C",1,"KOR",0.217216602358663,-5.29657179391285,1.671260401734,32522.77317,2006
114,76,"S. aureus","10.1016/j.ajic.2016.01.025","J01C",1,"KOR",0.614576032373016,-5.939757566807,1.67325857990702,35000.277,2008
57,78,"S. aureus","10.1016/j.ajic.2016.01.025","J01C",1,"KOR",0.217216602358663,-5.29657179391285,1.671260401734,32522.77317,2006
55,77,"S. aureus","10.1016/j.ajic.2016.01.025","J01C",1,"KOR",0.217216602358663,-5.29657179391285,1.671260401734,32522.77317,2006
173,12,"E. coli","10.1016/j.ajic.2016.01.025","J01C",1,"KOR",0.217216602358663,-5.29657179391285,1.671260401734,32522.77317,2006
185,7,"E. coli","10.1016/j.ajic.2016.01.025","J01C",1,"KOR",0.425324610835645,-5.61537722953129,1.67209132999796,34235.53986,2007
554,11,"P. aeruginosa","10.1016/j.ajic.2016.01.025","J01D",1,"KOR",0.425324610835645,-5.61537722953129,1.67209132999796,34235.53986,2007
52,76,"S. aureus","10.1016/j.ajic.2016.01.025","J01C",1,"KOR",0.425324610835645,-5.61537722953129,1.67209132999796,34235.53986,2007
25,80,"S. aureus","10.1016/j.ajic.2016.01.025","J01C",1,"KOR",0.425324610835645,-5.61537722953129,1.67209132999796,34235.53986,2007
25,74,"S. aureus","10.1016/j.ajic.2016.01.025","J01C",1,"KOR",0.425324610835645,-5.61537722953129,1.67209132999796,34235.53986,2007
27,78,"S. aureus","10.1016/j.ajic.2016.01.025","J01C",1,"KOR",0.425324610835645,-5.61537722953129,1.67209132999796,34235.53986,2007
24,75,"S. aureus","10.1016/j.ajic.2016.01.025","J01C",1,"KOR",0.425324610835645,-5.61537722953129,1.67209132999796,34235.53986,2007
19,79,"S. aureus","10.1016/j.ajic.2016.01.025","J01C",1,"KOR",0.614576032373016,-5.939757566807,1.67325857990702,35000.277,2008
20,79,"S. aureus","10.1016/j.ajic.2016.01.025","J01C",1,"KOR",0.614576032373016,-5.939757566807,1.67325857990702,35000.277,2008
17,81,"S. aureus","10.1016/j.ajic.2016.01.025","J01C",1,"KOR",0.614576032373016,-5.939757566807,1.67325857990702,35000.277,2008
18,76,"S. aureus","10.1016/j.ajic.2016.01.025","J01C",1,"KOR",0.614576032373016,-5.939757566807,1.67325857990702,35000.277,2008
20,81,"S. aureus","10.1016/j.ajic.2016.01.025","J01C",1,"KOR",0.614576032373016,-5.939757566807,1.67325857990702,35000.277,2008
22,71,"S. aureus","10.1016/j.ajic.2016.01.025","J01C",1,"KOR",0.614576032373016,-5.939757566807,1.67325857990702,35000.277,2008
486,23,"P. aeruginosa","10.1016/j.ajic.2016.01.025","J01D",1,"KOR",0.614576032373016,-5.939757566807,1.67325857990702,35000.277,2008
18,77,"S. aureus","10.1016/j.ajic.2016.01.025","J01C",1,"KOR",0.614576032373016,-5.939757566807,1.67325857990702,35000.277,2008
19,74,"S. aureus","10.1016/j.ajic.2016.01.025","J01C",1,"KOR",0.614576032373016,-5.939757566807,1.67325857990702,35000.277,2008
18,80,"S. aureus","10.1016/j.ajic.2016.01.025","J01C",1,"KOR",0.75920846662844,-6.36987737664224,1.61026241419768,35096.62191,2009
15,77,"S. aureus","10.1016/j.ajic.2016.01.025","J01C",1,"KOR",0.75920846662844,-6.36987737664224,1.61026241419768,35096.62191,2009
16,67,"S. aureus","10.1016/j.ajic.2016.01.025","J01C",1,"KOR",0.75920846662844,-6.36987737664224,1.61026241419768,35096.62191,2009
16,64,"S. aureus","10.1016/j.ajic.2016.01.025","J01C",1,"KOR",0.75920846662844,-6.36987737664224,1.61026241419768,35096.62191,2009
18,71,"S. aureus","10.1016/j.ajic.2016.01.025","J01C",1,"KOR",0.75920846662844,-6.36987737664224,1.61026241419768,35096.62191,2009
14,66,"S. aureus","10.1016/j.ajic.2016.01.025","J01C",1,"KOR",0.75920846662844,-6.36987737664224,1.61026241419768,35096.62191,2009
13,75,"S. aureus","10.1016/j.ajic.2016.01.025","J01C",1,"KOR",0.959523691857287,-6.67111398694461,1.61028631379155,37298.59095,2010
11,74,"S. aureus","10.1016/j.ajic.2016.01.025","J01C",1,"KOR",0.959523691857287,-6.67111398694461,1.61028631379155,37298.59095,2010
11,76,"S. aureus","10.1016/j.ajic.2016.01.025","J01C",1,"KOR",0.959523691857287,-6.67111398694461,1.61028631379155,37298.59095,2010
59,73,"S. aureus","10.1016/j.ajic.2016.01.025","J01C",1,"KOR",0.217216602358663,-5.29657179391285,1.671260401734,32522.77317,2006
57,79,"S. aureus","10.1016/j.ajic.2016.01.025","J01C",1,"KOR",0.217216602358663,-5.29657179391285,1.671260401734,32522.77317,2006
27,69,"S. aureus","10.1016/j.ajic.2016.01.025","J01C",1,"KOR",-0.000767740262989847,-4.95828278867627,1.67334046435254,31058.98564,2005
557,10,"P. aeruginosa","10.1016/j.ajic.2016.01.025","J01D",1,"KOR",0.425324610835645,-5.61537722953129,1.67209132999796,34235.53986,2007
530,12,"P. aeruginosa","10.1016/j.ajic.2016.01.025","J01D",1,"KOR",0.425324610835645,-5.61537722953129,1.67209132999796,34235.53986,2007
519,12,"P. aeruginosa","10.1016/j.ajic.2016.01.025","J01D",1,"KOR",0.425324610835645,-5.61537722953129,1.67209132999796,34235.53986,2007
459,12,"P. aeruginosa","10.1016/j.ajic.2016.01.025","J01D",1,"KOR",0.425324610835645,-5.61537722953129,1.67209132999796,34235.53986,2007
477,21,"P. aeruginosa","10.1016/j.ajic.2016.01.025","J01D",1,"KOR",0.614576032373016,-5.939757566807,1.67325857990702,35000.277,2008
463,20,"P. aeruginosa","10.1016/j.ajic.2016.01.025","J01D",1,"KOR",0.614576032373016,-5.939757566807,1.67325857990702,35000.277,2008
476,22,"P. aeruginosa","10.1016/j.ajic.2016.01.025","J01D",1,"KOR",0.614576032373016,-5.939757566807,1.67325857990702,35000.277,2008
466,24,"P. aeruginosa","10.1016/j.ajic.2016.01.025","J01D",1,"KOR",0.614576032373016,-5.939757566807,1.67325857990702,35000.277,2008
491,24,"P. aeruginosa","10.1016/j.ajic.2016.01.025","J01D",1,"KOR",0.614576032373016,-5.939757566807,1.67325857990702,35000.277,2008
16,76,"S. aureus","10.1016/j.ajic.2016.01.025","J01C",1,"KOR",0.614576032373016,-5.939757566807,1.67325857990702,35000.277,2008
502,21,"P. aeruginosa","10.1016/j.ajic.2016.01.025","J01D",1,"KOR",0.614576032373016,-5.939757566807,1.67325857990702,35000.277,2008
20,0,"P. aeruginosa","10.1016/j.ajic.2016.01.025","J01D",1,"KOR",-0.000767740262989847,-4.95828278867627,1.67334046435254,31058.98564,2005
463,20,"P. aeruginosa","10.1016/j.ajic.2016.01.025","J01D",1,"KOR",0.75920846662844,-6.36987737664224,1.61026241419768,35096.62191,2009
476,21,"P. aeruginosa","10.1016/j.ajic.2016.01.025","J01D",1,"KOR",0.75920846662844,-6.36987737664224,1.61026241419768,35096.62191,2009
475,20,"P. aeruginosa","10.1016/j.ajic.2016.01.025","J01D",1,"KOR",0.75920846662844,-6.36987737664224,1.61026241419768,35096.62191,2009
466,27,"P. aeruginosa","10.1016/j.ajic.2016.01.025","J01D",1,"KOR",0.75920846662844,-6.36987737664224,1.61026241419768,35096.62191,2009
19,75,"S. aureus","10.1016/j.ajic.2016.01.025","J01C",1,"KOR",0.425324610835645,-5.61537722953129,1.67209132999796,34235.53986,2007
23,79,"S. aureus","10.1016/j.ajic.2016.01.025","J01C",1,"KOR",0.614576032373016,-5.939757566807,1.67325857990702,35000.277,2008
23,79,"S. aureus","10.1016/j.ajic.2016.01.025","J01C",1,"KOR",0.614576032373016,-5.939757566807,1.67325857990702,35000.277,2008
23,81,"S. aureus","10.1016/j.ajic.2016.01.025","J01C",1,"KOR",0.614576032373016,-5.939757566807,1.67325857990702,35000.277,2008
24,76,"S. aureus","10.1016/j.ajic.2016.01.025","J01C",1,"KOR",0.614576032373016,-5.939757566807,1.67325857990702,35000.277,2008
28,81,"S. aureus","10.1016/j.ajic.2016.01.025","J01C",1,"KOR",0.614576032373016,-5.939757566807,1.67325857990702,35000.277,2008
24,79,"S. aureus","10.1016/j.ajic.2016.01.025","J01C",1,"KOR",0.614576032373016,-5.939757566807,1.67325857990702,35000.277,2008
25,76,"S. aureus","10.1016/j.ajic.2016.01.025","J01C",1,"KOR",0.614576032373016,-5.939757566807,1.67325857990702,35000.277,2008
25,77,"S. aureus","10.1016/j.ajic.2016.01.025","J01C",1,"KOR",0.614576032373016,-5.939757566807,1.67325857990702,35000.277,2008
16,23,"E. coli","10.1016/j.ajic.2016.01.025","J01C",1,"KOR",0.614576032373016,-5.939757566807,1.67325857990702,35000.277,2008
553,7,"P. aeruginosa","10.1016/j.ajic.2016.01.025","J01D",1,"KOR",0.217216602358663,-5.29657179391285,1.671260401734,32522.77317,2006
114,81,"S. aureus","10.1016/j.ajic.2016.01.025","J01C",1,"KOR",0.614576032373016,-5.939757566807,1.67325857990702,35000.277,2008
116,81,"S. aureus","10.1016/j.ajic.2016.01.025","J01C",1,"KOR",0.614576032373016,-5.939757566807,1.67325857990702,35000.277,2008
23,69,"S. aureus","10.1016/j.ajic.2016.01.025","J01C",1,"KOR",-0.000767740262989847,-4.95828278867627,1.67334046435254,31058.98564,2005
108,71,"S. aureus","10.1016/j.ajic.2016.01.025","J01C",1,"KOR",0.614576032373016,-5.939757566807,1.67325857990702,35000.277,2008
28,12,"P. aeruginosa","10.1016/j.ajic.2016.01.025","J01D",1,"KOR",0.425324610835645,-5.61537722953129,1.67209132999796,34235.53986,2007
566,20,"P. aeruginosa","10.1016/j.ajic.2016.01.025","J01D",1,"KOR",0.425324610835645,-5.61537722953129,1.67209132999796,34235.53986,2007
106,76,"S. aureus","10.1016/j.ajic.2016.01.025","J01C",1,"KOR",0.75920846662844,-6.36987737664224,1.61026241419768,35096.62191,2009
106,74,"S. aureus","10.1016/j.ajic.2016.01.025","J01C",1,"KOR",0.614576032373016,-5.939757566807,1.67325857990702,35000.277,2008
8,8,"Acinetobacter spp.","10.1097/MD.0000000000013719","J01D",1,"KOR",-0.211052452125298,-4.63521291236268,1.66709176407653,29839.26248,2004
30,79,"S. aureus","10.1016/j.ajic.2016.01.025","J01C",1,"KOR",0.959523691857287,-6.67111398694461,1.61028631379155,37298.59095,2010
25,72,"S. aureus","10.1016/j.ajic.2016.01.025","J01C",1,"KOR",0.959523691857287,-6.67111398694461,1.61028631379155,37298.59095,2010
111,78,"S. aureus","10.1016/j.ajic.2016.01.025","J01C",1,"KOR",0.75920846662844,-6.36987737664224,1.61026241419768,35096.62191,2009
118,67,"S. aureus","10.1016/j.ajic.2016.01.025","J01C",1,"KOR",0.75920846662844,-6.36987737664224,1.61026241419768,35096.62191,2009
29,71,"S. aureus","10.1016/j.ajic.2016.01.025","J01C",1,"KOR",0.959523691857287,-6.67111398694461,1.61028631379155,37298.59095,2010
25,23,"P. aeruginosa","10.1016/j.ajic.2016.01.025","J01D",1,"KOR",0.614576032373016,-5.939757566807,1.67325857990702,35000.277,2008
29,21,"P. aeruginosa","10.1016/j.ajic.2016.01.025","J01D",1,"KOR",0.614576032373016,-5.939757566807,1.67325857990702,35000.277,2008
28,20,"P. aeruginosa","10.1016/j.ajic.2016.01.025","J01D",1,"KOR",0.75920846662844,-6.36987737664224,1.61026241419768,35096.62191,2009
450,20,"E. coli","10.1016/j.ajic.2016.01.025","J01C",1,"KOR",0.75920846662844,-6.36987737664224,1.61026241419768,35096.62191,2009
476,16,"P. aeruginosa","10.1016/j.ajic.2016.01.025","J01D",1,"KOR",0.614576032373016,-5.939757566807,1.67325857990702,35000.277,2008
11,26,"P. aeruginosa","10.1016/j.ajic.2016.01.025","J01D",1,"KOR",0.959523691857287,-6.67111398694461,1.61028631379155,37298.59095,2010
27,20,"P. aeruginosa","10.1016/j.ajic.2016.01.025","J01D",1,"KOR",0.75920846662844,-6.36987737664224,1.61026241419768,35096.62191,2009
25,22,"P. aeruginosa","10.1016/j.ajic.2016.01.025","J01D",1,"KOR",0.75920846662844,-6.36987737664224,1.61026241419768,35096.62191,2009
28,25,"P. aeruginosa","10.1016/j.ajic.2016.01.025","J01D",1,"KOR",0.75920846662844,-6.36987737664224,1.61026241419768,35096.62191,2009
31,18,"P. aeruginosa","10.1016/j.ajic.2016.01.025","J01D",1,"KOR",0.75920846662844,-6.36987737664224,1.61026241419768,35096.62191,2009
30,17,"P. aeruginosa","10.1016/j.ajic.2016.01.025","J01D",1,"KOR",0.959523691857287,-6.67111398694461,1.61028631379155,37298.59095,2010
25,17,"P. aeruginosa","10.1016/j.ajic.2016.01.025","J01D",1,"KOR",0.959523691857287,-6.67111398694461,1.61028631379155,37298.59095,2010
25,19,"P. aeruginosa","10.1016/j.ajic.2016.01.025","J01D",1,"KOR",0.959523691857287,-6.67111398694461,1.61028631379155,37298.59095,2010
32,26,"P. aeruginosa","10.1016/j.ajic.2016.01.025","J01D",1,"KOR",0.959523691857287,-6.67111398694461,1.61028631379155,37298.59095,2010
27,19,"P. aeruginosa","10.1016/j.ajic.2016.01.025","J01D",1,"KOR",0.959523691857287,-6.67111398694461,1.61028631379155,37298.59095,2010
113,23,"P. aeruginosa","10.1016/j.ajic.2016.01.025","J01D",1,"KOR",0.75920846662844,-6.36987737664224,1.61026241419768,35096.62191,2009
55,79,"S. aureus","10.1016/j.ajic.2016.01.025","J01C",1,"KOR",0.425324610835645,-5.61537722953129,1.67209132999796,34235.53986,2007
70,9,"P. aeruginosa","10.1016/j.ajic.2016.01.025","J01D",1,"KOR",-0.000767740262989847,-4.95828278867627,1.67334046435254,31058.98564,2005
114,19,"E. coli","10.1016/j.ajic.2016.01.025","J01C",1,"KOR",0.614576032373016,-5.939757566807,1.67325857990702,35000.277,2008
52,20,"P. aeruginosa","10.1016/j.ajic.2016.01.025","J01D",1,"KOR",0.425324610835645,-5.61537722953129,1.67209132999796,34235.53986,2007
22,12,"P. aeruginosa","10.1016/j.ajic.2016.01.025","J01D",1,"KOR",0.425324610835645,-5.61537722953129,1.67209132999796,34235.53986,2007
19,21,"P. aeruginosa","10.1016/j.ajic.2016.01.025","J01D",1,"KOR",0.614576032373016,-5.939757566807,1.67325857990702,35000.277,2008
20,16,"P. aeruginosa","10.1016/j.ajic.2016.01.025","J01D",1,"KOR",0.614576032373016,-5.939757566807,1.67325857990702,35000.277,2008
568,4,"P. aeruginosa","10.1016/j.ajic.2016.01.025","J01D",1,"KOR",0.217216602358663,-5.29657179391285,1.671260401734,32522.77317,2006
22,16,"P. aeruginosa","10.1016/j.ajic.2016.01.025","J01D",1,"KOR",0.614576032373016,-5.939757566807,1.67325857990702,35000.277,2008
535,7,"P. aeruginosa","10.1016/j.ajic.2016.01.025","J01D",1,"KOR",0.425324610835645,-5.61537722953129,1.67209132999796,34235.53986,2007
533,12,"P. aeruginosa","10.1016/j.ajic.2016.01.025","J01D",1,"KOR",0.425324610835645,-5.61537722953129,1.67209132999796,34235.53986,2007
16,20,"P. aeruginosa","10.1016/j.ajic.2016.01.025","J01D",1,"KOR",0.75920846662844,-6.36987737664224,1.61026241419768,35096.62191,2009
18,22,"P. aeruginosa","10.1016/j.ajic.2016.01.025","J01D",1,"KOR",0.75920846662844,-6.36987737664224,1.61026241419768,35096.62191,2009
16,23,"P. aeruginosa","10.1016/j.ajic.2016.01.025","J01D",1,"KOR",0.75920846662844,-6.36987737664224,1.61026241419768,35096.62191,2009
16,25,"P. aeruginosa","10.1016/j.ajic.2016.01.025","J01D",1,"KOR",0.75920846662844,-6.36987737664224,1.61026241419768,35096.62191,2009
14,18,"P. aeruginosa","10.1016/j.ajic.2016.01.025","J01D",1,"KOR",0.75920846662844,-6.36987737664224,1.61026241419768,35096.62191,2009
13,23,"P. aeruginosa","10.1016/j.ajic.2016.01.025","J01D",1,"KOR",0.75920846662844,-6.36987737664224,1.61026241419768,35096.62191,2009
13,17,"P. aeruginosa","10.1016/j.ajic.2016.01.025","J01D",1,"KOR",0.959523691857287,-6.67111398694461,1.61028631379155,37298.59095,2010
547,9,"E. coli","10.1016/j.ajic.2016.01.025","J01C",1,"KOR",-0.000767740262989847,-4.95828278867627,1.67334046435254,31058.98564,2005
13,19,"P. aeruginosa","10.1016/j.ajic.2016.01.025","J01D",1,"KOR",0.959523691857287,-6.67111398694461,1.61028631379155,37298.59095,2010
11,19,"P. aeruginosa","10.1016/j.ajic.2016.01.025","J01D",1,"KOR",0.959523691857287,-6.67111398694461,1.61028631379155,37298.59095,2010
22,0,"P. aeruginosa","10.1016/j.ajic.2016.01.025","J01D",1,"KOR",-0.000767740262989847,-4.95828278867627,1.67334046435254,31058.98564,2005
27,0,"P. aeruginosa","10.1016/j.ajic.2016.01.025","J01D",1,"KOR",-0.000767740262989847,-4.95828278867627,1.67334046435254,31058.98564,2005
23,0,"P. aeruginosa","10.1016/j.ajic.2016.01.025","J01D",1,"KOR",-0.000767740262989847,-4.95828278867627,1.67334046435254,31058.98564,2005
22,0,"P. aeruginosa","10.1016/j.ajic.2016.01.025","J01D",1,"KOR",-0.000767740262989847,-4.95828278867627,1.67334046435254,31058.98564,2005
23,9,"P. aeruginosa","10.1016/j.ajic.2016.01.025","J01D",1,"KOR",-0.000767740262989847,-4.95828278867627,1.67334046435254,31058.98564,2005
30,6,"P. aeruginosa","10.1016/j.ajic.2016.01.025","J01D",1,"KOR",0.217216602358663,-5.29657179391285,1.671260401734,32522.77317,2006
21,12,"P. aeruginosa","10.1016/j.ajic.2016.01.025","J01D",1,"KOR",0.217216602358663,-5.29657179391285,1.671260401734,32522.77317,2006
23,11,"P. aeruginosa","10.1016/j.ajic.2016.01.025","J01D",1,"KOR",0.217216602358663,-5.29657179391285,1.671260401734,32522.77317,2006
555,7,"E. coli","10.1016/j.ajic.2016.01.025","J01C",1,"KOR",0.425324610835645,-5.61537722953129,1.67209132999796,34235.53986,2007
18,19,"E. coli","10.1016/j.ajic.2016.01.025","J01C",1,"KOR",0.614576032373016,-5.939757566807,1.67325857990702,35000.277,2008
121,79,"S. aureus","10.1016/j.ajic.2016.01.025","J01C",1,"KOR",0.614576032373016,-5.939757566807,1.67325857990702,35000.277,2008
16,23,"E. coli","10.1016/j.ajic.2016.01.025","J01C",1,"KOR",0.75920846662844,-6.36987737664224,1.61026241419768,35096.62191,2009
18,12,"E. coli","10.1016/j.ajic.2016.01.025","J01C",1,"KOR",0.75920846662844,-6.36987737664224,1.61026241419768,35096.62191,2009
100,79,"S. aureus","10.1016/j.ajic.2016.01.025","J01C",1,"KOR",0.614576032373016,-5.939757566807,1.67325857990702,35000.277,2008
100,76,"S. aureus","10.1016/j.ajic.2016.01.025","J01C",1,"KOR",0.614576032373016,-5.939757566807,1.67325857990702,35000.277,2008
110,77,"S. aureus","10.1016/j.ajic.2016.01.025","J01C",1,"KOR",0.614576032373016,-5.939757566807,1.67325857990702,35000.277,2008
454,21,"E. coli","10.1016/j.ajic.2016.01.025","J01C",1,"KOR",0.75920846662844,-6.36987737664224,1.61026241419768,35096.62191,2009
29,20,"P. aeruginosa","10.1016/j.ajic.2016.01.025","J01D",1,"KOR",0.75920846662844,-6.36987737664224,1.61026241419768,35096.62191,2009
29,27,"P. aeruginosa","10.1016/j.ajic.2016.01.025","J01D",1,"KOR",0.75920846662844,-6.36987737664224,1.61026241419768,35096.62191,2009
121,20,"P. aeruginosa","10.1016/j.ajic.2016.01.025","J01D",1,"KOR",0.614576032373016,-5.939757566807,1.67325857990702,35000.277,2008
70,73,"S. aureus","10.1016/j.ajic.2016.01.025","J01C",1,"KOR",-0.000767740262989847,-4.95828278867627,1.67334046435254,31058.98564,2005
152,11,"E. coli","10.1016/j.ajic.2016.01.025","J01C",1,"KOR",-0.000767740262989847,-4.95828278867627,1.67334046435254,31058.98564,2005
164,7,"E. coli","10.1016/j.ajic.2016.01.025","J01C",1,"KOR",-0.000767740262989847,-4.95828278867627,1.67334046435254,31058.98564,2005
61,71,"S. aureus","10.1016/j.ajic.2016.01.025","J01C",1,"KOR",0.217216602358663,-5.29657179391285,1.671260401734,32522.77317,2006
179,13,"E. coli","10.1016/j.ajic.2016.01.025","J01C",1,"KOR",0.217216602358663,-5.29657179391285,1.671260401734,32522.77317,2006
108,21,"P. aeruginosa","10.1016/j.ajic.2016.01.025","J01D",1,"KOR",0.75920846662844,-6.36987737664224,1.61026241419768,35096.62191,2009
32,13,"E. coli","10.1016/j.ajic.2016.01.025","J01C",1,"KOR",0.425324610835645,-5.61537722953129,1.67209132999796,34235.53986,2007
28,14,"E. coli","10.1016/j.ajic.2016.01.025","J01C",1,"KOR",0.425324610835645,-5.61537722953129,1.67209132999796,34235.53986,2007
22,18,"E. coli","10.1016/j.ajic.2016.01.025","J01C",1,"KOR",0.425324610835645,-5.61537722953129,1.67209132999796,34235.53986,2007
19,18,"E. coli","10.1016/j.ajic.2016.01.025","J01C",1,"KOR",0.425324610835645,-5.61537722953129,1.67209132999796,34235.53986,2007
163,14,"E. coli","10.1016/j.ajic.2016.01.025","J01C",1,"KOR",0.217216602358663,-5.29657179391285,1.671260401734,32522.77317,2006
159,15,"E. coli","10.1016/j.ajic.2016.01.025","J01C",1,"KOR",0.217216602358663,-5.29657179391285,1.671260401734,32522.77317,2006
60,72,"S. aureus","10.1016/j.ajic.2016.01.025","J01C",1,"KOR",0.425324610835645,-5.61537722953129,1.67209132999796,34235.53986,2007
107,23,"P. aeruginosa","10.1016/j.ajic.2016.01.025","J01D",1,"KOR",0.75920846662844,-6.36987737664224,1.61026241419768,35096.62191,2009
23,12,"E. coli","10.1016/j.ajic.2016.01.025","J01C",1,"KOR",0.614576032373016,-5.939757566807,1.67325857990702,35000.277,2008
189,17,"E. coli","10.1016/j.ajic.2016.01.025","J01C",1,"KOR",0.425324610835645,-5.61537722953129,1.67209132999796,34235.53986,2007
177,21,"E. coli","10.1016/j.ajic.2016.01.025","J01C",1,"KOR",0.425324610835645,-5.61537722953129,1.67209132999796,34235.53986,2007
157,10,"E. coli","10.1016/j.ajic.2016.01.025","J01C",1,"KOR",0.425324610835645,-5.61537722953129,1.67209132999796,34235.53986,2007
130,13,"E. coli","10.1016/j.ajic.2016.01.025","J01C",1,"KOR",0.425324610835645,-5.61537722953129,1.67209132999796,34235.53986,2007
134,14,"E. coli","10.1016/j.ajic.2016.01.025","J01C",1,"KOR",0.425324610835645,-5.61537722953129,1.67209132999796,34235.53986,2007
121,18,"E. coli","10.1016/j.ajic.2016.01.025","J01C",1,"KOR",0.425324610835645,-5.61537722953129,1.67209132999796,34235.53986,2007
115,18,"E. coli","10.1016/j.ajic.2016.01.025","J01C",1,"KOR",0.425324610835645,-5.61537722953129,1.67209132999796,34235.53986,2007
111,17,"E. coli","10.1016/j.ajic.2016.01.025","J01C",1,"KOR",0.425324610835645,-5.61537722953129,1.67209132999796,34235.53986,2007
119,11,"E. coli","10.1016/j.ajic.2016.01.025","J01C",1,"KOR",0.614576032373016,-5.939757566807,1.67325857990702,35000.277,2008
121,15,"E. coli","10.1016/j.ajic.2016.01.025","J01C",1,"KOR",0.614576032373016,-5.939757566807,1.67325857990702,35000.277,2008
121,17,"E. coli","10.1016/j.ajic.2016.01.025","J01C",1,"KOR",0.614576032373016,-5.939757566807,1.67325857990702,35000.277,2008
114,12,"E. coli","10.1016/j.ajic.2016.01.025","J01C",1,"KOR",0.614576032373016,-5.939757566807,1.67325857990702,35000.277,2008
116,28,"E. coli","10.1016/j.ajic.2016.01.025","J01C",1,"KOR",0.614576032373016,-5.939757566807,1.67325857990702,35000.277,2008
108,21,"E. coli","10.1016/j.ajic.2016.01.025","J01C",1,"KOR",0.614576032373016,-5.939757566807,1.67325857990702,35000.277,2008
100,21,"E. coli","10.1016/j.ajic.2016.01.025","J01C",1,"KOR",0.614576032373016,-5.939757566807,1.67325857990702,35000.277,2008
100,23,"E. coli","10.1016/j.ajic.2016.01.025","J01C",1,"KOR",0.614576032373016,-5.939757566807,1.67325857990702,35000.277,2008
106,27,"E. coli","10.1016/j.ajic.2016.01.025","J01C",1,"KOR",0.614576032373016,-5.939757566807,1.67325857990702,35000.277,2008
99,21,"E. coli","10.1016/j.ajic.2016.01.025","J01C",1,"KOR",0.75920846662844,-6.36987737664224,1.61026241419768,35096.62191,2009
106,23,"E. coli","10.1016/j.ajic.2016.01.025","J01C",1,"KOR",0.75920846662844,-6.36987737664224,1.61026241419768,35096.62191,2009
108,12,"E. coli","10.1016/j.ajic.2016.01.025","J01C",1,"KOR",0.75920846662844,-6.36987737664224,1.61026241419768,35096.62191,2009
106,18,"E. coli","10.1016/j.ajic.2016.01.025","J01C",1,"KOR",0.75920846662844,-6.36987737664224,1.61026241419768,35096.62191,2009
111,12,"E. coli","10.1016/j.ajic.2016.01.025","J01C",1,"KOR",0.75920846662844,-6.36987737664224,1.61026241419768,35096.62191,2009
52,11,"P. aeruginosa","10.1016/j.ajic.2016.01.025","J01D",1,"KOR",0.425324610835645,-5.61537722953129,1.67209132999796,34235.53986,2007
44,10,"P. aeruginosa","10.1016/j.ajic.2016.01.025","J01D",1,"KOR",0.425324610835645,-5.61537722953129,1.67209132999796,34235.53986,2007
25,12,"P. aeruginosa","10.1016/j.ajic.2016.01.025","J01D",1,"KOR",0.425324610835645,-5.61537722953129,1.67209132999796,34235.53986,2007
546,11,"P. aeruginosa","10.1016/j.ajic.2016.01.025","J01D",1,"KOR",0.217216602358663,-5.29657179391285,1.671260401734,32522.77317,2006
547,7,"P. aeruginosa","10.1016/j.ajic.2016.01.025","J01D",1,"KOR",0.217216602358663,-5.29657179391285,1.671260401734,32522.77317,2006
559,15,"P. aeruginosa","10.1016/j.ajic.2016.01.025","J01D",1,"KOR",0.217216602358663,-5.29657179391285,1.671260401734,32522.77317,2006
20,20,"P. aeruginosa","10.1016/j.ajic.2016.01.025","J01D",1,"KOR",0.614576032373016,-5.939757566807,1.67325857990702,35000.277,2008
18,22,"P. aeruginosa","10.1016/j.ajic.2016.01.025","J01D",1,"KOR",0.614576032373016,-5.939757566807,1.67325857990702,35000.277,2008
19,21,"P. aeruginosa","10.1016/j.ajic.2016.01.025","J01D",1,"KOR",0.614576032373016,-5.939757566807,1.67325857990702,35000.277,2008
16,20,"P. aeruginosa","10.1016/j.ajic.2016.01.025","J01D",1,"KOR",0.75920846662844,-6.36987737664224,1.61026241419768,35096.62191,2009
541,11,"E. coli","10.1016/j.ajic.2016.01.025","J01C",1,"KOR",-0.000767740262989847,-4.95828278867627,1.67334046435254,31058.98564,2005
534,15,"E. coli","10.1016/j.ajic.2016.01.025","J01C",1,"KOR",0.217216602358663,-5.29657179391285,1.671260401734,32522.77317,2006
553,11,"E. coli","10.1016/j.ajic.2016.01.025","J01C",1,"KOR",0.217216602358663,-5.29657179391285,1.671260401734,32522.77317,2006
459,20,"P. aeruginosa","10.1016/j.ajic.2016.01.025","J01D",1,"KOR",0.75920846662844,-6.36987737664224,1.61026241419768,35096.62191,2009
24,17,"P. aeruginosa","10.1016/j.ajic.2016.01.025","J01D",1,"KOR",0.425324610835645,-5.61537722953129,1.67209132999796,34235.53986,2007
19,27,"E. coli","10.1016/j.ajic.2016.01.025","J01C",1,"KOR",0.614576032373016,-5.939757566807,1.67325857990702,35000.277,2008
26,77,"S. aureus","10.1016/j.ajic.2016.01.025","J01C",1,"KOR",0.75920846662844,-6.36987737664224,1.61026241419768,35096.62191,2009
30,7,"P. aeruginosa","10.1016/j.ajic.2016.01.025","J01D",1,"KOR",0.425324610835645,-5.61537722953129,1.67209132999796,34235.53986,2007
8,0,"K. pneumoniae","10.1097/MD.0000000000013719","J01D",1,"KOR",-0.211052452125298,-4.63521291236268,1.66709176407653,29839.26248,2004
15,0,"K. pneumoniae","10.1097/MD.0000000000013719","J01D",1,"KOR",0.614576032373016,-5.939757566807,1.67325857990702,35000.277,2008
20,0,"K. pneumoniae","10.1097/MD.0000000000013719","J01D",1,"KOR",1.3047341502134,-7.15713288385779,1.72850395143177,39093.00887,2012
13,24,"E. coli","10.1016/j.ajic.2016.01.025","J01C",1,"KOR",0.959523691857287,-6.67111398694461,1.61028631379155,37298.59095,2010
13,20,"E. coli","10.1016/j.ajic.2016.01.025","J01C",1,"KOR",0.959523691857287,-6.67111398694461,1.61028631379155,37298.59095,2010
20,65,"Acinetobacter spp.","10.1097/MD.0000000000013719","J01D",1,"KOR",1.3047341502134,-7.15713288385779,1.72850395143177,39093.00887,2012
8,25,"P. aeruginosa","10.1097/MD.0000000000013719","J01D",1,"KOR",-0.211052452125298,-4.63521291236268,1.66709176407653,29839.26248,2004
11,18,"E. coli","10.1016/j.ajic.2016.01.025","J01C",1,"KOR",0.959523691857287,-6.67111398694461,1.61028631379155,37298.59095,2010
20,29,"P. aeruginosa","10.1097/MD.0000000000013719","J01D",1,"KOR",1.3047341502134,-7.15713288385779,1.72850395143177,39093.00887,2012
113,71,"S. aureus","10.1016/j.ajic.2016.01.025","J01C",1,"KOR",0.75920846662844,-6.36987737664224,1.61026241419768,35096.62191,2009
108,66,"S. aureus","10.1016/j.ajic.2016.01.025","J01C",1,"KOR",0.75920846662844,-6.36987737664224,1.61026241419768,35096.62191,2009
107,74,"S. aureus","10.1016/j.ajic.2016.01.025","J01C",1,"KOR",0.75920846662844,-6.36987737664224,1.61026241419768,35096.62191,2009
69,74,"S. aureus","10.1016/j.ajic.2016.01.025","J01C",1,"KOR",-0.000767740262989847,-4.95828278867627,1.67334046435254,31058.98564,2005
70,70,"S. aureus","10.1016/j.ajic.2016.01.025","J01C",1,"KOR",-0.000767740262989847,-4.95828278867627,1.67334046435254,31058.98564,2005
69,63,"S. aureus","10.1016/j.ajic.2016.01.025","J01C",1,"KOR",-0.000767740262989847,-4.95828278867627,1.67334046435254,31058.98564,2005
108,16,"P. aeruginosa","10.1016/j.ajic.2016.01.025","J01D",1,"KOR",0.614576032373016,-5.939757566807,1.67325857990702,35000.277,2008
66,69,"S. aureus","10.1016/j.ajic.2016.01.025","J01C",1,"KOR",-0.000767740262989847,-4.95828278867627,1.67334046435254,31058.98564,2005
64,69,"S. aureus","10.1016/j.ajic.2016.01.025","J01C",1,"KOR",0.217216602358663,-5.29657179391285,1.671260401734,32522.77317,2006
99,22,"P. aeruginosa","10.1016/j.ajic.2016.01.025","J01D",1,"KOR",0.75920846662844,-6.36987737664224,1.61026241419768,35096.62191,2009
56,68,"S. aureus","10.1016/j.ajic.2016.01.025","J01C",1,"KOR",0.217216602358663,-5.29657179391285,1.671260401734,32522.77317,2006
27,21,"E. coli","10.1016/j.ajic.2016.01.025","J01C",1,"KOR",0.425324610835645,-5.61537722953129,1.67209132999796,34235.53986,2007
111,20,"P. aeruginosa","10.1016/j.ajic.2016.01.025","J01D",1,"KOR",0.75920846662844,-6.36987737664224,1.61026241419768,35096.62191,2009
118,27,"P. aeruginosa","10.1016/j.ajic.2016.01.025","J01D",1,"KOR",0.75920846662844,-6.36987737664224,1.61026241419768,35096.62191,2009
118,20,"P. aeruginosa","10.1016/j.ajic.2016.01.025","J01D",1,"KOR",0.75920846662844,-6.36987737664224,1.61026241419768,35096.62191,2009
113,22,"P. aeruginosa","10.1016/j.ajic.2016.01.025","J01D",1,"KOR",0.75920846662844,-6.36987737664224,1.61026241419768,35096.62191,2009
19,17,"E. coli","10.1016/j.ajic.2016.01.025","J01C",1,"KOR",0.425324610835645,-5.61537722953129,1.67209132999796,34235.53986,2007
23,11,"E. coli","10.1016/j.ajic.2016.01.025","J01C",1,"KOR",0.614576032373016,-5.939757566807,1.67325857990702,35000.277,2008
108,18,"P. aeruginosa","10.1016/j.ajic.2016.01.025","J01D",1,"KOR",0.75920846662844,-6.36987737664224,1.61026241419768,35096.62191,2009
24,15,"E. coli","10.1016/j.ajic.2016.01.025","J01C",1,"KOR",0.614576032373016,-5.939757566807,1.67325857990702,35000.277,2008
111,17,"P. aeruginosa","10.1016/j.ajic.2016.01.025","J01D",1,"KOR",0.959523691857287,-6.67111398694461,1.61028631379155,37298.59095,2010
24,19,"E. coli","10.1016/j.ajic.2016.01.025","J01C",1,"KOR",0.614576032373016,-5.939757566807,1.67325857990702,35000.277,2008
44,72,"S. aureus","10.1016/j.ajic.2016.01.025","J01C",1,"KOR",0.425324610835645,-5.61537722953129,1.67209132999796,34235.53986,2007
24,21,"E. coli","10.1016/j.ajic.2016.01.025","J01C",1,"KOR",0.614576032373016,-5.939757566807,1.67325857990702,35000.277,2008
29,27,"E. coli","10.1016/j.ajic.2016.01.025","J01C",1,"KOR",0.614576032373016,-5.939757566807,1.67325857990702,35000.277,2008
56,11,"P. aeruginosa","10.1016/j.ajic.2016.01.025","J01D",1,"KOR",0.217216602358663,-5.29657179391285,1.671260401734,32522.77317,2006
56,7,"P. aeruginosa","10.1016/j.ajic.2016.01.025","J01D",1,"KOR",0.217216602358663,-5.29657179391285,1.671260401734,32522.77317,2006
25,24,"E. coli","10.1016/j.ajic.2016.01.025","J01C",1,"KOR",0.959523691857287,-6.67111398694461,1.61028631379155,37298.59095,2010
27,18,"E. coli","10.1016/j.ajic.2016.01.025","J01C",1,"KOR",0.959523691857287,-6.67111398694461,1.61028631379155,37298.59095,2010
560,0,"P. aeruginosa","10.1016/j.ajic.2016.01.025","J01D",1,"KOR",-0.000767740262989847,-4.95828278867627,1.67334046435254,31058.98564,2005
545,0,"P. aeruginosa","10.1016/j.ajic.2016.01.025","J01D",1,"KOR",-0.000767740262989847,-4.95828278867627,1.67334046435254,31058.98564,2005
547,0,"P. aeruginosa","10.1016/j.ajic.2016.01.025","J01D",1,"KOR",-0.000767740262989847,-4.95828278867627,1.67334046435254,31058.98564,2005
25,7,"P. aeruginosa","10.1016/j.ajic.2016.01.025","J01D",1,"KOR",0.425324610835645,-5.61537722953129,1.67209132999796,34235.53986,2007
28,12,"P. aeruginosa","10.1016/j.ajic.2016.01.025","J01D",1,"KOR",0.425324610835645,-5.61537722953129,1.67209132999796,34235.53986,2007
27,12,"P. aeruginosa","10.1016/j.ajic.2016.01.025","J01D",1,"KOR",0.425324610835645,-5.61537722953129,1.67209132999796,34235.53986,2007
29,9,"P. aeruginosa","10.1016/j.ajic.2016.01.025","J01D",1,"KOR",0.217216602358663,-5.29657179391285,1.671260401734,32522.77317,2006
26,16,"P. aeruginosa","10.1016/j.ajic.2016.01.025","J01D",1,"KOR",0.217216602358663,-5.29657179391285,1.671260401734,32522.77317,2006
29,13,"P. aeruginosa","10.1016/j.ajic.2016.01.025","J01D",1,"KOR",0.425324610835645,-5.61537722953129,1.67209132999796,34235.53986,2007
28,76,"S. aureus","10.1016/j.ajic.2016.01.025","J01C",1,"KOR",0.75920846662844,-6.36987737664224,1.61026241419768,35096.62191,2009
538,10,"P. aeruginosa","10.1016/j.ajic.2016.01.025","J01D",1,"KOR",0.217216602358663,-5.29657179391285,1.671260401734,32522.77317,2006
19,24,"P. aeruginosa","10.1016/j.ajic.2016.01.025","J01D",1,"KOR",0.614576032373016,-5.939757566807,1.67325857990702,35000.277,2008
20,24,"P. aeruginosa","10.1016/j.ajic.2016.01.025","J01D",1,"KOR",0.614576032373016,-5.939757566807,1.67325857990702,35000.277,2008
562,16,"P. aeruginosa","10.1016/j.ajic.2016.01.025","J01D",1,"KOR",0.217216602358663,-5.29657179391285,1.671260401734,32522.77317,2006
559,17,"P. aeruginosa","10.1016/j.ajic.2016.01.025","J01D",1,"KOR",0.425324610835645,-5.61537722953129,1.67209132999796,34235.53986,2007
13,22,"P. aeruginosa","10.1016/j.ajic.2016.01.025","J01D",1,"KOR",0.75920846662844,-6.36987737664224,1.61026241419768,35096.62191,2009
18,21,"P. aeruginosa","10.1016/j.ajic.2016.01.025","J01D",1,"KOR",0.75920846662844,-6.36987737664224,1.61026241419768,35096.62191,2009
18,20,"P. aeruginosa","10.1016/j.ajic.2016.01.025","J01D",1,"KOR",0.75920846662844,-6.36987737664224,1.61026241419768,35096.62191,2009
16,27,"P. aeruginosa","10.1016/j.ajic.2016.01.025","J01D",1,"KOR",0.75920846662844,-6.36987737664224,1.61026241419768,35096.62191,2009
501,2,"E. coli","10.1016/j.ajic.2016.01.025","J01C",1,"KOR",-0.000767740262989847,-4.95828278867627,1.67334046435254,31058.98564,2005
518,9,"E. coli","10.1016/j.ajic.2016.01.025","J01C",1,"KOR",-0.000767740262989847,-4.95828278867627,1.67334046435254,31058.98564,2005
565,13,"E. coli","10.1016/j.ajic.2016.01.025","J01C",1,"KOR",0.217216602358663,-5.29657179391285,1.671260401734,32522.77317,2006
520,14,"E. coli","10.1016/j.ajic.2016.01.025","J01C",1,"KOR",0.217216602358663,-5.29657179391285,1.671260401734,32522.77317,2006
546,18,"E. coli","10.1016/j.ajic.2016.01.025","J01C",1,"KOR",0.217216602358663,-5.29657179391285,1.671260401734,32522.77317,2006
559,12,"E. coli","10.1016/j.ajic.2016.01.025","J01C",1,"KOR",0.217216602358663,-5.29657179391285,1.671260401734,32522.77317,2006
538,16,"E. coli","10.1016/j.ajic.2016.01.025","J01C",1,"KOR",0.217216602358663,-5.29657179391285,1.671260401734,32522.77317,2006
568,14,"E. coli","10.1016/j.ajic.2016.01.025","J01C",1,"KOR",0.217216602358663,-5.29657179391285,1.671260401734,32522.77317,2006
578,15,"E. coli","10.1016/j.ajic.2016.01.025","J01C",1,"KOR",0.217216602358663,-5.29657179391285,1.671260401734,32522.77317,2006
562,12,"E. coli","10.1016/j.ajic.2016.01.025","J01C",1,"KOR",0.217216602358663,-5.29657179391285,1.671260401734,32522.77317,2006
22,7,"P. aeruginosa","10.1016/j.ajic.2016.01.025","J01D",1,"KOR",0.217216602358663,-5.29657179391285,1.671260401734,32522.77317,2006
24,10,"P. aeruginosa","10.1016/j.ajic.2016.01.025","J01D",1,"KOR",0.217216602358663,-5.29657179391285,1.671260401734,32522.77317,2006
26,4,"P. aeruginosa","10.1016/j.ajic.2016.01.025","J01D",1,"KOR",0.217216602358663,-5.29657179391285,1.671260401734,32522.77317,2006
106,20,"P. aeruginosa","10.1016/j.ajic.2016.01.025","J01D",1,"KOR",0.75920846662844,-6.36987737664224,1.61026241419768,35096.62191,2009
13,21,"E. coli","10.1016/j.ajic.2016.01.025","J01C",1,"KOR",0.75920846662844,-6.36987737664224,1.61026241419768,35096.62191,2009
27,20,"P. aeruginosa","10.1016/j.ajic.2016.01.025","J01D",1,"KOR",0.425324610835645,-5.61537722953129,1.67209132999796,34235.53986,2007
28,11,"P. aeruginosa","10.1016/j.ajic.2016.01.025","J01D",1,"KOR",0.425324610835645,-5.61537722953129,1.67209132999796,34235.53986,2007
25,71,"S. aureus","10.1016/j.ajic.2016.01.025","J01C",1,"KOR",0.75920846662844,-6.36987737664224,1.61026241419768,35096.62191,2009
31,66,"S. aureus","10.1016/j.ajic.2016.01.025","J01C",1,"KOR",0.75920846662844,-6.36987737664224,1.61026241419768,35096.62191,2009
30,74,"S. aureus","10.1016/j.ajic.2016.01.025","J01C",1,"KOR",0.75920846662844,-6.36987737664224,1.61026241419768,35096.62191,2009
178,15,"P. aeruginosa","10.1016/j.ajic.2016.01.025","J01D",1,"KOR",0.217216602358663,-5.29657179391285,1.671260401734,32522.77317,2006
168,7,"P. aeruginosa","10.1016/j.ajic.2016.01.025","J01D",1,"KOR",0.217216602358663,-5.29657179391285,1.671260401734,32522.77317,2006
25,75,"S. aureus","10.1016/j.ajic.2016.01.025","J01C",1,"KOR",0.959523691857287,-6.67111398694461,1.61028631379155,37298.59095,2010
32,74,"S. aureus","10.1016/j.ajic.2016.01.025","J01C",1,"KOR",0.959523691857287,-6.67111398694461,1.61028631379155,37298.59095,2010
27,76,"S. aureus","10.1016/j.ajic.2016.01.025","J01C",1,"KOR",0.959523691857287,-6.67111398694461,1.61028631379155,37298.59095,2010
173,16,"P. aeruginosa","10.1016/j.ajic.2016.01.025","J01D",1,"KOR",0.217216602358663,-5.29657179391285,1.671260401734,32522.77317,2006
175,17,"P. aeruginosa","10.1016/j.ajic.2016.01.025","J01D",1,"KOR",0.425324610835645,-5.61537722953129,1.67209132999796,34235.53986,2007
459,26,"E. coli","10.1016/j.ajic.2016.01.025","J01C",1,"KOR",0.75920846662844,-6.36987737664224,1.61026241419768,35096.62191,2009
130,12,"P. aeruginosa","10.1016/j.ajic.2016.01.025","J01D",1,"KOR",0.425324610835645,-5.61537722953129,1.67209132999796,34235.53986,2007
144,7,"P. aeruginosa","10.1016/j.ajic.2016.01.025","J01D",1,"KOR",0.425324610835645,-5.61537722953129,1.67209132999796,34235.53986,2007
134,12,"P. aeruginosa","10.1016/j.ajic.2016.01.025","J01D",1,"KOR",0.425324610835645,-5.61537722953129,1.67209132999796,34235.53986,2007
121,12,"P. aeruginosa","10.1016/j.ajic.2016.01.025","J01D",1,"KOR",0.425324610835645,-5.61537722953129,1.67209132999796,34235.53986,2007
111,12,"P. aeruginosa","10.1016/j.ajic.2016.01.025","J01D",1,"KOR",0.425324610835645,-5.61537722953129,1.67209132999796,34235.53986,2007
119,21,"P. aeruginosa","10.1016/j.ajic.2016.01.025","J01D",1,"KOR",0.614576032373016,-5.939757566807,1.67325857990702,35000.277,2008
121,16,"P. aeruginosa","10.1016/j.ajic.2016.01.025","J01D",1,"KOR",0.614576032373016,-5.939757566807,1.67325857990702,35000.277,2008
114,22,"P. aeruginosa","10.1016/j.ajic.2016.01.025","J01D",1,"KOR",0.614576032373016,-5.939757566807,1.67325857990702,35000.277,2008
124,24,"P. aeruginosa","10.1016/j.ajic.2016.01.025","J01D",1,"KOR",0.614576032373016,-5.939757566807,1.67325857990702,35000.277,2008
116,24,"P. aeruginosa","10.1016/j.ajic.2016.01.025","J01D",1,"KOR",0.614576032373016,-5.939757566807,1.67325857990702,35000.277,2008
172,7,"E. coli","10.1016/j.ajic.2016.01.025","J01C",1,"KOR",-0.000767740262989847,-4.95828278867627,1.67334046435254,31058.98564,2005
110,23,"P. aeruginosa","10.1016/j.ajic.2016.01.025","J01D",1,"KOR",0.614576032373016,-5.939757566807,1.67325857990702,35000.277,2008
106,21,"P. aeruginosa","10.1016/j.ajic.2016.01.025","J01D",1,"KOR",0.614576032373016,-5.939757566807,1.67325857990702,35000.277,2008
24,15,"E. coli","10.1016/j.ajic.2016.01.025","J01C",1,"KOR",0.425324610835645,-5.61537722953129,1.67209132999796,34235.53986,2007
520,12,"P. aeruginosa","10.1016/j.ajic.2016.01.025","J01D",1,"KOR",0.217216602358663,-5.29657179391285,1.671260401734,32522.77317,2006
460,17,"P. aeruginosa","10.1016/j.ajic.2016.01.025","J01D",1,"KOR",0.959523691857287,-6.67111398694461,1.61028631379155,37298.59095,2010
467,19,"P. aeruginosa","10.1016/j.ajic.2016.01.025","J01D",1,"KOR",0.959523691857287,-6.67111398694461,1.61028631379155,37298.59095,2010
472,26,"P. aeruginosa","10.1016/j.ajic.2016.01.025","J01D",1,"KOR",0.959523691857287,-6.67111398694461,1.61028631379155,37298.59095,2010
109,25,"P. aeruginosa","10.1016/j.ajic.2016.01.025","J01D",1,"KOR",0.75920846662844,-6.36987737664224,1.61026241419768,35096.62191,2009
23,17,"E. coli","10.1016/j.ajic.2016.01.025","J01C",1,"KOR",0.614576032373016,-5.939757566807,1.67325857990702,35000.277,2008
100,17,"P. aeruginosa","10.1016/j.ajic.2016.01.025","J01D",1,"KOR",0.959523691857287,-6.67111398694461,1.61028631379155,37298.59095,2010
101,19,"P. aeruginosa","10.1016/j.ajic.2016.01.025","J01D",1,"KOR",0.959523691857287,-6.67111398694461,1.61028631379155,37298.59095,2010
106,26,"P. aeruginosa","10.1016/j.ajic.2016.01.025","J01D",1,"KOR",0.959523691857287,-6.67111398694461,1.61028631379155,37298.59095,2010
109,19,"P. aeruginosa","10.1016/j.ajic.2016.01.025","J01D",1,"KOR",0.959523691857287,-6.67111398694461,1.61028631379155,37298.59095,2010
69,0,"P. aeruginosa","10.1016/j.ajic.2016.01.025","J01D",1,"KOR",-0.000767740262989847,-4.95828278867627,1.67334046435254,31058.98564,2005
78,0,"P. aeruginosa","10.1016/j.ajic.2016.01.025","J01D",1,"KOR",-0.000767740262989847,-4.95828278867627,1.67334046435254,31058.98564,2005
70,0,"P. aeruginosa","10.1016/j.ajic.2016.01.025","J01D",1,"KOR",-0.000767740262989847,-4.95828278867627,1.67334046435254,31058.98564,2005
74,0,"P. aeruginosa","10.1016/j.ajic.2016.01.025","J01D",1,"KOR",-0.000767740262989847,-4.95828278867627,1.67334046435254,31058.98564,2005
69,0,"P. aeruginosa","10.1016/j.ajic.2016.01.025","J01D",1,"KOR",-0.000767740262989847,-4.95828278867627,1.67334046435254,31058.98564,2005
28,23,"E. coli","10.1016/j.ajic.2016.01.025","J01C",1,"KOR",0.75920846662844,-6.36987737664224,1.61026241419768,35096.62191,2009
61,6,"P. aeruginosa","10.1016/j.ajic.2016.01.025","J01D",1,"KOR",0.217216602358663,-5.29657179391285,1.671260401734,32522.77317,2006
58,12,"P. aeruginosa","10.1016/j.ajic.2016.01.025","J01D",1,"KOR",0.217216602358663,-5.29657179391285,1.671260401734,32522.77317,2006
29,12,"E. coli","10.1016/j.ajic.2016.01.025","J01C",1,"KOR",0.75920846662844,-6.36987737664224,1.61026241419768,35096.62191,2009
27,26,"E. coli","10.1016/j.ajic.2016.01.025","J01C",1,"KOR",0.75920846662844,-6.36987737664224,1.61026241419768,35096.62191,2009
58,15,"P. aeruginosa","10.1016/j.ajic.2016.01.025","J01D",1,"KOR",0.217216602358663,-5.29657179391285,1.671260401734,32522.77317,2006
61,7,"P. aeruginosa","10.1016/j.ajic.2016.01.025","J01D",1,"KOR",0.217216602358663,-5.29657179391285,1.671260401734,32522.77317,2006
59,10,"P. aeruginosa","10.1016/j.ajic.2016.01.025","J01D",1,"KOR",0.217216602358663,-5.29657179391285,1.671260401734,32522.77317,2006
59,4,"P. aeruginosa","10.1016/j.ajic.2016.01.025","J01D",1,"KOR",0.217216602358663,-5.29657179391285,1.671260401734,32522.77317,2006
55,9,"P. aeruginosa","10.1016/j.ajic.2016.01.025","J01D",1,"KOR",0.217216602358663,-5.29657179391285,1.671260401734,32522.77317,2006
57,16,"P. aeruginosa","10.1016/j.ajic.2016.01.025","J01D",1,"KOR",0.217216602358663,-5.29657179391285,1.671260401734,32522.77317,2006
60,13,"P. aeruginosa","10.1016/j.ajic.2016.01.025","J01D",1,"KOR",0.425324610835645,-5.61537722953129,1.67209132999796,34235.53986,2007
58,17,"P. aeruginosa","10.1016/j.ajic.2016.01.025","J01D",1,"KOR",0.425324610835645,-5.61537722953129,1.67209132999796,34235.53986,2007
55,14,"P. aeruginosa","10.1016/j.ajic.2016.01.025","J01D",1,"KOR",0.425324610835645,-5.61537722953129,1.67209132999796,34235.53986,2007
547,0,"P. aeruginosa","10.1016/j.ajic.2016.01.025","J01D",1,"KOR",-0.000767740262989847,-4.95828278867627,1.67334046435254,31058.98564,2005
461,22,"P. aeruginosa","10.1016/j.ajic.2016.01.025","J01D",1,"KOR",0.75920846662844,-6.36987737664224,1.61026241419768,35096.62191,2009
450,23,"P. aeruginosa","10.1016/j.ajic.2016.01.025","J01D",1,"KOR",0.75920846662844,-6.36987737664224,1.61026241419768,35096.62191,2009
457,25,"P. aeruginosa","10.1016/j.ajic.2016.01.025","J01D",1,"KOR",0.75920846662844,-6.36987737664224,1.61026241419768,35096.62191,2009
541,9,"P. aeruginosa","10.1016/j.ajic.2016.01.025","J01D",1,"KOR",-0.000767740262989847,-4.95828278867627,1.67334046435254,31058.98564,2005
565,6,"P. aeruginosa","10.1016/j.ajic.2016.01.025","J01D",1,"KOR",0.217216602358663,-5.29657179391285,1.671260401734,32522.77317,2006
448,17,"P. aeruginosa","10.1016/j.ajic.2016.01.025","J01D",1,"KOR",0.959523691857287,-6.67111398694461,1.61028631379155,37298.59095,2010
29,17,"E. coli","10.1016/j.ajic.2016.01.025","J01C",1,"KOR",0.425324610835645,-5.61537722953129,1.67209132999796,34235.53986,2007
566,21,"E. coli","10.1016/j.ajic.2016.01.025","J01C",1,"KOR",0.425324610835645,-5.61537722953129,1.67209132999796,34235.53986,2007
557,10,"E. coli","10.1016/j.ajic.2016.01.025","J01C",1,"KOR",0.425324610835645,-5.61537722953129,1.67209132999796,34235.53986,2007
462,18,"E. coli","10.1016/j.ajic.2016.01.025","J01C",1,"KOR",0.425324610835645,-5.61537722953129,1.67209132999796,34235.53986,2007
29,14,"P. aeruginosa","10.1016/j.ajic.2016.01.025","J01D",1,"KOR",0.425324610835645,-5.61537722953129,1.67209132999796,34235.53986,2007
569,9,"P. aeruginosa","10.1016/j.ajic.2016.01.025","J01D",1,"KOR",0.217216602358663,-5.29657179391285,1.671260401734,32522.77317,2006
555,13,"P. aeruginosa","10.1016/j.ajic.2016.01.025","J01D",1,"KOR",0.425324610835645,-5.61537722953129,1.67209132999796,34235.53986,2007
450,12,"E. coli","10.1016/j.ajic.2016.01.025","J01C",1,"KOR",0.614576032373016,-5.939757566807,1.67325857990702,35000.277,2008
545,14,"P. aeruginosa","10.1016/j.ajic.2016.01.025","J01D",1,"KOR",0.425324610835645,-5.61537722953129,1.67209132999796,34235.53986,2007
22,12,"P. aeruginosa","10.1016/j.ajic.2016.01.025","J01D",1,"KOR",0.425324610835645,-5.61537722953129,1.67209132999796,34235.53986,2007
524,8,"E. coli","10.1016/j.ajic.2016.01.025","J01C",1,"KOR",-0.000767740262989847,-4.95828278867627,1.67334046435254,31058.98564,2005
547,3,"E. coli","10.1016/j.ajic.2016.01.025","J01C",1,"KOR",-0.000767740262989847,-4.95828278867627,1.67334046435254,31058.98564,2005
536,6,"E. coli","10.1016/j.ajic.2016.01.025","J01C",1,"KOR",-0.000767740262989847,-4.95828278867627,1.67334046435254,31058.98564,2005
560,7,"E. coli","10.1016/j.ajic.2016.01.025","J01C",1,"KOR",-0.000767740262989847,-4.95828278867627,1.67334046435254,31058.98564,2005
545,17,"E. coli","10.1016/j.ajic.2016.01.025","J01C",1,"KOR",-0.000767740262989847,-4.95828278867627,1.67334046435254,31058.98564,2005
111,79,"S. aureus","10.1016/j.ajic.2016.01.025","J01C",1,"KOR",0.959523691857287,-6.67111398694461,1.61028631379155,37298.59095,2010
464,15,"E. coli","10.1016/j.ajic.2016.01.025","J01C",1,"KOR",0.75920846662844,-6.36987737664224,1.61026241419768,35096.62191,2009
448,24,"E. coli","10.1016/j.ajic.2016.01.025","J01C",1,"KOR",0.959523691857287,-6.67111398694461,1.61028631379155,37298.59095,2010
475,18,"E. coli","10.1016/j.ajic.2016.01.025","J01C",1,"KOR",0.959523691857287,-6.67111398694461,1.61028631379155,37298.59095,2010
142,3,"E. coli","10.1016/j.ajic.2016.01.025","J01C",1,"KOR",-0.000767740262989847,-4.95828278867627,1.67334046435254,31058.98564,2005
155,6,"E. coli","10.1016/j.ajic.2016.01.025","J01C",1,"KOR",-0.000767740262989847,-4.95828278867627,1.67334046435254,31058.98564,2005
26,15,"E. coli","10.1016/j.ajic.2016.01.025","J01C",1,"KOR",0.217216602358663,-5.29657179391285,1.671260401734,32522.77317,2006
464,18,"P. aeruginosa","10.1016/j.ajic.2016.01.025","J01D",1,"KOR",0.75920846662844,-6.36987737664224,1.61026241419768,35096.62191,2009
483,23,"P. aeruginosa","10.1016/j.ajic.2016.01.025","J01D",1,"KOR",0.75920846662844,-6.36987737664224,1.61026241419768,35096.62191,2009
545,17,"E. coli","10.1016/j.ajic.2016.01.025","J01C",1,"KOR",0.425324610835645,-5.61537722953129,1.67209132999796,34235.53986,2007
465,23,"E. coli","10.1016/j.ajic.2016.01.025","J01C",1,"KOR",0.614576032373016,-5.939757566807,1.67325857990702,35000.277,2008
530,13,"E. coli","10.1016/j.ajic.2016.01.025","J01C",1,"KOR",0.425324610835645,-5.61537722953129,1.67209132999796,34235.53986,2007
29,74,"S. aureus","10.1016/j.ajic.2016.01.025","J01C",1,"KOR",0.614576032373016,-5.939757566807,1.67325857990702,35000.277,2008
24,80,"S. aureus","10.1016/j.ajic.2016.01.025","J01C",1,"KOR",0.75920846662844,-6.36987737664224,1.61026241419768,35096.62191,2009
25,10,"P. aeruginosa","10.1016/j.ajic.2016.01.025","J01D",1,"KOR",0.425324610835645,-5.61537722953129,1.67209132999796,34235.53986,2007
32,12,"P. aeruginosa","10.1016/j.ajic.2016.01.025","J01D",1,"KOR",0.425324610835645,-5.61537722953129,1.67209132999796,34235.53986,2007
15,18,"E. coli","10.1016/j.ajic.2016.01.025","J01C",1,"KOR",0.75920846662844,-6.36987737664224,1.61026241419768,35096.62191,2009
476,19,"E. coli","10.1016/j.ajic.2016.01.025","J01C",1,"KOR",0.614576032373016,-5.939757566807,1.67325857990702,35000.277,2008
19,12,"P. aeruginosa","10.1016/j.ajic.2016.01.025","J01D",1,"KOR",0.425324610835645,-5.61537722953129,1.67209132999796,34235.53986,2007
476,21,"E. coli","10.1016/j.ajic.2016.01.025","J01C",1,"KOR",0.614576032373016,-5.939757566807,1.67325857990702,35000.277,2008
461,21,"E. coli","10.1016/j.ajic.2016.01.025","J01C",1,"KOR",0.614576032373016,-5.939757566807,1.67325857990702,35000.277,2008
467,24,"E. coli","10.1016/j.ajic.2016.01.025","J01C",1,"KOR",0.959523691857287,-6.67111398694461,1.61028631379155,37298.59095,2010
502,27,"E. coli","10.1016/j.ajic.2016.01.025","J01C",1,"KOR",0.614576032373016,-5.939757566807,1.67325857990702,35000.277,2008
11,20,"E. coli","10.1016/j.ajic.2016.01.025","J01C",1,"KOR",0.959523691857287,-6.67111398694461,1.61028631379155,37298.59095,2010
463,23,"E. coli","10.1016/j.ajic.2016.01.025","J01C",1,"KOR",0.75920846662844,-6.36987737664224,1.61026241419768,35096.62191,2009
476,12,"E. coli","10.1016/j.ajic.2016.01.025","J01C",1,"KOR",0.75920846662844,-6.36987737664224,1.61026241419768,35096.62191,2009
460,18,"E. coli","10.1016/j.ajic.2016.01.025","J01C",1,"KOR",0.75920846662844,-6.36987737664224,1.61026241419768,35096.62191,2009
475,12,"E. coli","10.1016/j.ajic.2016.01.025","J01C",1,"KOR",0.75920846662844,-6.36987737664224,1.61026241419768,35096.62191,2009
22,3,"E. coli","10.1016/j.ajic.2016.01.025","J01C",1,"KOR",-0.000767740262989847,-4.95828278867627,1.67334046435254,31058.98564,2005
457,23,"E. coli","10.1016/j.ajic.2016.01.025","J01C",1,"KOR",0.75920846662844,-6.36987737664224,1.61026241419768,35096.62191,2009
26,20,"E. coli","10.1016/j.ajic.2016.01.025","J01C",1,"KOR",0.75920846662844,-6.36987737664224,1.61026241419768,35096.62191,2009
28,23,"E. coli","10.1016/j.ajic.2016.01.025","J01C",1,"KOR",0.75920846662844,-6.36987737664224,1.61026241419768,35096.62191,2009
460,20,"E. coli","10.1016/j.ajic.2016.01.025","J01C",1,"KOR",0.959523691857287,-6.67111398694461,1.61028631379155,37298.59095,2010
28,28,"E. coli","10.1016/j.ajic.2016.01.025","J01C",1,"KOR",0.614576032373016,-5.939757566807,1.67325857990702,35000.277,2008
472,20,"E. coli","10.1016/j.ajic.2016.01.025","J01C",1,"KOR",0.959523691857287,-6.67111398694461,1.61028631379155,37298.59095,2010
71,71,"S. aureus","10.1016/j.ajic.2016.01.025","J01C",1,"KOR",-0.000767740262989847,-4.95828278867627,1.67334046435254,31058.98564,2005
146,2,"E. coli","10.1016/j.ajic.2016.01.025","J01C",1,"KOR",-0.000767740262989847,-4.95828278867627,1.67334046435254,31058.98564,2005
149,8,"E. coli","10.1016/j.ajic.2016.01.025","J01C",1,"KOR",-0.000767740262989847,-4.95828278867627,1.67334046435254,31058.98564,2005
138,9,"E. coli","10.1016/j.ajic.2016.01.025","J01C",1,"KOR",-0.000767740262989847,-4.95828278867627,1.67334046435254,31058.98564,2005
69,69,"S. aureus","10.1016/j.ajic.2016.01.025","J01C",1,"KOR",-0.000767740262989847,-4.95828278867627,1.67334046435254,31058.98564,2005
26,12,"E. coli","10.1016/j.ajic.2016.01.025","J01C",1,"KOR",0.217216602358663,-5.29657179391285,1.671260401734,32522.77317,2006
29,7,"E. coli","10.1016/j.ajic.2016.01.025","J01C",1,"KOR",0.425324610835645,-5.61537722953129,1.67209132999796,34235.53986,2007
559,15,"E. coli","10.1016/j.ajic.2016.01.025","J01C",1,"KOR",0.425324610835645,-5.61537722953129,1.67209132999796,34235.53986,2007
23,20,"E. coli","10.1016/j.ajic.2016.01.025","J01C",1,"KOR",0.614576032373016,-5.939757566807,1.67325857990702,35000.277,2008
31,15,"E. coli","10.1016/j.ajic.2016.01.025","J01C",1,"KOR",0.75920846662844,-6.36987737664224,1.61026241419768,35096.62191,2009
21,21,"E. coli","10.1016/j.ajic.2016.01.025","J01C",1,"KOR",0.614576032373016,-5.939757566807,1.67325857990702,35000.277,2008
25,23,"E. coli","10.1016/j.ajic.2016.01.025","J01C",1,"KOR",0.614576032373016,-5.939757566807,1.67325857990702,35000.277,2008
533,14,"E. coli","10.1016/j.ajic.2016.01.025","J01C",1,"KOR",0.425324610835645,-5.61537722953129,1.67209132999796,34235.53986,2007
459,17,"E. coli","10.1016/j.ajic.2016.01.025","J01C",1,"KOR",0.425324610835645,-5.61537722953129,1.67209132999796,34235.53986,2007
172,0,"P. aeruginosa","10.1016/j.ajic.2016.01.025","J01D",1,"KOR",-0.000767740262989847,-4.95828278867627,1.67334046435254,31058.98564,2005
477,11,"E. coli","10.1016/j.ajic.2016.01.025","J01C",1,"KOR",0.614576032373016,-5.939757566807,1.67325857990702,35000.277,2008
101,75,"S. aureus","10.1016/j.ajic.2016.01.025","J01C",1,"KOR",0.959523691857287,-6.67111398694461,1.61028631379155,37298.59095,2010
16,23,"E. coli","10.1016/j.ajic.2016.01.025","J01C",1,"KOR",0.75920846662844,-6.36987737664224,1.61026241419768,35096.62191,2009
30,24,"E. coli","10.1016/j.ajic.2016.01.025","J01C",1,"KOR",0.959523691857287,-6.67111398694461,1.61028631379155,37298.59095,2010
25,20,"E. coli","10.1016/j.ajic.2016.01.025","J01C",1,"KOR",0.959523691857287,-6.67111398694461,1.61028631379155,37298.59095,2010
26,21,"E. coli","10.1016/j.ajic.2016.01.025","J01C",1,"KOR",0.75920846662844,-6.36987737664224,1.61026241419768,35096.62191,2009
24,12,"E. coli","10.1016/j.ajic.2016.01.025","J01C",1,"KOR",0.75920846662844,-6.36987737664224,1.61026241419768,35096.62191,2009
26,18,"E. coli","10.1016/j.ajic.2016.01.025","J01C",1,"KOR",0.75920846662844,-6.36987737664224,1.61026241419768,35096.62191,2009
189,14,"P. aeruginosa","10.1016/j.ajic.2016.01.025","J01D",1,"KOR",0.425324610835645,-5.61537722953129,1.67209132999796,34235.53986,2007
177,20,"P. aeruginosa","10.1016/j.ajic.2016.01.025","J01D",1,"KOR",0.425324610835645,-5.61537722953129,1.67209132999796,34235.53986,2007
100,72,"S. aureus","10.1016/j.ajic.2016.01.025","J01C",1,"KOR",0.959523691857287,-6.67111398694461,1.61028631379155,37298.59095,2010
177,11,"P. aeruginosa","10.1016/j.ajic.2016.01.025","J01D",1,"KOR",0.425324610835645,-5.61537722953129,1.67209132999796,34235.53986,2007
14,15,"E. coli","10.1016/j.ajic.2016.01.025","J01C",1,"KOR",0.75920846662844,-6.36987737664224,1.61026241419768,35096.62191,2009
32,20,"E. coli","10.1016/j.ajic.2016.01.025","J01C",1,"KOR",0.959523691857287,-6.67111398694461,1.61028631379155,37298.59095,2010
77,63,"S. aureus","10.1016/j.ajic.2016.01.025","J01C",1,"KOR",-0.000767740262989847,-4.95828278867627,1.67334046435254,31058.98564,2005
501,0,"P. aeruginosa","10.1016/j.ajic.2016.01.025","J01D",1,"KOR",-0.000767740262989847,-4.95828278867627,1.67334046435254,31058.98564,2005
70,69,"S. aureus","10.1016/j.ajic.2016.01.025","J01C",1,"KOR",-0.000767740262989847,-4.95828278867627,1.67334046435254,31058.98564,2005
71,77,"S. aureus","10.1016/j.ajic.2016.01.025","J01C",1,"KOR",-0.000767740262989847,-4.95828278867627,1.67334046435254,31058.98564,2005
16,20,"E. coli","10.1016/j.ajic.2016.01.025","J01C",1,"KOR",0.75920846662844,-6.36987737664224,1.61026241419768,35096.62191,2009
26,14,"E. coli","10.1016/j.ajic.2016.01.025","J01C",1,"KOR",0.217216602358663,-5.29657179391285,1.671260401734,32522.77317,2006
106,74,"S. aureus","10.1016/j.ajic.2016.01.025","J01C",1,"KOR",0.959523691857287,-6.67111398694461,1.61028631379155,37298.59095,2010
109,76,"S. aureus","10.1016/j.ajic.2016.01.025","J01C",1,"KOR",0.959523691857287,-6.67111398694461,1.61028631379155,37298.59095,2010
22,7,"E. coli","10.1016/j.ajic.2016.01.025","J01C",1,"KOR",-0.000767740262989847,-4.95828278867627,1.67334046435254,31058.98564,2005
13,24,"E. coli","10.1016/j.ajic.2016.01.025","J01C",1,"KOR",0.959523691857287,-6.67111398694461,1.61028631379155,37298.59095,2010
163,4,"P. aeruginosa","10.1016/j.ajic.2016.01.025","J01D",1,"KOR",0.217216602358663,-5.29657179391285,1.671260401734,32522.77317,2006
475,19,"P. aeruginosa","10.1016/j.ajic.2016.01.025","J01D",1,"KOR",0.959523691857287,-6.67111398694461,1.61028631379155,37298.59095,2010
20,2,"E. coli","10.1016/j.ajic.2016.01.025","J01C",1,"KOR",-0.000767740262989847,-4.95828278867627,1.67334046435254,31058.98564,2005
146,0,"P. aeruginosa","10.1016/j.ajic.2016.01.025","J01D",1,"KOR",-0.000767740262989847,-4.95828278867627,1.67334046435254,31058.98564,2005
18,12,"E. coli","10.1016/j.ajic.2016.01.025","J01C",1,"KOR",0.75920846662844,-6.36987737664224,1.61026241419768,35096.62191,2009
16,26,"E. coli","10.1016/j.ajic.2016.01.025","J01C",1,"KOR",0.75920846662844,-6.36987737664224,1.61026241419768,35096.62191,2009
24,16,"E. coli","10.1016/j.ajic.2016.01.025","J01C",1,"KOR",0.217216602358663,-5.29657179391285,1.671260401734,32522.77317,2006
27,64,"S. aureus","10.1016/j.ajic.2016.01.025","J01C",1,"KOR",0.75920846662844,-6.36987737664224,1.61026241419768,35096.62191,2009
162,12,"P. aeruginosa","10.1016/j.ajic.2016.01.025","J01D",1,"KOR",0.217216602358663,-5.29657179391285,1.671260401734,32522.77317,2006
182,7,"P. aeruginosa","10.1016/j.ajic.2016.01.025","J01D",1,"KOR",0.217216602358663,-5.29657179391285,1.671260401734,32522.77317,2006
22,9,"E. coli","10.1016/j.ajic.2016.01.025","J01C",1,"KOR",-0.000767740262989847,-4.95828278867627,1.67334046435254,31058.98564,2005
30,13,"E. coli","10.1016/j.ajic.2016.01.025","J01C",1,"KOR",0.217216602358663,-5.29657179391285,1.671260401734,32522.77317,2006
155,9,"P. aeruginosa","10.1016/j.ajic.2016.01.025","J01D",1,"KOR",0.217216602358663,-5.29657179391285,1.671260401734,32522.77317,2006
78,76,"S. aureus","10.1016/j.ajic.2016.01.025","J01C",1,"KOR",-0.000767740262989847,-4.95828278867627,1.67334046435254,31058.98564,2005
23,18,"E. coli","10.1016/j.ajic.2016.01.025","J01C",1,"KOR",0.217216602358663,-5.29657179391285,1.671260401734,32522.77317,2006
29,67,"S. aureus","10.1016/j.ajic.2016.01.025","J01C",1,"KOR",0.75920846662844,-6.36987737664224,1.61026241419768,35096.62191,2009
22,11,"E. coli","10.1016/j.ajic.2016.01.025","J01C",1,"KOR",0.217216602358663,-5.29657179391285,1.671260401734,32522.77317,2006
463,17,"E. coli","10.1016/j.ajic.2016.01.025","J01C",1,"KOR",0.614576032373016,-5.939757566807,1.67325857990702,35000.277,2008
157,10,"P. aeruginosa","10.1016/j.ajic.2016.01.025","J01D",1,"KOR",0.425324610835645,-5.61537722953129,1.67209132999796,34235.53986,2007
491,28,"E. coli","10.1016/j.ajic.2016.01.025","J01C",1,"KOR",0.614576032373016,-5.939757566807,1.67325857990702,35000.277,2008
519,18,"E. coli","10.1016/j.ajic.2016.01.025","J01C",1,"KOR",0.425324610835645,-5.61537722953129,1.67209132999796,34235.53986,2007
16,8,"E. coli","10.1016/j.ajic.2016.01.025","J01C",1,"KOR",-0.000767740262989847,-4.95828278867627,1.67334046435254,31058.98564,2005
18,9,"E. coli","10.1016/j.ajic.2016.01.025","J01C",1,"KOR",-0.000767740262989847,-4.95828278867627,1.67334046435254,31058.98564,2005
29,78,"S. aureus","10.1016/j.ajic.2016.01.025","J01C",1,"KOR",0.75920846662844,-6.36987737664224,1.61026241419768,35096.62191,2009
22,12,"E. coli","10.1016/j.ajic.2016.01.025","J01C",1,"KOR",0.217216602358663,-5.29657179391285,1.671260401734,32522.77317,2006
471,15,"E. coli","10.1016/j.ajic.2016.01.025","J01C",1,"KOR",0.614576032373016,-5.939757566807,1.67325857990702,35000.277,2008
23,17,"E. coli","10.1016/j.ajic.2016.01.025","J01C",1,"KOR",-0.000767740262989847,-4.95828278867627,1.67334046435254,31058.98564,2005
160,0,"P. aeruginosa","10.1016/j.ajic.2016.01.025","J01D",1,"KOR",-0.000767740262989847,-4.95828278867627,1.67334046435254,31058.98564,2005
171,11,"P. aeruginosa","10.1016/j.ajic.2016.01.025","J01D",1,"KOR",0.217216602358663,-5.29657179391285,1.671260401734,32522.77317,2006
19,15,"E. coli","10.1016/j.ajic.2016.01.025","J01C",1,"KOR",0.217216602358663,-5.29657179391285,1.671260401734,32522.77317,2006
172,10,"P. aeruginosa","10.1016/j.ajic.2016.01.025","J01D",1,"KOR",0.217216602358663,-5.29657179391285,1.671260401734,32522.77317,2006
142,0,"P. aeruginosa","10.1016/j.ajic.2016.01.025","J01D",1,"KOR",-0.000767740262989847,-4.95828278867627,1.67334046435254,31058.98564,2005
466,20,"E. coli","10.1016/j.ajic.2016.01.025","J01C",1,"KOR",0.614576032373016,-5.939757566807,1.67325857990702,35000.277,2008
21,14,"E. coli","10.1016/j.ajic.2016.01.025","J01C",1,"KOR",0.217216602358663,-5.29657179391285,1.671260401734,32522.77317,2006
185,13,"P. aeruginosa","10.1016/j.ajic.2016.01.025","J01D",1,"KOR",0.425324610835645,-5.61537722953129,1.67209132999796,34235.53986,2007
23,6,"E. coli","10.1016/j.ajic.2016.01.025","J01C",1,"KOR",-0.000767740262989847,-4.95828278867627,1.67334046435254,31058.98564,2005
166,0,"P. aeruginosa","10.1016/j.ajic.2016.01.025","J01D",1,"KOR",-0.000767740262989847,-4.95828278867627,1.67334046435254,31058.98564,2005
27,7,"E. coli","10.1016/j.ajic.2016.01.025","J01C",1,"KOR",-0.000767740262989847,-4.95828278867627,1.67334046435254,31058.98564,2005
23,11,"E. coli","10.1016/j.ajic.2016.01.025","J01C",1,"KOR",-0.000767740262989847,-4.95828278867627,1.67334046435254,31058.98564,2005
152,9,"P. aeruginosa","10.1016/j.ajic.2016.01.025","J01D",1,"KOR",-0.000767740262989847,-4.95828278867627,1.67334046435254,31058.98564,2005
179,6,"P. aeruginosa","10.1016/j.ajic.2016.01.025","J01D",1,"KOR",0.217216602358663,-5.29657179391285,1.671260401734,32522.77317,2006
23,0,"P. aeruginosa","https://doi.org/10.3390/antibiotics11020143","J01D",1,"THA",-2.01074370693257,-3.94304824022805,1.04062629974323,15742.09539,2007
3,32,"P. aeruginosa","https://doi.org/10.3390/antibiotics11020143","J01D",1,"THA",-1.47163156157484,-4.89317529011441,1.04239617367742,16765.7514,2011
25,81,"Acinetobacter spp.","https://doi.org/10.3390/antibiotics11020143","J01D",1,"THA",-1.72985721510591,-4.43765286792018,1.03479341399396,15665.34595,2009
3,38,"P. aeruginosa","https://doi.org/10.3390/antibiotics11020143","J01D",1,"THA",-1.34470066352253,-5.12227841807149,1.04742062424376,17869.00212,2012
19,66,"Acinetobacter spp.","https://doi.org/10.3390/antibiotics11020143","J01D",1,"THA",-1.34470066352253,-5.12227841807149,1.04742062424376,17869.00212,2012
13,16,"P. aeruginosa","https://doi.org/10.3390/antibiotics11020143","J01D",1,"THA",-1.59600280355951,-4.66995742617909,1.03739228140198,16729.77476,2010
3,19,"P. aeruginosa","https://doi.org/10.3390/antibiotics11020143","J01D",1,"THA",-1.59600280355951,-4.66995742617909,1.03739228140198,16729.77476,2010
25,25,"P. aeruginosa","https://doi.org/10.3390/antibiotics11020143","J01D",1,"THA",-1.72985721510591,-4.43765286792018,1.03479341399396,15665.34595,2009
37,79,"Acinetobacter spp.","https://doi.org/10.3390/antibiotics11020143","J01D",1,"THA",-1.8683101219181,-4.19256228042543,1.03841831632042,15891.21714,2008
1,80,"Acinetobacter spp.","https://doi.org/10.3390/antibiotics11020143","J01D",1,"THA",-1.8683101219181,-4.19256228042543,1.03841831632042,15891.21714,2008
15,70,"Acinetobacter spp.","https://doi.org/10.3390/antibiotics11020143","J01D",1,"THA",-1.22154303094263,-5.35391572941946,1.04966208997198,18241.77687,2013
23,75,"Acinetobacter spp.","https://doi.org/10.3390/antibiotics11020143","J01D",1,"THA",-2.01074370693257,-3.94304824022805,1.04062629974323,15742.09539,2007
1,46,"P. aeruginosa","https://doi.org/10.3390/antibiotics11020143","J01D",1,"THA",-1.72985721510591,-4.43765286792018,1.03479341399396,15665.34595,2009
3,29,"P. aeruginosa","https://doi.org/10.3390/antibiotics11020143","J01D",1,"THA",-1.22154303094263,-5.35391572941946,1.04966208997198,18241.77687,2013
1,81,"Acinetobacter spp.","https://doi.org/10.3390/antibiotics11020143","J01D",1,"THA",-1.72985721510591,-4.43765286792018,1.03479341399396,15665.34595,2009
3,68,"Acinetobacter spp.","https://doi.org/10.3390/antibiotics11020143","J01D",1,"THA",-1.47163156157484,-4.89317529011441,1.04239617367742,16765.7514,2011
1,25,"P. aeruginosa","https://doi.org/10.3390/antibiotics11020143","J01D",1,"THA",-1.72985721510591,-4.43765286792018,1.03479341399396,15665.34595,2009
3,21,"P. aeruginosa","https://doi.org/10.3390/antibiotics11020143","J01D",1,"THA",-1.22154303094263,-5.35391572941946,1.04966208997198,18241.77687,2013
13,42,"Acinetobacter spp.","https://doi.org/10.3390/antibiotics11020143","J01D",1,"THA",-1.59600280355951,-4.66995742617909,1.03739228140198,16729.77476,2010
20,68,"Acinetobacter spp.","https://doi.org/10.3390/antibiotics11020143","J01D",1,"THA",-1.47163156157484,-4.89317529011441,1.04239617367742,16765.7514,2011
23,33,"P. aeruginosa","https://doi.org/10.3390/antibiotics11020143","J01D",1,"THA",-2.01074370693257,-3.94304824022805,1.04062629974323,15742.09539,2007
15,86,"Acinetobacter spp.","https://doi.org/10.3390/antibiotics11020143","J01D",1,"THA",-1.22154303094263,-5.35391572941946,1.04966208997198,18241.77687,2013
37,19,"P. aeruginosa","https://doi.org/10.3390/antibiotics11020143","J01D",1,"THA",-1.8683101219181,-4.19256228042543,1.03841831632042,15891.21714,2008
3,80,"Acinetobacter spp.","https://doi.org/10.3390/antibiotics11020143","J01D",1,"THA",-1.59600280355951,-4.66995742617909,1.03739228140198,16729.77476,2010
20,29,"P. aeruginosa","https://doi.org/10.3390/antibiotics11020143","J01D",1,"THA",-1.47163156157484,-4.89317529011441,1.04239617367742,16765.7514,2011
19,36,"P. aeruginosa","https://doi.org/10.3390/antibiotics11020143","J01D",1,"THA",-1.34470066352253,-5.12227841807149,1.04742062424376,17869.00212,2012
15,30,"P. aeruginosa","https://doi.org/10.3390/antibiotics11020143","J01D",1,"THA",-1.22154303094263,-5.35391572941946,1.04966208997198,18241.77687,2013
12,57,"Acinetobacter spp.","https://doi.org/10.3390/antibiotics11020143","J01D",1,"THA",-2.01074370693257,-3.94304824022805,1.04062629974323,15742.09539,2007
3,42,"Acinetobacter spp.","https://doi.org/10.3390/antibiotics11020143","J01D",1,"THA",-1.59600280355951,-4.66995742617909,1.03739228140198,16729.77476,2010
1,12,"P. aeruginosa","https://doi.org/10.3390/antibiotics11020143","J01D",1,"THA",-1.8683101219181,-4.19256228042543,1.03841831632042,15891.21714,2008
3,41,"P. aeruginosa","https://doi.org/10.3390/antibiotics11020143","J01D",1,"THA",-1.34470066352253,-5.12227841807149,1.04742062424376,17869.00212,2012
25,47,"Acinetobacter spp.","https://doi.org/10.3390/antibiotics11020143","J01D",1,"THA",-1.72985721510591,-4.43765286792018,1.03479341399396,15665.34595,2009
3,65,"Acinetobacter spp.","https://doi.org/10.3390/antibiotics11020143","J01D",1,"THA",-1.22154303094263,-5.35391572941946,1.04966208997198,18241.77687,2013
12,74,"Acinetobacter spp.","https://doi.org/10.3390/antibiotics11020143","J01D",1,"THA",-2.01074370693257,-3.94304824022805,1.04062629974323,15742.09539,2007
19,80,"Acinetobacter spp.","https://doi.org/10.3390/antibiotics11020143","J01D",1,"THA",-1.34470066352253,-5.12227841807149,1.04742062424376,17869.00212,2012
1,16,"P. aeruginosa","https://doi.org/10.3390/antibiotics11020143","J01D",1,"THA",-1.8683101219181,-4.19256228042543,1.03841831632042,15891.21714,2008
3,85,"Acinetobacter spp.","https://doi.org/10.3390/antibiotics11020143","J01D",1,"THA",-1.22154303094263,-5.35391572941946,1.04966208997198,18241.77687,2013
1,63,"Acinetobacter spp.","https://doi.org/10.3390/antibiotics11020143","J01D",1,"THA",-1.8683101219181,-4.19256228042543,1.03841831632042,15891.21714,2008
12,0,"P. aeruginosa","https://doi.org/10.3390/antibiotics11020143","J01D",1,"THA",-2.01074370693257,-3.94304824022805,1.04062629974323,15742.09539,2007
20,46,"P. aeruginosa","https://doi.org/10.3390/antibiotics11020143","J01D",1,"THA",-1.47163156157484,-4.89317529011441,1.04239617367742,16765.7514,2011
3,66,"Acinetobacter spp.","https://doi.org/10.3390/antibiotics11020143","J01D",1,"THA",-1.34470066352253,-5.12227841807149,1.04742062424376,17869.00212,2012
19,41,"P. aeruginosa","https://doi.org/10.3390/antibiotics11020143","J01D",1,"THA",-1.34470066352253,-5.12227841807149,1.04742062424376,17869.00212,2012
12,34,"P. aeruginosa","https://doi.org/10.3390/antibiotics11020143","J01D",1,"THA",-2.01074370693257,-3.94304824022805,1.04062629974323,15742.09539,2007
20,82,"Acinetobacter spp.","https://doi.org/10.3390/antibiotics11020143","J01D",1,"THA",-1.47163156157484,-4.89317529011441,1.04239617367742,16765.7514,2011
13,80,"Acinetobacter spp.","https://doi.org/10.3390/antibiotics11020143","J01D",1,"THA",-1.59600280355951,-4.66995742617909,1.03739228140198,16729.77476,2010
3,79,"Acinetobacter spp.","https://doi.org/10.3390/antibiotics11020143","J01D",1,"THA",-1.34470066352253,-5.12227841807149,1.04742062424376,17869.00212,2012
15,28,"P. aeruginosa","https://doi.org/10.3390/antibiotics11020143","J01D",1,"THA",-1.22154303094263,-5.35391572941946,1.04966208997198,18241.77687,2013
1,50,"Acinetobacter spp.","https://doi.org/10.3390/antibiotics11020143","J01D",1,"THA",-1.72985721510591,-4.43765286792018,1.03479341399396,15665.34595,2009
3,38,"P. aeruginosa","https://doi.org/10.3390/antibiotics11020143","J01D",1,"THA",-1.47163156157484,-4.89317529011441,1.04239617367742,16765.7514,2011
37,63,"Acinetobacter spp.","https://doi.org/10.3390/antibiotics11020143","J01D",1,"THA",-1.8683101219181,-4.19256228042543,1.03841831632042,15891.21714,2008
3,22,"P. aeruginosa","https://doi.org/10.3390/antibiotics11020143","J01D",1,"THA",-1.59600280355951,-4.66995742617909,1.03739228140198,16729.77476,2010
13,21,"P. aeruginosa","https://doi.org/10.3390/antibiotics11020143","J01D",1,"THA",-1.59600280355951,-4.66995742617909,1.03739228140198,16729.77476,2010
3,80,"Acinetobacter spp.","https://doi.org/10.3390/antibiotics11020143","J01D",1,"THA",-1.47163156157484,-4.89317529011441,1.04239617367742,16765.7514,2011
37,16,"P. aeruginosa","https://doi.org/10.3390/antibiotics11020143","J01D",1,"THA",-1.8683101219181,-4.19256228042543,1.03841831632042,15891.21714,2008
25,46,"P. aeruginosa","https://doi.org/10.3390/antibiotics11020143","J01D",1,"THA",-1.72985721510591,-4.43765286792018,1.03479341399396,15665.34595,2009
23,57,"Acinetobacter spp.","https://doi.org/10.3390/antibiotics11020143","J01D",1,"THA",-2.01074370693257,-3.94304824022805,1.04062629974323,15742.09539,2007
