"ISO3","Year","PC1","PC2","PC3","GDP"
"AFG",2001,-2.15257187887869,9.19206124262001,1.36846160195038,1454.110782
"AFG",2002,-6.99526844540528,6.5490263282773,1.53925600355324,1774.308743
"AFG",2003,-7.01753585290229,6.46894513706488,1.50243793509533,1815.9282
"AFG",2004,-7.02399848013517,6.51137471305202,1.50036238322432,1776.918207
"AFG",2005,-6.98985865869629,6.41336945713094,1.49448134326854,1908.114782
"AFG",2006,-7.008115234668,6.27259049351251,1.43526626345153,1929.723897
"AFG",2007,-7.17351173040466,6.30399351901395,1.18264619590221,2155.353068
"AFG",2008,-7.11374082306189,6.11888308721605,1.18406793462457,2191.504356
"AFG",2009,-7.15039809668157,5.96650663112318,0.963295209822778,2565.022086
"AFG",2010,-7.12856087328413,5.92170022083083,0.967191238425862,2848.586061
"AFG",2011,-7.08171261796254,5.7840967911146,0.96851985623101,2757.052587
"AFG",2012,-7.0629618177607,5.7503560102921,0.971684703878304,2985.319145
"AFG",2013,-7.03383504591403,5.68103792855048,0.973135472746153,3046.579931
"AFG",2014,-6.99952490226343,5.5850277132589,0.974139040901418,3017.942544
"AFG",2015,-6.99361823426311,5.58916015394404,0.97636254711316,2967.692067
"AFG",2016,-6.95493304212984,5.48955259776228,0.975664761571307,2958.785399
"AFG",2017,-6.92668393204187,5.41410857113903,0.972971322637355,2952.998916
"AFG",2018,-6.86185080491513,5.45891221185069,1.02567373907735,2902.392113
"AFG",2019,-6.80598811047541,5.49143488795055,1.05227740633662,2927.245144
"ALB",2001,-2.95175405047864,-1.24390419546709,1.25565961475357,7109.627581
"ALB",2002,-3.0120745749595,-2.03650810701522,1.09323707183288,7454.478313
"ALB",2003,-2.8587285640999,-2.32174663757902,1.10179970550164,7896.097378
"ALB",2004,-2.68929062518519,-2.61543066503768,1.09898176740405,8366.433914
"ALB",2005,-2.53592567063151,-2.90919062418468,1.10992246545075,8874.099288
"ALB",2006,-2.37711244026508,-3.21434080682085,1.11793730001633,9457.386999
"ALB",2007,-2.21479988842876,-3.5136493901848,1.12401575210044,10099.28151
"ALB",2008,-2.06313886374092,-3.79730107068359,1.13162192839149,10940.36062
"ALB",2009,-1.94322253971211,-4.07452723745383,0.96933606540032,11383.78874
"ALB",2010,-1.83804334329148,-4.45364212844801,0.916514846053691,11864.53568
"ALB",2011,-1.73698720368549,-4.66657038936648,0.919047629846609,12199.31045
"ALB",2012,-1.66212174690359,-4.84487184657979,0.914755686830257,12392.65401
"ALB",2013,-1.5787872357277,-5.02774925836823,0.900826539608547,12539.78386
"ALB",2014,-1.49353425453691,-5.21513572626403,0.883978312129701,12788.74723
"ALB",2015,-1.4042701941316,-5.42266621498857,0.861327635355195,13110.61788
"ALB",2016,-1.3070591674392,-5.6346830090638,0.83280501516381,13566.90583
"ALB",2017,-1.20759945254982,-5.85288398411229,0.801339203682162,14095.75905
"ALB",2018,-1.04222193621902,-6.09980661254624,0.725053722284141,14698.53762
"ALB",2019,-0.901266823938747,-6.35487546673478,0.678250693699122,15065.74957
"DZA",2001,-5.10129782888616,2.02093495299189,1.48794828803149,11742.59468
"DZA",2002,-4.96970044789863,1.75287614964339,1.48228255411055,12213.12635
"DZA",2003,-4.8392843211443,1.49174207728923,1.47678320872845,12835.18144
"DZA",2004,-4.85189669466705,1.17392245904324,1.21409331971432,13226.76505
"DZA",2005,-4.72297196614526,0.921982426295038,1.20615343713987,13738.49564
"DZA",2006,-4.59570836556458,0.683598629841618,1.1963573012594,13920.69406
"DZA",2007,-4.46651902584923,0.451884482649848,1.18418046140439,14114.67452
"DZA",2008,-4.42761109165483,-0.0131539593072234,0.890601966356832,14206.77671
"DZA",2009,-4.27376853063174,-0.0907128795947769,0.931470931736122,14104.42817
"DZA",2010,-4.15530111693416,-0.289057815317752,0.914596525685219,14496.42113
"DZA",2011,-4.03850228393279,-0.469540769447631,0.89705352616612,14641.96409
"DZA",2012,-3.93821716530891,-0.634298523262441,0.856258118030993,14697.53961
"DZA",2013,-3.833149300611,-0.790227335284697,0.83934000117322,14778.19143
"DZA",2014,-3.72646778199137,-0.934586238978006,0.823102592338586,15073.76294
"DZA",2015,-3.63487262219447,-1.06712799899558,0.809681914189585,15239.51715
"DZA",2016,-3.37827735147876,-1.21309445423313,0.878337176278157,15511.68588
"DZA",2017,-3.45553578895434,-1.3162084037997,0.789813896776594,15427.66419
"DZA",2018,-3.36238987957947,-1.4368933268041,0.783638405311176,15343.42612
"DZA",2019,-3.27492663827923,-1.55536100557694,0.782352627685424,15199.199
"AGO",2001,-6.3447161575256,5.65855962929913,1.79711238769365,6049.163212
"AGO",2002,-6.34281224166435,5.64343123499262,1.80489268607095,6645.477766
"AGO",2003,-6.30956351645097,5.72334649731197,1.84377809401027,6609.214889
"AGO",2004,-6.30403768816962,5.70610333634755,1.85056616918192,7074.025947
"AGO",2005,-6.33143131971856,5.55909633615173,1.79756007260163,7845.890153
"AGO",2006,-6.33087330878463,5.54552908451467,1.80074700522611,8435.455047
"AGO",2007,-6.55605430467636,5.34544807072256,1.3356074333443,9263.980703
"AGO",2008,-6.68730314908266,4.92817576493476,1.20963894345766,9916.909351
"AGO",2009,-6.71962944079042,4.79551283198202,1.15179452920059,9629.091948
"AGO",2010,-6.71336698278976,4.76395451154997,1.147809059637,9672.839224
"AGO",2011,-6.70420835577289,4.73702191519666,1.14120335983245,9627.020598
"AGO",2012,-6.48762019722638,5.22871845002037,1.3085085239587,10051.33991
"AGO",2013,-6.47230984148789,5.19937757897929,1.30040105609038,10150.9161
"AGO",2014,-6.46212028168714,5.17828089752871,1.2927551773824,10250.5924
"AGO",2015,-6.47834770191478,4.75388781868008,1.22472252107594,9980.929882
"AGO",2016,-6.64988530681772,4.61151735723462,1.10097834393569,9381.809726
"AGO",2017,-6.62299575497212,4.72010703957307,1.12751719233195,9042.117129
"AGO",2018,-6.60773790187971,4.68761420176939,1.12263796571178,8620.214664
"AGO",2019,-6.39978655655361,5.04498530696713,1.2578089802055,8274.542562
"ATG",2001,0.378510849668696,-0.451490872727332,1.75188335145576,24019.59112
"ATG",2002,0.461681110100209,-0.763286545633966,1.69079378245104,23962.96578
"ATG",2003,0.776657318568037,-0.800640017971114,1.85467567518947,25141.1012
"ATG",2004,0.963471956207247,-0.876235606916359,1.93047686659975,26308.86277
"ATG",2005,0.83963279612004,-1.15623278226757,1.799717217955,27698.21596
"ATG",2006,1.12445799867389,-1.31495377584497,1.91603787467955,30833.5176
"ATG",2007,0.857563822433956,-1.99743955498567,1.66855509731274,33251.97315
"ATG",2008,0.911941877816181,-2.11727445945042,1.68310894964569,32762.9135
"ATG",2009,-0.653564438784158,-2.70870185483662,1.32574802189117,28411.39137
"ATG",2010,-0.524730353718941,-2.73996081135687,1.38008127115624,25831.81379
"ATG",2011,-0.430834917241413,-2.90730510076035,1.39613152827409,25028.96614
"ATG",2012,-0.356142837801236,-3.25264838067765,1.33069653778179,25597.99396
"ATG",2013,-0.243497670410045,-3.3042752399681,1.36359180937856,25211.92411
"ATG",2014,0.029300402598907,-3.64969479706148,1.38721277962955,25565.96568
"ATG",2015,0.189502695838177,-3.70259630686205,1.47066231474435,25748.62444
"ATG",2016,0.262603881092133,-3.9472058427744,1.40914715839019,26637.41816
"ATG",2017,0.198378566167746,-4.32124933922018,1.27692159664112,27143.04163
"ATG",2018,0.336908421644962,-4.55157538467534,1.26976918688429,28884.12013
"ATG",2019,0.873395998525855,-4.55016114428047,1.5177851444456,29636.89244
"ARG",2001,-2.62037958014003,-1.99677900573899,1.20684165211534,21066.45813
"ARG",2002,-2.7835161834665,-2.11729447051075,0.938800211994245,18571.70205
"ARG",2003,-2.73981408859776,-2.20577372759528,0.931336627195749,20005.13851
"ARG",2004,-2.69074818975242,-2.29872880686056,0.923874721482051,21591.4494
"ARG",2005,-2.62337999572301,-2.39740436338815,0.914465221491316,23262.40758
"ARG",2006,-2.90636597496041,-2.63700950058938,0.894845437209097,24877.24939
"ARG",2007,-2.84258193655834,-2.7257179130684,0.886634757227792,26850.66459
"ARG",2008,-2.77407440507171,-2.82027706549548,0.878905945781194,27658.48534
"ARG",2009,-2.72415877018981,-2.90527816566445,0.867327604174944,25747.19768
"ARG",2010,-2.64140218046949,-3.01581669888593,0.862441421782835,28056.25702
"ARG",2011,-2.56257386859664,-3.12261925766653,0.857173470185344,29425.75939
"ARG",2012,-2.49534664950272,-3.21868248666847,0.849552677708401,28825.96669
"ARG",2013,-2.43619083720794,-3.31273279718203,0.8464689528101,29227.66018
"ARG",2014,-2.39413777986743,-3.41367507290126,0.840443460716043,28200.81526
"ARG",2015,-1.97145773567509,-3.37831286593014,0.847003898873195,28669.20613
"ARG",2016,-1.93339070321762,-3.48256293704861,0.840997404145496,27802.10572
"ARG",2017,-1.07314449375638,-3.38845159813355,0.859273621022178,28334.90418
"ARG",2018,-1.0114977090137,-3.52457701853559,0.850029862016078,27367.11509
"ARG",2019,-0.944955319546399,-3.68209638773419,0.840101653186347,26629.55294
"ARM",2001,-2.57205001350794,-2.98615522637229,1.15867770860634,5044.116478
"ARM",2002,-2.43884515503737,-3.09999994296425,1.22849290811152,5731.353466
"ARM",2003,-2.351129157384,-3.29942629817453,1.25867198856952,6569.260234
"ARM",2004,-2.2916849921337,-3.61542424754398,1.2506845862142,7299.400019
"ARM",2005,-2.21830346677815,-3.78968594655849,1.2674266482901,8362.90084
"ARM",2006,-2.15430970433929,-3.94928206624181,1.2765299958406,9525.231468
"ARM",2007,-2.09701746557553,-4.08297731597653,1.27573661145539,10898.84838
"ARM",2008,-2.03188596225369,-4.18836477311349,1.26179175489199,11727.48213
"ARM",2009,-1.98952196405019,-4.28000220459472,1.24079033045313,10143.23508
"ARM",2010,-1.9856331211543,-4.50173679020473,0.991811670666503,10438.56419
"ARM",2011,-1.92052541048716,-4.61997370630404,0.962676354042939,10990.1771
"ARM",2012,-1.83884325027267,-4.6061628193667,0.96164472042716,11796.27412
"ARM",2013,-1.76974125726113,-4.85194227374305,0.890852081050691,12194.01895
"ARM",2014,-1.69820589322462,-4.97164471344418,0.854361848314893,12667.37573
"ARM",2015,-1.60272869377245,-5.12164142330686,0.804467847278185,13112.76009
"ARM",2016,-1.48414076044649,-5.14929475493067,0.791426937469495,13192.99407
"ARM",2017,-1.35759936587616,-5.31427693507996,0.751420577669661,14243.8749
"ARM",2018,-1.23226348861418,-5.64817104921992,0.686272539978708,15037.04524
"ARM",2019,-1.05074148278509,-5.86941776131104,0.666166219773907,16215.3608
"AUS",2001,0.0902936592696273,-5.92957672655623,1.30767873969971,45310.0182
"AUS",2002,0.17598573215466,-6.03526937847727,1.30799883553197,46580.27533
"AUS",2003,0.266651451174827,-6.14019624924278,1.3127424930889,47470.80288
"AUS",2004,0.378612637019288,-6.24572434279801,1.3139997425609,48949.92517
"AUS",2005,0.479359161066054,-6.35175458919787,1.30504769479626,49882.95635
"AUS",2006,0.545250588255962,-6.4408020001202,1.31097835386858,50570.35709
"AUS",2007,0.565102242517449,-6.46891094569001,1.35113109761457,51529.49405
"AUS",2008,0.609245407928295,-6.51290242830622,1.35228810767622,52318.48794
"AUS",2009,0.615307913400439,-6.53896026670294,1.36040622404548,52221.28512
"AUS",2010,0.695342638563695,-6.59543821631247,1.35936077795099,52556.56848
"AUS",2011,0.792397942807207,-6.68652060550713,1.3636800860639,53078.95265
"AUS",2012,0.879009304618778,-6.81557915261219,1.36732594127482,54203.30038
"AUS",2013,0.931348421484994,-6.90695647620845,1.36577166130643,54664.76814
"AUS",2014,1.01696407019269,-6.95873006462102,1.327923867787,55253.15962
"AUS",2015,0.985965581974791,-7.16304573971354,1.27827944531586,55656.48796
"AUS",2016,1.00899345011935,-7.20666407987345,1.2611233025764,56305.89643
"AUS",2017,1.05773804401901,-7.26434895115689,1.23759306829578,56648.80866
"AUS",2018,1.12246140243919,-7.35525302865488,1.21944177161243,57414.05823
"AUS",2019,1.15281525554471,-7.48491042535297,1.22900192849534,57800.4934
"AUT",2001,0.91695295192524,-8.23262423252341,0.923790688717108,54049.25484
"AUT",2002,1.0060600558428,-8.33475467426167,0.937343207777961,54582.34906
"AUT",2003,1.10559829729758,-8.41938034321916,0.957058931019033,54937.17159
"AUT",2004,1.23430762654393,-8.54182285387833,0.973576619747176,55997.95159
"AUT",2005,1.31924171538187,-8.68020763609566,1.00802007325428,56908.28746
"AUT",2006,1.43985403151824,-8.84212584372369,1.01821295425987,58478.7421
"AUT",2007,1.71992556477616,-9.00474838528812,1.12589979472672,60490.05143
"AUT",2008,1.9322011475094,-9.02507004856522,1.20409719512575,61177.34622
"AUT",2009,1.72165182257904,-9.23126013333526,1.07296728599659,58829.05799
"AUT",2010,1.78507077283584,-9.35672144009701,1.08234996671564,59749.45838
"AUT",2011,1.8771157901791,-9.48625064755972,1.08454769228234,61291.65357
"AUT",2012,1.93813945660317,-9.59492645308484,1.07178196236233,61396.14888
"AUT",2013,1.99677197971974,-9.67539125950411,1.06688035525701,60882.32026
"AUT",2014,2.02851258717819,-9.75086535273688,1.06985756953098,60864.9199
"AUT",2015,2.00554788116255,-9.79692858404854,1.04952604018088,60970.9828
"AUT",2016,2.01662161059038,-9.79900792227373,1.04033339539717,61592.20228
"AUT",2017,2.07869744518197,-9.87428378801259,1.01678604792569,62555.69347
"AUT",2018,2.14079317762164,-9.95465033312126,1.02726674076091,63798.21387
"AUT",2019,2.22485407359548,-10.0638613182432,1.00064794734403,64629.82578
"AZE",2001,-3.72029927896812,-0.352081132334222,1.3585729419268,6075.614524
"AZE",2002,-3.71850475821225,-0.694380285198351,1.12690002593034,6599.657606
"AZE",2003,-3.58551532361169,-0.955438914790704,1.1540238304081,7218.471886
"AZE",2004,-3.47869908757015,-1.16538483517816,1.18712614777791,7817.716107
"AZE",2005,-3.37951829337424,-1.3600398203488,1.21620204398719,9901.92663
"AZE",2006,-3.26723076946826,-1.57338347562466,1.24011612039591,13172.58129
"AZE",2007,-3.17673522917516,-1.74581282585112,1.25635073597126,16280.08351
"AZE",2008,-3.08246239469437,-1.9208731379399,1.26641335597939,17656.96345
"AZE",2009,-2.99392051552303,-2.07993442402172,1.2738548302424,18901.88576
"AZE",2010,-2.93224691559093,-2.35380038206705,1.23688684589203,19621.38435
"AZE",2011,-2.9198475386792,-2.6024885346549,1.00243760165081,19386.7434
"AZE",2012,-2.84704172574196,-2.71270135143245,0.984956255950653,19545.07186
"AZE",2013,-2.77480203670952,-2.82291160208747,0.961176148173495,20414.83148
"AZE",2014,-2.70299999380386,-2.9285827052089,0.933553846179598,20716.14152
"AZE",2015,-2.62894855176071,-3.05083439956779,0.898609702833885,20694.77876
"AZE",2016,-2.57259160006981,-3.14825344899128,0.853627801909008,19830.32232
"AZE",2017,-2.53136141342613,-3.220476304413,0.810866588413713,19675.95989
"AZE",2018,-2.46507195920151,-3.33683266868481,0.773351314552945,19798.83354
"AZE",2019,-2.34697736793885,-3.52178617480941,0.738948181753971,20122.71285
"BHS",2002,-1.23430001518285,-2.11706121608839,1.89486543324201,35600.32702
"BHS",2004,-0.99918494410198,-2.50861974018312,1.90788233990756,34607.7421
"BHS",2005,-0.878343813608807,-2.70486037611142,1.92157276231265,35355.18605
"BHS",2006,-0.768654363436359,-2.87810888584127,1.93622054285432,35778.72871
"BHS",2007,-0.671099216781366,-3.04349751340258,1.95332174835364,35786.71315
"BHS",2008,-0.585425434094798,-3.19734102271593,1.97041085467721,34488.00695
"BHS",2009,-0.515369158221133,-3.34741829952494,1.98181896784813,32620.77781
"BHS",2010,-0.461847009514994,-3.63262630108638,1.937038983556,32701.95039
"BHS",2011,-0.383386386535835,-3.79560148525729,1.94827472700874,32526.20476
"BHS",2012,-0.291581295537483,-3.9666421850684,1.9590956276319,33167.60652
"BHS",2013,-0.211911421971165,-4.12764289647716,1.95918027988541,31921.71184
"BHS",2014,-0.127595595490866,-4.29797605957041,1.96274177571131,32226.92362
"BHR",2001,-2.55117666669579,0.166886976893304,1.61351699260223,57280.69864
"BHR",2002,-2.56889284472557,0.161521514416756,1.64170263833905,55096.65712
"BHR",2003,-2.5693714110593,0.135050406915057,1.66943623286522,54431.87668
"BHR",2004,-2.54855359870761,0.0237274183571631,1.68050708784782,54045.09262
"BHR",2005,-2.4798285365793,-0.171457211706408,1.67673960549526,53478.26622
"BHR",2006,-2.40054145155468,-0.552238668099669,1.59527723700624,52691.93261
"BHR",2007,-2.02430348902748,-0.337885015503902,1.72396837278937,52731.79203
"BHR",2008,-1.84156180596127,-0.84096516134124,1.63912208762164,52765.38973
"BHR",2009,-1.57143459560738,-1.10074177598459,1.62852098209856,50665.75065
"BHR",2010,-1.41802359260923,-1.52715680250385,1.53899218266076,50704.84797
"BHR",2011,-1.48568079484035,-2.11194061894871,1.39005581596158,53132.32842
"BHR",2012,-1.33532466962843,-2.34375332414734,1.36386467086711,54516.84066
"BHR",2013,-1.04361252388787,-2.55069144557993,1.42954362090611,55376.40051
"BHR",2014,-0.711113209079107,-2.53981169013772,1.58473605613567,55065.81895
"BHR",2015,-0.676602432193485,-2.58209852652717,1.56522588699781,54149.91315
"BHR",2016,-1.07284098180647,-2.74732797331071,1.29374261352283,54107.07522
"BHR",2017,-0.853035934665489,-2.86383463838772,1.34331888879751,53859.77496
"BHR",2018,-0.885589593496242,-3.04207657477198,1.25642910011828,54893.07244
"BHR",2019,-0.705942601896678,-3.27954869564789,1.27689696381209,56749.96284
"BGD",2001,-5.55742492479155,3.59177136677752,1.6383908093935,2803.55472
"BGD",2002,-5.49084046163951,3.46390117118812,1.63373822402777,2866.434543
"BGD",2003,-5.57444361003655,3.29337422313158,1.37357149454459,2958.915031
"BGD",2004,-5.50642721727173,3.1692375498315,1.36999443064027,3071.837788
"BGD",2005,-5.58155227866244,2.74666003417097,1.27878212234264,3231.613707
"BGD",2006,-5.53466661822671,2.48014786170277,1.21623096683744,3407.42735
"BGD",2007,-5.46058395179552,2.34898081160942,1.21138879284017,3608.915438
"BGD",2008,-5.36955812553194,2.18312822383653,1.20396812288453,3787.938276
"BGD",2009,-5.3379627773391,1.89961046193974,0.975266286452302,3942.136312
"BGD",2010,-5.21699940870507,1.85196164241188,1.02648981478871,4125.463902
"BGD",2011,-4.93637562541041,1.87652437524995,1.09856658045803,4352.426434
"BGD",2012,-4.82785643177515,1.6661925088776,1.09186860774683,4592.048409
"BGD",2013,-4.71784763527966,1.45884262146387,1.08631265670713,4822.726214
"BGD",2014,-4.58192793721394,1.35854626987809,1.11145029059605,5068.639657
"BGD",2015,-4.47956890914003,1.00916666023477,1.07375892542369,5352.711333
"BGD",2016,-4.36408826900337,0.791349037128542,1.07101896398608,5682.535535
"BGD",2017,-4.4631361845713,0.221003742668718,0.923495419407864,6005.707188
"BGD",2018,-4.39724121406118,0.0793144596215428,0.914014148653186,6392.59334
"BGD",2019,-4.14194423910189,0.335063942895631,1.04369826055504,6838.326116
"BRB",2001,-0.229110229456439,-4.53768374135065,1.54648048500863,18380.25889
"BRB",2002,-0.128548291898675,-4.686583047681,1.5582442524025,18404.14949
"BRB",2003,0.0507001403520824,-4.6887797434008,1.64169090077907,18689.34185
"BRB",2004,0.0690342828936172,-4.95171117080984,1.58181302559564,18845.24068
"BRB",2005,0.229225461328652,-4.95637669682322,1.66648574946074,19488.00257
"BRB",2006,0.103822612768106,-5.0810567860479,1.58488028487139,20571.81044
"BRB",2007,0.155518723592408,-5.34128695439664,1.53698831041254,20899.99107
"BRB",2008,0.228832624455875,-5.4548012471283,1.5424253277389,20922.40769
"BRB",2009,0.29212632361669,-5.55895182189642,1.5385414464348,19770.52666
"BRB",2010,0.34117043773721,-5.66036077795033,1.53671213838646,19253.40887
"BRB",2011,0.844601063056443,-5.5380752097462,1.82447198779518,19050.56737
"BRB",2012,0.6787712750804,-5.35090609248091,1.71199548918569,18936.08881
"BRB",2013,0.737417446836885,-5.47106593024438,1.70930904475832,18695.68329
"BRB",2014,0.594292896684484,-6.12386497841795,1.53017576543319,18665.17698
"BRB",2015,1.07129421640133,-6.15748602799852,1.75152243128806,18464.66309
"BRB",2016,0.724407324357194,-6.3827730669149,1.51238877825875,18754.66514
"BRB",2017,1.19889173028458,-6.41791476440224,1.73523281628847,18740.34883
"BRB",2018,1.01529470287159,-6.66731717449435,1.58113197314315,18484.69764
"BRB",2019,1.48016093336737,-6.5899733393337,1.61913729069687,18572.50954
"BLR",2001,-0.898117508825579,-5.53856883430142,1.21552724601767,11771.08721
"BLR",2002,-0.786645278541305,-5.713061672524,1.21092987932536,12443.93226
"BLR",2003,-0.88988959295803,-5.99721555377496,1.07790685490223,13413.92656
"BLR",2004,-0.783146280386523,-6.16902648505308,1.08045100987468,15052.1182
"BLR",2005,-0.72318618060546,-6.32040669203228,1.1100448334744,16579.87317
"BLR",2006,-0.621213894963109,-6.48112770064593,1.09285875294674,18349.8719
"BLR",2007,-0.506464545588643,-6.622414767393,1.05437071775063,20019.61116
"BLR",2008,-0.477049100875602,-6.97950370164394,0.753746975058612,22137.94729
"BLR",2009,-0.399247049605637,-7.04679449951234,0.690716711224136,22236.83877
"BLR",2010,-0.305072943509993,-7.11382413212828,0.624917564239056,24012.6133
"BLR",2011,-0.308962577853726,-7.17880068361017,0.644268803855582,25404.7566
"BLR",2012,-0.18325564884482,-7.29098811640371,0.565566995313628,25879.13194
"BLR",2013,-0.0354625627997215,-7.4276504022402,0.480000778235281,26147.62536
"BLR",2014,0.0966547847050883,-7.58114337325062,0.402022148115041,26564.43472
"BLR",2015,0.205957914508942,-7.70241099285547,0.33303068559928,25513.21329
"BLR",2016,0.28196782902019,-7.80532343220148,0.284172640269648,24846.83015
"BLR",2017,0.333988950685469,-7.90271644363937,0.277236219095143,25503.98099
"BLR",2018,0.64755088927738,-8.07525399131579,0.05482281350627,26363.46298
"BEL",2001,0.972643850961126,-8.10053565146173,0.740706739442141,50811.88115
"BEL",2002,1.04444561553193,-8.18113531028662,0.744027161159879,51448.0429
"BEL",2003,0.552176818664488,-8.26603627311755,0.826974682712724,51764.88702
"BEL",2004,0.658498747312914,-8.372358700001,0.837898682088724,53381.98657
"BEL",2005,0.720222684572392,-8.44905962586498,0.852197664904198,54321.75322
"BEL",2006,0.765920100107687,-8.48064487307334,0.860982210136935,55342.01026
"BEL",2007,0.822116979501954,-8.51565682891072,0.874319662949559,56957.10138
"BEL",2008,0.894582076414487,-8.5530144378308,0.87212298618818,56761.46722
"BEL",2009,0.905450714810574,-8.55605340219969,0.870615756892578,55233.1451
"BEL",2010,0.9072230957479,-8.55068235316628,0.867627272534259,56214.18702
"BEL",2011,0.933284999730593,-8.54403769138863,0.86198073375961,56559.12676
"BEL",2012,0.962254259874825,-8.58787931210409,0.848444654857761,56330.75512
"BEL",2013,1.00080311844449,-8.64228788289071,0.852066591752731,56237.14854
"BEL",2014,1.0593117042725,-8.71795167108498,0.835418146706409,56976.54029
"BEL",2015,1.04767710718104,-8.75443006259492,0.82567668916387,57482.42155
"BEL",2016,1.08730575465914,-8.79027235350335,0.804187590885737,57874.71307
"BEL",2017,1.13413840063825,-8.84185870899574,0.794564177300538,58502.25527
"BEL",2018,1.20616106407607,-8.90944294134843,0.790033976786058,59330.23153
"BEL",2019,1.25862218327976,-8.98662747881009,0.784195194976603,60451.99969
"BLZ",2001,-5.95939173852721,3.126278602601,1.00920489279972,11555.90721
"BLZ",2002,-5.83263938590942,3.23714614674688,1.09794180239244,11816.59761
"BLZ",2003,-5.79453106810455,2.83907002965259,1.00958056834613,12577.09715
"BLZ",2004,-5.72092220138782,2.70720963201252,1.01219494069458,12794.80586
"BLZ",2005,-5.62020753041163,2.71057236229844,1.0703383639662,12702.74198
"BLZ",2006,-5.37256070607585,2.55533860793734,1.15151797107526,12900.11138
"BLZ",2007,-5.45923280998579,2.43372185839633,1.07069525936309,12962.46689
"BLZ",2008,-5.41451734732315,2.18198924423392,1.01271246796308,12398.51256
"BLZ",2009,-5.17472298234891,2.03004003334475,1.09328564641421,12024.19647
"BLZ",2010,-5.26632707234345,1.90107816720395,1.01025192501772,11868.43824
"BLZ",2011,-5.02727890070481,1.73571124157163,1.08904609169646,11584.28516
"BLZ",2012,-5.11137156021983,1.58563941430993,1.00264232944654,11761.56391
"BLZ",2013,-5.02814326668807,1.41929551813594,0.998563082607506,12026.0711
"BLZ",2014,-4.9420011599482,1.24506994650808,0.992814926977334,12249.22142
"BLZ",2015,-4.85306238536825,1.0622731281742,0.986826141070278,12339.48074
"BLZ",2016,-4.762339798402,0.876301605215155,0.977971796357271,12062.79817
"BLZ",2017,-4.66992694632525,0.681916886849049,0.965870090842717,11574.45245
"BLZ",2018,-4.56783525698878,0.491412954907557,0.955829917955959,11486.80294
"BLZ",2019,-4.44497726738348,0.267239278011443,0.941903979525382,11803.088
"BEN",2001,-6.56371831058666,4.94777388768307,1.57623973296746,2591.064852
"BEN",2002,-6.69935007833574,4.8687710791857,1.31902916731644,2630.18061
"BEN",2003,-6.68721117757228,4.84322258071548,1.32042946314217,2639.043701
"BEN",2004,-6.67410502804071,4.81510419428059,1.32034178498791,2672.844044
"BEN",2005,-6.69567996941553,4.77345688870005,1.12796086771865,2632.472515
"BEN",2006,-6.68136303727954,4.74663440729717,1.12821698751969,2652.21842
"BEN",2007,-6.47493316604835,5.10602431301912,1.26763241638474,2729.137414
"BEN",2008,-6.65341126725392,4.68573364029733,1.12487702556136,2777.61974
"BEN",2009,-6.63081235450802,4.64283231211892,1.12105869576702,2758.072432
"BEN",2010,-6.61097205815049,4.60082797864909,1.1178758069297,2733.573996
"BEN",2011,-6.60111622382807,4.42454591227735,1.07949977834808,2732.012496
"BEN",2012,-6.56949132671711,4.52280252813518,1.10926867765129,2779.726481
"BEN",2013,-6.56248853431102,4.35155915246825,1.07202823712015,2893.046702
"BEN",2014,-6.54602388738545,4.31898913263911,1.06853562356939,2987.382363
"BEN",2015,-6.52853583187719,4.28433887921436,1.06557371937456,2952.002183
"BEN",2016,-6.50629027011456,4.24308094759921,1.0615765326441,2962.663816
"BEN",2017,-6.4657649308848,4.3221740854587,1.09002956762137,3041.7793
"BEN",2018,-6.434516623323,4.26344717457848,1.08519054066904,3155.451065
"BEN",2019,-6.39987833714443,4.19530307001666,1.07926469648813,3281.104701
"BTN",2001,-5.60349860389956,3.06436397778563,1.29220600859746,5545.630553
"BTN",2002,-5.49604930950073,3.14803007150176,1.37150164552447,5991.254968
"BTN",2003,-5.41854323800692,2.94662771842091,1.36020675759808,6323.541195
"BTN",2004,-5.36563477256843,2.60683210195222,1.28979594685068,6517.996826
"BTN",2005,-5.2876429366909,2.25571681197695,1.2446596020413,6850.804409
"BTN",2006,-5.16339332024918,2.17526098502826,1.29038143859635,7140.856092
"BTN",2007,-5.06114980826367,1.96865869384603,1.28258419518277,8195.070744
"BTN",2008,-4.98970246115406,1.63114863952591,1.21457530716304,8470.034709
"BTN",2009,-4.88453874376872,1.41869309466196,1.20270903731871,9019.118607
"BTN",2010,-4.77013772708559,1.19172652164662,1.1888013212282,9985.284554
"BTN",2011,-4.65793388360375,0.967694301015082,1.17181978695039,10714.68656
"BTN",2012,-4.57257788810993,0.752180962219804,0.987622021771679,11143.94453
"BTN",2013,-4.49414289507611,0.413590185811818,0.911455824936973,11212.47942
"BTN",2014,-4.37662561562586,0.186900879001294,0.890128693501586,11744.5189
"BTN",2015,-4.24994188295032,-0.0487283066196497,0.866279502421718,12400.29832
"BTN",2016,-4.11395331827948,-0.296248937898845,0.841316274463852,13320.9759
"BTN",2017,-3.96450690850155,-0.571735200783666,0.81435449965486,13482.34253
"BTN",2018,-3.78438218821665,-0.881730692877218,0.78704112947733,13854.85439
"BTN",2019,-3.5822415475362,-1.06801703792716,0.799976778557655,14555.1884
"BOL",2001,-5.44408965934396,2.33002173122022,1.06209666928695,6144.978293
"BOL",2002,-5.42812740517808,2.11138284369576,1.00040705990917,6193.263474
"BOL",2003,-5.39442987415854,2.04599420761716,0.999960918100312,6255.515581
"BOL",2004,-5.35780530976562,1.97029937681585,0.998805284284694,6407.838117
"BOL",2005,-5.31699866486866,1.89023568924179,0.997792940982168,6579.312287
"BOL",2006,-5.2763271735737,1.80655533430321,0.99634195464925,6778.384924
"BOL",2007,-5.23077138497777,1.71613598976946,0.995047888474646,6967.569879
"BOL",2008,-5.18291349943311,1.62343147263538,0.994360717300327,7272.166241
"BOL",2009,-5.13243664186517,1.52673568741067,0.993155313122178,7392.162591
"BOL",2010,-5.08118639407058,1.42546231692943,0.990543567399038,7571.678091
"BOL",2011,-5.02615631847865,1.3192395104766,0.988357065869936,7837.493186
"BOL",2012,-4.96859859573684,1.21068751519015,0.984238904542496,8108.205187
"BOL",2013,-4.90688675579197,1.09820213994752,0.979034633360902,8524.032132
"BOL",2014,-4.84368106952483,0.981763004521081,0.973465715442452,8851.711632
"BOL",2015,-4.77607539589433,0.858325299946027,0.967294315086299,9141.928418
"BOL",2016,-4.70828493998972,0.734272222421887,0.960381198742562,9390.790645
"BOL",2017,-4.63931389744772,0.607134840702079,0.951713819378921,9642.813961
"BOL",2018,-4.56524547436962,0.475604989945621,0.944113585368044,9907.062557
"BOL",2019,-4.49024957473639,0.342639460105168,0.934929622361603,9985.230488
"BIH",2001,-1.1611975024779,-4.00943727565208,1.60221651973539,7973.175921
"BIH",2002,-1.04654231364949,-4.26957906418128,1.60460700056355,8356.898943
"BIH",2003,-0.89329449732677,-4.56561465535575,1.58978834998431,8699.76261
"BIH",2004,-0.933060738866493,-5.04378052939519,1.10131440591743,9333.892843
"BIH",2005,-0.769608944773552,-5.36343651188749,1.09148748015199,9802.982161
"BIH",2006,-0.61434324543074,-5.64409804555541,1.07044533157326,10418.20363
"BIH",2007,-0.641548268207392,-6.46653826497459,0.875635384903626,11165.38735
"BIH",2008,-0.449488307379994,-6.7836771632606,0.846150093993415,11969.69363
"BIH",2009,-0.271982198213591,-7.10628193137191,0.813670252045128,11812.8076
"BIH",2010,-0.0969292782811841,-7.41639173839935,0.790178580763785,12128.64929
"BIH",2011,0.0898099117393121,-7.73706338470929,0.768802891809255,12473.03305
"BIH",2012,0.282619753870853,-8.05879824798837,0.745052440706933,12612.1474
"BIH",2013,0.457200099736072,-8.3676468753713,0.734112215260999,13120.34281
"BIH",2014,0.567762294108266,-8.74574432525307,0.672718226834185,13443.10009
"BIH",2015,0.721737105560243,-8.99724956815002,0.651961382297665,14207.61704
"BIH",2016,0.875905072451609,-9.23820159333928,0.631642006948138,14860.59446
"BIH",2017,1.01646327172786,-9.47403147619088,0.6183894688018,15541.01502
"BIH",2018,1.15958106792464,-9.70630533346923,0.611744427135508,16334.42251
"BIH",2019,2.04058897338152,-9.61604904248717,0.634402039052225,17014.35997
"BWA",2001,-6.28999445766264,4.24197613099993,1.39828694769861,12949.66716
"BWA",2002,-6.24384871926823,4.13090095085849,1.39845398836949,13479.72402
"BWA",2003,-6.19229729738528,4.01113234186073,1.39776321493398,13857.28756
"BWA",2004,-6.13341686491645,3.8722065305107,1.39006561088779,13984.87051
"BWA",2005,-6.10136959006923,3.59813129198592,1.32225406738421,14361.98741
"BWA",2006,-6.00275143628831,3.57009538905872,1.36662852325306,15275.61455
"BWA",2007,-5.94273851475639,3.26888222670643,1.2934595135851,15850.26721
"BWA",2008,-5.82991720543426,3.23174459622043,1.33173572818124,16040.34858
"BWA",2009,-5.77275475846028,3.08582360427795,1.28419448393046,13489.97888
"BWA",2010,-5.45044067585679,3.4237092281339,1.45972904948967,14545.3783
"BWA",2011,-5.44067856950724,3.01773127372716,1.15701957367882,15237.11142
"BWA",2012,-5.56866296805098,2.52839676689053,0.999411487742144,14957.99772
"BWA",2013,-5.5232907747702,2.46824386176457,0.998911998763982,16369.82762
"BWA",2014,-5.482924093051,2.40543203006027,1.00182418865597,17052.22966
"BWA",2015,-5.45594470782998,2.34896603360629,1.00560659774659,15994.99747
"BWA",2016,-5.21751852223519,2.6552460430475,1.1502672765373,16905.62379
"BWA",2017,-5.16475313302811,2.55922802703474,1.14918352812252,17352.92934
"BWA",2018,-5.13745461136379,2.48778525698951,1.14919730754407,17824.95053
"BWA",2019,-5.10640383025389,2.40590717303601,1.14830856209904,18106.01685
"BRA",2001,-4.06593101142363,0.377333827925181,1.06493879540873,14016.13138
"BRA",2002,-3.9602518709965,0.169653739030334,1.06337227136076,14265.90488
"BRA",2003,-3.8223422768278,0.081730071240218,1.11522697433868,14259.36641
"BRA",2004,-3.73757313310912,-0.25512993687823,1.05473304518861,14911.26096
"BRA",2005,-3.61814240524095,-0.471044955010662,1.04925560837379,15221.01383
"BRA",2006,-3.4896558385621,-0.697745159152541,1.04150578689342,15657.47957
"BRA",2007,-3.35430939462738,-0.931137478553002,1.03283862584676,16440.58374
"BRA",2008,-3.21734083873706,-1.17157598843414,1.02190865196567,17113.36798
"BRA",2009,-3.08685403848337,-1.40360707282844,1.00881104009003,16939.44078
"BRA",2010,-2.93983748037192,-1.64964157577591,0.997207925642445,18062.15811
"BRA",2011,-2.79144821520567,-1.90238363635956,0.985988985480535,18627.81045
"BRA",2012,-2.85372574626252,-2.69179599532858,0.799154494688383,18832.21955
"BRA",2013,-2.71089116221965,-2.94548661256019,0.789129646008654,19241.50598
"BRA",2014,-2.57405733723056,-3.18948552243266,0.777611405682442,19183.17275
"BRA",2015,-2.4613856801155,-3.43033110872296,0.764952698444053,18357.06906
"BRA",2016,-2.33403740887391,-3.67683741064336,0.752668970791227,17620.92724
"BRA",2017,-2.1937092888123,-3.91182302578285,0.74476908647129,17724.47996
"BRA",2018,-2.0641187051615,-4.14753002369206,0.740652713920145,17917.74921
"BRA",2019,-1.92949586242151,-4.4031894302329,0.734598266565321,18018.62092
"BRN",2001,-2.13886532671853,0.394202668933218,1.88107951556366,99680.76248
"BRN",2002,-2.07469707444117,0.0660696306689714,1.67760402319341,101571.5838
"BRN",2003,-1.93703455639891,-0.155591862259897,1.69231723352804,103226.9143
"BRN",2004,-1.80793734586041,-0.381025061952674,1.7049106871787,101497.7547
"BRN",2005,-1.83564172394484,-0.735612682132059,1.82394065276585,99795.68512
"BRN",2006,-1.6898161147864,-1.00810951945268,1.84010088482215,102248.5104
"BRN",2007,-1.64778840345527,-1.09833307179427,1.83757689431136,96752.62026
"BRN",2008,-1.88684754830122,-1.18376852697112,1.762382938769,91275.50014
"BRN",2009,-1.91178705138161,-1.14378284831781,1.7426666327806,87875.82823
"BRN",2010,-1.96434956698747,-1.27079242903645,1.67231640389661,88586.51319
"BRN",2011,-1.93391390357681,-1.35432725398773,1.66138070760139,90279.66334
"BRN",2012,-1.81085723788222,-1.55175755663597,1.65974246310017,89718.46366
"BRN",2013,-1.65176848489882,-1.65892975386976,1.71120653750305,86606.65172
"BRN",2014,-1.57564129782381,-1.99425937240113,1.64417774430836,83310.61506
"BRN",2015,-1.44454921072421,-2.07905827666198,1.6911120338698,81910.1884
"BRN",2016,-1.38422827765853,-2.39928638019906,1.62074890065966,78880.62291
"BRN",2017,-1.24644728973967,-2.49310405864616,1.66766260378825,78966.8643
"BRN",2018,-1.12265673013249,-2.71240813448828,1.65743459077664,78099.05077
"BRN",2019,-0.988365837476512,-2.96303207872705,1.65281010858446,80228.15966
"BGR",2001,0.363536876377929,-7.53421133137138,0.938369688662317,13290.03434
"BGR",2002,0.464112179399155,-7.72990895063735,0.921669725083569,14379.18142
"BGR",2003,0.55289604021571,-7.88794347738978,0.909593036521125,15252.58177
"BGR",2004,0.648798423462167,-8.05240432903055,0.89346369804235,16368.67485
"BGR",2005,0.743483190883437,-8.20717179354878,0.874458410193901,17656.15328
"BGR",2006,0.832889086449692,-8.35214770813979,0.850796057909181,19000.99586
"BGR",2007,0.921366257956609,-8.48935496126532,0.828018888030204,20414.95281
"BGR",2008,1.01663698991553,-8.62156487993141,0.810254685487591,21818.91502
"BGR",2009,1.05849906292794,-8.72859083953681,0.824594119254994,21224.91368
"BGR",2010,1.09696796765713,-9.01372216385745,0.591140121449737,21697.39698
"BGR",2011,1.23155445003554,-9.19368564543204,0.547261059939093,22293.40502
"BGR",2012,1.3388846985908,-9.36168911095671,0.52626158697127,22590.81378
"BGR",2013,1.4155743033873,-9.50826546384688,0.513419128993957,22594.29695
"BGR",2014,1.49675867734668,-9.63132075419791,0.503049321561082,22938.83029
"BGR",2015,1.58071504704308,-9.78695703112112,0.49648737498761,23870.01164
"BGR",2016,1.6653259235147,-9.90305937982678,0.489611373140783,24765.5618
"BGR",2017,1.74817165227883,-10.019798425136,0.488573258012654,25632.15208
"BGR",2018,1.83238297804735,-10.1483551115345,0.488762967149339,26476.125
"BGR",2019,1.9221648453556,-10.2703844032822,0.486645917077254,27673.37623
"BFA",2001,-6.88057388839329,5.72843726135319,1.69560333030681,1477.284918
"BFA",2002,-6.86443200024156,5.83608348194502,1.72573977801387,1494.678013
"BFA",2003,-6.87818731076091,5.68773390564267,1.69102541031778,1561.833102
"BFA",2004,-6.86305276829291,5.64352525948839,1.68431720016209,1581.256209
"BFA",2005,-6.87745228113957,5.47345573232244,1.62017888170057,1664.995432
"BFA",2006,-7.08157075782649,5.29193313741388,1.13742868469897,1714.760349
"BFA",2007,-7.07354014493977,5.27267762848245,1.1307045133199,1731.930463
"BFA",2008,-7.03031763336365,5.37071540878825,1.18045082747617,1779.327109
"BFA",2009,-7.01395930950792,5.34172746083837,1.17165696435018,1779.323056
"BFA",2010,-7.02798463363479,5.18888911088585,1.1066689189713,1873.971462
"BFA",2011,-7.00682198369172,5.15141574437733,1.09863006006852,1939.8666
"BFA",2012,-6.98706967093139,5.11623913461709,1.09142170892194,2003.664612
"BFA",2013,-6.96512323704913,5.08517146978295,1.08465534818789,2057.063932
"BFA",2014,-6.93444143304795,5.03250892312638,1.07792475385206,2083.198447
"BFA",2015,-6.90376818161003,4.97963066133063,1.07240535840587,2101.702662
"BFA",2016,-6.83501505741863,5.03779147009571,1.12338706498642,2162.72579
"BFA",2017,-6.82433231301408,4.84046501925869,1.06193218931501,2232.287815
"BFA",2018,-6.78276861891693,4.76378398458813,1.05953163987034,2316.394321
"BFA",2019,-6.73286942312992,4.67143532265879,1.05633522001816,2391.536268
"BDI",2001,-7.20104394610051,6.61312334470266,1.7529335556053,983.3968467
"BDI",2002,-7.19543230887135,6.55730484544486,1.75400110583284,998.561289
"BDI",2003,-7.15366289921122,6.60842667034478,1.80677673541466,955.6692044
"BDI",2004,-7.36017977685232,6.20646945764862,1.26343482830624,965.2041181
"BDI",2005,-7.3329116514443,6.11452957637671,1.24927468769159,938.3815973
"BDI",2006,-7.27340973471903,6.15535447153223,1.28743903809086,954.1908539
"BDI",2007,-7.23882580049223,6.06404611296717,1.26565765793623,951.2900826
"BDI",2008,-7.21440539079688,5.96103489708214,1.21858510658652,957.2226644
"BDI",2009,-7.16865870519816,5.68975125220303,1.15688100008844,944.6299256
"BDI",2010,-7.12702380783583,5.61498356959181,1.12937274539371,947.6214173
"BDI",2011,-7.0862383102227,5.55046751555775,1.1058121727023,951.1884604
"BDI",2012,-7.03593340083596,5.46984070366095,1.08107490076073,958.6574029
"BDI",2013,-6.98472636162317,5.39538634155492,1.05698031271379,970.3753918
"BDI",2014,-6.93052026547116,5.32730795754646,1.03501548133423,977.7658403
"BDI",2015,-6.90801091227085,5.34944891753936,1.02024824888046,918.5571929
"BDI",2016,-6.87330242782169,5.32560621435689,1.01105963205213,897.4590464
"BDI",2017,-6.82635229025526,5.27307615157554,1.00614529953702,880.9934401
"BDI",2018,-6.75871826710442,5.165557311515,1.00257584741678,868.5555076
"BDI",2019,-6.69841228239197,5.07601698996743,1.00986348594042,855.7327201
"CPV",2001,-5.6851826773865,3.93278590288151,1.56329107206494,4540.907318
"CPV",2002,-5.76733722232998,3.55570389725654,1.25041936319767,4710.241049
"CPV",2003,-5.63733662592842,3.47606785389611,1.30886131441542,4841.265399
"CPV",2004,-5.5655138244953,3.14055156365849,1.25557423446503,5268.303125
"CPV",2005,-5.43642337531214,3.05667700268699,1.31480383444418,5565.769512
"CPV",2006,-5.36388573940828,2.72051700344155,1.25987861567391,5941.382181
"CPV",2007,-5.10102696401077,2.5058086398365,1.3418202489604,6767.406774
"CPV",2008,-5.1663668709506,2.30758130995616,1.26127625801915,7169.139442
"CPV",2009,-4.89596522795647,2.07784216841984,1.33457468558655,6994.574099
"CPV",2010,-4.78951792592997,1.86487485490225,1.32659336671149,7072.121502
"CPV",2011,-4.88217241255422,1.49423624184051,1.0070217950211,7325.784418
"CPV",2012,-4.73025975417106,1.19669524398107,0.983663344003955,7397.822207
"CPV",2013,-4.58075323834657,0.9104551278834,0.953452799577772,7440.662427
"CPV",2014,-4.43085802967006,0.626062109035885,0.923965924204531,7491.021982
"CPV",2015,-4.28207119194879,0.346534122789496,0.892375151821686,7560.136492
"CPV",2016,-4.13153921306369,0.0853585866835998,0.860786854393949,7881.303362
"CPV",2017,-3.97324060367692,-0.178237094409494,0.828517616996737,8234.560003
"CPV",2018,-3.81967859209036,-0.430174108406543,0.797688114174792,8531.129616
"CPV",2019,-3.6573542596166,-0.688926569077744,0.767710831100645,9111.629932
"KHM",2001,-5.99431325799265,4.00519696617557,1.56300678792966,2032.08092
"KHM",2002,-5.90616480500438,3.80923511234315,1.57904092203352,2126.341505
"KHM",2003,-5.78626755683766,3.73333712986226,1.6518633224132,2309.839315
"KHM",2004,-5.72295862502331,3.39697524807398,1.60838461812553,2491.3093
"KHM",2005,-5.59053075260152,3.44230340165849,1.70791421654495,2781.890289
"KHM",2006,-5.6533362919525,3.02449366840974,1.42188876269384,3041.104712
"KHM",2007,-5.56941839400916,2.64166059913099,1.36113368799549,3308.157472
"KHM",2008,-5.42713223656709,2.52439426919854,1.41077228198104,3501.925702
"KHM",2009,-5.35140950982999,2.32317196265321,1.3780712148264,3587.608896
"KHM",2010,-5.31555083704327,1.99880879690829,1.13835749143007,3711.537506
"KHM",2011,-5.21309698453368,1.78978540696346,1.11673337502204,3921.979116
"KHM",2012,-5.11278288136976,1.58755659508129,1.09087976809539,4159.163541
"KHM",2013,-5.00968068074246,1.38527451168025,1.06111330520648,4419.398868
"KHM",2014,-4.89916006164288,1.17644116675064,1.03134781473627,4702.730618
"KHM",2015,-4.78377257391546,0.963572994153384,0.999752133427266,4968.572767
"KHM",2016,-4.66153562624176,0.747374540157896,0.96884473155827,5283.729649
"KHM",2017,-4.54009784562343,0.390213304588821,0.903583639112125,5632.031256
"KHM",2018,-4.3873527658157,0.149950744378783,0.873262932494683,6050.590883
"KHM",2019,-4.24196138762878,-0.0786839970337918,0.85349622453722,6448.88456
"CMR",2001,-6.73684250746091,5.25506190041273,1.61174284520863,3884.873048
"CMR",2002,-6.69886865729665,5.3534547169082,1.66561955114954,3951.419362
"CMR",2003,-6.55464456382863,5.19056129386563,1.68715024426003,4054.781332
"CMR",2004,-6.71301879601516,5.18358298690175,1.60400220557267,4222.966387
"CMR",2005,-6.85059235888319,5.11036199071274,1.34460491348638,4199.72271
"CMR",2006,-6.83974746329934,5.08464014953148,1.3404292549829,4241.517447
"CMR",2007,-6.8228325411321,5.04570198754823,1.33495092654895,4302.619263
"CMR",2008,-6.80529821238251,5.00927481367608,1.32985168675242,4300.266404
"CMR",2009,-6.84789336218355,4.85753623426251,1.10156919663023,4286.577182
"CMR",2010,-6.82698971763145,4.81652975481441,1.09615324952734,4286.583029
"CMR",2011,-6.80514959587506,4.77535305840952,1.0897468294509,4307.851956
"CMR",2012,-6.76829301566442,4.70463101336949,1.08065314029696,4382.111208
"CMR",2013,-6.54375495389508,5.0332752958274,1.21200536825924,4473.572319
"CMR",2014,-6.69461023457136,4.56012859961543,1.06526496761988,4588.486495
"CMR",2015,-6.6588729031432,4.49317007150866,1.0597742628481,4698.666778
"CMR",2016,-6.61916906777232,4.42499894341661,1.0539794089997,4767.131861
"CMR",2017,-6.58244964049004,4.36722135493876,1.04856709492986,4797.975442
"CMR",2018,-6.54168806145804,4.29786882518917,1.04400492896773,4851.480039
"CMR",2019,-6.49683258411096,4.22149606650561,1.04036675192004,4882.3556
"CAN",2001,0.285508802385285,-6.28458177585232,1.3891141277169,48696.35793
"CAN",2002,0.36087746238216,-6.40222478602732,1.40711929291098,49615.72805
"CAN",2003,0.334645072561318,-6.43885969543244,1.22458836841995,50059.79804
"CAN",2004,0.250400086682867,-6.96877310620805,1.10260986504132,51128.98301
"CAN",2005,0.310246214181139,-7.35723199084598,1.03309881031541,52273.03316
"CAN",2006,0.454294307159352,-7.36171551929686,1.0971011265611,53110.91841
"CAN",2007,0.514265736568932,-7.59291686051232,1.0441895415665,53676.09551
"CAN",2008,0.565754396639418,-7.69901207610986,1.06588681095814,53625.99275
"CAN",2009,0.605225749938234,-7.78595589111776,1.05401687647753,51470.18058
"CAN",2010,0.696240547047183,-7.88077491612227,1.04668923879524,52474.59412
"CAN",2011,0.775390141391944,-8.00323085192477,1.03988188977442,53595.49193
"CAN",2012,0.857665517153827,-8.14718839112187,1.03017073734031,53948.60154
"CAN",2013,0.921769754055252,-8.2704014167737,1.01682470781647,54624.89588
"CAN",2014,0.964137192910913,-8.38152104658062,1.00316401975607,55634.58766
"CAN",2015,0.982447805299415,-8.49358557777709,0.982040796504888,55572.07153
"CAN",2016,1.02693334026036,-8.58658592143689,0.964087271562869,55517.44621
"CAN",2017,1.07667039534724,-8.67565813831736,0.948268168958422,56522.01467
"CAN",2018,1.1462852617342,-8.76821542510682,0.919283001571344,57246.02018
"CAN",2019,1.19267180947666,-8.8756445236177,0.90549430725225,57491.98205
"CAF",2001,-6.67543802042684,5.57567223460629,1.64428438574998,1272.857108
"CAF",2002,-6.54920151670556,5.45438306375224,1.68102435283321,1290.383149
"CAF",2003,-6.71749857674819,5.62682383920716,1.64973492031007,1191.873152
"CAF",2004,-6.73728137628164,5.65939265548426,1.664617982888,1236.285347
"CAF",2005,-6.76137767222479,5.69154343478782,1.67825710845697,1219.593945
"CAF",2006,-6.6296003927295,5.7326773156132,1.76933065151331,1251.870822
"CAF",2007,-6.58465909107202,5.91448972220358,1.85003030560882,1284.552836
"CAF",2008,-6.86558811854583,5.8518881064129,1.70742386349063,1283.272826
"CAF",2009,-7.44995253044083,6.25448349559923,1.23054469003008,1402.681648
"CAF",2010,-7.29629512521463,6.10983195608162,1.26891991169997,1479.413678
"CAF",2011,-7.32308980399168,5.99786699368716,1.23903281726744,1517.148391
"CAF",2012,-7.37267979113395,6.09377079275357,1.24581172081615,1577.980533
"CAF",2013,-7.26719379352656,6.80210374813468,1.42263903647123,996.8963559
"CAF",2014,-7.46188910805898,7.19795297841175,1.44274233008132,1001.855981
"CAF",2015,-7.40706138857842,7.08046026778254,1.44526620730356,1043.921717
"CAF",2016,-7.67189129151033,6.64801048222521,1.27439475986193,1073.944777
"CAF",2017,-7.79203731505642,6.8619551958715,1.27896354530154,1103.866093
"CAF",2018,-7.55060669289459,7.28869676683173,1.4464252341827,1125.700917
"CAF",2019,-7.81917469786605,7.77707439852427,1.4584815256611,1145.095637
"TCD",2001,-6.64778351922542,6.47571035185997,1.70106976201545,1176.598893
"TCD",2002,-7.02054960426165,6.49760295200727,1.51874111520711,1232.808655
"TCD",2003,-7.00971824379734,6.47016134651036,1.51556657133694,1358.900178
"TCD",2004,-7.02480467531191,6.31295683970195,1.45717878268395,1736.773829
"TCD",2005,-6.84367496010047,6.27946833607005,1.53330400449974,1957.288596
"TCD",2006,-6.73339183492674,6.54606868617636,1.66108674200748,1900.364045
"TCD",2007,-6.81260863663308,6.43123019906616,1.59303936679364,1896.081084
"TCD",2008,-7.01693349061124,6.26108966688824,1.11739408911629,1886.771575
"TCD",2009,-7.21205390100589,6.15973778800377,0.983241408327437,1897.333086
"TCD",2010,-7.21819349555455,6.1805465495441,0.989270416309422,2081.13938
"TCD",2011,-7.22031301335217,6.18368225872212,0.994007123099243,2010.61744
"TCD",2012,-7.22220559457818,6.18581940758303,1.00206479680164,2113.647531
"TCD",2013,-7.21370749001305,6.16181364323264,1.00416568348963,2155.785318
"TCD",2014,-7.20712413018988,6.14514852153158,1.00493965825794,2223.713834
"TCD",2015,-7.20662155763635,6.14911501658147,1.00625959489143,2213.656702
"TCD",2016,-7.20455442475172,6.13433843856479,1.00528301600658,2011.058934
"TCD",2017,-7.19927909679652,6.11090357781318,1.00380352424357,1887.502978
"TCD",2018,-7.18168132115319,6.06724493440924,1.00138128654869,1868.474148
"TCD",2019,-7.1706172024629,6.04534143375315,1.00122348565511,1868.019489
"CHL",2001,-2.56062256406777,-1.75846821207197,1.34036862396078,17893.67315
"CHL",2002,-2.67651011989637,-2.62226764882444,1.11102430458068,18264.05766
"CHL",2003,-2.55445405390367,-2.84052900849427,1.11349711762452,18927.59367
"CHL",2004,-2.42519451251223,-3.06127453457067,1.11291037199188,19988.09158
"CHL",2005,-2.30470833801703,-3.2728556171071,1.11720322048001,20945.88662
"CHL",2006,-2.34133131364135,-3.50996754581068,0.870116159106683,21997.26988
"CHL",2007,-2.23118896510885,-3.6966608761741,0.875985347575538,22908.80641
"CHL",2008,-2.12631419462692,-3.8729054102909,0.877391002229691,23540.52981
"CHL",2009,-2.03721252170281,-4.04245016148046,0.875421195521531,23043.68093
"CHL",2010,-1.93129092384896,-4.2241013631469,0.874533799856327,24148.31146
"CHL",2011,-1.81399743129699,-4.41508150614728,0.868876697682266,25399.44521
"CHL",2012,-1.67386964387299,-4.4749293185769,0.922898435115291,26705.3791
"CHL",2013,-1.59029296202196,-4.78783592299154,0.85671948471652,27327.05164
"CHL",2014,-1.48644699487147,-4.97861389904691,0.840789690466864,27541.02302
"CHL",2015,-1.38820106695001,-5.16402378227743,0.826226010858342,27847.74862
"CHL",2016,-1.28523845248346,-5.35519690311795,0.807183372966663,27995.29533
"CHL",2017,-1.1746422273356,-5.54453947398114,0.785906514365598,27929.47554
"CHL",2018,-1.08141794391592,-5.71254987263343,0.77009950508138,28529.9263
"CHL",2019,-0.998498598613129,-5.88222383295228,0.74927780682213,28255.44101
"CHN",2001,-2.86276530445993,-3.52387912077725,0.436488894492047,4290.302081
"CHN",2002,-2.52395099215856,-3.36089497582399,0.570037408035755,4650.896821
"CHN",2003,-2.33179769157929,-3.69844475089425,0.577754753017023,5085.977831
"CHN",2004,-2.1482018956611,-3.85871080376836,0.631884438443154,5567.190612
"CHN",2005,-1.98912529919213,-4.36553882743565,0.586827609290448,6165.18344
"CHN",2006,-2.07094179457626,-5.07033843779818,0.427874392238765,6910.757859
"CHN",2007,-1.95168429768264,-5.27909855899847,0.436618829089813,7853.096395
"CHN",2008,-1.8281355266774,-5.52695922838994,0.455145913540877,8566.964854
"CHN",2009,-1.6883840524033,-5.81981016282927,0.47366184130405,9325.650779
"CHN",2010,-1.58407288566217,-6.02265177388231,0.488981557069322,10267.80567
"CHN",2011,-1.48119376487864,-6.20045016211227,0.493627877460411,11187.1661
"CHN",2012,-1.35312281586922,-6.4548943873254,0.48091957226722,11985.31712
"CHN",2013,-1.24192984551251,-6.49973486571037,0.499685364207569,12830.36997
"CHN",2014,-1.1471184963597,-6.66556216623794,0.485655711813823,13696.51749
"CHN",2015,-1.04471226966516,-6.84190099408763,0.466840946344343,14575.93479
"CHN",2016,-0.907816811570494,-7.12250598199081,0.443032904466055,15485.21301
"CHN",2017,-0.796330593375932,-7.31229156899351,0.42359406727723,16461.06993
"CHN",2018,-0.650717284610922,-7.549244035477,0.385178332865924,17490.16673
"CHN",2019,-0.533287415987917,-7.72640990162775,0.359352224988337,18465.29895
"COL",2001,-4.56028229913137,0.689863800562836,0.963123578319363,10804.14776
"COL",2002,-4.4434712313051,0.503995884330314,0.993117779996324,10905.66446
"COL",2003,-4.13179346228379,0.837401357567616,1.17250196706411,11163.34671
"COL",2004,-4.2275509068598,0.125424916843336,1.00507327624872,11587.23669
"COL",2005,-4.11542426458906,-0.0665708583855349,1.00989205006008,11977.85528
"COL",2006,-4.00106050400445,-0.26620053665997,1.0140419781539,12614.08828
"COL",2007,-3.88515744986514,-0.466856151511758,1.01718006921383,13294.55122
"COL",2008,-3.76414585429962,-0.679254658831776,1.01629195023258,13566.82237
"COL",2009,-3.6492027855172,-0.895782749966538,1.01558857044862,13562.52099
"COL",2010,-3.53113507302134,-1.11825399691445,1.01304067079907,14012.03032
"COL",2011,-3.41068660278975,-1.34229303070645,1.01022484023472,14825.88198
"COL",2012,-3.2853875003975,-1.57285756602374,1.00655656160834,15252.22931
"COL",2013,-2.56072480772035,-1.79159236507916,0.923563688100873,15883.86895
"COL",2014,-2.43303857269665,-2.03539786428523,0.914389375636107,16450.97178
"COL",2015,-2.31667065273748,-2.28154676286406,0.903054407139532,16791.3806
"COL",2016,-2.1926863455626,-2.53515059092423,0.890159046458305,16972.92049
"COL",2017,-2.07126105593928,-2.79552280673766,0.876632060417315,16955.74023
"COL",2018,-1.96116478627703,-3.01913178412182,0.860591903823952,17073.62755
"COL",2019,-1.85426922634726,-3.22940750521575,0.845429017139204,17305.8529
"COM",2001,-6.2340714902749,5.5276910983513,1.81625752949849,3053.739655
"COM",2002,-6.45813418108743,4.86043634878914,1.59642188964383,3059.310156
"COM",2003,-6.39735081563624,4.88761475087703,1.48438900325701,3064.056573
"COM",2004,-6.53954142667135,4.83988164941897,1.41391565316198,3064.226386
"COM",2005,-6.29741305978902,5.26365440902507,1.59233290156132,3087.51662
"COM",2006,-6.08148689929897,5.12660572503645,1.6742918190408,3105.956859
"COM",2007,-6.13889646310004,4.73289871319966,1.60617725104199,3069.024727
"COM",2008,-6.35234002496912,4.35133345455471,1.39682381881279,3127.930799
"COM",2009,-5.95994379835557,4.58820508658591,1.44545560436897,3165.71371
"COM",2010,-5.81366480933516,4.56498409798551,1.50713945303018,3220.64298
"COM",2011,-6.21035770793111,3.7839771404909,1.14953705332489,3287.717244
"COM",2012,-5.94431284539846,4.01965438576213,1.27638774361105,3324.339491
"COM",2013,-6.05924976033653,3.32230956236353,1.0801614324912,3400.173129
"COM",2014,-5.78678186142012,3.1167407993219,1.12831544170253,3397.092588
"COM",2015,-5.39191651020825,3.57401988190702,1.34594824392693,3364.296229
"COM",2016,-5.48750600654924,3.38952227877019,1.23039547913074,3405.435199
"COM",2017,-5.59238881946078,2.70117212389329,1.04863184319097,3465.630556
"COM",2018,-5.35682765313984,2.5613298578196,1.12809452019969,3522.405016
"COM",2019,-4.58346200513131,3.10954004076175,1.40273422980054,3516.126685
"COD",2001,-6.21344519604848,5.4740305635303,1.78753898256307,841.0356514
"COD",2002,-6.41890391790154,5.11354644078829,1.65140959754158,839.7662083
"COD",2003,-6.24027749246752,5.53728023060604,1.7971317809024,861.0815743
"COD",2004,-6.24177286001565,5.53314227972831,1.80259420663906,892.4352911
"COD",2005,-6.25154205206318,5.54327907083276,1.80657342741511,918.5348424
"COD",2006,-6.27016685815645,5.57263708337822,1.8119657278579,938.0411641
"COD",2007,-6.63784102045527,5.02545126319371,1.38800700945669,967.0541529
"COD",2008,-6.65553065383824,5.04889670475775,1.39204140259432,996.7441181
"COD",2009,-6.729270108372,4.94542746168004,1.17222081673632,993.9977857
"COD",2010,-6.76820903147387,4.81826361131713,1.11659360811456,1031.250153
"COD",2011,-6.7495779858119,4.94792276940117,1.17562562464446,1066.579515
"COD",2012,-6.76170260234755,4.95707556632915,1.17528414089547,1104.664007
"COD",2013,-6.79802137953049,4.82481290000824,1.11493987709213,1158.28193
"COD",2014,-6.80918756496703,4.83788055248934,1.11118642617153,1225.702187
"COD",2015,-6.81743157066836,4.84213491490998,1.10556541162203,1267.905487
"COD",2016,-6.59931953082951,5.29209677686043,1.27162405013087,1253.158157
"COD",2017,-6.60921387289696,5.3126305683606,1.26536950802536,1253.187349
"COD",2018,-6.78435284234549,5.08124215628368,1.17614418070093,1282.482279
"COD",2019,-6.59985772304195,5.48191912656463,1.30921645755236,1296.947573
"COG",2001,-6.40946233015141,4.90812790891027,1.62721598091625,7567.439168
"COG",2002,-6.41476835978888,4.59027070317864,1.535086782586,7729.388901
"COG",2003,-6.37004599672562,4.51022707993956,1.53327708197522,7577.456305
"COG",2004,-6.31871108145332,4.41428286071938,1.53285449325895,7577.445973
"COG",2005,-6.25522921826295,4.44466200926993,1.56421876346883,7876.118067
"COG",2006,-6.1709567080849,4.47093811439485,1.61818133052199,8192.579797
"COG",2007,-6.10783176745993,4.32181791453105,1.4376399000259,7375.824541
"COG",2008,-6.23305880726537,4.27670103441294,1.35758599723579,7587.288262
"COG",2009,-6.24705037049002,4.07463515521312,1.13189270578174,8138.450338
"COG",2010,-6.23113551992404,3.8706713607752,1.07118373233112,8583.661798
"COG",2011,-6.19122958916783,3.8144013748213,1.06646480668903,8492.420984
"COG",2012,-6.16502911198863,3.64022333270032,1.03083712970434,9079.686564
"COG",2013,-5.92599236490222,3.85804833597322,1.20162160997893,8798.493825
"COG",2014,-6.09406896592662,3.72433757800897,1.06560390947475,9159.256644
"COG",2015,-6.07148508619804,3.70177792566701,1.06399406323754,8977.706816
"COG",2016,-5.82950515997468,4.19596350375912,1.25866835302205,8001.825519
"COG",2017,-5.83398368640739,4.03886536236564,1.20325128694364,7372.770467
"COG",2018,-6.01237294620139,3.47946850463181,1.03499650665604,7029.336516
"COG",2019,-5.80198356956011,4.01134884186838,1.21797373382991,6939.369134
"CRI",2001,-4.00986923959629,-0.410868395023583,0.935290643387478,14256.10224
"CRI",2002,-3.89413841174512,-0.623607006067299,0.944570867199763,14501.72916
"CRI",2003,-3.58438560644556,-0.299008068524743,1.1271207382765,14897.23293
"CRI",2004,-3.50961643559685,-1.04705825464343,1.03794055261977,15329.35327
"CRI",2005,-3.53503551587742,-1.119390382795,1.01899843247946,15710.17717
"CRI",2006,-3.45158299019537,-1.45392290446163,0.965239124958806,16626.7129
"CRI",2007,-3.33782907826461,-1.66173827620704,0.966329397271063,17750.64461
"CRI",2008,-3.22395638218341,-1.86574150175183,0.963003421235624,18341.26911
"CRI",2009,-3.11854610539336,-2.07601737897465,0.953923251362846,17939.71144
"CRI",2010,-2.98872992817221,-2.30904289254637,0.943300817059237,18668.3047
"CRI",2011,-2.86516779217448,-2.52916584622467,0.931094668273488,19262.53417
"CRI",2012,-2.74213352979761,-2.75839350381185,0.91982177923216,19968.69262
"CRI",2013,-2.60743612820359,-3.00967985095078,0.901508149223539,20240.27381
"CRI",2014,-2.47674433563155,-3.25105193907878,0.885089585853293,20733.12346
"CRI",2015,-2.33143394245318,-3.50021153863301,0.858896990177828,21263.19547
"CRI",2016,-2.19748189615151,-3.74094405237228,0.841185635560821,21934.27693
"CRI",2017,-2.06343997510044,-3.98997274624158,0.824865338361805,22631.50611
"CRI",2018,-1.92481066619954,-4.22629575557091,0.808292620134554,23014.41628
"CRI",2019,-1.61150034711357,-4.50610602637758,0.872584352825507,23374.02952
"CIV",2001,-7.38939437814023,6.25235412832932,1.36143988858881,4609.144694
"CIV",2002,-7.37321056819357,6.23307267333838,1.35514891462562,4368.928088
"CIV",2003,-7.36241746750422,6.22466487400251,1.34929867894021,4060.00038
"CIV",2004,-7.14431843340892,6.58109661620452,1.48493782046864,4088.945173
"CIV",2005,-7.11791983436815,6.54532425925861,1.48271842112467,4032.24588
"CIV",2006,-7.29149588927966,6.13340374525077,1.34115217977383,4049.26033
"CIV",2007,-7.26828105485511,6.10178632533787,1.34121842064453,3999.690957
"CIV",2008,-7.20126917130988,5.96738977153624,1.33906134422289,4096.723469
"CIV",2009,-7.15575496184713,5.62691835403765,1.10981537747907,4151.053609
"CIV",2010,-6.86296545489845,5.79903725441006,1.23821515871428,4338.652484
"CIV",2011,-6.93704402206325,5.1555423436151,1.07538257284458,4017.40782
"CIV",2012,-6.81082274833031,4.90898807188829,1.05316045604071,4234.180556
"CIV",2013,-6.67956119000994,4.65158525000726,1.02302126442616,4597.186352
"CIV",2014,-6.58726986709629,4.32272609636102,0.970379395436406,4907.574503
"CIV",2015,-6.54163837734422,4.2620498559344,0.964908941686718,5110.862408
"CIV",2016,-6.48543320271021,4.18824900724888,0.960231026052007,5320.846462
"CIV",2017,-6.42586966862371,4.10559355136471,0.95685798746502,5556.113663
"CIV",2018,-6.36458018433127,4.01764434052208,0.956723707646578,5670.200054
"CIV",2019,-6.30732952357869,3.93252075727467,0.959910445692898,5894.878747
"HRV",2001,1.20664448096648,-7.768108326505,1.42480149306734,22807.6006
"HRV",2002,1.04595556981901,-8.01170059203094,1.12921174663643,24116.99842
"HRV",2003,1.12274885403722,-8.15561510360983,1.13041253143196,25452.67538
"HRV",2004,1.41947121045751,-7.78559067899543,1.29688894311279,26506.7778
"HRV",2005,1.28227618418065,-8.42587226797736,1.12082688212778,27618.16982
"HRV",2006,1.35578666198497,-8.54723951831098,1.11675474037896,29014.75173
"HRV",2007,1.27951282757974,-8.69448121297141,0.859611747015923,30486.33487
"HRV",2008,1.69667513231212,-8.7247760289183,0.864503698995461,31090.17896
"HRV",2009,1.70285268394345,-8.79843115513467,0.874998541327897,29002.15204
"HRV",2010,1.78245735032118,-8.8997572294451,0.825831940221526,28680.21881
"HRV",2011,2.01102205930829,-9.03276486130393,0.892873778340755,28751.28019
"HRV",2012,1.92860627439685,-9.17436118363015,0.790158967279001,28236.90396
"HRV",2013,1.99587138373411,-9.32052888971518,0.771044535234797,28377.63341
"HRV",2014,1.47142977090786,-9.45926654488458,0.837066967068192,28436.62763
"HRV",2015,1.55709833763121,-9.6129501752325,0.827190496895363,29446.79396
"HRV",2016,1.66492690659445,-9.76743833387078,0.812105694762585,30798.75588
"HRV",2017,1.78785289710702,-9.97662414713269,0.806484798481212,32324.47507
"HRV",2018,1.93445861495638,-10.1851350435545,0.786703797236625,33702.3096
"HRV",2019,2.04226420081071,-10.3441135380369,0.779785065267332,35093.74336
"CYP",2001,-1.36116817114693,-4.31786972423628,1.01258410520097,37116.73438
"CYP",2002,-1.29187754138893,-4.43538203014443,1.01571295464066,38059.89453
"CYP",2003,-1.21951245011702,-4.53699123411902,1.0173600675838,38586.49609
"CYP",2004,-1.13970036181551,-4.65865107060416,1.02227751220999,39987.5
"CYP",2005,-1.040764539115,-4.80786062712015,1.01951328650529,41328.58594
"CYP",2006,-0.959084828851489,-4.95766823442682,1.0283923653429,42560.71484
"CYP",2007,-0.677970609231501,-5.14529450396313,1.09938818245989,43788.21484
"CYP",2008,-0.707948393730558,-5.30321931690923,1.01982509043148,44259.62109
"CYP",2009,-0.627964062094196,-5.49465395191756,1.01643328267168,42218.96484
"CYP",2010,-0.533860812211738,-5.71216103661825,0.993154374852607,42068.34375
"CYP",2011,-0.43114256243605,-5.93253553776951,0.973694123412556,41179.46484
"CYP",2012,-0.346726678871901,-6.1436310957191,0.938931251595456,39158.62891
"CYP",2013,-0.238852083538984,-6.3591372424029,0.904755596252738,36664.19531
"CYP",2014,-0.118305915580281,-6.58746178280851,0.873301101348097,36411.58594
"CYP",2015,0.00552920006838203,-6.82871768877212,0.845084266988304,37871.48047
"CYP",2016,0.152947999851435,-7.04767138726396,0.818929329482239,40176.29297
"CYP",2017,0.302677382569287,-7.2658849175667,0.799847634316316,42093.39453
"CYP",2018,0.470035909812207,-7.48553301416783,0.78914101953117,44190.98828
"CYP",2019,0.61879353825581,-7.7056346766696,0.779271357696405,46157.02344
"CZE",2001,0.164070102819369,-6.62685049555576,1.19451375858645,30372.42596
"CZE",2002,0.0574817750608698,-6.94727833218598,0.673612208018196,30891.63334
"CZE",2003,-0.442531452945827,-7.11812179976199,0.722030843522816,31920.45026
"CZE",2004,-0.302604805179547,-7.31965347972455,0.675212226495834,33422.1377
"CZE",2005,-0.170720160859685,-7.51546173276208,0.641199652254768,35503.66385
"CZE",2006,-0.0396911922442391,-7.71437984882242,0.608393093524267,37752.76155
"CZE",2007,0.034363890630007,-7.85538766507482,0.618245445157054,39593.22631
"CZE",2008,0.167148544792615,-8.02984473699219,0.59862032765468,40291.93142
"CZE",2009,0.281832771829986,-8.18940945526581,0.569750987979469,38140.67509
"CZE",2010,0.583801007135028,-8.50695077189389,0.639869615925204,39062.08878
"CZE",2011,0.744688336396865,-8.68269240259113,0.581735986071127,39672.31133
"CZE",2012,0.847967390959745,-8.8586621835751,0.565149103811312,39311.52404
"CZE",2013,0.96657369994088,-9.04872976166138,0.552390441367372,39282.05495
"CZE",2014,1.10107988295666,-9.24133620283464,0.537230192504654,40121.75897
"CZE",2015,1.1095175865296,-9.38600226674546,0.613561449906184,42028.59534
"CZE",2016,1.20729662428099,-9.54051726015462,0.620996235311196,43030.57986
"CZE",2017,1.32537720228593,-9.6902668648086,0.614291810280397,45136.73319
"CZE",2018,1.42055416867552,-9.81674459257043,0.630198950858886,46259.2782
"CZE",2019,1.50246489744705,-9.95226659776183,0.654695106479586,47720.49223
"DNK",2001,0.734299793228929,-7.81951868157082,1.25969804885124,57718.05957
"DNK",2002,0.801822374651628,-7.87102878117105,1.25402623309039,57796.6118
"DNK",2003,1.09039336504605,-7.53716548577661,1.39350186351436,57893.85575
"DNK",2004,1.01309049124962,-8.00867153238662,1.26425563902999,59347.62112
"DNK",2005,1.11308090774864,-8.11249067314015,1.27399224483618,60580.8735
"DNK",2006,1.20778400160683,-8.19805911840345,1.28522941162745,62686.57977
"DNK",2007,1.2811656123668,-8.24865804164055,1.3053641225783,63025.28884
"DNK",2008,1.36954235546651,-8.31816874665352,1.3183431146921,62394.68339
"DNK",2009,1.40084832179857,-8.35271368068835,1.32549084443931,58974.46714
"DNK",2010,1.45140616392761,-8.43312325933878,1.33589554118663,59642.45287
"DNK",2011,1.50302589935047,-8.52331760659926,1.35200147187758,60175.97037
"DNK",2012,1.54167326124497,-8.6470949323671,1.35598506932754,59946.71367
"DNK",2013,1.64803338631358,-8.76785140098873,1.31875208651015,60528.70391
"DNK",2014,1.69151547262735,-8.86885516790585,1.32064942963959,60992.21222
"DNK",2015,1.6197084399021,-8.93471534774626,1.35588573701973,61837.36078
"DNK",2016,1.63609344756704,-8.9815236079459,1.35024480117554,63242.18287
"DNK",2017,1.68046835921367,-9.04043845107747,1.33534025544702,64757.20669
"DNK",2018,1.74953418003752,-9.13675330190794,1.33098545449381,65635.44134
"DNK",2019,1.82362324277072,-9.25737825477441,1.30378647112787,66520.07087
"DJI",2013,-4.6346482264097,2.35202793897112,1.07637854508683,4446.413425
"DJI",2014,-4.55812866922527,2.19704948140377,1.07519820023115,4675.451817
"DJI",2015,-4.53720118406995,2.11307419081322,1.05872245889525,4940.631622
"DJI",2016,-4.4477483967145,1.93561153886338,1.05902970619646,5204.131084
"DJI",2017,-4.35960884781277,1.76511318403631,1.0612421982841,5398.750771
"DJI",2018,-4.26756913409043,1.59046363748127,1.06342114463126,5566.581289
"DJI",2019,-4.14866424875469,1.54218956893956,1.12011199257137,5784.448008
"DOM",2001,-5.06442836788041,2.35538601375814,1.16047388468483,10921.26062
"DOM",2002,-5.16961408813132,1.65886896517352,0.987870048325527,11242.07183
"DOM",2003,-5.06866443328947,1.62262290149018,1.02137510513311,10932.23509
"DOM",2004,-4.95646643910061,1.43958638569218,1.04437469827294,11060.15996
"DOM",2005,-4.85199796978292,1.26207579322689,1.0477033734188,11945.31574
"DOM",2006,-4.74309757613262,1.22195057374276,1.08284257690715,12879.06589
"DOM",2007,-4.68898530146653,0.795236903657624,0.994894668577115,13666.68769
"DOM",2008,-4.56477605635305,0.756709848655426,1.0518402730471,13932.23405
"DOM",2009,-4.47897915412963,0.599772798277176,1.05146068919213,13886.88427
"DOM",2010,-4.41710575203216,0.316156829124796,0.995748504613975,14853.63356
"DOM",2011,-4.32741241021717,0.153491850045575,0.994320107388317,15125.83851
"DOM",2012,-4.20652829551972,0.108572492045306,1.04763480596566,15344.33429
"DOM",2013,-4.14207948632319,-0.191848288399607,0.984719448050702,15897.56304
"DOM",2014,-4.04650177467329,-0.366379155590615,0.979848457247024,16817.64423
"DOM",2015,-3.95171107432519,-0.539110574073593,0.97247989615418,17777.01116
"DOM",2016,-3.85524365586379,-0.715084663433706,0.964244781102472,18751.28706
"DOM",2017,-3.75158948090066,-0.908813076774316,0.95478484478696,19414.00122
"DOM",2018,-3.64988832617297,-1.09581391921639,0.946708600433786,20547.6589
"DOM",2019,-3.54457413784565,-1.27854173577143,0.935761363451105,21363.86104
"ECU",2001,-5.01183246786633,1.72787700789756,1.2749652155282,9393.543068
"ECU",2002,-4.92905849424901,1.58191264104127,1.27164433686458,9685.621569
"ECU",2003,-4.90033176190133,1.31302377160371,1.04445469787591,9790.750945
"ECU",2004,-4.81697608840321,1.16114312095038,1.04116606331741,10277.99995
"ECU",2005,-4.7343077111017,1.00880747753912,1.03670927130597,10647.0864
"ECU",2006,-4.65266033968935,0.859635774265862,1.03354273855908,10920.03522
"ECU",2007,-4.573569191999,0.706636414375332,1.0299209477643,10939.34437
"ECU",2008,-4.47624573154553,0.689393089745713,1.06049486481688,11460.40539
"ECU",2009,-4.43647138408492,0.277130683422869,0.964900101150577,11389.49486
"ECU",2010,-4.34191008498902,0.106564803810463,0.957559585678238,11651.3423
"ECU",2011,-4.24655859951995,-0.0582356948979042,0.953306201272308,12433.75898
"ECU",2012,-4.14831374583951,-0.233427775562382,0.948461498272225,12945.07718
"ECU",2013,-4.03944640832189,-0.433043747943373,0.941620317078042,13672.30646
"ECU",2014,-3.93092124418405,-0.636702128071053,0.932343792984715,14047.49138
"ECU",2015,-3.82796293360225,-0.826997277545952,0.923710316361922,13864.48771
"ECU",2016,-3.72782216395617,-1.03072181979794,0.914319821901645,13569.7968
"ECU",2017,-3.62013067240454,-1.23126823892851,0.907271100186658,14161.70518
"ECU",2018,-3.34879427397871,-1.44844681894695,0.979402919511133,14066.17626
"ECU",2019,-3.41101126540829,-1.63882855775929,0.890716947255166,13853.42078
"EGY",2001,-4.60628352105775,2.50834106603097,1.05787637053246,10117.33318
"EGY",2002,-4.58928662730304,2.28847731809025,1.00272689745557,10143.50635
"EGY",2003,-5.1446456918209,2.18322582272721,1.0814440400279,10250.37655
"EGY",2004,-5.09833430208563,2.08306648815875,1.08086035589044,10451.82175
"EGY",2005,-5.03721452258969,2.12017069966884,1.11168763967677,10700.60904
"EGY",2006,-4.9892554362151,2.02878926560776,1.10767828799277,11211.83202
"EGY",2007,-4.94196938844885,1.94023733484494,1.10234821564501,11782.00607
"EGY",2008,-4.6993627764047,2.2412272696591,1.23506648874782,12391.58476
"EGY",2009,-4.85181643727679,1.62165805755851,1.05279405912371,12728.08146
"EGY",2010,-4.80547569525382,1.54117996742417,1.04388601909856,13128.98783
"EGY",2011,-4.74302186966596,1.41254394786861,1.03127561245455,13082.42637
"EGY",2012,-4.69663371753685,1.35288272568386,1.02034531560732,13076.80524
"EGY",2013,-4.64290209682471,1.25662472838198,1.00781861250177,13058.07482
"EGY",2014,-4.65535200932972,1.07909632780196,0.772619138974344,13136.36563
"EGY",2015,-4.39608789212361,1.53604121488925,0.935019775721026,13425.91196
"EGY",2016,-4.50089169962811,1.01757239248024,0.80605039766098,13727.32016
"EGY",2017,-4.44061489200572,0.917269975877944,0.797063278295348,14018.36059
"EGY",2018,-4.36197878956887,0.774874185876544,0.788744335587541,14488.20943
"EGY",2019,-4.27838436983189,0.639560808804188,0.780574151915985,15026.56824
"SLV",2001,-5.29482171018732,2.29925970198835,1.30472164683472,7580.323384
"SLV",2002,-5.25666380281014,1.81485061347736,1.01280084675625,7675.671062
"SLV",2003,-5.13442983757157,1.58448034309865,1.00480150261773,7780.271777
"SLV",2004,-4.98267362080795,1.48899480144017,1.05249365518233,7841.532379
"SLV",2005,-4.89904438571541,1.1607826018019,0.99232845592285,8050.534513
"SLV",2006,-4.78776237633495,0.949036599980315,0.989049010022484,8404.246749
"SLV",2007,-4.70233205694627,0.792997607273128,0.991418373947609,8548.834761
"SLV",2008,-4.63137379523085,0.671038953080356,0.99537746577402,8704.805846
"SLV",2009,-4.56495810181971,0.541461645373856,1.00112494904278,8494.498474
"SLV",2010,-4.49602326672982,0.411303649984702,1.01105656463935,8648.929827
"SLV",2011,-4.4263305094735,0.277218299373615,1.02221068920717,8943.061915
"SLV",2012,-4.3624951193925,0.14457024290721,1.03346358150785,9165.420348
"SLV",2013,-4.30225443715144,0.022519787445432,1.04323703557687,9327.564245
"SLV",2014,-4.24585375972775,-0.106743522082184,1.05239881827562,9451.744608
"SLV",2015,-4.18687408281402,-0.23518801162633,1.05793698843442,9646.154323
"SLV",2016,-4.11870967397994,-0.379009047832433,1.05729731908006,9863.761212
"SLV",2017,-4.04360669402425,-0.544906808531704,1.05061813339451,10064.79349
"SLV",2018,-3.95979801145527,-0.722947531036663,1.04004127566684,10297.20361
"SLV",2019,-3.86796848069987,-0.903909728428538,1.02528108311864,10543.93833
"GNQ",2001,-5.14849003886954,4.3159886643022,1.75337506896862,18031.96498
"GNQ",2002,-5.08772298979761,4.23338741713291,1.76515800130536,20242.43097
"GNQ",2003,-5.19670248659593,4.2759139410074,1.72951431017281,21709.57512
"GNQ",2004,-5.0179749964352,4.39915565368073,1.81403615146275,28225.98582
"GNQ",2005,-4.93860435151648,3.89026073791323,1.80132756352209,31302.95795
"GNQ",2006,-4.71331193227056,4.35634989943311,1.9782526980693,32251.76801
"GNQ",2007,-4.85254303262765,4.30996616085489,1.9013020552731,35540.44776
"GNQ",2008,-5.25947270808571,3.73404295987068,1.60925692224965,39994.61598
"GNQ",2009,-5.24357528172166,3.69625484094822,1.59230835183233,38706.60525
"GNQ",2010,-5.24867667796258,3.65886690954275,1.56711520595337,33668.87407
"GNQ",2011,-5.05030487340678,3.57343319564519,1.63013876747799,34341.93426
"GNQ",2012,-4.75713654220406,3.61130654418125,1.7660856089757,35711.49193
"GNQ",2013,-4.70174828187917,3.96136287729259,1.80218163495381,32894.36932
"GNQ",2014,-5.1156403957188,3.6129175109038,1.15014327537076,31765.89971
"GNQ",2015,-5.2835142488843,3.16155657396686,0.982027506047722,27797.79428
"GNQ",2016,-5.24428957924806,3.09811343365283,0.960070131728404,24435.06456
"GNQ",2017,-5.19700965181087,3.02382036527157,0.940300591838883,22250.43892
"GNQ",2018,-3.56906390386248,3.29749724008128,1.23247892226515,20165.47956
"GNQ",2019,-3.51069652651737,3.21156414359702,1.22300948694018,18446.59166
"EST",2001,0.054879791783231,-6.52878332930222,1.22412108676374,22079.37296
"EST",2002,0.149509191540829,-6.7164957508095,1.22373633561405,23760.16517
"EST",2003,-0.341561523035094,-6.92382432663005,1.30160973345407,25726.01556
"EST",2004,-0.434801269170551,-7.28913760233327,0.817866650645055,27640.30996
"EST",2005,-0.315813217424646,-7.49672426240148,0.814440414008436,30446.24547
"EST",2006,-0.212337397783829,-7.66601495737834,0.804727303117113,33616.21824
"EST",2007,-0.142857098094957,-7.78774302073338,0.816255072452067,36326.61503
"EST",2008,-0.0657296675348323,-7.89703083996033,0.799250812908383,34557.29807
"EST",2009,-0.0297199324976088,-7.97703086148072,0.773166432287,29558.41353
"EST",2010,0.0364020083726293,-8.09799488849418,0.752216472923342,30351.66007
"EST",2011,0.119928549572568,-8.22547152032425,0.735723589304726,32759.80609
"EST",2012,0.204361871731987,-8.37496154268501,0.719878184467447,34084.53872
"EST",2013,0.319593987027168,-8.55066229597084,0.695331509035563,34806.88649
"EST",2014,0.427021319042178,-8.71323262186922,0.665144077852752,36057.88551
"EST",2015,0.507638925257066,-8.8626480727637,0.634685220541002,36696.62263
"EST",2016,0.582346402149182,-8.97039876710642,0.610761271777391,37820.64294
"EST",2017,0.676697950771857,-9.09717864386619,0.596867433308697,39903.37248
"EST",2018,0.77360659488486,-9.17958723261379,0.577664360734718,41235.90819
"EST",2019,0.86324183683789,-9.2827296775891,0.568481116259887,42613.99878
"SWZ",2001,-7.05503697066538,5.64785767558103,1.42627650015678,6204.918018
"SWZ",2002,-7.02443742270749,5.5782914128847,1.42691366287009,6425.488312
"SWZ",2003,-6.99022176726269,5.51656684126199,1.42876152712856,6629.388227
"SWZ",2004,-6.96782712575127,5.46745648410698,1.42934141161385,6828.28546
"SWZ",2005,-6.93416646307691,5.40278337018163,1.42916563320254,7198.571024
"SWZ",2006,-6.9007738561511,5.3253319644513,1.42533492615668,7591.829356
"SWZ",2007,-6.83032898744944,5.35742117397831,1.47440477811418,7882.98487
"SWZ",2008,-6.59866926518487,5.62827356243042,1.57984517816294,7894.298165
"SWZ",2009,-6.7771026593383,4.82224847102812,1.17219871789987,7966.613216
"SWZ",2010,-6.68450951350135,4.62590238219027,1.15657246806391,8220.52001
"SWZ",2011,-6.60689087941642,4.4423183119047,1.13050849312915,8358.762525
"SWZ",2012,-6.50578210199376,4.22472933420251,1.10588356073792,8762.585479
"SWZ",2013,-6.40155321413426,4.01362581191775,1.08668335301827,9051.580844
"SWZ",2014,-6.28937805866603,3.78130392738522,1.06567930165615,9155.866975
"SWZ",2015,-6.17345958578535,3.53946643129886,1.04314009844323,9227.02409
"SWZ",2016,-6.05248944604155,3.30388998923696,1.02595443769655,9497.017029
"SWZ",2017,-5.90676068486529,3.19804734885596,1.04522993215869,9658.127716
"SWZ",2018,-5.77964012040209,2.9583627468683,1.02979908681793,9643.044796
"SWZ",2019,-5.64096089049116,2.70782090096553,1.01476395182935,10027.65275
"ETH",2001,-6.7292713247746,5.73973640778048,1.42890009767962,851.3133849
"ETH",2002,-6.72101701217063,5.7216257301835,1.42551180634867,838.2980041
"ETH",2003,-6.67029334202855,5.79984809600984,1.47845574343146,795.7720976
"ETH",2004,-6.66036836046028,5.77542939158272,1.47898426333103,877.1144501
"ETH",2005,-6.65175897248744,5.75197275880071,1.48034723677978,952.1156176
"ETH",2006,-6.65507052558762,5.56212862698226,1.42390519893046,1024.729067
"ETH",2007,-6.83024529973959,5.31645645632817,0.946647288708986,1109.143246
"ETH",2008,-6.79929058556411,5.23865347158161,0.949416941865213,1193.747222
"ETH",2009,-6.7576220084631,5.13693849296512,0.949676613987379,1262.463915
"ETH",2010,-6.72295891104362,5.04503440186721,0.95266053734273,1381.190376
"ETH",2011,-6.68632404889188,4.94677478861892,0.953668382898119,1492.533888
"ETH",2012,-6.63663317497599,4.82122354909303,0.949657636440031,1576.768677
"ETH",2013,-6.38620421290969,5.22440164029847,1.11837445688894,1696.865069
"ETH",2014,-6.53509661418794,4.72034225608456,0.976502785801463,1821.391524
"ETH",2015,-6.50366276335092,4.47744100180888,0.939367400518016,1957.414442
"ETH",2016,-6.25037304862619,4.87695428534599,1.1066071916304,2084.840449
"ETH",2017,-6.39049746297248,4.36536404570762,0.958104465637036,2222.828131
"ETH",2018,-6.15223185120337,4.64615474064898,1.08866183471292,2311.164998
"ETH",2019,-6.10182224897137,4.53156882587625,1.07860670804622,2437.970335
"FJI",2001,-4.99216151943037,1.41049194385629,0.983160407052072,9516.327745
"FJI",2002,-4.9408264314613,1.30546498673914,0.988687623767198,9724.100841
"FJI",2003,-4.84389171859363,1.29439726950358,1.04944324165818,9727.956469
"FJI",2004,-4.63543543553597,1.00995836696623,1.07578304058845,10148.87779
"FJI",2005,-4.53221019652958,1.41484229248914,1.1695034681378,10127.11153
"FJI",2006,-4.6633785051954,0.747889402631769,0.991104227626782,10222.1983
"FJI",2007,-4.59033379468679,0.604603887496346,0.982350108488998,10050.95095
"FJI",2008,-4.5152281589523,0.45371177503805,0.971467648620014,10092.18011
"FJI",2009,-4.44805541845429,0.323698070344676,0.961902710131335,9910.174367
"FJI",2010,-4.13588336852717,0.823918399474965,1.18170149232226,10167.34957
"FJI",2011,-4.28533095441311,0.0193931761092105,0.940905390457859,10412.99632
"FJI",2012,-4.22694991705716,-0.0818369007917512,0.931387607397918,10537.69197
"FJI",2013,-4.12010252114924,-0.117186365197494,0.951634788505546,11019.2983
"FJI",2014,-4.03549416796698,-0.416388372420281,0.9022034637121,11621.12948
"FJI",2015,-3.94729634123219,-0.57011655283834,0.887744157027688,12131.09156
"FJI",2016,-3.85943106392556,-0.727151231049982,0.878470719015828,12419.82567
"FJI",2017,-3.7492248558606,-0.764506556080029,0.905081173263149,13090.50064
"FJI",2018,-3.65715424603521,-1.05780922836395,0.86782349659228,13612.952
"FJI",2019,-3.55976843648997,-1.2230649504679,0.865374083603077,13567.47383
"FIN",2001,0.899805200548816,-7.80974787471507,1.36416907232323,48028.59618
"FIN",2002,0.966205921229612,-7.90385919969425,1.36722636549275,48720.76219
"FIN",2003,1.05130123899872,-7.98817946541887,1.37365377227511,49582.55206
"FIN",2004,1.14670677205185,-8.10835944949414,1.38683721444568,51419.0092
"FIN",2005,1.20905229995101,-8.20097015465005,1.39769541991908,52666.5149
"FIN",2006,1.3043913572018,-8.33458428745371,1.38428413079592,54573.64047
"FIN",2007,1.4008024892607,-8.56314629018098,1.39889414570156,57229.04176
"FIN",2008,1.47910725641453,-8.63573424337928,1.39277823966966,57410.06896
"FIN",2009,1.48512625850083,-8.69054038634967,1.37773581536837,52521.8287
"FIN",2010,1.53641095670902,-8.80366724145955,1.36244774119923,53938.54015
"FIN",2011,1.6131821423472,-8.90319819044199,1.34966585245575,54972.46297
"FIN",2012,1.64508298943258,-9.01398387946302,1.33899663725882,53878.351
"FIN",2013,1.71914309577455,-9.14157736770217,1.32177143537714,53105.24969
"FIN",2014,1.78022980120809,-9.27045431795473,1.29724163317756,52633.24942
"FIN",2015,1.78974420521831,-9.4061734692965,1.28573129119924,52704.89772
"FIN",2016,1.83258134154328,-9.51685332775754,1.27737577695147,53905.27485
"FIN",2017,1.93105196915669,-9.66448986718119,1.24032389988422,55555.44028
"FIN",2018,2.02820365898521,-9.83190535500812,1.2328655987356,56143.68533
"FIN",2019,2.10295209859613,-9.98915893608159,1.23166400563917,56838.81206
"FRA",2001,0.916924442531408,-7.51421570090101,0.945860540796923,46412.87167
"FRA",2002,0.98626807754247,-7.5969608220039,0.944214542350658,46568.64208
"FRA",2003,1.06532467490957,-7.67560463066236,0.946310106789496,46688.72715
"FRA",2004,1.16724948974934,-7.78717749616809,0.951980453346434,47677.29814
"FRA",2005,1.23614543977888,-7.87156884061635,0.958991549963757,48213.83637
"FRA",2006,1.28045613399041,-7.91971670905591,0.979887352094912,49178.74534
"FRA",2007,1.37772543238512,-7.99153111893632,0.963054685827193,50112.43698
"FRA",2008,1.60674092062831,-8.1795366903692,1.07836107221313,50023.03105
"FRA",2009,1.64243811378629,-8.22927282282609,1.0745414931577,48361.20372
"FRA",2010,1.67893356315573,-8.2912019123119,1.06894346162256,49086.00499
"FRA",2011,1.74771638955888,-8.37326161023576,1.06376543629925,50040.40141
"FRA",2012,1.78909585519232,-8.48465164909027,1.05479288390835,49890.48101
"FRA",2013,1.86230289167748,-8.5834856647822,1.05061112862353,50021.26618
"FRA",2014,1.9161511312908,-8.6722908493101,1.046006031706,50281.06851
"FRA",2015,1.95567451379542,-8.79096104908113,1.01749728475691,50637.07385
"FRA",2016,1.84309606842516,-8.87507451066861,0.932535208833926,50937.9815
"FRA",2017,1.90288725401411,-8.98320163001869,0.92893082513778,51848.64844
"FRA",2018,1.98091742080943,-9.1098767786632,0.929902837744975,52513.4342
"FRA",2019,2.03918473149505,-9.20997183485374,0.929804658490507,53400.233
"GAB",2001,-5.56910266077473,3.57224010955818,1.73141778931191,21604.78044
"GAB",2002,-5.72613260293541,3.55793932891255,1.64790426442073,20981.47986
"GAB",2003,-5.69548259200661,3.64816957962495,1.6774507806211,20875.45493
"GAB",2004,-5.48858568050632,3.99202811385053,1.81203745006933,20438.93071
"GAB",2005,-5.61135630745272,3.87393748706866,1.54850886186994,20385.28999
"GAB",2006,-5.58477052556564,3.81205852997773,1.53765493427444,19224.12687
"GAB",2007,-5.5384057563576,3.72743290860796,1.53008894975167,19751.87622
"GAB",2008,-5.50365109127802,3.64113288069296,1.51713680488332,18493.09211
"GAB",2009,-5.4584081546644,3.56064565749261,1.50301703224855,17911.14585
"GAB",2010,-5.51843601743657,3.21907899299245,1.21045485972745,18530.57609
"GAB",2011,-5.65252391133118,2.73105098039327,1.05673427547791,19153.08782
"GAB",2012,-5.4058488555172,3.01398189441972,1.18282813700749,19450.40271
"GAB",2013,-5.33980771388025,2.90363973506504,1.16599997591384,19836.45549
"GAB",2014,-5.28183017785395,2.79210887052066,1.1477965619752,20008.98998
"GAB",2015,-5.22585677420338,2.69575519418714,1.13441647129506,20147.71162
"GAB",2016,-5.16550179176034,2.60815628375076,1.1216949226676,19988.1756
"GAB",2017,-5.11074517819431,2.52659020939898,1.11287447365172,19555.70788
"GAB",2018,-5.05082594710715,2.44519630400063,1.1068485493741,19225.59826
"GAB",2019,-5.19144757310424,1.83760911614794,0.932815569695536,19491.40676
"GMB",2001,-6.82351292423532,5.14538627650671,1.09311420847461,2737.696108
"GMB",2002,-6.80138667810444,5.11694237622368,1.10198086047129,2578.557146
"GMB",2003,-6.78349848946929,5.08793269823113,1.11421898722858,2682.479933
"GMB",2004,-6.77011129748847,5.05893488397279,1.12863703748287,2794.193526
"GMB",2005,-6.7595545690167,5.03511422147907,1.14292257870117,2653.642392
"GMB",2006,-6.75404797115466,5.01470216064476,1.15751380272078,2564.68654
"GMB",2007,-6.74739839655618,4.98996907799457,1.16894041131813,2567.157288
"GMB",2008,-6.74712201014115,4.81641818605476,1.14486350470122,2649.611199
"GMB",2009,-6.74020054844546,4.78562891154361,1.15238047572943,2745.325406
"GMB",2010,-6.7276651868199,4.74013765502699,1.15499635264125,2824.212592
"GMB",2011,-6.70632504031291,4.83416343656219,1.18777430383128,2519.839833
"GMB",2012,-6.69907916680516,4.8015525028476,1.18616344793246,2574.935097
"GMB",2013,-6.68577950677719,4.75896753898204,1.17894636918919,2572.447289
"GMB",2014,-6.66629073475556,4.7012246304953,1.16929768169802,2465.109711
"GMB",2015,-6.63970753812348,4.63561717740321,1.15719021103186,2495.957416
"GMB",2016,-6.60545995942575,4.55626980460183,1.14304082180433,2478.460558
"GMB",2017,-6.56625919990792,4.46879817162516,1.12666607942634,2533.186837
"GMB",2018,-6.52024130556293,4.37423522153249,1.11059963747739,2651.432815
"GMB",2019,-6.47035057595,4.26949222127772,1.09556320937538,2750.821322
"GEO",2001,-1.65628716768902,-4.73478626297753,1.08924540797036,6074.08643
"GEO",2002,-1.56542582210706,-4.93093637569324,1.11508294244499,6464.325397
"GEO",2003,-1.470070590864,-5.13630451194259,1.13626869306081,7227.73706
"GEO",2004,-1.39481425747937,-5.30702893970814,1.15752162601819,7693.915254
"GEO",2005,-1.3463183894904,-5.41122704946619,1.17469641838576,8485.586705
"GEO",2006,-1.26903944110336,-5.5796020385624,1.18072032714733,9337.989064
"GEO",2007,-1.22470517561312,-5.66933211184002,1.18231515806734,10567.27472
"GEO",2008,-1.20137385250957,-5.69675708259715,1.17684298342839,10856.10313
"GEO",2009,-1.20323282779335,-5.69024721320408,1.17112256005351,10553.08964
"GEO",2010,-1.22164265129794,-5.72454503297901,0.961706356830325,11294.36859
"GEO",2011,-1.15049412621081,-5.85977067936938,0.935216342812329,12288.68289
"GEO",2012,-1.071397192043,-5.9843229728042,0.91068336840125,13193.9597
"GEO",2013,-1.00463940125125,-6.24937585219919,0.855593204529556,13913.00182
"GEO",2014,-0.952086816704503,-6.32203908854456,0.83578859338119,14475.31354
"GEO",2015,-0.932720235140549,-6.36305899642954,0.815918315610195,14936.84341
"GEO",2016,-0.89753852566551,-6.38028313713389,0.788077977807858,15442.95644
"GEO",2017,-0.862680400891528,-6.43475022564699,0.7637007036833,16237.62422
"GEO",2018,-0.826186851477044,-6.46760746061838,0.746066321223285,17228.67908
"GEO",2019,-0.790866238868707,-6.50549465003577,0.730680613246242,18186.88165
"DEU",2001,1.61494638284548,-8.95751062274802,0.629665690280991,50665.9397
"DEU",2002,1.70367205589562,-9.07882091411473,0.648961294722407,50465.34627
"DEU",2003,1.81882805642427,-9.2104336234927,0.67466868528856,50170.13223
"DEU",2004,1.94433919659007,-9.3929786737377,0.705676230322066,50764.31353
"DEU",2005,2.04446460303616,-9.56913991456704,0.73423746057531,51243.01829
"DEU",2006,2.25987074439535,-9.76467510015344,0.679507149446503,53278.87723
"DEU",2007,2.35460834579235,-10.0282767266582,0.761278372897116,54892.04569
"DEU",2008,2.45338816479663,-10.1498667034554,0.778484340029008,55497.20834
"DEU",2009,2.48104586814002,-10.214927727095,0.788310671877867,52552.78831
"DEU",2010,2.37808176963976,-10.2779204111804,0.761688159938124,54815.94316
"DEU",2011,2.46107434999865,-10.3903022233438,0.767509693770757,57940.05897
"DEU",2012,2.53309396333352,-10.5340716385829,0.748898269127453,58105.68066
"DEU",2013,2.63259491767625,-10.7023654335492,0.73621828260167,58171.13313
"DEU",2014,2.69915782609764,-10.7880312041145,0.704301600256685,59185.90759
"DEU",2015,2.68035914576362,-10.8522127362268,0.674450827186325,59645.49069
"DEU",2016,2.58174202947354,-10.6938265890928,0.706918905225864,60523.64685
"DEU",2017,2.62350414592456,-10.6985460496455,0.679601305428071,61935.58239
"DEU",2018,2.67744355568296,-10.7158787742732,0.662291690572096,62439.12943
"DEU",2019,2.72457480618218,-10.7418883966207,0.631972018331338,62913.91794
"GHA",2001,-6.32713965131256,4.38542167584132,1.52510973600021,3369.507025
"GHA",2002,-6.45292032845668,4.23356859720448,1.10468246979935,3425.618209
"GHA",2003,-6.3996528458665,4.12080559297163,1.10305463380574,3507.751057
"GHA",2004,-6.37487229167499,3.8824432664735,1.04290964152484,3607.365223
"GHA",2005,-6.32025952126094,3.7773051383201,1.04053956041836,3721.307857
"GHA",2006,-6.27359762484414,3.68296334917242,1.04004040986068,3857.861548
"GHA",2007,-6.22314357071953,3.58601845138991,1.03882482527054,3923.125678
"GHA",2008,-6.16061652083134,3.46793685270826,1.03130858254959,4174.781241
"GHA",2009,-6.09706777352691,3.35206751063412,1.02355981027034,4269.160059
"GHA",2010,-5.83801653383555,3.77802702038494,1.18978637521658,4495.689166
"GHA",2011,-5.99100864125232,3.17002097437474,1.01072984887572,5005.367325
"GHA",2012,-5.94203277976299,3.08197146749393,1.00347831726964,5339.713219
"GHA",2013,-5.88384665954888,2.99141583119375,0.996950867368009,5593.774819
"GHA",2014,-5.82467083490978,2.89097144248728,0.992024441268095,5619.072335
"GHA",2015,-5.76724970117898,2.79379228300857,0.985647385540379,5607.366357
"GHA",2016,-5.70980471953001,2.68719604102135,0.979647258062479,5666.077953
"GHA",2017,-5.64070642347767,2.57352755994397,0.973435479117382,5993.630852
"GHA",2018,-5.57044749359224,2.45785564781667,0.970442779555542,6234.512082
"GHA",2019,-5.49851186486269,2.3385322996905,0.970019942105783,6508.246523
"GRC",2001,0.931888207103246,-7.93527301969884,0.643067528559634,32646.4677
"GRC",2002,1.033115920958,-8.08172185840149,0.639245581322722,34050.3006
"GRC",2003,0.576715875397201,-8.29825618284238,0.714659015282451,35938.26962
"GRC",2004,0.725958969199435,-8.52273297078766,0.703366848461119,37777.39959
"GRC",2005,0.863526416609662,-8.72861174345501,0.687814452540362,38112.56863
"GRC",2006,0.999890882516908,-8.91982156347188,0.673965740679982,40446.65625
"GRC",2007,1.12436754074087,-9.10364037071792,0.678310332554229,41758.54929
"GRC",2008,1.4729202074224,-8.74088439928932,0.840115645755824,41671.78146
"GRC",2009,1.56920864883718,-8.90154721733136,0.834592144941894,39850.25112
"GRC",2010,1.41119136249472,-9.58360800125306,0.67372455469711,37532.87723
"GRC",2011,1.44972563902978,-9.73363749821761,0.684468011857142,33875.92068
"GRC",2012,1.4880779971299,-9.87973411722165,0.703765269597444,31222.05085
"GRC",2013,1.57571716834702,-10.0518885740387,0.717205496843044,30734.70703
"GRC",2014,1.66130343589559,-10.2308556692796,0.732441955099799,31185.23374
"GRC",2015,1.72310329308699,-10.3899698473594,0.756475524141263,31319.71243
"GRC",2016,1.79836925892236,-10.5140602296698,0.762430497107052,31440.24678
"GRC",2017,1.8269467315213,-10.5813419972592,0.780288658902439,31966.56293
"GRC",2018,1.72469546869576,-10.644861344103,0.701976497663037,32692.82783
"GRC",2019,1.91581068290764,-10.7196146001387,0.801754777463288,33472.54378
"GRD",2002,-0.829823142308723,-0.0601690006402568,1.88505924048958,11684.8592
"GRD",2003,-0.753403980963853,-0.412119015344867,1.85379209264466,12734.32509
"GRD",2007,-0.293465614913406,-1.17877004736336,1.97917047238071,14385.09185
"GRD",2008,-0.185838655518622,-1.40719887461269,1.97651133541637,14472.42289
"GRD",2009,-0.0872850076779148,-1.66206268192444,1.95128074756789,13471.83041
"GRD",2010,-0.00484180591823703,-1.98719015583586,1.89535243697793,13363.09203
"GRD",2011,0.0995860439664078,-2.07407202016053,1.88859042073926,13406.05988
"GRD",2014,0.738144704864685,-2.57911946544118,1.9929041103116,14296.70914
"GRD",2015,0.43349403821227,-2.87640933224163,1.71916326360263,15145.97202
"GRD",2016,0.578569689266628,-2.94928572042331,1.73941861411127,15650.41172
"GRD",2017,0.694341040481421,-3.15814384153882,1.67912832900165,16301.47244
"GRD",2018,1.35711553715896,-3.07970177074543,1.29051276741601,16975.2476
"GRD",2019,1.7102762545558,-2.79928048655367,1.44401633240281,17047.35493
"GTM",2001,-6.24921600004775,4.50380213325894,1.65777521015145,8774.205533
"GTM",2002,-6.22132759776982,4.44142735621635,1.65923001906848,8904.632008
"GTM",2003,-5.98748601349809,4.89891893109117,1.83275675434597,8929.257811
"GTM",2004,-6.15825110167026,4.29882760767087,1.65711708653443,9006.988444
"GTM",2005,-6.16316549175347,4.03906401157373,1.25655124750793,9102.887881
"GTM",2006,-6.30961946969514,3.82266887082781,1.11507711310061,9389.265298
"GTM",2007,-6.25969294347665,3.71509958962222,1.10855227132942,9776.204059
"GTM",2008,-6.20991722745466,3.60849385873473,1.10382112495458,9893.011377
"GTM",2009,-6.12986608046538,3.6192439562057,1.1525103064432,9744.096869
"GTM",2010,-6.10359000281713,3.37147589575802,1.08876500904776,9828.434507
"GTM",2011,-6.04183381850565,3.23983343748099,1.08085631836376,10035.57747
"GTM",2012,-5.97301851728332,3.10132304395692,1.07269708496793,10130.35015
"GTM",2013,-5.89569452667984,2.93945118910975,1.05959969021624,10301.42086
"GTM",2014,-5.82223608255136,2.78780431538535,1.04547111866075,10557.23442
"GTM",2015,-5.74648136488239,2.64266131996719,1.03568779120491,10789.70947
"GTM",2016,-5.66195454560384,2.47659646643654,1.02609041810717,10876.37511
"GTM",2017,-5.56965669576813,2.3003614250987,1.01549092733513,11009.28674
"GTM",2018,-5.48058332622417,2.13233549819535,1.00357830433102,11196.2644
"GTM",2019,-5.37454290027971,1.93461213366724,0.990531361370342,11470.36422
"GIN",2001,-6.24446480118253,4.85785965058414,1.46257161798189,2412.75162
"GIN",2002,-6.26511687222105,4.90236365878401,1.47074355093817,2498.131775
"GIN",2003,-6.27728729019366,4.9212717108117,1.47442372632575,2473.234183
"GIN",2004,-6.29081606078437,4.94510986794157,1.48049951649822,2477.502826
"GIN",2005,-6.31495371017294,4.98672375143834,1.48936510038886,2501.221605
"GIN",2006,-6.30695304008494,5.14340981365655,1.55512452869841,2478.613195
"GIN",2007,-6.46106723880716,5.24799294255159,1.34233825149491,2587.004889
"GIN",2008,-6.52280918581016,5.00966065174441,1.26061308679884,2629.539747
"GIN",2009,-6.58283911028736,5.03499037397848,1.07582036051912,2537.306458
"GIN",2010,-6.5956615873853,5.04198391968758,1.08024083807776,2594.830503
"GIN",2011,-6.61085161450661,4.89358392233746,1.0463925641317,2673.40873
"GIN",2012,-6.61227296958302,4.87100879828313,1.04506567680966,2762.903509
"GIN",2013,-6.60991748010125,4.84472337745229,1.04042080706612,2802.56007
"GIN",2014,-6.60403443481854,4.81612582191783,1.03373211573795,2834.966343
"GIN",2015,-6.59020027062742,4.77185542048552,1.02521027960198,2869.851572
"GIN",2016,-6.56871937070998,4.71250735938299,1.01497513888435,3099.788742
"GIN",2017,-6.54027465642299,4.79949144904885,1.03860610507315,3332.765762
"GIN",2018,-6.52704961041558,4.60526821583988,0.992325710303659,3455.645126
"GIN",2019,-6.49525415732347,4.53569440487249,0.979001239250772,3557.462339
"GNB",2001,-6.21829493995835,5.7368977348096,1.97012412897281,1969.588812
"GNB",2002,-6.40356563947535,5.74479417870638,1.86184611187645,1997.165821
"GNB",2003,-6.40093248588665,5.72889834902156,1.85447552169863,1946.910511
"GNB",2004,-6.45306070464304,5.56822255835929,1.79878498170037,1924.83546
"GNB",2005,-6.4560665572563,5.41284781674593,1.75548920936283,2003.560419
"GNB",2006,-6.26714045214983,5.34699578270512,1.82500967518872,2007.980094
"GNB",2007,-6.09004450133344,5.69276939093033,1.96772381134561,2008.736105
"GNB",2008,-6.31363342057758,5.53554997883498,1.80628384511164,2047.320463
"GNB",2009,-6.48819578359631,5.30190782754085,1.32084339996274,2044.777146
"GNB",2010,-6.67346456214858,4.71845696990682,1.11657324923369,2104.290964
"GNB",2011,-6.44538858421499,5.04166802367409,1.24970293408773,2215.403278
"GNB",2012,-6.4052680762491,4.96922606740711,1.24237668795015,2120.309547
"GNB",2013,-6.36319108637496,4.89519495461882,1.23616924083086,2131.830569
"GNB",2014,-6.28575058514021,4.93500776868693,1.2861121622381,2096.578973
"GNB",2015,-6.23561196734594,4.84068034667309,1.28195279332148,2168.716381
"GNB",2016,-6.1825525372328,4.73995777131219,1.27868844143816,2227.15683
"GNB",2017,-6.12529157202164,4.63120625337868,1.27358385628142,2277.642892
"GNB",2018,-6.06924435651479,4.5239786303033,1.27250452665267,2307.86961
"GNB",2019,-6.00898695570841,4.40942718802737,1.26732910996548,2379.604168
"GUY",2001,-5.30762714626066,2.00060718429147,0.955878583359259,8212.042952
"GUY",2002,-5.02745452017379,2.41355939074519,1.12945125161981,8314.027006
"GUY",2003,-5.14862330678366,1.75826204264764,0.955521592838214,8267.428838
"GUY",2004,-4.85533086601241,2.13555144169553,1.13062591985747,8404.199891
"GUY",2005,-4.96775907813637,1.46016088016517,0.962101992519754,8256.524923
"GUY",2006,-4.66630405408826,1.82001247666962,1.14250703532969,8702.331053
"GUY",2007,-4.7661121015274,1.1192317076817,0.979585291817496,9354.079874
"GUY",2008,-4.63706588886984,1.0705633216958,1.04851947254482,9546.70845
"GUY",2009,-4.57554839929048,0.780889050554028,1.00532107686525,9924.526286
"GUY",2010,-4.48718051091794,0.615422634142673,1.01784201879289,10374.39442
"GUY",2011,-4.40042421397971,0.452604150959542,1.0307753052798,10958.85953
"GUY",2012,-4.33768993066878,0.33374106934114,1.04782193008075,11534.99819
"GUY",2013,-4.25190390462317,0.509318296752598,1.15536978807578,11896.9066
"GUY",2014,-4.23988504555123,0.293606802064162,1.1121336526845,12030.05254
"GUY",2015,-4.20416799821546,0.211428494936419,1.12294220554876,12040.08214
"GUY",2016,-4.16847265478274,0.124662911751142,1.12919660581827,12420.47207
"GUY",2017,-3.93587168570769,0.425889230255411,1.2701406895605,12801.64044
"GUY",2018,-4.11307485244932,-0.042170042264473,1.11367200597513,12980.35718
"GUY",2019,-4.0547878530314,-0.00140345900068407,1.15420593362626,13402.42151
"HTI",2001,-5.53550973001941,4.47147209393542,1.65104391575695,3186.833911
"HTI",2002,-5.49847017359889,4.38848767624776,1.64829802339174,3163.589952
"HTI",2003,-5.45726894311492,4.29891022276135,1.64563179806272,3216.801645
"HTI",2004,-5.42956323605141,4.2386979379233,1.64285512486016,3120.84411
"HTI",2005,-5.36886421262215,4.10572426664836,1.640206933476,3163.113802
"HTI",2006,-5.32166756930285,4.00247484444031,1.63710386548677,3164.823729
"HTI",2007,-5.27003725183819,3.89634899408469,1.63318018535555,3258.366337
"HTI",2008,-5.05330618149255,3.77610143477607,1.70843856012062,3289.70539
"HTI",2009,-5.16622610715048,3.67800755426882,1.62366993251378,3426.389123
"HTI",2010,-5.31213157319545,4.02761019586179,1.65265812428179,3195.248207
"HTI",2011,-5.07447946988892,3.49130488102489,1.61084718909582,3320.346806
"HTI",2012,-5.008406133245,3.35553819111795,1.60402623859177,3285.707546
"HTI",2013,-5.146845909523,3.0500458857765,1.11739919209612,3376.63982
"HTI",2014,-5.10528410169619,2.78367445062935,1.05098836466408,3423.653177
"HTI",2015,-5.03115117357832,2.64488683587897,1.04148630434351,3422.097486
"HTI",2016,-4.95813387153756,2.50565305717974,1.03176304294263,3435.731224
"HTI",2017,-4.87769047901157,2.35289743378119,1.02217760840183,3474.346929
"HTI",2018,-4.79595715468535,2.20400801865977,1.01247268118317,3485.696875
"HTI",2019,-4.71504102810779,2.05079941327378,1.00218047559128,3381.584787
"HND",2001,-6.37682360428067,5.00347873517059,1.34072221245252,4578.947879
"HND",2002,-6.33018139532398,4.90269148952395,1.33249894582075,4627.022787
"HND",2003,-6.4695801978537,4.40360868333136,1.18373192323754,4714.86701
"HND",2004,-6.41382560112468,4.29004360589295,1.17393596913529,4885.342583
"HND",2005,-6.35047587754769,4.16789567781684,1.16359662091784,5056.675444
"HND",2006,-6.29187898479888,3.8977446715829,1.11753503108621,5263.150291
"HND",2007,-6.21623875534651,3.75308116544428,1.1050899825751,5461.901519
"HND",2008,-6.13809382556812,3.60617208782145,1.09357926753343,5566.706395
"HND",2009,-6.04468291095584,3.58265038663878,1.11553733736561,5313.75574
"HND",2010,-5.97408186650366,3.28973322840427,1.07167233650858,5396.072279
"HND",2011,-5.87851023866591,3.11081274047804,1.06219096505733,5488.433716
"HND",2012,-5.80990376063569,2.80063063352353,0.995608570529493,5600.607761
"HND",2013,-5.7113476741827,2.61185166177716,0.987291474120755,5644.133848
"HND",2014,-5.61112860634906,2.41846434254706,0.979960588989723,5705.162463
"HND",2015,-5.50807135406669,2.22317749777044,0.974378934619645,5812.534888
"HND",2016,-5.3997254419868,2.021929935462,0.968560153444648,5926.490255
"HND",2017,-5.2960287020586,1.82332421241725,0.963727989998954,6099.607349
"HND",2018,-5.17636157282101,1.76030465857222,0.992456704274626,6219.279738
"HND",2019,-5.0853089586629,1.43378127045304,0.953770747715456,6264.018843
"HUN",2001,0.600463023626069,-7.05729585925961,1.22608987687716,23076.49864
"HUN",2002,0.670518605415249,-7.17638055953537,1.20644830203481,24239.54583
"HUN",2003,0.756411208675417,-7.30411155018419,1.1842980984905,25299.48793
"HUN",2004,0.841006309410023,-7.44164562593058,1.15982043348244,26624.52329
"HUN",2005,0.937008594057599,-7.59907760775143,1.13218011445717,27823.13357
"HUN",2006,1.01784584717123,-7.73080414880871,1.10726069162889,28966.12296
"HUN",2007,1.09158042780244,-7.86294181632713,1.09086440525661,29091.49935
"HUN",2008,1.1884296832721,-8.01143198506318,1.07271928387563,29435.05634
"HUN",2009,1.25293130340091,-8.15012585543576,1.0582433250649,27535.59244
"HUN",2010,1.34810385922387,-8.30126574953622,1.04719529315671,27894.92057
"HUN",2011,1.50418643302498,-8.53730846856755,1.04752336085787,28496.30636
"HUN",2012,1.64138637340483,-8.76248329634801,1.05058500378669,28285.73977
"HUN",2013,1.7182171758008,-8.8915414652359,1.05673269525633,28874.99983
"HUN",2014,1.78921411460294,-9.01551688869074,1.06615975326812,30178.23477
"HUN",2015,1.25798893783679,-9.17361265012144,1.15421645819948,31371.56746
"HUN",2016,1.3423538442339,-9.31215356308477,1.16209847307707,32156.81453
"HUN",2017,1.40927732828492,-9.43601812999986,1.1736031199995,33619.80916
"HUN",2018,1.48089900120622,-9.55473197667087,1.18449250780057,35467.56019
"HUN",2019,1.5565048544508,-9.6949920118643,1.18999899868505,37209.61805
"ISL",2001,-0.643370683229004,-5.08254586860045,1.30495877103747,48989.56981
"ISL",2002,-0.537025664207685,-5.19307033279568,1.30887230994617,48825.90668
"ISL",2003,-0.438310235015492,-5.33488329565973,1.35489420350592,49527.92371
"ISL",2004,-0.281980493327011,-5.49906375097412,1.36009245262477,52925.59162
"ISL",2005,-0.131383195643903,-5.67015640903348,1.35976726878029,55284.92391
"ISL",2006,-0.0615365875177147,-5.80696334609776,1.35440938575106,57413.58625
"ISL",2007,0.0431456406006526,-5.90460063953426,1.35841244443337,60712.15828
"ISL",2008,-0.00621767101637681,-5.89661984728546,1.31851037114555,60910.32283
"ISL",2009,-0.0684556082968472,-5.9175407889335,1.30775224106333,56050.67653
"ISL",2010,-0.0259081121996164,-6.01736357621527,1.29263938836077,54541.31717
"ISL",2011,0.0563016220803717,-6.13372821917207,1.29345334524326,55378.60667
"ISL",2012,0.133173909996582,-6.26299895572855,1.2852157120154,55670.62052
"ISL",2013,0.194205184114936,-6.39048991646126,1.32497284561564,57657.04612
"ISL",2014,0.294545930734362,-6.50439549761455,1.29345098850239,57981.19945
"ISL",2015,0.366480822259211,-6.67209495262052,1.29349446325137,59925.97314
"ISL",2016,0.555076830580435,-6.83656012013222,1.23785421438895,62825.37103
"ISL",2017,0.671441555637834,-6.94508808650774,1.20879564476287,63943.29205
"ISL",2018,0.769265829469125,-7.09228630880316,1.19353940082395,65297.2102
"ISL",2019,0.799885351580563,-7.21011107583529,1.19392666353339,65065.90568
"IND",2001,-5.22835272236926,1.4294415498525,1.1012242983146,3188.81024
"IND",2002,-5.19267749664624,1.37733416961514,1.09470482229156,3250.695655
"IND",2003,-5.1487136104106,1.0794167847935,1.02778132161832,3445.925924
"IND",2004,-5.01293803856752,1.19073127053007,0.895974847641097,3656.126207
"IND",2005,-4.95346699237378,1.09743748855981,0.881256018450415,3881.96618
"IND",2006,-4.85655930486413,0.850891532717019,0.865385457710722,4129.77837
"IND",2007,-4.97147238750945,0.517399458188099,0.770992113152472,4379.696044
"IND",2008,-4.90393743113149,0.366075995864113,0.760344770259058,4450.390229
"IND",2009,-4.82485756537227,-0.0344054315962748,0.685299408564158,4731.361605
"IND",2010,-4.73304132741975,-0.248911216726444,0.667303978967486,5059.282711
"IND",2011,-4.66305682659296,-0.390169568934224,0.653077102664439,5249.549257
"IND",2012,-4.58191989180954,-0.564271824799701,0.638634084530668,5460.437686
"IND",2013,-4.54914853852758,-0.875571043960883,0.397598479271907,5732.241891
"IND",2014,-4.45381518798717,-1.07300035555326,0.379373169470899,6079.843935
"IND",2015,-4.36179758235182,-1.2401170624945,0.361531729866544,6488.146029
"IND",2016,-4.23312908087574,-1.54605905543911,0.343974663104422,6940.625889
"IND",2017,-4.15087171190293,-1.70267222024447,0.331148743204429,7326.606937
"IND",2018,-4.06322811828569,-1.86239880688968,0.318227008261652,7714.339747
"IND",2019,-3.97483552686889,-2.01810520896474,0.306148669224446,7930.09113
"IDN",2001,-4.56357060978364,0.399215947743103,1.04336274638346,6190.51954
"IDN",2002,-4.46424407111485,0.21583779787512,1.03613166259676,6381.949552
"IDN",2003,-4.36543929286923,0.0364034849790256,1.03008384695919,6599.091936
"IDN",2004,-4.29011060677318,-0.0940354912123857,1.02764928058204,6843.54655
"IDN",2005,-4.16836377385902,-0.316656545833794,1.02048998325224,7140.854564
"IDN",2006,-4.0441149752363,-0.355394197584795,1.07362148365409,7434.487854
"IDN",2007,-3.97922814507006,-0.643546758111148,1.0128265937874,7802.464069
"IDN",2008,-3.88659059810118,-0.803720828049027,1.00919583122554,8165.061551
"IDN",2009,-3.7939644407944,-0.964387900412516,1.00519021697009,8435.455747
"IDN",2010,-3.70302593445768,-1.11454100867715,1.00307703648205,8848.224737
"IDN",2011,-3.61346911022825,-1.26204086954933,1.00197926735774,9274.969552
"IDN",2012,-3.52836283555436,-1.40513714659102,1.00234775246017,9708.611825
"IDN",2013,-3.5019277415426,-1.66747389825732,0.77736471696447,10121.81415
"IDN",2014,-3.41829000804691,-1.80958399016897,0.775065325835258,10504.38694
"IDN",2015,-3.33755511057582,-1.95015091755583,0.773357246611308,10893.66211
"IDN",2016,-3.25694854015947,-2.08939091017634,0.772355514846015,11319.66343
"IDN",2017,-3.17654503180022,-2.23182413660131,0.771935731590026,11772.57433
"IDN",2018,-3.09354269553811,-2.37898282762182,0.771707214523871,12262.23103
"IDN",2019,-3.00731681671101,-2.53065595610841,0.770449794616043,12757.78509
"IRN",2001,-5.05250719168468,1.9741437326169,1.14252573892982,10998.12851
"IRN",2002,-4.97105666740606,1.82449631675628,1.15885557584768,11788.89502
"IRN",2003,-4.81859952233934,1.4052749090223,1.15578546058134,12666.20116
"IRN",2004,-4.69258294050952,1.09668391292311,1.13131741741052,12935.78591
"IRN",2005,-4.56471801306082,0.810079802806181,1.09901754061117,13056.24994
"IRN",2006,-4.42921135043621,0.526387917063444,1.06658830399317,13416.84151
"IRN",2007,-4.29510392866309,0.302794127763165,1.03976720323325,14275.7488
"IRN",2008,-4.1321558682315,-0.00863598295587422,1.01618593609602,14138.80105
"IRN",2009,-3.95769896925843,-0.31201193545498,0.987836711178187,14104.9783
"IRN",2010,-3.77929246441328,-0.612264957209789,0.95446195444268,14737.15585
"IRN",2011,-3.60167738197667,-0.908277671094179,0.917005349758274,14941.25949
"IRN",2012,-3.43791169867647,-1.20882609215961,0.877533144313264,14202.55076
"IRN",2013,-3.28347577644138,-1.50585891193165,0.841269162402746,13804.7913
"IRN",2014,-3.10181981602715,-1.79834431472872,0.800012504357472,14299.57177
"IRN",2015,-2.97584273738304,-2.20295177663082,0.537602361766963,13905.19212
"IRN",2016,-2.7744661913206,-2.50449892930239,0.508044135584308,14915.59412
"IRN",2017,-2.24820207434197,-2.63549226049817,0.496075388189422,15108.10941
"IRN",2018,-1.87024434294521,-2.36621459295266,0.649001086445316,14642.49757
"IRN",2019,-1.89927179076808,-3.04111738212076,0.50519050468182,14040.66465
"IRQ",2001,-1.54592928169269,7.57185621949954,1.28116233488743,12529.60841
"IRQ",2002,-1.41475261523991,7.65188753982327,1.30125118756116,11144.05053
"IRQ",2003,-6.45941973413112,4.42245348665236,1.28057668053055,6849.332008
"IRQ",2004,-6.40371849182091,4.34535545155217,1.28100976743126,10210.5631
"IRQ",2005,-6.15913343024247,4.79442181958794,1.4520807454625,10078.44376
"IRQ",2006,-6.1785012555289,4.9194339283038,1.45634177025732,10568.91377
"IRQ",2007,-6.3054502535554,4.2542858934354,1.28496612245388,10853.8161
"IRQ",2008,-5.96988553318069,4.46949137207064,1.45991824680735,11511.93876
"IRQ",2009,-5.91117225183042,4.39056301040728,1.46515903900825,11470.51781
"IRQ",2010,-5.87237657034423,4.32068709542997,1.47165954061227,11816.84102
"IRQ",2011,-5.82855133757983,4.23110342322265,1.4789259983477,12267.58489
"IRQ",2012,-5.81603212354343,3.97013863278389,1.25953359500218,13357.01439
"IRQ",2013,-5.78119738976723,3.92667299261223,1.26435876305036,13712.93171
"IRQ",2014,-5.75071077745725,3.89173881567979,1.26549009992131,13536.82277
"IRQ",2015,-5.70317864825237,3.7896084101711,1.2624728507473,13516.0272
"IRQ",2016,-5.66446454499595,3.73288535480658,1.26095884126945,15016.09206
"IRQ",2017,-5.58676412523688,3.57897657115826,1.25514523818383,14417.63069
"IRQ",2018,-5.50081554337709,3.41436616313883,1.24922517502572,14456.23571
"IRQ",2019,-5.43145129670702,3.29031950901334,1.24446227361782,14910.22503
"IRL",2001,-0.494805763495653,-4.81805906257742,1.22897927694809,55651.91496
"IRL",2002,-0.395681943621,-4.93475653179277,1.21415452152848,57950.20365
"IRL",2003,-0.264246503331841,-5.05423064097467,1.20016137062798,58732.17627
"IRL",2004,-0.13980821651133,-5.19871099270466,1.20115347574086,61582.71676
"IRL",2005,-0.0519797129904746,-5.28703811666069,1.19872471404647,63714.05841
"IRL",2006,-0.026000777619442,-5.29698849767943,1.18837547037723,65112.7034
"IRL",2007,0.0197276137429678,-5.27730684474677,1.18107227374303,66616.30529
"IRL",2008,0.0993610309694533,-5.31131009244441,1.17157987280625,62345.1042
"IRL",2009,0.200671045974902,-5.43970704347152,1.14473464877369,58570.22629
"IRL",2010,0.200645896646423,-5.72213834957447,0.863461860904142,59232.31845
"IRL",2011,0.358857938809756,-5.92253131260171,0.853664936113613,59946.94256
"IRL",2012,0.476829317220648,-6.12570430976638,0.842827029927426,59455.30554
"IRL",2013,0.629546770824698,-6.18786161207195,0.87793654701318,60439.58263
"IRL",2014,0.748398502628638,-6.52879952257157,0.85921933053204,65600.94165
"IRL",2015,0.869971580139211,-6.75956305228319,0.891458468398509,80980.22341
"IRL",2016,1.02033479301671,-6.92331294554754,0.864265068209019,81050.21302
"IRL",2017,1.12966423767839,-7.08017545658925,0.896111068511316,88229.67586
"IRL",2018,1.24359747843212,-7.24109848983097,0.914671867060617,93717.75624
"IRL",2019,1.35393174618717,-7.3853616943865,0.94674627603876,97104.49683
"ISR",2001,-2.11690639513474,-2.87414708827929,1.22413124429567,32405.23624
"ISR",2002,-2.08546107486069,-2.94388779831936,1.20435331566913,31720.52658
"ISR",2003,-2.03830577578994,-3.0181706481602,1.18275010831884,31609.35414
"ISR",2004,-1.97482892678976,-3.09880139897466,1.16636544022876,32508.71553
"ISR",2005,-1.92374529427899,-3.16762690189893,1.15524475311395,33287.11009
"ISR",2006,-1.86889152528543,-3.2500149240458,1.14137272891839,34529.04034
"ISR",2007,-1.80233497635549,-3.31038584568934,1.12894749105372,35964.20938
"ISR",2008,-1.74171804437145,-3.35651327618399,1.11617646992255,36491.88481
"ISR",2009,-1.70204438881129,-3.41566908040102,1.10431192070107,36024.85611
"ISR",2010,-1.629700904943,-3.49017707634587,1.09174248566361,37365.33458
"ISR",2011,-1.5707046420626,-3.55233013491947,1.09226849001829,38721.64243
"ISR",2012,-1.52474335102284,-3.62507858253184,1.09122324337645,38979.18529
"ISR",2013,-1.4594358431585,-3.69741638804576,1.09120937697281,39877.12405
"ISR",2014,-1.40895992941465,-3.76551013422369,1.09300469364819,40638.8637
"ISR",2015,-1.39438902723655,-3.82045876714395,1.10544282976432,40763.35438
"ISR",2016,-1.34257992483296,-3.87509078263248,1.10686199991754,41717.72409
"ISR",2017,-0.833718463989127,-4.04932103372337,0.402782795500369,42665.26566
"ISR",2018,-0.786737469502923,-4.10465866738287,0.40416118473991,43556.34914
"ISR",2019,-0.750143314740072,-4.16011894855863,0.415079638411322,44350.24729
"ITA",2001,2.16967977886581,-9.51906266943913,1.04403060484694,51288.46578
"ITA",2002,2.29734469145534,-9.71820749189915,1.02969270573648,51350.38242
"ITA",2003,2.43847404329063,-9.9193799348045,1.0206124254721,51156.65686
"ITA",2004,2.74790922476808,-10.0997811828492,1.09490820997461,51575.84467
"ITA",2005,2.87107163511198,-10.2721851956507,1.09666494781356,51714.32052
"ITA",2006,2.99471241642132,-10.4241839610454,1.09924986121153,52486.9175
"ITA",2007,3.10042965255678,-10.5799762344769,1.10836543253627,52986.20769
"ITA",2008,3.19251793580129,-10.6396536270238,1.11221959775302,52097.80773
"ITA",2009,3.21797189056693,-10.7033964550399,1.13193316359985,49109.67799
"ITA",2010,3.28401572799655,-10.8056192800234,1.13784298657422,49707.48566
"ITA",2011,3.3379752025407,-10.8837828330523,1.16204047855149,49967.17626
"ITA",2012,3.38253232953857,-10.9876721189756,1.16105900803403,48275.28536
"ITA",2013,3.43190923805756,-11.0774298601514,1.16877261142282,46851.34356
"ITA",2014,3.73598167996843,-11.0802749331772,1.32584777328165,46422.80236
"ITA",2015,3.52350038253431,-11.3095717173492,1.1790768350164,46879.11261
"ITA",2016,3.58374182964875,-11.4144624509655,1.18503935433849,47539.33529
"ITA",2017,3.636808695154,-11.5072886542821,1.187342681048,48374.16335
"ITA",2018,3.8071520670029,-11.6399135002267,1.10306917087542,48866.83666
"ITA",2019,3.86982805436279,-11.7530243959902,1.10073207630599,49645.69632
"JAM",2001,-4.36411386607921,0.93947914896323,1.51107867264497,9585.31492
"JAM",2002,-4.45870928243495,0.824925248064416,1.43696621811987,9716.895556
"JAM",2003,-4.58843468934246,0.517760620906085,0.96304281764674,10012.28705
"JAM",2004,-4.5068863397671,0.382598363149741,0.971771709083102,10085.59085
"JAM",2005,-4.42770457542022,0.237771628939109,0.978853438698672,10119.53379
"JAM",2006,-4.10988578294679,0.728709530285097,1.21422399155825,10359.31605
"JAM",2007,-4.24184261082359,-0.0942453395068011,0.986561159520455,10457.97203
"JAM",2008,-4.13710767104162,-0.288080050241954,0.988054509207573,10328.0398
"JAM",2009,-4.03601347544761,-0.499778981263946,0.985211720522006,9838.251077
"JAM",2010,-3.9206930878729,-0.71892147719336,0.979759479867407,9654.072383
"JAM",2011,-3.8043405997782,-0.942840777875094,0.97320069226769,9778.694535
"JAM",2012,-3.67837253121912,-1.036692771542,1.00049366747823,9676.847571
"JAM",2013,-3.57432101059578,-1.39829836259327,0.957226467541133,9687.608303
"JAM",2014,-3.45441506696696,-1.6272021617794,0.94473493309709,9719.303898
"JAM",2015,-3.32917084918905,-1.859018467804,0.928830837641051,9778.118542
"JAM",2016,-3.20112268924646,-2.09929348921322,0.912708216629545,9886.551392
"JAM",2017,-3.06294901124474,-2.35263732311723,0.89391863184015,9964.391022
"JAM",2018,-2.91938892780461,-2.61604611595905,0.873714163843591,10137.11105
"JAM",2019,-2.77145298732079,-2.88465332146241,0.856456986589153,10216.06554
"JPN",2005,3.01978790386514,-9.4565681998035,1.9876154191307,41114.37861
"JPN",2006,3.15591687381087,-9.70575901199208,1.95745209084952,41652.20698
"JPN",2007,3.109035637467,-9.80062617311841,1.83435368271433,42221.76855
"JPN",2008,3.24518119613653,-10.0049068126047,1.82620717181047,41684.66124
"JPN",2009,3.37416937233917,-10.1914112202681,1.81797941649225,39316.36707
"JPN",2010,3.52993443177546,-10.3981402151018,1.81554450648471,40920.16938
"JPN",2011,3.63991338187612,-10.6749772216256,1.60083126200042,41005.79557
"JPN",2012,3.77904969471706,-10.8975362252055,1.60078837399043,41635.96717
"JPN",2013,3.64466519710886,-11.6409498707197,1.43685166589344,42532.12768
"JPN",2014,3.71805356458032,-11.8275655073001,1.44192722957141,42714.75261
"JPN",2015,3.78966083900794,-12.0026651407481,1.43765929600376,43427.43335
"JPN",2016,3.87647079802227,-12.1635824537185,1.4483151605865,43777.18176
"JPN",2017,3.92716056081957,-12.3017703684012,1.47046239555863,44547.05244
"JPN",2018,4.00000766874763,-12.4355439746354,1.48473845872109,44890.58527
"JPN",2019,4.01010286449059,-12.6184432742306,1.15109086894554,44772.89525
"JOR",2001,-5.40182721602207,3.41967505938803,1.19814235566238,8339.78595
"JOR",2002,-5.68975527115551,2.88831383923103,0.935647768498387,8638.080471
"JOR",2003,-5.60230446969145,2.75119621996693,0.945661523196932,8800.496889
"JOR",2004,-5.51496535900458,2.61230387277327,0.957960701062485,9326.668542
"JOR",2005,-5.42449122690253,2.46625028955408,0.969966144603094,9839.688509
"JOR",2006,-5.3262968381486,2.25547261207113,0.982371002539101,9977.759195
"JOR",2007,-5.27368958717717,2.20043017089204,0.999344539699735,10161.40228
"JOR",2008,-5.19476492300602,2.06681612190084,1.01573597857926,10641.5896
"JOR",2009,-4.92141993210108,2.47193815424028,1.20417368261634,10938.5029
"JOR",2010,-5.06048272851113,1.80872000495832,1.04284225312715,10953.53781
"JOR",2011,-4.99202068621804,1.67560965840629,1.05171956230223,10977.48222
"JOR",2012,-4.93795070353134,1.57013838482944,1.06022304594207,11086.03012
"JOR",2013,-4.94942949280653,1.49568741060363,1.0469066422845,10799.35399
"JOR",2014,-5.05020001386862,1.61782791465312,1.01794140984225,10148.99826
"JOR",2015,-4.83804587559539,2.11937028046782,1.17357013602589,9581.689381
"JOR",2016,-4.98288172449575,1.48345470438866,0.968889340735536,9321.904662
"JOR",2017,-4.88717313010581,1.1588569824625,0.92494575788707,9339.810549
"JOR",2018,-4.77724838280087,0.958676877650451,0.913632231442414,9311.531314
"JOR",2019,-4.66707836130061,0.764539254747149,0.901148261745858,9288.527242
"KAZ",2001,-2.77761564007569,-0.996671874773013,1.15218675117962,14612.02901
"KAZ",2002,-2.69852218483765,-1.15079740307498,1.16751434879847,15960.87385
"KAZ",2003,-3.22548146741502,-1.30425454892531,1.25617322152744,17344.75267
"KAZ",2004,-3.17581704497936,-1.39876902120789,1.26651419884322,18886.58119
"KAZ",2005,-3.1415361260167,-1.47187059191521,1.27929907404385,20565.52945
"KAZ",2006,-3.12576261701774,-1.66293454946126,1.25147698230552,22574.34296
"KAZ",2007,-3.1033877458025,-1.56160757349301,1.28573434807228,24351.34641
"KAZ",2008,-3.16666338518302,-1.66416882738926,1.06091556523707,24895.66457
"KAZ",2009,-3.15748522084484,-1.67442137091522,1.04944403154367,24901.35273
"KAZ",2010,-3.13739181319179,-1.86631778339754,1.00204053614013,26374.84077
"KAZ",2011,-3.08516293959945,-1.945697957366,0.985258765413624,27946.16034
"KAZ",2012,-3.02074481449774,-2.02826707658087,0.964901678115468,28881.24176
"KAZ",2013,-2.95853350098769,-2.12616522813408,0.943467374317237,30177.48872
"KAZ",2014,-2.90280411978258,-2.21108506131627,0.923345962482481,30986.43792
"KAZ",2015,-2.84615185942733,-2.30050642035993,0.89624738250025,30893.75949
"KAZ",2016,-2.79550608367161,-2.3742556701828,0.868740171657194,30758.32273
"KAZ",2017,-2.73418835983252,-2.4601112885804,0.847638167805205,31524.44163
"KAZ",2018,-2.67530974002364,-2.53748715217805,0.831168371140341,32330.22745
"KAZ",2019,-2.01247071490619,-2.606756446863,0.741584968408226,33298.21237
"KEN",2001,-7.24555265858147,6.11832985788293,1.58238052347958,3778.258548
"KEN",2002,-7.40798086615782,5.86342111710743,1.10338245517356,3681.256943
"KEN",2003,-7.35881462705201,5.7681215125214,1.10252018574315,3674.085928
"KEN",2004,-7.30929646808467,5.66826365856194,1.10081341002819,3743.567857
"KEN",2005,-7.26067741419512,5.57301267813538,1.09743604926687,3844.735571
"KEN",2006,-7.20953596974701,5.47599534844717,1.0949847504261,3970.733499
"KEN",2007,-7.13947640822185,5.52748988802479,1.14800828430714,4116.450947
"KEN",2008,-7.09028121076852,5.42987577786566,1.14211465457748,4002.883641
"KEN",2009,-7.0718548723171,5.21435378788942,1.07922263174069,4012.194284
"KEN",2010,-6.81482213009677,5.64254686676503,1.24471591232208,4211.52463
"KEN",2011,-6.74587518589942,5.5178518272464,1.23640749574444,4307.106116
"KEN",2012,-6.86222728515426,4.99130373317,1.0865676889423,4387.937901
"KEN",2013,-6.59216216925264,5.23937428193027,1.21482265909463,4443.371216
"KEN",2014,-6.69361165752092,4.68631037364178,1.06571911879675,4558.551553
"KEN",2015,-6.59666728040738,4.50500978585892,1.05429299595225,4679.621828
"KEN",2016,-6.50210282955956,4.32744545736244,1.04482404529829,4770.310464
"KEN",2017,-6.23146828442832,4.56678990877169,1.17772497113717,4846.862109
"KEN",2018,-6.14110355152891,4.40728312355869,1.17595922053143,5017.667847
"KEN",2019,-6.23877471747137,3.83846527439941,1.03418325326429,5171.712643
"KIR",2001,-4.39998220879539,3.30755052984682,1.23225042729746,2357.580983
"KIR",2002,-4.33634057933841,3.36717617097819,1.30615520492227,2341.694671
"KIR",2003,-4.30234678177551,3.31022152330028,1.33062427472244,2258.033498
"KIR",2004,-4.27398971732798,3.27174902074454,1.36031416535264,2199.670404
"KIR",2005,-4.25219757861632,3.21605329980467,1.37953647844131,2183.780627
"KIR",2006,-4.23708958174467,3.16570762160424,1.39406961245233,2264.160625
"KIR",2007,-4.2247951845029,3.10799133711709,1.39929562965577,2286.445912
"KIR",2008,-4.27244896024052,2.94343072944964,1.17905678864169,2172.356985
"KIR",2009,-4.25105388241475,3.05429759690295,1.22344697750862,2137.964952
"KIR",2010,-4.24393699000698,3.01168948189346,1.2194855986599,2119.639429
"KIR",2011,-4.25475595378907,2.84434409803671,1.16518987941122,2150.382625
"KIR",2012,-4.21775178706363,2.74394480537179,1.14980203312253,2242.012984
"KIR",2013,-4.17192826735863,2.68214070143317,1.15656361074622,2382.369288
"KIR",2014,-4.12441321627512,2.56839466851266,1.1353842567211,2381.347494
"KIR",2015,-4.07044273050726,2.47503512869628,1.1294528655784,2615.840632
"KIR",2016,-4.02392051271215,2.37266207998177,1.10408491535682,2761.932803
"KIR",2017,-3.98744852212973,2.28990910560369,1.08090845402112,2822.668785
"KIR",2018,-3.94835331799055,2.22655428745506,1.06649412580668,2877.601165
"KIR",2019,-3.90454356373534,2.15492754522875,1.05379486698245,2927.483634
"KOR",2001,-0.6529464280224,-3.66149779145505,1.55367438479752,25911.37935
"KOR",2002,-0.619052071501898,-4.02917243243735,1.68161664905191,27752.21006
"KOR",2003,-0.40883517630715,-4.32058429228663,1.661178000872,28477.66388
"KOR",2004,-0.211052452125298,-4.63521291236268,1.66709176407653,29839.26248
"KOR",2005,-0.000767740262989847,-4.95828278867627,1.67334046435254,31058.98564
"KOR",2006,0.217216602358663,-5.29657179391285,1.671260401734,32522.77317
"KOR",2007,0.425324610835645,-5.61537722953129,1.67209132999796,34235.53986
"KOR",2008,0.614576032373016,-5.939757566807,1.67325857990702,35000.277
"KOR",2009,0.75920846662844,-6.36987737664224,1.61026241419768,35096.62191
"KOR",2010,0.959523691857287,-6.67111398694461,1.61028631379155,37298.59095
"KOR",2011,1.1198382003309,-6.84395975708942,1.72222613740089,38377.04688
"KOR",2012,1.3047341502134,-7.15713288385779,1.72850395143177,39093.00887
"KOR",2013,1.54846664477054,-7.48228842194411,1.67742710267909,40147.01541
"KOR",2014,1.68393500849538,-7.90672546523716,1.45252806872838,41173.26125
"KOR",2015,1.81820652935815,-8.31780538250734,1.39860189085974,42107.24761
"KOR",2016,1.97709694574849,-8.56047458326703,1.38912898417316,43176.41157
"KOR",2017,2.12831498359002,-8.85151545402098,1.39118902501877,44415.65962
"KOR",2018,2.29228849340566,-9.1105196963105,1.38636155191012,45509.28252
"KOR",2019,2.4457744402351,-9.38550957991173,1.37398530893594,46368.914
"KWT",2001,-3.74213492513583,0.442070495685757,1.13867136709854,58802.544
"KWT",2002,-3.31950400383831,0.462030848356622,1.38305902721222,59050.24436
"KWT",2003,-3.14277495413161,-0.00919191580665783,1.33093644464748,67642.52596
"KWT",2004,-2.92964291547149,-0.395597744756531,1.30142066951854,72929.55897
"KWT",2005,-2.75260976753241,-0.699731816877503,1.2929726927023,77800.78436
"KWT",2006,-2.83625842065792,-0.720333496257397,1.21911119583469,79121.55789
"KWT",2007,-2.70460849495111,-0.735055448320323,1.28766298460293,79075.2048
"KWT",2008,-2.59430559015602,-0.915770712238811,1.29216993410509,76649.21028
"KWT",2009,-2.50031910583139,-1.08083325634477,1.26418929279082,67554.92215
"KWT",2010,-2.35755757576741,-1.35049300344575,1.22984772974685,62639.73798
"KWT",2011,-1.97620102888517,-1.94757013201304,1.17579032907193,64518.4986
"KWT",2012,-1.34501431989681,-2.61522922238734,1.20871858619307,64581.9389
"KWT",2013,-1.19169487254456,-3.05504363417189,1.13058608976231,62144.79905
"KWT",2014,-0.906423750445204,-3.4495316005754,1.14171136476886,59763.67646
"KWT",2015,-0.661474440414324,-3.81589942553526,1.14983698686508,57473.11396
"KWT",2016,-0.227688433866755,-3.75321354761336,1.26891947394482,56650.37346
"KWT",2017,-0.0254151377554732,-4.02672409863389,1.29497458256245,52022.7233
"KWT",2018,0.218630151324304,-4.35751484702704,1.34165821605541,51364.27116
"KWT",2019,0.426836672654508,-4.65870661250876,1.40784854934103,51122.33124
"KGZ",2001,-5.0409050660986,1.5752706620275,1.19230036660301,3795.890977
"KGZ",2002,-4.9812034752755,1.46321973794857,1.20537630704699,3760.5324
"KGZ",2003,-4.91813328495064,1.34363305494604,1.21647142808015,3982.92722
"KGZ",2004,-4.8627280637043,1.23533857801201,1.22798757054151,4211.522896
"KGZ",2005,-4.81577253326001,1.14736991906144,1.23880215932626,4156.958895
"KGZ",2006,-4.78073525439818,1.08203109921285,1.24905939903623,4240.170178
"KGZ",2007,-4.75061691457443,1.01620318018622,1.26013105212787,4558.713112
"KGZ",2008,-4.70902798704306,1.08813500943877,1.30422830920314,4894.94278
"KGZ",2009,-4.69876370176277,0.894416089227362,1.27520527000983,4969.961327
"KGZ",2010,-4.53775897783121,0.670474514788331,1.13357950630806,4876.479649
"KGZ",2011,-4.59598649077374,0.52712275420505,1.05640603581506,5092.852117
"KGZ",2012,-4.28615874291425,0.30712300976933,1.13585883974342,4993.394317
"KGZ",2013,-4.32117715601953,0.127868392689314,1.05615126317786,5418.54062
"KGZ",2014,-4.21834329537245,-0.0319995983155763,1.05313602278693,5513.754936
"KGZ",2015,-4.13872036232032,-0.164907214414263,1.04500565005487,5600.214798
"KGZ",2016,-4.11497493337214,-0.213869254515085,1.02922330602583,5715.010875
"KGZ",2017,-4.14668277736953,-0.187492860267177,1.00281812578998,5861.222465
"KGZ",2018,-4.19534524571221,-0.137579135831599,0.973312760610744,5951.829229
"KGZ",2019,-4.18909668394813,-0.147803035031632,0.932790171915006,6087.601938
"LAO",2001,-6.26779080404294,4.37129515944472,1.54804771794023,3015.632585
"LAO",2002,-6.23325694733634,4.29874393493326,1.54840424186188,3143.223276
"LAO",2003,-6.31857430967823,4.30412014490172,1.35068352933242,3282.985397
"LAO",2004,-6.3184467738526,4.10756443412399,1.29828131784156,3441.169997
"LAO",2005,-6.26838825872329,3.99597103834271,1.30111250955339,3630.558788
"LAO",2006,-6.20142494543019,3.84591523495578,1.3042941691672,3881.537366
"LAO",2007,-6.10565967950472,3.63365798373874,1.30254775283065,4112.253017
"LAO",2008,-6.00407805976435,3.41596336013557,1.30095616201444,4367.16288
"LAO",2009,-5.89302678558181,3.18412503907724,1.29577976541679,4625.071733
"LAO",2010,-5.83830971124804,2.82930767159186,1.0648606780078,4946.105637
"LAO",2011,-5.71990795253071,2.58397520043285,1.05328310614036,5266.878669
"LAO",2012,-5.59759000306853,2.34268518501897,1.03920849201704,5608.969563
"LAO",2013,-5.46831863920162,2.09914074817846,1.02344080651829,5974.473689
"LAO",2014,-5.33268349736416,1.84320550299079,1.00541797054527,6341.212297
"LAO",2015,-5.23068118945619,1.65576282801959,0.991621070386127,6703.741243
"LAO",2016,-5.15252965298732,1.51509212496834,0.980720290676469,7063.255453
"LAO",2017,-5.06692937221101,1.36479162488759,0.96889498162227,7432.459633
"LAO",2018,-4.97973389371254,1.20940586990723,0.957035243896921,7775.085745
"LAO",2019,-4.88651072023095,1.04520015031082,0.944927165335325,8075.275024
"LVA",2001,-0.182422619888659,-6.60586787093137,0.736108722635852,15681.79989
"LVA",2002,-0.0828216958229682,-6.80299183554407,0.744069742451575,17081.194
"LVA",2003,-0.0080839749140552,-6.98903285200551,0.769297212315975,18700.84555
"LVA",2004,-0.512871750998149,-7.17806420490982,0.85352970749957,20555.62741
"LVA",2005,-0.431284187074722,-7.33176782392191,0.859057709691286,23192.49089
"LVA",2006,0.248383791481641,-7.46127454309932,0.788967081819745,26408.05844
"LVA",2007,-0.252152604667199,-7.63971390945411,0.867242518723568,29397.29254
"LVA",2008,-0.160481073070802,-7.80364131354751,0.857918847212097,28701.15428
"LVA",2009,-0.0767799320887026,-8.00361238788997,0.83943915026015,24498.64167
"LVA",2010,0.043675992706678,-8.24553376704632,0.823307125785903,24098.05353
"LVA",2011,0.76669688111405,-8.45643417706238,0.731929229068289,25285.98662
"LVA",2012,0.864333200628725,-8.63712749354758,0.716443167553663,27471.8336
"LVA",2013,0.958717153017828,-8.79509228480064,0.694597978226874,28349.68302
"LVA",2014,1.04770571653815,-8.96041370694762,0.678953122824492,29217.45934
"LVA",2015,1.13464008933082,-9.11076289954514,0.657427987501742,30572.11232
"LVA",2016,1.22450431806284,-9.22341486764567,0.636105073370037,31640.05314
"LVA",2017,0.8656420191537,-9.35686219139001,0.77388620879344,33006.70073
"LVA",2018,1.19624801741726,-9.33357849417493,0.910831863345689,34698.49292
"LVA",2019,1.27799981617802,-9.42414696203138,0.897666673947835,35176.55093
"LBN",2003,-2.6694499597139,0.384146254793728,1.92115588062366,12272.34407
"LBN",2004,-2.58911323296142,0.0550768067271644,1.8696803181486,12882.0758
"LBN",2005,-2.48636197583795,-0.144435397168378,1.87236228174808,13024.66489
"LBN",2006,-2.37794858479516,-0.319452492310874,1.86708781100022,13003.6808
"LBN",2007,-2.25321304063122,-0.539756074342018,1.86484811502667,13941.56142
"LBN",2008,-2.14357148241411,-0.734873396820308,1.86186086102844,14955.14136
"LBN",2009,-2.0271677113805,-0.953475323269761,1.85393006451116,16264.35062
"LBN",2010,-1.90942535357108,-1.14547780838466,1.84565208390183,17390.7584
"LBN",2011,-1.80336280368424,-1.33887253332887,1.83976730421401,17353.19608
"LBN",2012,-1.71162883347617,-1.53811260037378,1.82810186735467,17323.30138
"LBN",2013,-1.59584849239378,-1.79290950480255,1.8123617660861,16396.49693
"LBN",2014,-1.49637927762125,-1.7659407614424,1.85568953333378,15205.87327
"LBN",2015,-1.4338043818007,-1.83149433274796,1.85072499921015,14980.02052
"LBN",2016,-1.38118683974065,-2.05009994039871,1.7997698528006,15572.36117
"LBN",2017,-1.32941154665577,-2.100571035661,1.81475581743111,16128.58382
"LBN",2018,-1.2968566977402,-2.10761926310264,1.83090199194083,16290.05165
"LBN",2019,-1.31754808190523,-2.06081149493646,1.8603055134993,15659.5661
"LSO",2001,-5.97167078118984,4.22165031248499,1.67319854667187,2004.033502
"LSO",2002,-5.9812395319103,4.22603789883375,1.68869947179177,2024.787273
"LSO",2003,-6.1432463831372,4.18561939396268,1.44699339905302,2127.373022
"LSO",2004,-6.15280904432513,4.18175139846297,1.45854650925977,2178.664747
"LSO",2005,-6.16241534498843,4.17813102785267,1.46808875164893,2275.016144
"LSO",2006,-6.19466646261365,4.21129751644537,1.47117401197222,2381.020246
"LSO",2007,-6.21032405512362,4.38312473162168,1.52300278331059,2470.314621
"LSO",2008,-6.28311193630499,4.30322614189047,1.45343540520817,2589.166359
"LSO",2009,-6.33484502534324,4.32537262901575,1.26423851693385,2538.193418
"LSO",2010,-6.34612608071174,4.30670207165531,1.24301423284554,2651.378049
"LSO",2011,-6.37497494602852,4.15963752014374,1.16292655192237,2749.319582
"LSO",2012,-6.3551019819705,4.10415669028555,1.13588206961486,2894.22705
"LSO",2013,-6.31753342540848,4.02198148223051,1.10513759653158,2914.37516
"LSO",2014,-6.26212573569345,3.91165652151644,1.07044999115196,2930.61724
"LSO",2015,-6.19586224441797,3.78993672776473,1.03859329273698,2986.958667
"LSO",2016,-6.12575722657593,3.66817930760356,1.01267524003912,3057.260916
"LSO",2017,-6.03644175228611,3.52303781050649,0.987539481510394,2924.680962
"LSO",2018,-5.92266345658993,3.49255565206495,1.00107839197199,2846.418281
"LSO",2019,-5.81745634925434,3.33008290037559,0.984599911422585,2773.286399
"LBR",2001,-6.06650123313817,5.15724556061872,1.83315463572969,1867.119109
"LBR",2002,-6.05485971835658,5.12507888306444,1.82843712946299,1887.646016
"LBR",2003,-6.08102028919653,5.17523107013383,1.8258797611887,1308.150901
"LBR",2004,-6.04115534196347,5.07989525828724,1.81959033503845,1326.535655
"LBR",2005,-6.03162350459292,5.0526134832831,1.81738609419768,1335.617289
"LBR",2006,-6.0568674381453,4.64305884076795,1.75334173761967,1364.603473
"LBR",2007,-5.78547277703751,5.1549709942406,1.95973941664947,1422.100197
"LBR",2008,-6.44748471800874,4.33635898977776,1.12916528130752,1463.124082
"LBR",2009,-6.39929873526578,4.43933917850128,1.18006015311005,1492.998174
"LBR",2010,-6.02838386768383,4.78869538782422,1.39101478033603,1538.850835
"LBR",2011,-6.36877362098878,4.2058001145401,1.1294076879877,1601.03374
"LBR",2012,-6.17047293398329,4.5586050571205,1.23840634119015,1668.972896
"LBR",2013,-6.34875968258248,4.15206986112903,1.09484585629659,1774.520578
"LBR",2014,-6.35302680184282,4.03040173448754,1.05664140037253,1750.143849
"LBR",2015,-6.33377781846433,4.00528424783413,1.05883272565371,1714.09048
"LBR",2016,-6.28399266731383,4.07353994161449,1.09289848412495,1653.310502
"LBR",2017,-6.25759357420442,4.03694723048356,1.09466860996621,1661.302908
"LBR",2018,-6.045191215442,4.3932379433528,1.23781978764699,1647.974438
"LBR",2019,-6.02653360607373,4.3510074432623,1.24217967980437,1575.76665
"LBY",2001,-3.50007283054751,2.60727936666725,1.90760858571774,17111.48356
"LBY",2002,-3.91136355378796,2.31634830207699,1.62607780972696,16625.05921
"LBY",2003,-3.8858096848944,2.24742283104169,1.60944113156805,18417.88434
"LBY",2004,-3.84236300838099,2.30233829454411,1.6230539099369,18846.24187
"LBY",2005,-3.80643777894118,2.06673045925551,1.5715205917787,20644.02708
"LBY",2006,-3.7025269950875,1.88791778030566,1.55396998010556,21539.62745
"LBY",2007,-3.40137078990267,2.0552915334844,1.49235577888545,22416.10981
"LBY",2008,-3.41289389134086,1.71652556427109,1.59162281104482,21909.42907
"LBY",2009,-3.09333040554107,1.48917203855517,1.65880384175492,20513.56321
"LBY",2010,-2.86824047678605,1.38513332642031,1.72234299849306,21109.96793
"LBY",2011,-3.0585559738669,1.23447713470534,1.54947392289727,10739.09317
"LBY",2012,2.15808706659147,3.55484840726448,1.40372567790262,20595.58004
"LBY",2013,2.14870968904157,3.36441207479995,1.40973066442276,16553.14265
"LBY",2014,2.31420558715631,3.3195459056732,1.41092103738881,12495.79297
"LBY",2015,2.36764886356029,3.14274119353282,1.42500284616481,12192.13862
"LBY",2016,2.48399199564941,3.01086702489291,1.44041747771986,11828.71138
"LBY",2017,2.58196161655339,2.80697102055771,1.46380233371088,15424.05543
"LBY",2018,2.73976884000647,2.67449140108054,1.47956587311273,16380.85155
"LBY",2019,2.80020552224761,2.55330530688756,1.49664150252918,14333.42244
"LTU",2001,-1.09802248999516,-5.97303323828193,0.760507808923827,16917.75664
"LTU",2002,-0.924231744820222,-6.25405697224539,0.749263125743116,18200.12192
"LTU",2003,-0.782851554490431,-6.50150005475793,0.75865737042989,20284.68074
"LTU",2004,-0.663837013744471,-6.71812015901633,0.770512460303701,21847.57205
"LTU",2005,-0.529011536291704,-6.94472917676199,0.780375311426732,23923.11458
"LTU",2006,-0.432115491043612,-7.16328724026189,0.824972670522134,26105.78194
"LTU",2007,-0.311381542516477,-7.36539136144257,0.834028602532071,29344.29523
"LTU",2008,-0.181275198973108,-7.57370177443892,0.835816345613287,30418.33244
"LTU",2009,-0.0925745278375478,-7.75531582483227,0.823820352709397,26193.90868
"LTU",2010,0.0229628371583842,-7.97053679335043,0.824779700298157,26863.25093
"LTU",2011,0.178789289147369,-8.2260039908831,0.821164751259563,29214.38704
"LTU",2012,0.268217880978631,-8.38663010749158,0.817749945214584,30906.5783
"LTU",2013,0.337917035261616,-8.51314079687902,0.812611139041565,32484.42799
"LTU",2014,0.390188402313874,-8.65622663664299,0.824996878628356,34001.01321
"LTU",2015,0.454082518958522,-8.78473599068489,0.803845467198118,35294.6759
"LTU",2016,0.54599088155577,-8.92969512669718,0.778753943361528,36701.13024
"LTU",2017,0.669141264054536,-9.12710819021359,0.753267775893152,38934.51683
"LTU",2018,0.778881268164895,-9.27685483125836,0.727819402306539,41241.10756
"LTU",2019,0.876548255330071,-9.38732943295232,0.695858801550083,43284.52366
"LUX",2001,1.4241876891818,-7.71437754872186,1.06163587034047,115540.3545
"LUX",2002,1.5230835764314,-7.79376037440207,1.07056221711486,118024.0214
"LUX",2003,1.63751210021748,-7.86782871229507,1.09467483455219,119652.6271
"LUX",2004,1.80576351223009,-7.9660316190635,1.12920115529949,122956.1023
"LUX",2005,1.89728234613212,-8.05627956761034,1.16074571245283,124095.6173
"LUX",2006,1.9475365225183,-8.08242850687957,1.18067145201752,129480.2606
"LUX",2007,2.10074778094082,-8.22415691480051,1.19063304066553,137821.4196
"LUX",2008,2.15016382427485,-8.23691728171586,1.2106543449438,134973.3759
"LUX",2009,2.32474759352423,-7.64859686192896,1.34779554712629,128205.4559
"LUX",2010,2.0015415514269,-8.24199009167534,1.10797862780283,130620.2663
"LUX",2011,1.59803117905755,-8.33267137155157,1.23603588385547,129083.1298
"LUX",2012,1.53607513537055,-8.42180301542851,1.27415693730941,128099.2796
"LUX",2013,1.40731041964613,-8.44384241351773,1.1847130902382,129142.8433
"LUX",2014,1.68673093395724,-8.56239845015992,1.21986760467731,129443.1836
"LUX",2015,1.60769625065222,-8.58956904012351,1.20697034654326,129293.7074
"LUX",2016,1.66424324796791,-8.64735545954465,1.19583491709978,132836.0858
"LUX",2017,1.53928802699304,-8.68210304174407,1.11030588391704,131353.4851
"LUX",2018,1.76970157797083,-8.74312700096554,1.1829402853498,130415.1931
"LUX",2019,1.6325365338576,-8.76244045259801,1.090181180587,131609.0996
"MDG",2001,-6.68109764974628,5.30727712166995,1.61885854410985,1754.610139
"MDG",2002,-6.80812428537845,5.21904007932782,1.35662475493191,1491.625654
"MDG",2003,-6.78196464366088,5.17486208080642,1.35170776556862,1590.283972
"MDG",2004,-6.75415972430674,5.12637621006248,1.34790939097087,1625.777788
"MDG",2005,-6.73524611675659,4.93532029379648,1.3091481965022,1653.932554
"MDG",2006,-6.70354625372007,4.87637777884116,1.30550630429927,1692.754707
"MDG",2007,-6.6730556074634,4.82248607068231,1.30322686977866,1737.665174
"MDG",2008,-6.69779265323591,4.64139010304577,1.07700505892675,1800.66929
"MDG",2009,-6.66870053721983,4.5863445643291,1.07669043850138,1678.998993
"MDG",2010,-6.62037039064849,4.65006382169545,1.10806783929931,1640.956191
"MDG",2011,-6.59372741962721,4.43668049655775,1.07469574691674,1620.190181
"MDG",2012,-6.55677672389666,4.36047943756619,1.07588445219306,1623.440946
"MDG",2013,-6.50582283095117,4.41373114251419,1.11196645463307,1616.22732
"MDG",2014,-6.48080256571822,4.20271432499954,1.08071038832036,1626.016972
"MDG",2015,-6.43990821573853,4.11393115082399,1.08033460416762,1633.264922
"MDG",2016,-6.40209729686698,4.03087630980782,1.08278694328725,1654.671079
"MDG",2017,-6.36958490195085,3.9540868280076,1.08386157724159,1675.559149
"MDG",2018,-6.33499171155914,3.87607576498912,1.08493566522304,1684.649376
"MDG",2019,-6.30324095102411,3.79886073697404,1.08424066124938,1713.796122
"MWI",2001,-6.96591766825309,5.75017164444538,1.63958871874211,1149.580396
"MWI",2002,-7.16176901516919,5.70951439382856,1.22257591425617,1140.842746
"MWI",2003,-7.00544729052708,6.1103313928708,1.34601005153498,1176.12386
"MWI",2004,-7.19429942051886,5.70974233332587,1.23495484225868,1208.219698
"MWI",2005,-7.21135550794804,5.71105677791178,1.23691735142075,1214.742642
"MWI",2006,-7.22512877601138,5.71058529476813,1.2351082533048,1237.273865
"MWI",2007,-7.23649786139533,5.70841300340611,1.22721357550734,1318.331964
"MWI",2008,-7.24826632475582,5.72272162527103,1.21650953161915,1378.428867
"MWI",2009,-7.25660563083954,5.73600171528756,1.20300336037131,1449.726015
"MWI",2010,-7.2830950793647,5.60193278335358,1.13144419774508,1504.375141
"MWI",2011,-7.26657086082911,5.5733463313426,1.11826815178461,1533.228896
"MWI",2012,-7.24492090215296,5.53407128358037,1.10435111292435,1518.148038
"MWI",2013,-7.21225570477962,5.47630116879192,1.09130695128084,1555.506074
"MWI",2014,-7.17335946949662,5.40205490514825,1.08067190856564,1597.564843
"MWI",2015,-7.12750755190152,5.32015089956322,1.07119538940568,1597.691453
"MWI",2016,-7.07035309151535,5.21617860449983,1.06386790391027,1593.595493
"MWI",2017,-7.0109143856526,5.10819632132793,1.06141590645529,1613.059357
"MWI",2018,-6.95041744568553,5.00015411506628,1.05953963246635,1638.916658
"MWI",2019,-6.85513877873229,5.00565859520028,1.11736623970442,1687.289449
"MYS",2001,-4.51183769252087,0.752455265266219,1.12268507041939,18186.44113
"MYS",2002,-4.46523178467251,0.660167960849185,1.13692198299734,18708.86949
"MYS",2003,-4.4164958162231,0.573130049189686,1.14850366435012,19329.00628
"MYS",2004,-4.4224899787927,0.3379196470691,0.935756385785255,20168.50621
"MYS",2005,-4.3400397390165,0.337877029202192,1.00003441391514,20767.58572
"MYS",2006,-4.3087682199111,0.0791026333089672,0.945999160531581,21444.48577
"MYS",2007,-4.24052633119437,-0.0636122266093011,0.941503632545162,22305.11826
"MYS",2008,-4.17423644057144,-0.216963700143922,0.938352451333297,22898.00276
"MYS",2009,-4.1039841142421,-0.383098685125343,0.925031507664819,22106.64173
"MYS",2010,-4.00802166740332,-0.573414282900661,0.906489566242734,23307.96985
"MYS",2011,-3.90861807544003,-0.757605461222816,0.889372516398203,24115.81812
"MYS",2012,-3.80594176320122,-0.94590839903944,0.872522909549174,25006.35878
"MYS",2013,-3.70489437892875,-1.13414603231723,0.852802807173012,25736.35256
"MYS",2014,-3.59929275387502,-1.32223128806945,0.833581762453462,26818.43173
"MYS",2015,-3.49982981338138,-1.51032397324247,0.813287189649661,27699.62789
"MYS",2016,-3.39794817921571,-1.70072669090254,0.79430742860833,28425.37076
"MYS",2017,-2.94130438295432,-1.7559254152074,0.788791345618595,29551.54576
"MYS",2018,-2.82088336323404,-1.95899942336418,0.774711374118624,30459.96553
"MYS",2019,-2.69700047751238,-2.17003479911189,0.763938634297913,31300.50866
"MDV",2001,-5.74360802683454,3.39335327746431,1.25144693228266,12921.86494
"MDV",2002,-5.60664741248461,3.11066751186469,1.26242023661859,13630.59361
"MDV",2003,-5.46698882578498,2.80810032204062,1.27645152590264,15249.87199
"MDV",2004,-5.34082845946364,2.55699295554525,1.29100700940599,15873.34955
"MDV",2005,-5.18904958394069,2.3779520822476,1.32882860193822,13861.18461
"MDV",2006,-5.07266969400366,2.11553469139794,1.3353816352207,16728.0585
"MDV",2007,-5.00025077173337,1.90544684220968,1.32829488839594,17332.72796
"MDV",2008,-4.8993596444895,1.69671120861544,1.31242323598136,18232.26545
"MDV",2009,-4.84331216392271,1.45859627019797,1.28106805197384,16162.91693
"MDV",2010,-4.73933151562216,1.17444048047275,1.23766279702145,16668.65712
"MDV",2011,-4.60456012654618,0.86664992933416,1.18232262338672,17473.71572
"MDV",2012,-4.44453297384066,0.552567010222996,1.11405347220086,17278.96196
"MDV",2013,-4.32158447524929,0.0970394877579551,0.816732663147624,17869.93258
"MDV",2014,-4.13153983099836,-0.235583810461366,0.745019901385391,18633.03893
"MDV",2015,-3.96540994930748,-0.495003807425476,0.685481102110833,18715.32083
"MDV",2016,-3.80788507691991,-0.710734929218941,0.635566708778371,19263.52636
"MDV",2017,-3.65786475826522,-0.97473518387045,0.584415532541644,19948.43858
"MDV",2018,-3.51135221915245,-1.41121350412526,0.502203543080435,20998.87919
"MDV",2019,-3.31019090694653,-1.73076420549162,0.453443111670643,21855.50122
"MLI",2001,-6.90026895471608,6.1232463065345,1.5703094047698,1952.685953
"MLI",2002,-6.91455720646534,6.12938970917088,1.56505418670032,1951.754164
"MLI",2003,-7.08631935404011,5.94967693042221,1.26864647342352,2063.09724
"MLI",2004,-7.09882154915074,5.96105317679048,1.26073803054145,2028.52406
"MLI",2005,-7.1633153403341,5.84929459801602,1.02762586436999,2091.449868
"MLI",2006,-7.12667981218713,5.95591550763078,1.07044721615535,2118.314794
"MLI",2007,-7.12222483559686,5.94715828479183,1.05704466543159,2121.410097
"MLI",2008,-7.14426766605173,5.81020586482375,0.988314661276093,2150.813457
"MLI",2009,-7.14002603757683,5.80810259861256,0.978885894652679,2181.934736
"MLI",2010,-7.13804470042062,5.81339502981945,0.970691496843521,2224.433774
"MLI",2011,-7.13186715974865,5.81115636452234,0.961113252727271,2222.879085
"MLI",2012,-7.12117095924845,5.96968070145346,0.98782314842791,2140.845445
"MLI",2013,-7.12440597907738,5.82868383132903,0.949206602798762,2126.93988
"MLI",2014,-7.11000232817363,5.8168594922156,0.947792929733973,2206.764631
"MLI",2015,-7.09628821122361,5.80458699324357,0.949189811956114,2270.787179
"MLI",2016,-7.076532473334,5.77913009595436,0.951382471321434,2328.748385
"MLI",2017,-7.05821600806953,5.7534439176076,0.954089961380047,2375.347235
"MLI",2018,-7.03742687750386,5.72105406622492,0.957341778816696,2411.531948
"MLI",2019,-6.80766585779595,6.20211020301483,1.13455558843573,2451.122161
"MLT",2001,0.414800283468247,-6.38054969357276,1.31288267197021,30532.69637
"MLT",2002,0.510309954409265,-6.55371635838343,1.30695078981313,31136.64103
"MLT",2003,0.460341696226598,-6.75395056629781,1.04470241639884,32075.24533
"MLT",2004,0.566803075897507,-6.94357454138702,1.02879918421,31990.26397
"MLT",2005,0.684154388632799,-7.12885501476984,1.00309980720828,32702.67358
"MLT",2006,0.798497717656696,-7.32775786866226,0.97971657400842,33344.93866
"MLT",2007,0.909149768188205,-7.51657939829975,0.953206609925326,34902.47451
"MLT",2008,1.00732621575323,-7.68923880885575,0.939853621886111,36205.37738
"MLT",2009,1.14533384588179,-7.79403979373558,0.932700230116472,35432.05416
"MLT",2010,1.26551336172548,-8.17822515072322,0.880636088869572,37443.53224
"MLT",2011,1.36051390787283,-8.39990304039722,0.897160995851219,37655.07511
"MLT",2012,1.52274587506308,-8.64540434569588,0.83360895802983,38848.99945
"MLT",2013,1.6864887914875,-8.90177294047044,0.792289408284074,40717.54103
"MLT",2014,1.98315950045274,-9.09343060311071,0.849665259117301,42958.35532
"MLT",2015,2.05683876757463,-9.23684911726281,0.817637815559682,45980.93609
"MLT",2016,2.16839380373533,-9.35993030875442,0.742882620162141,46773.10968
"MLT",2017,2.20963086343418,-9.4482241036371,0.751126562795242,51413.08441
"MLT",2018,1.62708722515659,-9.50570463895844,0.806321874236091,53218.04298
"MLT",2019,1.67603262653384,-9.54336558329173,0.768749561957217,53256.44298
"MRT",2001,-5.90539937768055,4.96077376041349,1.65076971164121,4847.410865
"MRT",2002,-5.88690302424722,4.93687834643218,1.65146936206447,4806.898539
"MRT",2003,-6.03993495008904,4.93049617607965,1.57145376752429,5023.652139
"MRT",2004,-6.28150918165977,4.81159306786132,1.42505268978668,5139.225525
"MRT",2005,-6.39023740737622,4.87347344053475,1.23196857328326,5445.829517
"MRT",2006,-6.40999517639808,4.73365159410591,1.18227356809092,6284.702096
"MRT",2007,-6.36277527374064,4.98714188787229,1.27869054876089,6002.778327
"MRT",2008,-6.33826305959649,4.78124321957374,1.24852250040596,5813.356089
"MRT",2009,-6.33598468237354,4.53883629950172,1.02654185522695,5639.787455
"MRT",2010,-6.2867724904798,4.4428057403339,1.02684340265342,5605.763893
"MRT",2011,-6.27455186453717,4.24307959490459,0.970159882835824,5653.217205
"MRT",2012,-6.23821914659874,4.18448385876476,0.967765836233581,5716.251958
"MRT",2013,-6.23073916500847,4.17942127880427,0.966192706386941,5769.728714
"MRT",2014,-6.2419775530597,4.20662707881838,0.964870486687955,5837.852037
"MRT",2015,-6.25169185012489,4.22697744874788,0.963120886834569,5969.542399
"MRT",2016,-6.2544756454811,4.23241138877186,0.961327317212247,5866.281453
"MRT",2017,-6.22145084671607,4.35664870847894,1.01671078589016,6050.621808
"MRT",2018,-6.21298951910625,4.34307522837633,1.01505828158569,6153.637909
"MRT",2019,-6.23289900173524,4.19985809957284,0.95739363703965,6162.210451
"MUS",2001,-2.99961965880811,-1.87127952773277,1.11142878544919,13659.63514
"MUS",2002,-2.89246156514882,-2.05055495106308,1.11979880456878,13784.19875
"MUS",2003,-2.7735214051125,-2.24956926432811,1.12949132938593,14495.69367
"MUS",2004,-2.65480667255813,-2.4446715459261,1.13446883162628,15028.81764
"MUS",2005,-2.5382828662574,-2.64090782609851,1.13690442610308,15205.6616
"MUS",2006,-2.47153760707471,-2.96570676654338,0.911673166760973,15871.30263
"MUS",2007,-2.35181400633513,-3.16264297768574,0.911747962565998,16703.99005
"MUS",2008,-2.21987166546619,-3.37122643099641,0.913711230789541,17540.28183
"MUS",2009,-2.09303526451296,-3.59716149808062,0.912966612109006,18073.69942
"MUS",2010,-1.95996238717229,-3.82881576969698,0.912457991823829,18819.99841
"MUS",2011,-1.8208403975986,-4.0709450113656,0.902338280443369,19556.04878
"MUS",2012,-1.7031731675621,-4.29515896604358,0.901816494540043,20183.70007
"MUS",2013,-1.58998383212909,-4.49757768658066,0.89811307906071,20811.49499
"MUS",2014,-1.47314048021393,-4.70230106260191,0.894043796042201,21568.86485
"MUS",2015,-1.36580212847518,-4.92156576682524,0.888701800412425,22335.28362
"MUS",2016,-1.25251862648642,-5.14477086463826,0.879035331163532,23182.04341
"MUS",2017,-1.13307766643142,-5.37584300081451,0.868331141984653,24073.23256
"MUS",2018,-0.24531458816335,-5.32658450521114,0.874990320803282,25024.13379
"MUS",2019,-0.134690201748283,-5.53851691202069,0.863650709014857,25739.3549
"MEX",2001,-4.1111795413142,1.08040171100459,0.954967790155618,20072.42662
"MEX",2002,-4.16768128980574,0.901360292345802,0.869608753568378,19739.09777
"MEX",2003,-4.05043349827476,0.703758304763057,0.863180890593382,19695.78029
"MEX",2004,-3.9370380637455,0.505301964797746,0.859641529170523,20121.41837
"MEX",2005,-3.82722195083018,0.310754696046479,0.857318044772918,20271.40609
"MEX",2006,-3.71658440197809,0.110394038449698,0.856560217869266,20959.77779
"MEX",2007,-3.61363727981433,-0.0752332814514394,0.856582455817642,21096.18166
"MEX",2008,-3.52996006115072,-0.229681922791423,0.857704874414406,20986.50474
"MEX",2009,-3.46093947240794,-0.367045227687597,0.854170223465989,19379.95176
"MEX",2010,-3.38167498610459,-0.516451791454157,0.856259263113089,20052.59943
"MEX",2011,-3.29780319242896,-0.667705843483608,0.85728438092367,20451.69896
"MEX",2012,-3.21308941779859,-0.810525882237348,0.857648405665552,20892.9072
"MEX",2013,-3.12726681273826,-0.966460041979622,0.853606752939234,20799.34652
"MEX",2014,-3.04353361578606,-1.12001527932821,0.851026096769645,21063.68837
"MEX",2015,-2.95466994766775,-1.2867292632423,0.844899781305159,21402.75269
"MEX",2016,-2.86360305920766,-1.4582859336517,0.836160665011326,21572.03888
"MEX",2017,-2.77108485062581,-1.64018126267521,0.82815474394639,21771.24055
"MEX",2018,-2.67250409496523,-1.82436040470799,0.823139355461468,21991.42753
"MEX",2019,-2.54713782507386,-1.88273584479904,0.871612514735226,21697.92515
"FSM",2004,-2.76930803910604,3.79676669897912,1.83083979076778,3656.053843
"FSM",2005,-2.66968186615188,3.62795281612776,1.81930276670178,3747.883756
"FSM",2007,-2.65343829873553,3.37850343686136,1.96512405859026,3727.33732
"FSM",2014,-2.34315683204592,2.60356718843155,1.93348923871357,3632.241566
"FSM",2015,-2.15372338634031,2.61025331475768,1.81452107977666,3788.9341
"FSM",2016,-2.11494598160369,2.49385889785845,1.79558875184436,3794.745459
"FSM",2017,-2.07988711812441,2.40594176355583,1.78598609848336,3811.789652
"FSM",2018,-2.04595466776531,2.31304960436009,1.77702786847813,3796.946045
"FSM",2019,-1.9981398502057,2.18465664463492,1.75761126119189,3938.557088
"MDA",2001,-2.07586065302222,-2.95105012447366,1.36796431532907,6090.034744
"MDA",2002,-2.0071244802907,-3.10121293966664,1.38527829718712,6580.278414
"MDA",2003,-1.94946030863275,-3.23190164037072,1.39982711730113,7034.357849
"MDA",2004,-1.89831326720041,-3.34371236966255,1.4059759745346,7573.617845
"MDA",2005,-1.84381559205585,-3.47934669107648,1.41440115903804,8161.473447
"MDA",2006,-1.76082341564202,-3.64693811087336,1.4065874152427,8577.02858
"MDA",2007,-1.6764809757343,-3.81884491176244,1.39378605153,8854.833976
"MDA",2008,-1.58951532296043,-3.98496164881943,1.37723881077104,9563.698143
"MDA",2009,-1.56722535594145,-4.25697214350182,1.12759583240874,9001.234321
"MDA",2010,-1.49484799215693,-4.4144649645314,1.10169524271611,9649.950993
"MDA",2011,-1.41651250162305,-4.56383435124508,1.07413211865461,10217.30878
"MDA",2012,-1.34249348643064,-4.70153372486749,1.04497707545755,10158.38547
"MDA",2013,-1.26981206297998,-4.83342869019125,1.01745570464528,11080.06346
"MDA",2014,-1.38634738683782,-5.52600506047427,0.820281110077926,11641.12084
"MDA",2015,-1.26222056679756,-5.73149366012763,0.782735766178396,11691.07975
"MDA",2016,-1.13496598061779,-5.93435688195855,0.748030373069324,12377.36668
"MDA",2017,-0.994739738312606,-6.13516143966269,0.716130217234463,13118.82194
"MDA",2018,-0.875427934402379,-6.31635842188907,0.689763567553515,13895.50437
"MDA",2019,-0.737044116639837,-6.50829348833037,0.65519902343831,14621.24014
"MNG",2001,-5.57393878556308,2.54530693352849,1.17240822407302,5917.070884
"MNG",2002,-5.4329761434041,2.28301619809127,1.17286764059493,6117.982422
"MNG",2003,-5.27206192463899,2.16069692912318,1.23385964204802,6463.789667
"MNG",2004,-5.16658456853016,1.78311565646704,1.18269901853654,7070.667158
"MNG",2005,-5.06021249985595,1.53381659351097,1.02103878144992,7499.848039
"MNG",2006,-4.93063105956468,1.28683547382531,1.02910290004942,8043.996781
"MNG",2007,-4.81658476357343,1.05081123516968,1.01010153449291,8750.134074
"MNG",2008,-4.66829125525585,0.958418377493059,1.07024320547547,9379.854897
"MNG",2009,-4.62284033043101,0.533082632650727,0.979260700478797,9095.976989
"MNG",2010,-4.53788928892407,0.379472950275758,0.974550561433794,9507.118824
"MNG",2011,-4.43666818380191,0.369143452004064,1.00208351325502,10960.09593
"MNG",2012,-4.34609272980971,0.231363571664543,0.99434794853097,12078.91853
"MNG",2013,-4.23966044855669,0.0587328655325883,0.974344145510388,13210.09457
"MNG",2014,-4.15198002998435,-0.0749271473263087,0.952492012067785,13943.42771
"MNG",2015,-4.07778952557506,-0.182457001595981,0.929577632788843,13974.59673
"MNG",2016,-4.00410826793987,-0.275805152993793,0.907527054671372,13898.1457
"MNG",2017,-3.92719726123347,-0.373303268875312,0.886000553761863,14401.53751
"MNG",2018,-3.86016133572244,-0.586570957910256,0.83482413962052,15230.24088
"MNG",2019,-3.79650102734735,-0.646152879278774,0.819831065937927,15790.69611
"MNE",2010,4.02775019002477,-3.35835803751027,0.656856303193797,19464.90858
"MNE",2013,0.941479821563419,-5.50051550249843,0.127317862091974,20181.74591
"MNE",2014,1.0276268268334,-5.65614771777396,0.111527972793273,20521.80709
"MNE",2015,0.141500476740434,-6.76660368630876,0.676147481271197,21205.67263
"MNE",2019,0.539347469581108,-7.3883344750518,0.655629399658962,25002.83448
"MAR",2001,-4.85582220227017,1.70855228048929,1.32988420371532,5417.578613
"MAR",2002,-4.9237291275014,1.54099861060908,1.25358741883746,5544.071777
"MAR",2003,-4.82767212082521,1.36359115699964,1.25651386032081,5810.053223
"MAR",2004,-4.7304019588047,1.17836570412605,1.25815362333033,5996.390137
"MAR",2005,-4.63025304398191,0.985289956616619,1.25676505037047,6103.422363
"MAR",2006,-4.52153625276409,0.782314115179313,1.25260907068543,6488.673828
"MAR",2007,-4.46819071105077,0.457164723634611,1.02328938230474,6620.590332
"MAR",2008,-4.38848684064434,0.133862984638057,0.959977212288731,6901.950684
"MAR",2009,-4.28013133190833,-0.0600213282047104,0.950593165279714,7063.727051
"MAR",2010,-4.14616626644383,-0.12173578817628,0.996667045816209,7210.636719
"MAR",2011,-4.04046917358353,-0.312439772337716,0.984657137036513,7503.792969
"MAR",2012,-3.96570013025621,-0.628994230583711,0.915429301555778,7628.644043
"MAR",2013,-3.81331314794945,-0.566824945809658,0.993000913790443,7839.032227
"MAR",2014,-3.73179403444253,-0.89042259369585,0.923194034550042,7951.79834
"MAR",2015,-3.6178640714832,-1.09195271670018,0.910175066177502,8198.808594
"MAR",2016,-3.50342330240259,-1.29532054311494,0.896676081840443,8141.94043
"MAR",2017,-3.4039085025488,-1.62501393982004,0.85229364677623,8450.008789
"MAR",2018,-3.28738416678693,-1.82537748544609,0.843328102787696,8611.75
"MAR",2019,-3.16688287177997,-2.03396762640816,0.83598451763409,8768.175781
"MOZ",2001,-6.91915567338041,5.56698347865677,1.49633260278527,785.7901736
"MOZ",2002,-6.93710866910018,5.5911215966418,1.49175582129927,842.6452662
"MOZ",2003,-6.74867896310919,6.13464329359477,1.65678804706327,883.2391215
"MOZ",2004,-6.9944335076174,5.49743413195859,1.41755030109625,934.1339648
"MOZ",2005,-7.00992783023439,5.51744791301201,1.40964444871484,970.3899561
"MOZ",2006,-7.02793807048877,5.53976677791887,1.40314585782253,1041.804717
"MOZ",2007,-7.01285178418443,5.68198864950281,1.45482504274096,1095.125687
"MOZ",2008,-7.03183712252646,5.71022993209148,1.45203381866259,1141.942562
"MOZ",2009,-7.10574815579905,5.61694949866023,1.22689140792729,1178.709099
"MOZ",2010,-7.14824574402875,5.51013974012427,1.16809306517367,1224.230205
"MOZ",2011,-6.99040282648803,5.50123816730125,1.24581725135384,1275.529598
"MOZ",2012,-7.16407895923443,5.52032062151668,1.16514064551672,1338.515949
"MOZ",2013,-7.16511891885602,5.51372707005055,1.16454700939223,1385.832549
"MOZ",2014,-7.15534484509935,5.4883058447153,1.16248602678091,1449.929266
"MOZ",2015,-7.1378876394693,5.44728953115104,1.15860535931377,1512.599746
"MOZ",2016,-7.11904313058601,5.40179354095958,1.15409914891298,1537.908533
"MOZ",2017,-7.09789880986981,5.35072800148051,1.14840380992122,1532.007358
"MOZ",2018,-7.07526775999615,5.3010276505892,1.14315363816931,1538.835121
"MOZ",2019,-7.05321005873619,5.2529925913933,1.13929660070139,1528.889884
"MMR",2001,-4.53410815566085,1.10468256367585,1.47152993314476,1498.311632
"MMR",2002,-4.45866413228333,0.970390111714434,1.47170245379055,1661.735885
"MMR",2003,-4.53123657281086,0.780729208867655,1.21372598206002,1874.171283
"MMR",2004,-4.45176308362922,0.637215895731495,1.21236072835001,2110.237285
"MMR",2005,-4.37115124647956,0.490240990199269,1.20942134440367,2377.902582
"MMR",2006,-4.28642568632621,0.337128787980487,1.20617109371965,2669.327004
"MMR",2007,-4.07193957849779,0.444322980295612,1.29414437479471,2968.303315
"MMR",2008,-4.18172554905777,0.192647954909966,1.213340312745,3254.738979
"MMR",2009,-4.0156261933092,-0.142882766409853,1.19177663516051,3578.174247
"MMR",2010,-3.92096548704152,-0.31652906499473,1.18411159717389,3893.790307
"MMR",2011,-3.6565850213269,-0.0862614058886443,1.29321434058153,4078.612209
"MMR",2012,-3.56375115704081,-0.251473837674152,1.28759842950368,4340.999451
"MMR",2013,-3.52982121162176,-0.531962701237686,1.05969964857375,4666.953761
"MMR",2014,-3.63461872106704,-1.22324637948422,0.881470691110194,5006.506671
"MMR",2015,-3.33553892922729,-0.861854815639025,1.04901234075823,5313.886159
"MMR",2016,-3.44639207209271,-1.55567893479021,0.87059619890404,5580.989773
"MMR",2017,-3.35592049275294,-1.71858308552051,0.866405527708814,5877.874656
"MMR",2018,-3.26317102061604,-1.88513219882494,0.864618953189616,6201.263414
"MMR",2019,-2.96738636258825,-1.52750086297899,1.03523853538516,6562.988985
"NAM",2001,-6.39444000842519,4.66463093248044,1.55682566139395,7786.541695
"NAM",2002,-6.35493578994347,4.59918646512556,1.55509261048545,8017.281341
"NAM",2003,-6.30543571472982,4.52470337007012,1.55545411254951,8237.365972
"NAM",2004,-6.20815453247177,4.5417071880192,1.61621761976289,9130.824423
"NAM",2005,-6.14566171079862,4.42837566256054,1.62173398788905,9245.136533
"NAM",2006,-6.10621941457154,4.1725306665773,1.57051981750573,9773.298332
"NAM",2007,-6.00296299281882,4.16462427561292,1.63420441915929,10162.24007
"NAM",2008,-5.96585414824047,4.05133895212798,1.61846943213057,10286.51241
"NAM",2009,-5.89186946177387,4.07327112394565,1.68081440165712,10166.28995
"NAM",2010,-6.07252551742991,3.681373939389,1.15052417758591,10614.62016
"NAM",2011,-5.84121363225043,3.98381167399517,1.29459058187982,10965.27298
"NAM",2012,-5.99500826800656,3.50242149414593,1.15487051334386,11266.60895
"NAM",2013,-5.95723744618798,3.41062662643223,1.14800985956238,11593.57538
"NAM",2014,-5.72062806268335,3.69901564204606,1.27692608301276,11982.69636
"NAM",2015,-5.85119307906138,3.2075951176531,1.12176984823901,12166.56584
"NAM",2016,-5.80349358886507,3.09609278965988,1.10238486936901,11846.78808
"NAM",2017,-5.74957774844997,2.99525482778073,1.08409855162829,11408.72531
"NAM",2018,-5.68998111051327,2.89027107508736,1.06703886521972,11214.38604
"NAM",2019,-5.62487238174999,2.77373830571692,1.04980706165528,10813.30447
"NPL",2001,-5.76189776080095,3.43563924223675,1.54590183660148,2413.814213
"NPL",2002,-5.72806771691065,3.36464966506862,1.54349867529824,2380.244246
"NPL",2003,-5.82561822190889,3.20674849532508,1.28384547129246,2439.494796
"NPL",2004,-5.75608946877512,3.22470769193613,1.31451716221161,2521.541052
"NPL",2005,-5.70661575164595,2.96539752411187,1.27746562552532,2580.231063
"NPL",2006,-5.63222056935473,2.82077019304335,1.27615136010486,2641.347995
"NPL",2007,-5.55661785819484,2.67218445144904,1.27265262812531,2708.714392
"NPL",2008,-5.47860421733197,2.51749358242439,1.27046304929381,2852.609832
"NPL",2009,-5.40056655146884,2.36311235840907,1.27123484139479,2961.839004
"NPL",2010,-5.31857146110425,2.19932916411586,1.27097243049111,3085.31407
"NPL",2011,-5.30390872816145,1.94026840695771,1.05637573854766,3176.650406
"NPL",2012,-5.24094982659207,1.8180587647498,1.06773971236268,3316.500735
"NPL",2013,-5.17831929895776,1.69319423851775,1.07973567412008,3426.557959
"NPL",2014,-5.11795396829691,1.56390530971331,1.09030281214752,3621.731689
"NPL",2015,-5.06417638280685,1.4356997869877,1.09722371636573,3745.261822
"NPL",2016,-5.00143380433786,1.29323554940544,1.10214952085652,3743.744578
"NPL",2017,-4.93665140420846,1.15461730897994,1.10769750828089,4071.704318
"NPL",2018,-4.6609379633484,1.51766110127422,1.28059138918776,4371.385718
"NPL",2019,-4.71299920210742,0.66378608481916,1.07886658136859,4607.524547
"NLD",2001,0.309182611126163,-7.1998086279427,1.16724349696391,56836.08003
"NLD",2002,0.224257282262116,-7.25044322846049,1.09284084779857,56613.26163
"NLD",2003,0.332547225038274,-7.33664216490947,1.10673785008862,56401.90657
"NLD",2004,0.452273047701966,-7.45185979464733,1.127331976738,57339.55644
"NLD",2005,0.567617017535852,-7.60608493050824,1.14763019300655,58369.275
"NLD",2006,0.852010715431486,-7.76439464656604,1.24076765844922,60337.02788
"NLD",2007,0.803371646880069,-7.8670072737048,1.17548573988096,62545.10916
"NLD",2008,0.922236882596737,-7.97970730082718,1.18268323031802,63620.91979
"NLD",2009,0.961490491782741,-8.05596143997724,1.18552262628962,60974.63742
"NLD",2010,1.01542936607028,-8.14662133795531,1.18664154637844,61463.02022
"NLD",2011,0.939160238719287,-8.3120382878833,0.937898842733619,62261.88606
"NLD",2012,0.985111772134941,-8.42982002915869,0.928703059068774,61425.31283
"NLD",2013,1.27221247136498,-8.02991871656945,1.09418567251316,61225.96922
"NLD",2014,1.32937517158294,-8.1438558086863,1.08283046302666,61989.84664
"NLD",2015,1.12522652973172,-8.80010988281266,0.899504135063057,63024.44959
"NLD",2016,1.15401231191029,-8.89363634023203,0.886750031229127,64209.72091
"NLD",2017,1.22134345871414,-8.98029951139518,0.866195046534116,65606.72591
"NLD",2018,1.35890227612014,-9.09503311145118,0.802303782268207,66698.00028
"NLD",2019,1.41534944235667,-9.20501243452629,0.788821705438273,67786.60698
"NZL",2001,-0.102497664575754,-5.47259769341567,1.06873955376288,36886.41404
"NZL",2002,-0.0210543958042041,-5.55469250859962,1.07033056097662,37959.9893
"NZL",2003,0.213808314133485,-5.64280505864381,1.16667559058895,38978.20617
"NZL",2004,0.118572323569216,-5.71985417405647,1.1179864469214,39973.21028
"NZL",2005,0.2370389750221,-5.85271307172713,1.11716477569948,40849.89353
"NZL",2006,0.305702315668622,-5.97208258301639,1.1389183265785,41476.65718
"NZL",2007,0.394332261479238,-6.09010801408351,1.14555655510715,42344.98379
"NZL",2008,0.46879655813494,-6.17915636621895,1.14733663100738,41466.67693
"NZL",2009,0.485791569874832,-6.39427776465649,1.09858481405218,41032.85961
"NZL",2010,0.547624620240783,-6.46862561929187,1.10164883145349,41165.42889
"NZL",2011,0.620566689963592,-6.5636932224875,1.11242915554209,41768.39422
"NZL",2012,0.709309140754906,-6.70371530187398,1.11547589193425,42491.08149
"NZL",2013,0.813910096717296,-6.84453603666427,1.0927403042851,43329.70644
"NZL",2014,0.856870850950845,-6.9371107517732,1.08601140019032,44215.87758
"NZL",2015,0.81257860170033,-6.98825337669361,1.08774986978637,44942.49106
"NZL",2016,0.851825426776987,-7.0393006674077,1.04739606598765,45591.48984
"NZL",2017,0.882405448254974,-7.09952958970876,1.01906401578015,46165.94199
"NZL",2018,0.931747558467748,-7.20466602996314,1.00169207087242,46933.2559
"NZL",2019,1.02475003746707,-7.32368013110587,0.97078358900119,47283.42971
"NIC",2001,-6.35061979944625,3.95217258186805,1.1556609660077,4917.660773
"NIC",2002,-6.25584350755654,3.58246271150563,1.08668586585237,4895.005799
"NIC",2003,-6.11646468204387,3.46871678698762,1.10873461700337,4959.598024
"NIC",2004,-5.97081151172064,3.21260173883199,1.11984270864432,5161.697015
"NIC",2005,-5.84510807024904,2.97321960922062,1.11030740326336,5313.022103
"NIC",2006,-5.74306556972173,2.78083324449742,1.10259695765864,5455.306155
"NIC",2007,-5.6595266692759,2.62783622761423,1.09730819115996,5650.46906
"NIC",2008,-5.57661513234419,2.47368060830344,1.09187137588556,5761.387009
"NIC",2009,-5.2928734076113,2.84689105666063,1.25890958101054,5492.954897
"NIC",2010,-5.4409152419958,2.03845671977497,1.02302621777494,5654.357798
"NIC",2011,-5.30637705074737,2.12672671252687,1.10592453944921,5927.2698
"NIC",2012,-5.21160423125093,1.95371209551498,1.09887406584536,6224.340384
"NIC",2013,-5.11791531809121,1.78360290128159,1.09113245512015,6440.852128
"NIC",2014,-5.04682668906041,1.47957879633029,1.02568809171899,6657.195918
"NIC",2015,-4.9470037167888,1.30175523090996,1.01749325139307,6882.097721
"NIC",2016,-4.84057260153528,1.11290858415306,1.0082844085229,7100.006898
"NIC",2017,-4.73315138947864,0.924768217701901,0.998879396900434,7330.63107
"NIC",2018,-4.62609592573855,0.732619615770204,0.988574241629116,6991.241661
"NIC",2019,-4.52139672860232,0.544332528132323,0.97938029379258,6701.194264
"NER",2001,-6.80992385347783,5.95779780127827,1.50146287237802,1233.065118
"NER",2002,-6.81542293807093,5.96587420142995,1.49800311065188,1248.823137
"NER",2003,-6.82234646332688,5.97877557194046,1.49561453081049,1231.278092
"NER",2004,-6.80071909830978,6.11614168306146,1.54979598564897,1192.082351
"NER",2005,-6.81649907289822,6.14690640005458,1.54932305053051,1233.875511
"NER",2006,-6.86117549861023,6.04969087383093,1.49249737739629,1260.120467
"NER",2007,-6.8766215015759,6.07914702053384,1.49328537206412,1252.748273
"NER",2008,-6.88316036548277,6.09121688957221,1.49138959561487,1300.554185
"NER",2009,-7.09778000254665,5.93763049298848,1.01217972902457,1277.69231
"NER",2010,-7.10339924740337,5.94482584791239,1.01063630493453,1336.564102
"NER",2011,-7.108257469529,5.94954612628443,1.0079859816852,1318.10131
"NER",2012,-7.10936861217487,5.9481263167851,1.00821242770683,1403.189711
"NER",2013,-7.11302202725944,5.94991829816808,1.00827065576809,1423.26169
"NER",2014,-7.11281031950754,5.94497073166964,1.01027405258146,1462.82123
"NER",2015,-7.11501905404988,5.94156503534335,1.01222424717424,1471.661353
"NER",2016,-7.11418038338033,5.9277209450927,1.01368178699582,1500.008587
"NER",2017,-7.10409625194534,5.89949747989948,1.01414560027579,1520.001537
"NER",2018,-7.08135454131537,5.99991973349735,1.04643185054904,1574.338383
"NER",2019,-7.06739805105995,5.95995196384907,1.04637835258011,1612.637347
"NGA",2001,-6.22904433139241,5.1087197876345,1.52244419213792,3392.035285
"NGA",2002,-6.21507166462094,5.08208746160629,1.52122752049699,3806.215896
"NGA",2003,-6.22081428839949,5.23801694238483,1.54117104399438,3974.767875
"NGA",2004,-6.30728804593292,5.17071056963963,1.47085380264952,4223.797948
"NGA",2005,-6.4154757081634,5.07363557537102,1.21944883454664,4372.975611
"NGA",2006,-6.40432844544874,5.05489235077143,1.21096843053646,4511.639524
"NGA",2007,-6.32577943579796,4.9567047867759,1.22174201111383,4677.541847
"NGA",2008,-6.37789711410579,5.01395256005373,1.19364722381474,4856.812801
"NGA",2009,-6.36765225860152,4.99915880076701,1.1872542481947,5102.916404
"NGA",2010,-6.3864317665553,4.84860816815117,1.12167186515241,5359.518484
"NGA",2011,-6.38224901237017,4.84102025527754,1.11916951863844,5488.004815
"NGA",2012,-6.43028017411367,4.70652820921515,0.891050866990115,5563.641676
"NGA",2013,-6.41975776810812,4.69591119319454,0.888738327482551,5775.866347
"NGA",2014,-6.40175582786609,4.6699672090288,0.885020313498704,5980.191816
"NGA",2015,-6.38321244429294,4.63841483800081,0.881123071151614,5985.094352
"NGA",2016,-6.34930070159942,4.55696917731583,0.87765077543004,5744.557879
"NGA",2017,-6.31017432844738,4.63319658044708,0.909538435644889,5651.734132
"NGA",2018,-6.30087805837604,4.45708869438344,0.876639795726178,5628.740794
"NGA",2019,-6.2575313280861,4.52569862642214,0.911209173532388,5628.177652
"MKD",2001,-1.88846582091286,-3.66807050302076,1.36472109953667,11561.38601
"MKD",2002,-1.83341119961575,-3.9423688800131,1.30461328036076,11819.60455
"MKD",2003,-1.72240252200363,-3.96455513487841,1.36070813913623,12066.96789
"MKD",2004,-1.60543761797133,-4.14354170781341,1.33626548145844,12671.95426
"MKD",2005,-1.65575240778657,-4.3805134085242,1.07688835371692,13342.42991
"MKD",2006,-1.53896602518878,-4.42721491382031,1.09969995287284,14105.51046
"MKD",2007,-1.43634473638124,-4.76848736238573,1.0577474433697,15104.62342
"MKD",2008,-1.35940047450079,-5.11670160532532,0.822710209310402,16023.59244
"MKD",2009,-1.27150499320198,-5.3132822411512,0.837590180933328,16069.73745
"MKD",2010,-1.14763425960387,-5.5148998731007,0.823379615834775,16716.01689
"MKD",2011,-0.789637090940892,-5.20321295221793,0.955434386749438,17185.73931
"MKD",2012,-0.868880972450289,-5.92218623744525,0.758545963882019,17174.5089
"MKD",2013,-0.714329140544377,-6.14550926550128,0.72420130019448,17742.2289
"MKD",2014,-0.653995914819936,-6.35402419956809,0.765696186939943,18435.58236
"MKD",2015,-0.530255830972742,-6.59774860925597,0.755499761355548,19197.76289
"MKD",2016,-0.106968701119207,-6.34119450647646,0.841216125189537,19807.91113
"MKD",2017,-0.15376728682762,-7.14258029079284,0.64477673879239,20102.92366
"MKD",2018,0.0361778427254101,-7.44439412747887,0.601171130382852,20787.17775
"MKD",2019,0.758372887776838,-7.68103332724107,0.531227904925284,21747.27409
"NOR",2001,0.712437411657534,-7.3742136504108,1.2922275601772,78720.16933
"NOR",2002,0.807658198438274,-7.39465544803238,1.29396649995829,79375.36416
"NOR",2003,0.906695571740691,-7.45036200406009,1.30037403213911,79656.80338
"NOR",2004,1.01086298158207,-7.53800271567803,1.32808884332004,82366.52562
"NOR",2005,1.12207278417853,-7.62480475488591,1.34729790438717,84004.0862
"NOR",2006,1.21853303470112,-7.69480246156365,1.35380848522352,85381.39207
"NOR",2007,1.3415464328311,-7.76123775837466,1.36146407154736,86964.91235
"NOR",2008,1.45305784955266,-7.80896010403833,1.36626970467247,86301.67622
"NOR",2009,1.44186660653828,-7.83489347814071,1.37042433019186,83566.55492
"NOR",2010,1.49455462400594,-7.85806107530419,1.36888432710465,83181.62125
"NOR",2011,1.58755752857567,-7.89875727269294,1.36327272292185,83017.41578
"NOR",2012,1.69035498644178,-8.00305524590342,1.3466351313083,84161.09765
"NOR",2013,1.7488287361914,-8.07064851474071,1.35045660498617,83994.55696
"NOR",2014,1.83811509939592,-8.18737858136478,1.30797732628706,84753.6684
"NOR",2015,1.79560687786527,-8.28238931058342,1.2713911278713,85473.05679
"NOR",2016,1.82205683359575,-8.34293912233894,1.23132593260867,85710.1657
"NOR",2017,1.89463963685762,-8.42502935349381,1.20908460386748,87115.38999
"NOR",2018,2.02874294307073,-8.5678696779294,1.18657767487996,87259.59223
"NOR",2019,1.96740181822811,-8.77391994703568,0.913713593567336,87646.52682
"OMN",2001,-5.17248381280734,2.95918705095702,1.02900855419782,43492.28638
"OMN",2002,-5.1853196802786,2.71803364894966,0.798206861474774,42654.14827
"OMN",2003,-5.12863582580676,2.58101004292694,0.782205585749429,41247.58737
"OMN",2004,-4.86902663618063,2.95714288603753,0.955043464806462,41351.76874
"OMN",2005,-5.01841266201934,2.28246149617802,0.78473425071151,41551.14138
"OMN",2006,-4.94958490946163,2.09916015898338,0.782866197277169,42540.43985
"OMN",2007,-4.82653832937583,2.02007177884212,0.825627809225331,43696.96914
"OMN",2008,-4.71389209324413,1.77438264435406,0.804128085378931,46586.39559
"OMN",2009,-4.60950726133144,1.41474581979055,0.708802729718391,48304.11789
"OMN",2010,-4.24251120397787,1.7816676793092,0.886704481078392,48191.61451
"OMN",2011,-4.18675021718562,0.603446211713216,0.581412564472434,44440.30926
"OMN",2012,-3.92003882887411,-0.00464732043760381,0.445540749033869,41964.08286
"OMN",2013,-4.40435961578713,-0.427358879881784,0.387986444619792,40854.48535
"OMN",2014,-3.6323309368409,-0.337141818627401,0.350775398503895,39639.98705
"OMN",2015,-3.48745748907893,-0.704890849306615,0.270552075961218,39813.78871
"OMN",2016,-3.96891273539567,-0.91080061144486,0.310759039573112,39860.98939
"OMN",2017,-3.87824196270733,-1.19994121059245,0.233392172306714,38691.10771
"OMN",2018,-3.74190656502467,-1.36830896995452,0.234637610603993,38673.60454
"OMN",2019,-3.62280809887816,-1.43553519781835,0.252693442225141,38292.38597
"PAK",2001,-5.88606741969563,4.25624400410858,1.42211213884885,3559.727847
"PAK",2002,-5.89035916302345,4.28805023275813,1.4272481606274,3563.678469
"PAK",2003,-6.01561126638786,3.99517614627862,1.14129679565966,3668.779389
"PAK",2004,-6.0117561528104,3.77602228870432,1.08588958363177,3859.646018
"PAK",2005,-5.99718824627354,3.73875417704316,1.08779059075981,4042.154575
"PAK",2006,-5.95924109728191,3.64678174132595,1.08715094987442,4185.866557
"PAK",2007,-5.89972818885019,3.46054626313928,1.08170377663739,4257.925569
"PAK",2008,-5.90136929050631,3.48370323141983,1.08052242736168,4233.348307
"PAK",2009,-5.92852690151492,3.27724309561776,0.851989152282406,4270.438823
"PAK",2010,-5.91901462596683,3.26664361534981,0.847718368398362,4228.781772
"PAK",2011,-5.90165702930658,3.24904585975931,0.841750249765884,4246.067109
"PAK",2012,-5.89835232282104,3.28458090777617,0.836027018943805,4292.021103
"PAK",2013,-5.87214592404912,3.25100513152343,0.828471243002965,4407.147058
"PAK",2014,-5.83876223190003,3.19935428770133,0.820172341319503,4520.234634
"PAK",2015,-5.80371759563384,3.14434640732219,0.812707769622468,4645.286311
"PAK",2016,-5.76300698135858,3.079582179662,0.805158164730794,4886.612121
"PAK",2017,-5.68947712355969,2.89972457147351,0.795631376669237,5031.560607
"PAK",2018,-5.63138412748421,2.77490137638656,0.787618657458577,5255.063507
"PAK",2019,-5.57946443638398,2.66637989710528,0.77987498581338,5295.952951
"PAN",2001,-4.5189574204191,0.461665740094015,0.926578815040319,14427.82996
"PAN",2002,-4.4135033976197,0.28004834505596,0.923275057446262,14507.14381
"PAN",2003,-4.305649320202,0.24575752470224,0.956898209960891,14957.55326
"PAN",2004,-4.21699218049374,-0.0502626212116954,0.925923323156536,15875.11268
"PAN",2005,-4.08774790823367,-0.102652972412569,0.982769033348146,16867.96093
"PAN",2006,-3.98283123456269,-0.272193055810401,0.984998133937134,18190.27412
"PAN",2007,-3.87345263848449,-0.435748092568257,0.989192125865756,20208.82157
"PAN",2008,-3.80878353531034,-0.721365910410861,0.937347150771683,21867.81876
"PAN",2009,-3.68856180536847,-0.75249601181698,0.995142149291984,21822.98769
"PAN",2010,-3.58905248652672,-0.915614792045518,0.997010402893927,22739.11062
"PAN",2011,-3.51929027623818,-1.20218138896602,0.94437428405794,24999.46059
"PAN",2012,-3.3769900579866,-1.11046332844226,1.03616037397837,26926.88528
"PAN",2013,-3.28850815985976,-1.40719944046442,1.00214815128193,28135.3279
"PAN",2014,-3.21391821939869,-1.68932345014458,0.942796607401117,28931.80445
"PAN",2015,-3.10602264844821,-1.86236264840832,0.939125652955682,29933.15557
"PAN",2016,-2.99901447279286,-2.02967782695758,0.935606851843784,30765.23716
"PAN",2017,-2.89799212076444,-2.18947825462382,0.93235503119503,31979.81227
"PAN",2018,-2.77812042777036,-2.20980019213625,0.960560419094135,32681.44636
"PAN",2019,-2.66736796997978,-2.37481166489983,0.95508069599099,33163.72691
"PNG",2001,-6.05766283412855,3.87547216082131,1.28488065219768,3211.75933
"PNG",2002,-6.01802475171496,3.80681330451395,1.28522192321175,3100.795099
"PNG",2003,-5.97702347321156,3.73482871751309,1.28682122252144,3064.44403
"PNG",2004,-5.9369168951712,3.66216251083849,1.28830970822908,3046.332896
"PNG",2005,-5.89634862322067,3.59032646427494,1.29105117235317,3136.585682
"PNG",2006,-5.85550382030635,3.51654943557559,1.29308608911378,3202.487304
"PNG",2007,-5.62221391387863,3.83285573804283,1.43433631206712,3345.850304
"PNG",2008,-5.77040586031001,3.35609858959279,1.29597707523311,3233.918119
"PNG",2009,-5.59072860637421,3.54390033397743,1.21458498522293,3349.643454
"PNG",2010,-5.54738091882276,3.460668947463,1.21467476504419,3579.171412
"PNG",2011,-5.49785219023679,3.36912377441169,1.21453530644612,3514.832774
"PNG",2012,-5.64642960870805,2.74516526808725,1.04025926634171,3577.451773
"PNG",2013,-5.38685523159157,3.16705971836344,1.21163574810012,3615.283238
"PNG",2014,-5.32536812997149,3.0536605355519,1.20743597734676,3998.61805
"PNG",2015,-5.29698673254497,2.81235762313168,1.1464867306305,4154.523326
"PNG",2016,-5.42395614964092,2.30414159317093,1.00133939294066,4275.748586
"PNG",2017,-5.17083100063147,2.57933734921286,1.13598327240471,4322.222821
"PNG",2018,-5.30887398395081,1.93545245923894,0.958161504220622,4211.145474
"PNG",2019,-5.03738947171589,2.3348050446888,1.12673919075271,4301.611392
"PRY",2001,-5.36760364437863,2.66178739623663,1.48443444254045,9749.258658
"PRY",2002,-5.3101244441172,2.54029204049481,1.49254926030129,9610.747778
"PRY",2003,-5.44733393976345,2.23720531998721,1.02352734541546,9903.45029
"PRY",2004,-5.36905488598687,2.08243524575877,1.03072801293038,10187.19439
"PRY",2005,-5.26259636041141,2.051084705435,1.09280086665774,10290.10082
"PRY",2006,-5.17792848118498,1.88401571929225,1.09584502864494,10672.99333
"PRY",2007,-5.12226489873681,1.58730245690823,1.04041756152,11141.87047
"PRY",2008,-5.00448308342858,1.5420707190083,1.09667395842935,11751.13917
"PRY",2009,-4.92229425935549,1.37059891707296,1.09269977077637,11601.28546
"PRY",2010,-4.85922357004288,1.06536606741199,1.03183100262277,12738.57656
"PRY",2011,-4.76823088816304,0.893296453800622,1.02352191494128,13109.46657
"PRY",2012,-4.68007437088967,0.719092394364435,1.01138642088507,12834.80159
"PRY",2013,-4.58576075792382,0.535983376679133,0.99880320474688,13700.70305
"PRY",2014,-4.47820890958778,0.497715435089418,1.01811311101731,14219.35442
"PRY",2015,-4.39389227347561,0.325841299327244,1.00187787423492,14427.60023
"PRY",2016,-4.3138748024767,0.0229710828171639,0.950407326355171,14826.66369
"PRY",2017,-4.01479143409588,0.379053371594228,1.10600380277449,15320.33665
"PRY",2018,-3.91470736866525,0.205310663233486,1.08777032171173,15592.98414
"PRY",2019,-4.02126021188411,-0.48908399121062,0.896259621864364,15321.32455
"PER",2001,-4.97953845871948,1.5533466330494,1.23219917996268,7613.020863
"PER",2002,-4.85253273302998,1.3123965580294,1.22361869336358,7932.991264
"PER",2003,-4.86863726891083,1.00435861388806,0.958483373075072,8175.83415
"PER",2004,-4.73962790384707,0.757130248746319,0.951878146098189,8497.498349
"PER",2005,-4.59938932663052,0.491297274231667,0.943291176949542,8951.547172
"PER",2006,-4.45449158509251,0.222090354574677,0.938310864679653,9549.612436
"PER",2007,-4.30740323864495,-0.0530035264288884,0.931704652316374,10288.18539
"PER",2008,-4.16636573618803,-0.308711762362989,0.926525946048416,11153.51506
"PER",2009,-4.03267279889743,-0.553506381925986,0.918362919593615,11206.37082
"PER",2010,-3.89966112048811,-0.796139067332303,0.911888307888931,12061.16406
"PER",2011,-3.7746847510234,-1.02378393874769,0.90590148395494,12728.86482
"PER",2012,-3.65060013486992,-1.24458365844088,0.900662919977762,13397.78324
"PER",2013,-3.53132267294964,-1.46590340068969,0.893128617235657,14054.63836
"PER",2014,-3.41909654890729,-1.67061337946526,0.885147412236268,14247.101
"PER",2015,-3.32052029376411,-1.8586284082814,0.878806480559941,14545.38114
"PER",2016,-3.23962739933198,-2.01074434903803,0.872680296672333,14920.10368
"PER",2017,-3.16260948265197,-2.15177879548844,0.866355276731284,15072.2039
"PER",2018,-3.0671221059663,-2.33871345707949,0.859658142212516,15388.99832
"PER",2019,-2.99173321942132,-2.46571653319236,0.855108077810355,15466.29515
"PHL",2001,-5.77170795696678,2.96293687144519,1.18501764728696,4778.400844
"PHL",2002,-5.70813803232061,2.84905079679007,1.19105151836778,4856.499484
"PHL",2003,-5.64396882552687,2.73190312593642,1.19832067598968,5003.383177
"PHL",2004,-5.58507586485837,2.62223835695112,1.20534065622037,5229.450807
"PHL",2005,-5.52649717953058,2.51937239380312,1.21120217798271,5386.816537
"PHL",2006,-5.4918493499427,2.4733746685539,1.22063362752883,5578.572251
"PHL",2007,-5.42009303265737,2.31809828151502,1.22437535268236,5840.068102
"PHL",2008,-5.37925928891264,2.25987216532223,1.22776806739438,5987.037579
"PHL",2009,-5.31947616478575,2.12445429158161,1.22667048214598,5965.307309
"PHL",2010,-5.08132892955231,2.51912798778867,1.22917229807509,6273.039278
"PHL",2011,-5.03013163553127,2.42934726893038,1.224167197121,6388.31297
"PHL",2012,-4.95285019402725,2.25935091576263,1.21707302104494,6697.55621
"PHL",2013,-4.89767824091017,2.16979777418209,1.20828878674665,7016.538465
"PHL",2014,-5.0583972470197,1.36993652949942,0.966096840107067,7340.361586
"PHL",2015,-4.96782073191683,1.20956680352469,0.953705710912452,7691.763087
"PHL",2016,-4.84750916788821,0.978185535065236,0.941125803936966,8131.825379
"PHL",2017,-4.72232759329292,0.73757940696326,0.929581757147393,8584.136227
"PHL",2018,-4.60606223438849,0.514625298375463,0.920466142568306,9016.286596
"PHL",2019,-4.48480639573153,0.279995434397684,0.911357933805043,9452.293971
"PRT",2001,-0.271860999785837,-7.46853681097268,0.714175930573391,35468.20185
"PRT",2002,-0.166958076490729,-7.63670994128759,0.697779240434606,35546.42461
"PRT",2003,-0.0522823633477714,-7.79683706444633,0.688757913234099,35083.70188
"PRT",2004,0.0825924824431939,-7.98331944590644,0.680326864082289,35625.96262
"PRT",2005,0.208236618906471,-8.17626998424286,0.673042853820183,35837.95073
"PRT",2006,0.338019758200334,-8.36823030205724,0.662270326417241,36354.71135
"PRT",2007,0.470749917259945,-8.56727576198652,0.661859165619615,37192.88819
"PRT",2008,0.615598831043142,-8.76082032863135,0.656518142856912,37257.86409
"PRT",2009,0.718020917579716,-8.93853409918077,0.660762757918052,36060.25153
"PRT",2010,0.835880720202652,-9.14126129322668,0.663899304542869,36670.00422
"PRT",2011,0.947362336967393,-9.33848685032312,0.663768898068619,36094.70444
"PRT",2012,1.02378460775502,-9.51155678288415,0.673490013548717,34773.236
"PRT",2013,1.18330881575806,-9.71595274396211,0.640958903809583,34620.51244
"PRT",2014,1.30091710840749,-9.92630769423932,0.647486173760822,35065.74833
"PRT",2015,1.340916656115,-10.0981654831859,0.695937440523386,35771.05931
"PRT",2016,1.61344012742637,-10.3904374002074,0.800253388500158,36603.24812
"PRT",2017,1.69890917161087,-10.5400750277563,0.814320465721724,37908.8867
"PRT",2018,1.79973735471033,-10.6901721939811,0.823667481186736,39088.32147
"PRT",2019,1.89162262076144,-10.86090816181,0.829328809316664,40152.03293
"QAT",2001,-1.75217626125916,-0.891121329487954,1.11865779387572,92115.82575
"QAT",2002,-1.62700884243172,-1.08745096144995,1.11123510943773,94111.68938
"QAT",2003,-1.4223466052211,-1.30951353262476,1.08319366645189,93224.45417
"QAT",2004,-1.25641761243819,-1.52367032804607,1.10226320306206,107023.6826
"QAT",2005,-1.26451403894642,-1.51794115089268,1.10706189863376,107784.5235
"QAT",2006,-1.33844908604002,-1.39273743011446,1.13201749874497,115383.7441
"QAT",2007,-1.59236525043533,-1.32512562195539,1.04514601504643,109579.7865
"QAT",2008,-1.68097012033473,-1.52691813183867,0.933006023641956,109206.4049
"QAT",2009,-1.46902361195232,-1.81642888699112,0.876970584252941,108435.8536
"QAT",2010,-1.18180672154127,-2.23010366472284,0.881323306933262,129045.0056
"QAT",2011,-1.6549238797428,-2.39633605475459,0.995982744800807,145591.0194
"QAT",2012,-1.42894563030161,-2.46349446474548,1.07859311297261,143830.7109
"QAT",2013,-1.2799224256539,-2.38771137843548,1.12042196473662,136453.9974
"QAT",2014,-1.33062099829323,-2.52413016145114,1.00012284879731,128013.987
"QAT",2015,-1.45631450417932,-2.41722194594485,0.939750647698383,123070.8879
"QAT",2016,-1.44226178515687,-2.54909557291002,0.89690668760277,120054.4087
"QAT",2017,-1.40438759293704,-2.81011795256422,0.794813866852209,115064.9437
"QAT",2018,-1.2125072537025,-2.92086679941205,0.820833960153324,114909.9455
"QAT",2019,-1.02489949782986,-3.30628998952825,0.751358262493736,113160.9738
"ROU",2001,-1.31312858660914,-5.62507235523939,1.04208427299318,15833.15685
"ROU",2002,-1.19703202288523,-5.84710538779633,1.02874382150447,17045.32267
"ROU",2003,-1.03824882325497,-6.12181981863184,1.01477200033642,17570.65335
"ROU",2004,-0.876298398923052,-6.39177907258893,0.996449588918178,19513.81179
"ROU",2005,-0.740255783122863,-6.62252962876885,0.970779078298454,20551.26479
"ROU",2006,-0.615862625334585,-6.83126476195414,0.945483446199366,22333.19834
"ROU",2007,-0.479449100780643,-7.0439300376624,0.932111744193853,24305.1412
"ROU",2008,-0.354127978536101,-7.23019434087414,0.948240012926787,27013.75691
"ROU",2009,-0.248988412097116,-7.41199482220935,0.94898280311494,25737.00879
"ROU",2010,-0.135732565415407,-7.60575142803584,0.938916586564927,24879.10346
"ROU",2011,-0.0637267935701376,-7.94751533743642,0.69431681671167,26125.75397
"ROU",2012,0.0408800020403497,-8.12518364540175,0.68789197313731,26741.87257
"ROU",2013,0.340094279447238,-7.90549720794444,0.826198361627398,26916.18205
"ROU",2014,0.430545697496824,-8.05297923991348,0.82929859397371,28129.22048
"ROU",2015,0.934244232911396,-8.5953515395641,0.61311057438607,29153.9875
"ROU",2016,1.00320363988906,-8.70474913259956,0.630543767426373,30160.29435
"ROU",2017,1.0942031108444,-8.81271487924492,0.629465586486975,32821.23656
"ROU",2018,1.17956983284867,-8.90480195218239,0.627775438991535,35035.42884
"ROU",2019,1.26095005740189,-9.0015719522325,0.628142769559833,36602.28036
"RUS",2001,-0.887962963207952,-5.65706901564945,1.20724376426444,21435.76563
"RUS",2002,-0.807861315807172,-5.90735007290463,1.23445452530994,22546.72656
"RUS",2003,-0.81187512219684,-6.00808409038416,1.22103728088982,24302.6582
"RUS",2004,-0.551988442164951,-5.76270411052819,1.37115624165158,26157.55664
"RUS",2005,-0.668413916346532,-6.29534316259396,1.23285990175283,27937.99805
"RUS",2006,-0.568649009226826,-6.4705750551952,1.22826419166807,30328.07813
"RUS",2007,-0.462186714309847,-6.47302228826272,1.27267566397181,32962.30078
"RUS",2008,-0.441304918650456,-6.64269774297679,1.19501570860806,34691.57422
"RUS",2009,0.162382997940492,-6.6541437270836,1.09809648082736,31976.00586
"RUS",2010,0.39603056112166,-6.17369510699369,1.24188428034103,33399.92578
"RUS",2011,0.278782364440651,-6.83368202429013,1.03644299708301,34795.03516
"RUS",2012,0.36369098634065,-6.96088752400162,1.00412713636386,36104.27344
"RUS",2013,0.461012906058205,-7.09303941623971,0.967276850936842,36628.92188
"RUS",2014,0.544144263456507,-7.22586697339888,0.92661744073783,36217.96484
"RUS",2015,1.02835924397718,-7.49313505246167,0.219722993135287,35393.57031
"RUS",2016,1.12765976517744,-7.62839505278657,0.164443687007063,35361.54688
"RUS",2017,1.22380837224628,-7.75356233916915,0.138079408515477,35932.23438
"RUS",2018,1.31712554483598,-7.86235057025241,0.122030228243407,36908.36719
"RUS",2019,0.856760005659869,-8.01520220758107,0.155082871096429,37698.95313
"RWA",2001,-6.94867481670756,6.02517778373298,1.77971032145089,1092.25063
"RWA",2002,-7.14009084331379,5.67067107624031,1.27659758361121,1219.697104
"RWA",2003,-7.04349245873597,5.44586552851317,1.27793882530862,1219.456984
"RWA",2004,-6.99244062689085,5.30168486621088,1.27500656487312,1276.102211
"RWA",2005,-6.94818554039074,5.18210785804342,1.26765238363897,1359.134321
"RWA",2006,-6.90079186782637,5.0613766872367,1.25376478263764,1445.475602
"RWA",2007,-6.88619384790141,4.8283057162477,1.17784714501144,1514.972767
"RWA",2008,-6.83499572044161,4.71280745169151,1.15590301645736,1640.375762
"RWA",2009,-6.74197198677011,4.70686554891635,1.1881798005456,1698.492949
"RWA",2010,-6.70477957907222,4.45111332014605,1.10710908289127,1777.639289
"RWA",2011,-6.63569697286214,4.32115698403095,1.08284907556323,1872.614592
"RWA",2012,-6.5586351567333,4.17929319261731,1.05954271964623,1986.314634
"RWA",2013,-6.47865318843351,4.03196983703294,1.03547830121321,2030.669334
"RWA",2014,-6.38998225938608,3.87826249459167,1.01437697436938,2104.41605
"RWA",2015,-6.30120473405451,3.72568467975127,0.996652389091912,2236.627929
"RWA",2016,-6.21020545956619,3.57039655572832,0.983359838306272,2314.659142
"RWA",2017,-6.11651132616481,3.40973404999015,0.973509931212638,2349.588843
"RWA",2018,-6.0245172327587,3.25532326007612,0.968481055873142,2491.310872
"RWA",2019,-5.93332458470661,3.09899589204637,0.968491449663278,2665.18684
"WSM",2001,-5.12574931476851,2.92185100252139,1.12145887601361,4941.115225
"WSM",2002,-5.04687864783745,2.80994244416273,1.12091175600995,5183.454562
"WSM",2003,-4.7577516567143,2.76148736722346,1.25732850137707,5425.443835
"WSM",2004,-4.83761057461426,2.62845524995204,1.17614382359074,5568.347346
"WSM",2005,-4.75167666612936,2.49614666063707,1.18316329759281,5914.889706
"WSM",2006,-4.50686240155466,2.35647161040575,1.26918921457586,6017.477043
"WSM",2007,-4.37352851993999,2.39658556571314,1.35213702568527,6013.276288
"WSM",2008,-4.47136623649154,2.50508518594401,1.10432358183917,6182.763278
"WSM",2009,-4.64343678683599,2.1204057473671,1.00172830232558,6104.127515
"WSM",2010,-4.59847666360793,2.03370404088263,1.00942280963178,6427.311562
"WSM",2011,-4.61805585725945,1.89829030584967,0.9628829384797,6616.771096
"WSM",2012,-4.60771473037138,1.87927585397464,0.973136257240937,6311.960702
"WSM",2013,-4.3665824197987,2.34339495988803,1.15117299615263,6262.32372
"WSM",2014,-4.54279066327917,1.7719417656714,0.981193716134443,6247.904809
"WSM",2015,-4.51422547978225,1.72568304361506,0.982154988554303,6432.359792
"WSM",2016,-4.48938465386694,1.68406697359457,0.980841936020414,6887.305235
"WSM",2017,-4.44811205414265,1.768507045192,1.00961951093883,6919.015728
"WSM",2018,-4.4137927374747,1.70776671211096,1.00361085648315,6805.045172
"WSM",2019,-4.3811574666171,1.68090594915985,1.00950656681865,7033.521134
"STP",2001,-6.35617575106033,5.49655154191486,1.87730267179362,3907.019282
"STP",2002,-6.57363494363345,4.95301411229634,1.68071316877041,3942.760407
"STP",2003,-6.70471676856238,4.70434047055228,1.38644446545193,4161.638332
"STP",2004,-6.67281649545748,4.6233477158547,1.37347600360482,4202.561869
"STP",2005,-6.63977401472598,4.55468564172511,1.36038408664489,4371.497216
"STP",2006,-6.39524573313652,4.98802763133154,1.51661752548828,4644.180447
"STP",2007,-6.5629435859737,4.399336635149,1.32522560896915,4698.08417
"STP",2008,-6.52870775294062,4.34394011663445,1.3095294948947,4873.181311
"STP",2009,-6.48799570057806,4.28335808757627,1.29454073549647,4919.195298
"STP",2010,-6.49777984916281,4.09415776012045,1.05996075096023,4882.047965
"STP",2011,-6.41377495646581,4.13921915543274,1.1049564669876,4876.473158
"STP",2012,-6.38204536161033,3.92046964359353,1.03705356077478,4919.552944
"STP",2013,-6.29619361480148,3.80238384003556,1.02430614878049,5072.112002
"STP",2014,-6.21356499182299,3.67764434702612,1.01548104353414,5223.095729
"STP",2015,-6.13210576313054,3.54684189718454,1.01138653792555,5210.203776
"STP",2016,-6.03892212236388,3.40437033463848,1.0103785608507,5388.509133
"STP",2017,-5.9506361117561,3.25918372620955,1.01272967449894,5521.202496
"STP",2018,-5.86411029286798,3.11499560777267,1.0191724408766,5674.723791
"STP",2019,-5.78298439545832,2.97751734522071,1.02811633671917,5702.083471
"SAU",2001,-4.13542187932347,3.28031070690504,1.11102668996449,49143.09066
"SAU",2002,-4.26686268926721,3.21938345560857,0.89331469650554,46435.48144
"SAU",2003,-4.2936181030613,3.21405566146679,0.899254389388471,48152.59743
"SAU",2004,-4.30234852390399,3.16005654757276,0.901077798438741,49961.167
"SAU",2005,-4.49426888838016,2.54798375671159,0.721650005336655,50638.95058
"SAU",2006,-4.25906172390044,2.95431016301361,0.881646643276824,50124.521
"SAU",2007,-4.38983978573572,2.3997796718296,0.743534316205505,49151.65614
"SAU",2008,-4.33571314913669,2.19817036641786,0.691082732836342,50155.83402
"SAU",2009,-4.21478943806914,1.98746902539766,0.671239233606966,47715.74805
"SAU",2010,-4.08141927395951,1.8365382542249,0.662393827788514,50620.29207
"SAU",2011,-3.91324268436185,1.54155188982935,0.614876230853233,53692.30103
"SAU",2012,-3.72474931918836,1.22182569416627,0.561345162823856,54267.21329
"SAU",2013,-4.13086949956956,0.736489425242402,0.53760479346775,52711.6862
"SAU",2014,-3.29980876866763,0.409736435072499,0.402603021379244,53396.15243
"SAU",2015,-3.38330818962486,0.000483804109374838,0.366955846215662,52983.13776
"SAU",2016,-3.77465688817508,-0.29829841501926,0.397832893542335,51997.34268
"SAU",2017,-3.60351092196626,-0.464440946741996,0.383914590783868,52431.83923
"SAU",2018,-3.4698230353779,-0.636431658529602,0.395835680317955,55508.87306
"SAU",2019,-3.35881682099959,-0.890157574163488,0.400005738536557,56365.50855
"SEN",2001,-6.58034751047753,4.89670274266639,1.60461300922813,3149.331137
"SEN",2002,-6.55105160848567,4.82324742556726,1.59687994659841,3075.231575
"SEN",2003,-6.50871699267106,4.88804707794617,1.62473976678498,3170.034947
"SEN",2004,-6.62396331555558,4.60860142584286,1.32585095734004,3240.302017
"SEN",2005,-6.64378926472628,4.40406350370752,1.09385225965906,3301.820762
"SEN",2006,-6.60246216714428,4.32196640058632,1.08633731376427,3301.031524
"SEN",2007,-6.5118408806112,4.48697733748991,1.16619774155139,3316.420378
"SEN",2008,-6.51264586872689,4.1515729699421,1.06520299766867,3359.705671
"SEN",2009,-6.4558530493176,4.20454588847715,1.08825900878034,3371.461667
"SEN",2010,-6.42582247943109,3.99548433524863,1.04539872559091,3403.567072
"SEN",2011,-6.38650668718259,3.92800313481311,1.03878080974811,3362.879405
"SEN",2012,-6.35600950278663,3.87843271216579,1.03292938163928,3405.108645
"SEN",2013,-6.32163099361376,3.81840464982645,1.02857603947244,3385.425907
"SEN",2014,-6.2929848395703,3.77142727898315,1.025318038757,3484.012197
"SEN",2015,-6.26083297028433,3.7152978742171,1.02397223802348,3593.794771
"SEN",2016,-6.21641563513618,3.79265533842201,1.05844900060269,3710.055316
"SEN",2017,-6.17825488703566,3.72039343128481,1.05764225326279,3871.451468
"SEN",2018,-6.13646490197512,3.64025461291183,1.05752891879915,3998.286353
"SEN",2019,-6.10361473584121,3.41415232125809,1.02406411640302,4070.612271
"SRB",2001,2.53651536888675,-6.31984936388018,1.43411863563083,11868.46535
"SRB",2002,2.61125479980579,-6.45508475388006,1.44012312587626,12650.52304
"SRB",2003,2.0833489558027,-6.61390478025992,1.51106150841208,13261.72185
"SRB",2004,2.00153137375884,-6.79624579370637,1.25046880323692,14181.5667
"SRB",2005,0.922777153584407,-7.5253635095114,0.332238363364531,15063.96413
"SRB",2006,0.931732165239176,-7.75961991895945,0.097147784792603,15713.22254
"SRB",2007,0.982880764918214,-7.99441887424256,0.0271249160176847,17012.73331
"SRB",2008,1.05837485824907,-8.10356864900819,0.0118233273377028,17967.06646
"SRB",2010,0.387740951867504,-8.75608511788189,0.721823669982204,17825.34447
"SRB",2015,0.777034731287919,-9.27535232903207,0.700109284718153,18231.35591
"SRB",2019,1.08174096162885,-9.95466441727299,0.622579941734556,21521.70175
"SYC",2001,-1.37847253726228,-0.391257795346125,1.7551194899181,20147.41877
"SYC",2002,-1.2895461834807,-0.723011433978826,1.70100908105036,19777.75252
"SYC",2003,-1.16596115900519,-0.928382973302269,1.7004707000896,18825.22069
"SYC",2004,-1.01465958312739,-0.975409721078838,1.77603976362988,18356.47114
"SYC",2005,-0.711560258992452,-1.20808705746366,1.84958625773909,19917.11945
"SYC",2006,-0.365281648647141,-1.42086623753232,1.95944297923029,21341.85975
"SYC",2007,-0.4246447954015,-1.6090409523534,1.88044139732556,23117.85552
"SYC",2008,-0.53767801137755,-1.76913910917245,1.79161460991049,21990.36853
"SYC",2009,-0.42672794983192,-1.98199189048235,1.78202132468326,21361.13079
"SYC",2010,-0.356026797180428,-2.42528926015217,1.48475496386046,21708.75545
"SYC",2011,-0.298762664391999,-2.52986426722018,1.49802234134206,24406.41298
"SYC",2012,-0.228842193642404,-2.62081290362826,1.46348218153685,24919.95521
"SYC",2013,-0.190139008553161,-2.69414817721518,1.45345094438098,24770.65146
"SYC",2014,-0.10750295564262,-2.7860781310331,1.43300850941904,25379.41807
"SYC",2015,-0.034561526974624,-2.91576256934219,1.42001964446198,27032.20839
"SYC",2016,0.021462688988192,-3.05476444486055,1.42622749701788,29905.13474
"SYC",2017,0.100463904508508,-3.18147317965045,1.4157408276352,31595.66806
"SYC",2018,0.234558717428248,-3.36602639633807,1.35510586194026,32841.42425
"SYC",2019,0.364878825218419,-3.50721493932342,1.34020514802431,34346.07089
"SLE",2001,-6.40010391518442,4.75933073239085,1.59298571807345,1577.932327
"SLE",2002,-6.2095585174276,5.31486911857963,1.76999629703225,1884.535211
"SLE",2003,-6.21578725200462,5.32419643348039,1.77086979501178,1981.068183
"SLE",2004,-6.20970582826601,5.30539213083764,1.76729115647719,2039.299118
"SLE",2005,-6.20844805232845,5.29916351484919,1.7668684299642,2071.608665
"SLE",2006,-6.16876104811661,5.39473604854377,1.82218875396074,2113.188565
"SLE",2007,-6.3975581335366,5.07570248996347,1.2862219021182,2232.184857
"SLE",2008,-6.38830841876027,5.04934454379458,1.28812262388291,2295.483678
"SLE",2009,-6.37627915532475,5.01894496468552,1.28787639250374,2306.197219
"SLE",2010,-6.36091512394075,4.97947751498251,1.28566699505222,2393.244154
"SLE",2011,-6.54794422302612,4.41900742536985,1.11272302769898,2471.718494
"SLE",2012,-6.53053708913483,4.37990522757297,1.1124029480971,2776.253743
"SLE",2013,-6.49340219208144,4.31285775831462,1.11016033422282,3279.867507
"SLE",2014,-6.25921411576753,4.78393655932512,1.27946831754112,3348.445433
"SLE",2015,-6.38803425690562,4.28387022914098,1.15797889616323,2601.305288
"SLE",2016,-6.36462113935358,4.03499013664752,1.09575743976758,2702.02693
"SLE",2017,-6.31938400828575,3.92757021825097,1.09053757493429,2737.362706
"SLE",2018,-6.26060855491649,3.80239826874483,1.08676986462513,2766.717
"SLE",2019,-6.21186565791559,3.7035842347006,1.08355920516334,2851.979233
"SGP",2001,-0.45201556412282,-3.26524911955149,1.85034939204795,65500.31341
"SGP",2002,-0.345041145444281,-3.39830963938998,1.86225929722207,67451.71815
"SGP",2003,-0.216807745427591,-3.57070939015911,1.88551738497909,71567.13333
"SGP",2004,-0.0862932895142817,-3.78885231056251,1.90810131042453,77702.01492
"SGP",2005,0.0144801520036555,-3.96107654866211,1.92039826206811,81487.72956
"SGP",2006,0.0925105287831394,-4.09672551137338,1.92524367579814,86090.43627
"SGP",2007,0.12970566597103,-4.17491600889531,1.92330441575465,90027.3401
"SGP",2008,0.127774404233694,-4.18632240255304,1.9078877046299,86952.46287
"SGP",2009,0.189115617595987,-4.25976750737421,1.85528608895798,84477.12455
"SGP",2010,0.108425223217502,-4.94787881329467,1.69268183206697,95043.96388
"SGP",2011,0.193952236656986,-5.0664551430335,1.69380357385345,98867.94528
"SGP",2012,0.217264872594847,-5.16349418575579,1.74064294506641,100750.848
"SGP",2013,0.313180839080659,-5.4344442325021,1.46505667763233,103908.3585
"SGP",2014,0.342271848013442,-5.56845250689449,1.50928563830402,106604.4928
"SGP",2015,0.419632661357653,-5.69266900973301,1.49676880490032,108483.2101
"SGP",2016,0.564880803243055,-5.85071169320285,1.45367407613582,110927.693
"SGP",2017,0.684096580852613,-6.04321076141751,1.45844272662265,115831.1115
"SGP",2018,0.780202931973536,-6.24740064248157,1.45425908205988,119343.1455
"SGP",2019,0.906704669821017,-6.41368825143342,1.42970937366374,119572.2771
"SVK",2001,-0.662529206035611,-5.17769468757625,0.966530181067667,18889.50268
"SVK",2002,-0.558526359067597,-5.36589851735097,0.952776006491369,19731.07142
"SVK",2003,-0.451139308749936,-5.55869674343175,0.937781804710633,20702.97253
"SVK",2004,-0.313095826024334,-5.76769933437966,0.917178316269283,21823.20216
"SVK",2005,-0.190918300779324,-5.96585073382111,0.900120391721776,23236.1426
"SVK",2006,-0.046250416755134,-6.1743345395321,0.871748312892216,25308.96444
"SVK",2007,0.0794606233431737,-6.36338560047234,0.864624901169563,28038.86546
"SVK",2008,0.236650134642692,-6.57905651298033,0.824402282912581,29517.37194
"SVK",2009,0.360996614343068,-6.7600638862805,0.789654989891275,27855.19689
"SVK",2010,0.489282916171915,-6.95355211700737,0.761128162794377,29719.01848
"SVK",2011,0.604781348317488,-7.15417857398959,0.738693690443378,30441.27069
"SVK",2012,0.727658017843043,-7.36551982497568,0.718658681470639,30866.37203
"SVK",2013,1.01880849893246,-7.70574831601132,0.808223920693528,31050.07879
"SVK",2014,1.14329677510163,-7.93431872764303,0.788666348656494,31859.96594
"SVK",2015,1.27041604264137,-8.15344896452996,0.769447729904328,33477.48791
"SVK",2016,1.38499875343159,-8.3625558567448,0.769580372569158,34085.59651
"SVK",2017,1.50559226233215,-8.56150807542887,0.755599660974786,35011.09411
"SVK",2018,1.63078865149302,-8.75941516514422,0.757372590729089,36382.85875
"SVK",2019,1.75257873182923,-8.94894465085926,0.762183010609067,37160.5732
"SVN",2001,1.86815284324477,-7.32244960908827,1.74839782952516,30837.03358
"SVN",2002,1.98809829014019,-7.52972680519325,1.75046187020173,31809.84321
"SVN",2003,2.11221248287456,-7.72940340256449,1.75002910676451,32806.39043
"SVN",2004,2.20501322584171,-7.93793795948552,1.78267376039943,34275.80911
"SVN",2005,2.51314605951029,-8.29291302824533,1.8714261284214,35535.23872
"SVN",2006,2.64924040865903,-8.50246196325177,1.84831910218706,37515.03216
"SVN",2007,2.7686760002639,-8.68307981616227,1.83264620197527,39969.18036
"SVN",2008,2.90982150772122,-8.84934436666613,1.80285040870408,41251.74879
"SVN",2009,2.93604233816025,-8.97367561625673,1.81556886135142,37777.48939
"SVN",2010,3.01679484125133,-9.09951726939849,1.78909853608293,38031.41764
"SVN",2011,3.10199270185783,-9.22514073350666,1.77658443783191,38201.25175
"SVN",2012,3.17757627421541,-9.36180041633922,1.75621169314776,37009.66853
"SVN",2013,3.28066823752174,-9.50665873623539,1.73291955407931,36655.00707
"SVN",2014,3.37144407034964,-9.66318219683506,1.72480361468899,37630.69448
"SVN",2015,3.44506735123745,-9.8129304790081,1.71748151770656,38502.35211
"SVN",2016,3.54836866858804,-9.95666414118029,1.70531275829323,39641.64565
"SVN",2017,3.65676129000017,-10.1192620986767,1.69550986283547,41665.70694
"SVN",2018,3.7582147189773,-10.2579429579133,1.69793288136846,43332.87886
"SVN",2019,3.9096433487568,-10.3660104203891,1.62243857728193,44540.58516
"SLB",2001,-5.88503454832116,4.79372532671294,1.52727242360541,2055.292312
"SLB",2002,-6.01755104896861,4.28886489047193,1.37543409588823,1960.440991
"SLB",2003,-5.75315530807767,4.69858165527979,1.53857106766848,2050.326601
"SLB",2004,-5.68731539891734,4.58172888329895,1.52863354933831,2168.517933
"SLB",2005,-5.82110188010898,3.94063360393394,1.34510560508643,2287.259989
"SLB",2006,-5.75488972901676,3.82773962367169,1.33602519914175,2340.660459
"SLB",2007,-5.72332789483062,3.60253104867301,1.26952940137735,2384.325485
"SLB",2008,-5.50841335684877,3.89181735512188,1.21134557708006,2489.792536
"SLB",2009,-5.44463291542091,3.79539687498721,1.2057278744817,2514.886028
"SLB",2010,-5.59529916463841,3.18705836708321,1.03183733484855,2682.285286
"SLB",2011,-5.52004248417238,3.24528747124774,1.09259491981045,2777.471033
"SLB",2012,-5.47502659971642,3.17249394045841,1.09573477469977,2743.453331
"SLB",2013,-5.41631620196792,3.22687608245299,1.13182348089072,2783.594418
"SLB",2014,-5.37135411255897,3.15065688594831,1.13471231146835,2716.418072
"SLB",2015,-5.31830081757192,3.05752986217253,1.1384175818843,2664.73036
"SLB",2016,-5.26403213805021,2.96351982014561,1.1419158846309,2715.233857
"SLB",2017,-5.20923236014292,2.86213484327259,1.14296425929796,2703.660714
"SLB",2018,-5.14902205464831,2.75363349821488,1.1454543804212,2686.120007
"SLB",2019,-5.09787954011123,2.66752188665183,1.1505356229848,2661.599734
"SOM",2001,-1.54181807759015,9.08152466352795,1.58908916818582,723.1202281
"SOM",2002,-1.49248646062652,9.1485247906692,1.59000940710958,749.6445274
"SOM",2003,-1.60878777031176,9.14150385684355,1.59414379847799,777.6054949
"SOM",2004,-1.54704584601102,9.22899260392782,1.59045492053341,802.7716914
"SOM",2005,-1.64680070851023,9.25296256764681,1.58890995281449,830.5092026
"SOM",2006,-1.62374173297332,9.34266445656257,1.5829532524552,857.6858597
"SOM",2007,-1.87015524705505,8.8436008392765,1.40699221274491,887.0510179
"SOM",2008,-1.67720526265243,9.38998284962385,1.57706535614464,918.8023545
"SOM",2009,-1.69131467512827,9.36827677511353,1.57485137185881,955.8772915
"SOM",2010,-1.70366450319138,9.44305071202428,1.57231869945405,994.8685289
"SOM",2011,-1.87953608053033,9.80142970616022,1.58315933555675,1053.983909
"SOM",2012,-1.73307834810164,9.38675724818513,1.57016568276854,1114.404225
"SOM",2013,-1.79076260186722,9.12951809158096,1.08381556504852,1197.291917
"SOM",2014,-1.79391901836885,9.1105489289374,1.0863196582216,1258.822496
"SOM",2015,-1.82039575005164,9.08410994972756,1.09071348986976,1343.442972
"SOM",2016,-1.8029368214971,9.06530297460574,1.0989344743214,1383.658542
"SOM",2017,-1.8539222219185,9.13356752015569,1.10654251319584,1527.112163
"SOM",2018,-1.80630048329501,9.05766506386311,1.1033949629536,1504.43909
"SOM",2019,-1.79016487147001,8.96638734166629,1.10028127804795,1491.107606
"ZAF",2001,-5.39384215297193,2.14694267837945,1.05522751851234,11401.43105
"ZAF",2002,-5.33911056900205,2.02238314435203,1.06376466117576,11711.88395
"ZAF",2003,-5.28678978463546,1.91958849100598,1.07221577585739,11937.71542
"ZAF",2004,-5.22530362523082,1.79252189773636,1.0797501255223,12356.31634
"ZAF",2005,-5.15914259382536,1.65287093505912,1.08396075556015,12877.30631
"ZAF",2006,-5.10524191000511,1.53707218248379,1.0872331829413,13460.68942
"ZAF",2007,-5.04242392275226,1.39856363461412,1.08263928477516,14033.40084
"ZAF",2008,-4.99033377193023,1.27815948603663,1.07401789548949,14315.18965
"ZAF",2009,-4.92161683648514,1.12991858740141,1.05486084258798,13927.72889
"ZAF",2010,-4.82935586789261,0.94783804460745,1.03115551018329,14182.33428
"ZAF",2011,-4.74132342429455,0.780707384876824,1.01006839923908,14451.92918
"ZAF",2012,-4.63725690055295,0.564123814178868,0.984168555728261,14581.58896
"ZAF",2013,-4.52542338457369,0.519636679881491,0.992176957324646,14699.06681
"ZAF",2014,-4.44522418689334,0.211442436570123,0.93222339158326,14661.26243
"ZAF",2015,-4.3388378008131,-0.0164098254203784,0.897048611301632,14559.47438
"ZAF",2016,-4.28314497698754,-0.0181236055407263,0.867993056092699,14519.03086
"ZAF",2017,-4.0895139611771,-0.4201679786488,0.842504883965106,14591.43668
"ZAF",2018,-3.93687104619078,-0.676720292947989,0.824722071751678,14571.37563
"ZAF",2019,-3.79090326953246,-0.929128333446647,0.813891761855277,14370.23804
"ESP",2001,1.23111718838077,-8.24844304031513,0.848535658850411,41187.05767
"ESP",2002,1.37708821475019,-8.5078405867508,0.823152569199822,41728.31379
"ESP",2003,1.47703618458805,-8.59818772998352,0.813495300266793,42184.99331
"ESP",2004,1.59806802200893,-8.74012598021514,0.79614887054184,42754.73829
"ESP",2005,1.6974955521872,-8.85922914290787,0.792317113330407,43531.41114
"ESP",2006,1.81984376397962,-8.99486467930283,0.777164823017512,44532.4225
"ESP",2007,1.91609057892772,-9.09259398613868,0.774860839987024,45260.3672
"ESP",2008,2.02150503746484,-9.15479971462869,0.764041659785954,44885.77047
"ESP",2009,2.10874661697643,-9.26275074607198,0.760964493221416,42813.51581
"ESP",2010,2.04361963783513,-9.40616410502011,0.685132109612459,42656.96387
"ESP",2011,2.16190552301935,-9.57272384974139,0.690102449525978,42233.65379
"ESP",2012,2.24086382087572,-9.70706891503955,0.697798857710369,40996.98527
"ESP",2013,2.33901038125894,-9.85855639248947,0.718613728429199,40544.46043
"ESP",2014,2.47423960611234,-10.0608267971209,0.719391137976099,41284.1684
"ESP",2015,2.71883150938943,-10.2257680532542,0.815863707316307,42994.00907
"ESP",2016,2.64064859263983,-10.3299755734826,0.743109376343279,44210.00918
"ESP",2017,2.70494141620911,-10.4331802527514,0.765963987011523,45383.75986
"ESP",2018,2.77743547487772,-10.5384536462025,0.784049962861412,46267.79801
"ESP",2019,2.97299352049644,-10.6892929599709,0.682945537323205,46837.82054
"LKA",2001,-3.31751694915453,-0.949850223521064,1.50080240323175,6230.030519
"LKA",2002,-3.22586854019987,-1.10996086620089,1.50441740382389,6409.862789
"LKA",2003,-3.28788469713174,-1.32943189230617,1.24461804558728,6741.012488
"LKA",2004,-3.26026074869154,-1.35703382903287,1.24783480089983,7059.910981
"LKA",2005,-3.10824387802245,-1.65361678310584,1.23026988019451,7452.742341
"LKA",2006,-3.02535317218512,-1.80156999541342,1.22000967084715,7970.66491
"LKA",2007,-2.93660573004478,-1.95167293069154,1.20862564375283,8454.206753
"LKA",2008,-2.85728259031747,-2.08322840182522,1.19905695410811,8897.82686
"LKA",2009,-2.83369376871844,-2.28046367462005,1.13525561587146,9156.319065
"LKA",2010,-2.76993134935392,-2.77412987028241,0.869876189221976,9832.186223
"LKA",2011,-2.68590540205879,-2.91574380133035,0.864908775148896,10618.4926
"LKA",2012,-2.59545141059401,-3.0763133968892,0.858998816317731,11447.69377
"LKA",2013,-2.50262958436112,-3.23695318094172,0.853755117659659,12249.72234
"LKA",2014,-2.41231945951123,-3.3995926889825,0.845382309814878,12909.96631
"LKA",2015,-2.32401575734724,-3.5603991054415,0.841884908387532,13329.77934
"LKA",2016,-2.23892462159779,-3.72179409526715,0.840522858608886,13845.61468
"LKA",2017,-2.15764386093743,-3.88310462111471,0.840982781188947,14578.60186
"LKA",2018,-2.07149375360578,-4.04528550192976,0.841832188345332,14759.82489
"LKA",2019,-1.94599606759167,-3.95099317863725,0.932684886620244,14637.44429
"LCA",2001,-3.76958043002742,0.705913957198642,1.55246895344714,17993.48296
"LCA",2002,-3.84020169989859,0.465090872327642,1.12631929599396,17911.47617
"LCA",2003,-3.76279832620099,0.142714574639377,1.07732967507015,18522.35412
"LCA",2004,-3.65746302412919,-0.0591417942632963,1.08626480724432,19715.6607
"LCA",2005,-3.54941143697738,-0.265777049483132,1.09374614538916,19491.05107
"LCA",2006,-3.42197234990225,-0.494646999812863,1.09957857950239,20550.88371
"LCA",2007,-3.18557259215845,-0.717557907047443,1.15173261474241,20759.12636
"LCA",2008,-2.94107956684027,-1.31993742191692,1.08705890973774,21651.0481
"LCA",2009,-2.68514048444202,-1.75601451624908,1.08129898450553,20907.15506
"LCA",2010,-2.50256883373612,-2.07470675791063,1.08145955647277,20848.87633
"LCA",2011,-2.37730038594314,-2.30384895306495,1.08328105402346,21637.68313
"LCA",2012,-2.27296786831179,-2.51314002486728,1.08526192439612,21515.71512
"LCA",2013,-2.1666038305595,-2.70977712446567,1.08214876476605,20989.21664
"LCA",2014,-1.89762302296011,-2.93316225957714,1.15699909890811,21214.33739
"LCA",2015,-1.78658018535136,-3.15913497580327,1.15116352505204,21142.62482
"LCA",2016,-1.83995283911949,-3.35625954043301,1.05823814811965,21775.16216
"LCA",2017,-1.72028604154453,-3.58116699040966,1.04626504352281,22422.61204
"LCA",2018,-1.59308435049622,-3.8155353932444,1.03244370026071,22981.80344
"LCA",2019,-1.48645281216784,-4.02440716652763,1.01789727656047,22738.01096
"VCT",2001,-3.33671316280334,0.593376491242671,1.63004234450202,10067.16938
"VCT",2002,-3.08016946151322,0.0887925504996705,1.62706566550283,10619.37891
"VCT",2003,-3.12519303227144,-0.37370535859893,1.15053954573957,11350.58618
"VCT",2004,-3.10761150164178,-0.503841371670971,1.129758312853,11849.67713
"VCT",2005,-2.82014940939595,-0.914641231113796,1.15469512564355,12186.14301
"VCT",2006,-2.58996104991049,-0.534317604134741,1.30552158928713,13089.55029
"VCT",2007,-2.49364125676415,-1.47791975349955,1.1547826047452,13583.08165
"VCT",2008,-2.47419741150228,-1.6051102168648,1.12798931278822,13699.82999
"VCT",2009,-2.36434087111875,-1.97828978323195,1.07161436798534,13574.59647
"VCT",2010,-2.22308186675858,-2.22667557723957,1.06782981084199,13032.49348
"VCT",2011,-2.05488751815528,-2.345773354857,1.12347490430301,13025.7411
"VCT",2012,-1.75834496760409,-2.57940748423605,1.2046105834063,13252.31785
"VCT",2013,-1.64359186098285,-2.77902183519578,1.20411721225342,13654.12244
"VCT",2014,-1.52245728324044,-2.99415584981961,1.20208411076472,13901.97045
"VCT",2015,-1.42482366404175,-3.34480330569187,1.13929369498348,14365.69947
"VCT",2016,-1.46120192872165,-3.40356330117547,1.08911504539369,15047.24769
"VCT",2017,-1.33176132613785,-3.63749201608743,1.08296246608312,15364.36405
"VCT",2018,-1.20637598384455,-3.86904105346579,1.07858403082981,15963.62291
"VCT",2019,0.510897024806981,-3.7499350108194,1.40026861629652,16186.34525
"SDN",2001,-5.66731536643532,5.43578272766542,1.45879661695847,3701.548828
"SDN",2002,-5.68799411189874,5.29520354525586,1.40676529445358,3814.313232
"SDN",2003,-6.26397199379224,5.4297504708197,1.54447632361172,3946.922607
"SDN",2004,-6.30656743599984,5.32519530361776,1.49185727981181,4041.057129
"SDN",2005,-6.44062618113735,5.24548135643067,1.238430645142,4152.322754
"SDN",2006,-6.38248323361066,5.13852623463513,1.23937172742871,4299.974121
"SDN",2007,-6.32150024678895,5.20895016251332,1.29826774222354,4415.785156
"SDN",2008,-6.38766769368765,4.91503520982149,1.0190360659343,4446.409668
"SDN",2009,-6.35560609666423,4.84722409965261,1.01984033463985,4188.054688
"SDN",2010,-6.3218593626442,4.97993098675705,1.07970638103495,4219.836914
"SDN",2011,-6.30830900562637,4.96303214302518,1.08223768246487,4467.625977
"SDN",2012,-6.288957426139,4.919013651678,1.0829332563785,4145.931641
"SDN",2013,-6.42070048916225,4.77840969176062,1.04356836391313,4130.48584
"SDN",2014,-6.38395162781904,4.6697066175111,1.04174851722248,4207.500488
"SDN",2015,-6.35389757679663,4.59709445427563,1.03876362422196,4159.194336
"SDN",2016,-6.31530933329717,4.5075234934146,1.03327587386069,4174.561035
"SDN",2017,-6.25937688127576,4.3426871249625,1.02480669858564,4061.018311
"SDN",2018,-6.23178839449272,4.2645868643124,1.01475685166974,3816.659912
"SDN",2019,-5.99356704664794,4.71527599971048,1.17888302105934,3625.523193
"SUR",2001,-4.32110070188608,1.03087760289161,1.52256496389718,16556.94406
"SUR",2002,-4.14797113743396,0.734699802212666,1.53233713994712,16678.07187
"SUR",2003,-3.7817717851789,0.957100645358757,1.71286618047977,17383.50155
"SUR",2004,-3.66083193962136,0.754422869757575,1.72322777007227,18585.51709
"SUR",2005,-3.83132827600978,-0.0732294575949853,1.16186543525819,19220.28397
"SUR",2006,-3.75590977405203,-0.185379249198441,1.17201398726192,20113.67075
"SUR",2007,-3.43878020918326,-0.192977714781365,1.33192248729262,20902.13916
"SUR",2008,-3.77561588171249,-0.418805664832772,1.10632248463763,21515.81196
"SUR",2009,-3.69957160102145,-0.540955003087475,1.10940775305566,21906.41054
"SUR",2010,-3.62759674247389,-0.665360272255939,1.11176379221254,22772.47545
"SUR",2011,-3.56138410100917,-0.783997908356254,1.11168672266542,23829.53329
"SUR",2012,-3.49496569815462,-0.893260476716747,1.11227618428525,24193.84124
"SUR",2013,-3.42697078354957,-0.998341972326401,1.11382937300173,24624.02199
"SUR",2014,-3.36424053877744,-1.10605611722892,1.11293669935869,24414.35548
"SUR",2015,-3.32889881694275,-1.3374930218996,1.05432439035859,23327.52525
"SUR",2016,-3.27141246586275,-1.32894361543479,1.08156792260956,21950.41221
"SUR",2017,-3.20817746748026,-1.45227121191297,1.07841931475501,22070.51376
"SUR",2018,-3.13528824754912,-1.70949055830003,1.04645575665104,22938.53537
"SUR",2019,-3.03981410868078,-1.68819371127539,1.07750256605566,22966.7406
"SWE",2001,1.51297042346961,-8.24271654803791,1.07265418605873,48352.7534
"SWE",2002,1.56826644863352,-8.27799637716898,1.07032277519977,49293.38934
"SWE",2003,1.64886862656057,-8.33368207302019,1.07473678758491,50034.05048
"SWE",2004,1.74246551288466,-8.40902762576364,1.07849580007097,51920.63341
"SWE",2005,1.8017849718401,-8.4867794964733,1.09250154959036,53157.84187
"SWE",2006,1.86226975692567,-8.54762604729461,1.10617400371603,55331.39473
"SWE",2007,1.92326560809318,-8.58583774066328,1.11940648444184,56693.80614
"SWE",2008,1.96611029252327,-8.62426178768519,1.12831342076592,55734.56606
"SWE",2009,1.94700947218716,-8.64528058062537,1.11824578415096,52910.07185
"SWE",2010,1.98944632234266,-8.6910887862511,1.11787118549937,55477.80655
"SWE",2011,1.97732010341238,-8.74001993064718,0.874666668449672,56802.50681
"SWE",2012,2.00915209996133,-8.80587724198795,0.874515965656834,56150.16141
"SWE",2013,2.05659845775719,-8.85081920750843,0.874099323447027,56309.82329
"SWE",2014,2.06429269626335,-8.89076497239422,0.868624477829103,57033.84596
"SWE",2015,2.04257087823689,-8.94832327703257,0.846457878493136,58922.73157
"SWE",2016,2.02433168581893,-8.91119475930018,0.833613643257547,59554.27044
"SWE",2017,2.02042346012667,-8.89596882698197,0.817920275171188,59829.60194
"SWE",2018,2.05581646514396,-8.92664259805209,0.807314806590198,60264.00235
"SWE",2019,2.0845096135197,-8.99610849827368,0.795462483789579,61177.20125
"CHE",2001,1.38111321575004,-8.36761928413278,1.32000473917309,67896.43425
"CHE",2002,1.4721224233558,-8.48018551828332,1.32637337543516,67335.4193
"CHE",2003,1.5929310000572,-8.57719221852708,1.34068979698958,66816.03887
"CHE",2004,1.71824923375987,-8.69665611889973,1.36624755652946,68151.11157
"CHE",2005,1.8168982446416,-8.85754251784388,1.39100457746512,69577.91411
"CHE",2006,1.91080157937828,-8.98950976435462,1.40426011257071,71959.25347
"CHE",2007,2.00373606399687,-9.07281909251338,1.40948418992104,74112.14626
"CHE",2008,2.10558802085628,-9.14459865352647,1.4139774187495,75231.2032
"CHE",2009,2.18087028766397,-9.23434231690095,1.41818057047506,72590.16753
"CHE",2010,2.23969725115088,-9.30958242688277,1.43791130421979,74168.01512
"CHE",2011,2.35837855691736,-9.35462858905863,1.43813869003379,74677.80146
"CHE",2012,2.42259924900696,-9.47757996447846,1.43123124858939,74760.39257
"CHE",2013,2.50360292700341,-9.5525566957868,1.42761435262739,75230.15748
"CHE",2014,2.56935835472573,-9.47861061028929,1.43955293715079,76064.22941
"CHE",2015,2.5887301784634,-9.6687440293611,1.39376249147279,76440.08545
"CHE",2016,2.39919556093451,-9.66378902097222,1.33923026401308,77174.01093
"CHE",2017,2.33381360868055,-9.78319591256811,1.02256599170602,77499.16522
"CHE",2018,2.34210264654095,-9.85390821808194,1.05688468830394,79130.92931
"CHE",2019,2.41877630388862,-9.93883554826783,1.04148672025351,79465.72417
"SYR",2001,-6.19926134310629,3.92479869336643,0.905524986871829,7698.396937
"SYR",2002,-6.11682139680773,3.76977923430245,0.899044814392304,7811.816019
"SYR",2003,-6.03339123789964,3.6097948541958,0.893469582977221,8177.545069
"SYR",2004,-5.95582853152248,3.45112499113894,0.888880106867277,8528.656046
"SYR",2005,-5.8522463052929,3.42687094273713,0.94094937470988,8828.945905
"SYR",2006,-5.77020770117422,3.01915376910029,0.87267712385816,8885.805396
"SYR",2007,-5.66553663633188,2.76733391914196,0.856523163155658,8829.309064
"SYR",2008,-5.62623096708548,2.75789738438747,0.847855199390761,8903.772253
"SYR",2009,-5.52736714145293,2.57619166729109,0.835411846439124,9284.101621
"SYR",2010,-5.41069925477801,2.54903124953753,0.881492794817573,9546.560488
"SYR",2011,-5.34980045468981,2.46856086234157,0.873208873947068,9648.824267
"SYR",2012,-5.38679544034719,2.64840371355968,0.873892210499135,7144.37245
"SYR",2013,-0.432990974710039,5.55509955321541,0.715141116101913,5530.974728
"SYR",2014,-0.092842322216888,6.03906765482148,0.895799443152249,5301.625353
"SYR",2015,-0.17873294715335,5.94443331228839,0.922540009129545,5302.074137
"SYR",2016,-0.0279669001533261,5.76817700127363,0.937150135595696,5022.112718
"SYR",2017,0.385580658625275,5.85140434248057,0.978213301685939,4977.792101
"SYR",2018,0.417540736245514,5.55995947088582,0.999222704900864,4956.092965
"SYR",2019,0.50732418305321,5.32121580055915,1.0110350821195,4825.406021
"TJK",2001,-6.04422378772181,3.86372334745167,1.50270244264199,1467.398825
"TJK",2002,-6.11768683554704,3.6667482419837,1.2587465767213,1594.938905
"TJK",2003,-6.04127841798817,3.52055445623616,1.2710139234628,1736.640397
"TJK",2004,-5.97068868707979,3.38012697002416,1.28292938615856,1878.286962
"TJK",2005,-5.92781516607303,3.28972613690064,1.29591996298767,1965.300205
"TJK",2006,-5.87395041715326,3.17414339210794,1.30653457457237,2063.288508
"TJK",2007,-5.83118943448034,3.08529572494114,1.31580405331881,2181.897981
"TJK",2008,-5.84602705547272,2.8784794467306,1.09810941649684,2308.0943
"TJK",2009,-5.8118405272184,2.80805739028249,1.10155355633166,2349.500303
"TJK",2010,-5.78234878845147,2.74539159026168,1.10177638237144,2449.273587
"TJK",2011,-5.74702103592993,2.67454206720074,1.09461763274055,2572.480749
"TJK",2012,-5.69680960649169,2.57804818682722,1.08062445561174,2700.09546
"TJK",2013,-5.63637047471641,2.46660852767135,1.06413364933418,2828.385421
"TJK",2014,-5.56843664627713,2.50043426706406,1.07918391854808,2943.088679
"TJK",2015,-5.51529101410305,2.40233237346736,1.05778044096055,3041.444796
"TJK",2016,-5.44340379960838,2.27675090718362,1.03383597840978,3169.966782
"TJK",2017,-5.35740192200996,2.13143321727175,1.00591822317064,3312.712022
"TJK",2018,-5.10226552087518,2.42199771261102,1.12657530946698,3479.69236
"TJK",2019,-5.03833156602706,2.32311682217324,1.10761105319502,3649.883755
"TZA",2001,-6.77451039542593,5.64838140716182,1.71795312148993,1899.745361
"TZA",2002,-6.92019424232841,5.58658482129814,1.45378274499784,1982.644287
"TZA",2003,-6.91203280104455,5.5645679492318,1.44364521011426,2059.837402
"TZA",2004,-6.93616296905768,5.42446815980338,1.37681799821403,2155.241455
"TZA",2005,-6.92768191654736,5.40570644170652,1.36598638808562,2253.093262
"TZA",2006,-6.91132960659713,5.37656291373285,1.35465679075793,2334.104492
"TZA",2007,-6.89197554908082,5.33859394040178,1.34235769257181,2423.615967
"TZA",2008,-6.87530405049681,5.31311357285787,1.33240432733578,2493.259277
"TZA",2009,-6.92510218919836,5.19010118426907,1.10516948268172,2560.811035
"TZA",2010,-6.91251745583058,5.00019309085276,1.06992618018879,2654.803467
"TZA",2011,-6.87849753993819,5.08726499961841,1.10056794495667,2779.707764
"TZA",2012,-6.85150035799542,5.028071625641,1.0999775290835,2822.485352
"TZA",2013,-6.84521571907398,4.85109308781898,1.06727257929933,2924.863281
"TZA",2014,-6.82353040334753,4.80690454877736,1.06971684447256,3027.569092
"TZA",2015,-6.7832265936207,4.70552199089332,1.0680725669145,3111.44458
"TZA",2016,-6.75428372847967,4.63884104404959,1.06690085793574,3214.246826
"TZA",2017,-6.72298168103798,4.57054667298742,1.06679162086208,3319.376709
"TZA",2018,-6.69686222437638,4.52449681283,1.06693646275549,3392.688721
"TZA",2019,-6.6617873634885,4.45426254759364,1.06719773640274,3484.632568
"THA",2001,-2.84596701848801,-2.44558437374597,1.02137685848331,11900.89493
"THA",2002,-2.70546899541492,-2.68941961622359,1.02489608319156,12511.73813
"THA",2003,-2.36705999233333,-2.40937305164296,1.20687922176217,13286.83233
"THA",2004,-2.4385569251423,-3.17448633723904,1.04109706183753,13996.50358
"THA",2005,-2.28923032898878,-3.44445732174297,1.04196055251023,14457.74097
"THA",2006,-2.15141003657003,-3.6941148421948,1.04193722968212,15050.52538
"THA",2007,-2.01074370693257,-3.94304824022805,1.04062629974323,15742.09539
"THA",2008,-1.8683101219181,-4.19256228042543,1.03841831632042,15891.21714
"THA",2009,-1.72985721510591,-4.43765286792018,1.03479341399396,15665.34595
"THA",2010,-1.59600280355951,-4.66995742617909,1.03739228140198,16729.77476
"THA",2011,-1.47163156157484,-4.89317529011441,1.04239617367742,16765.7514
"THA",2012,-1.34470066352253,-5.12227841807149,1.04742062424376,17869.00212
"THA",2013,-1.22154303094263,-5.35391572941946,1.04966208997198,18241.77687
"THA",2014,-1.09967064940719,-5.58112951323875,1.04813912820828,18323.96274
"THA",2015,-0.979327916646908,-5.81173833536912,1.04545416677128,18811.32845
"THA",2016,-0.853562143797076,-6.06185867051651,1.03966021264417,19369.91986
"THA",2017,-0.72991261488866,-6.3063649245941,1.03386574398439,20093.9632
"THA",2018,-0.600286508975944,-6.55844778985609,1.02725223791268,20879.16018
"THA",2019,-0.472934880440971,-6.81304184117853,1.01889409577589,21277.08251
"TLS",2002,-0.809623016523566,6.72405006275724,1.47370228469612,3481.079727
"TLS",2003,-5.6134430433082,3.99533364822812,1.65309288442726,3265.032062
"TLS",2004,-5.72443027867068,3.69490214693341,1.57708788997801,3235.060642
"TLS",2005,-5.72007573295594,3.66981235779583,1.58737848289143,3264.030025
"TLS",2006,-5.52264290558011,4.18178589651828,1.76527561260281,3039.031984
"TLS",2007,-5.5269693807567,4.16009035784152,1.76745512635432,3256.655172
"TLS",2008,-5.89963299205574,3.41634657244029,1.28204583538918,3530.974737
"TLS",2009,-5.72947976125056,3.34998989537815,1.35581718038821,3792.457733
"TLS",2010,-5.63364255458597,3.40594320568594,1.42392834251013,4047.356129
"TLS",2011,-5.8546347942324,3.22226132415837,1.27505124209467,4189.909621
"TLS",2012,-5.82514582857934,3.14792805484181,1.27941656407262,4298.027495
"TLS",2013,-5.84661988744064,2.9387102350826,1.05693704962079,4340.392176
"TLS",2014,-5.81193615128687,2.84475893796169,1.0576052770917,4445.475804
"TLS",2015,-5.7685786018781,2.73736720236131,1.05569014020793,4467.917196
"TLS",2016,-5.71410600952122,2.60378889853479,1.05117168806114,4515.540832
"TLS",2017,-5.64884529310841,2.45665441005685,1.04473126441689,4290.139556
"TLS",2018,-5.58493259464781,2.31119905894407,1.03651349479602,4188.950803
"TLS",2019,-5.51707471304679,2.16570255339806,1.0297525698827,5103.283422
"TGO",2001,-6.179079510957,4.73808863602675,1.71333146877932,2059.10488
"TGO",2002,-6.3954049535788,4.56903466971463,1.55711868064198,2084.230352
"TGO",2003,-6.36325446134131,4.5114437630792,1.55284954586994,2168.651264
"TGO",2004,-6.3269482696816,4.44393679206922,1.54455251625478,2093.014824
"TGO",2005,-6.29131903199598,4.37994903437397,1.53854816245177,1944.779511
"TGO",2006,-6.26141612694706,4.32565407526147,1.53347001506249,1941.17299
"TGO",2007,-6.23157386528157,4.2699231426044,1.52700580613612,1863.283022
"TGO",2008,-6.39308826911659,4.17514242314304,1.0749918151911,1883.549379
"TGO",2009,-6.36351076703218,4.128056373623,1.07254689182266,1930.780179
"TGO",2010,-6.34071203343596,4.09552054537064,1.07092821537656,1988.952105
"TGO",2011,-6.32100613807146,3.90889040748114,1.0342196396902,2048.815489
"TGO",2012,-6.27777560496676,3.99176830930375,1.06373295535244,2121.429032
"TGO",2013,-6.24594156445417,3.93818335038074,1.06142217316448,2188.070108
"TGO",2014,-6.21051806487896,3.87893816298856,1.05866884342677,2253.485262
"TGO",2015,-6.17570242995774,3.8164935622644,1.05756704258478,2317.547811
"TGO",2016,-6.13677675394228,3.75532153117749,1.05597177162117,2355.268266
"TGO",2017,-6.11158018110906,3.55513034816767,1.02195547021328,2389.212448
"TGO",2018,-6.06063132597956,3.6193561346942,1.05394433069747,2442.646939
"TGO",2019,-6.02071429819411,3.5471730780579,1.05520043990519,2501.030875
"TON",2001,-4.79258958724249,2.58698808741425,1.19891371312533,5860.080806
"TON",2002,-4.73289419294182,2.5043043970164,1.1935549864246,6085.113584
"TON",2003,-4.5195785935851,2.39905253415884,1.26470024498398,6053.880088
"TON",2004,-4.4754262145129,2.33643460343802,1.26404289146916,5900.457586
"TON",2005,-4.62167989798994,2.44212696912274,1.05598299722065,5828.370536
"TON",2006,-4.60078512578128,2.27073429507275,1.02957068183523,5670.914011
"TON",2007,-4.55929004849253,2.20350083307442,1.03474891504352,5506.651608
"TON",2008,-4.49568801997068,2.10279232998483,1.03666160420998,5758.568451
"TON",2009,-4.44669288643267,2.01286218368416,1.03891557864143,5453.874884
"TON",2010,-4.38317540554658,1.91540467078158,1.043842534887,5488.750131
"TON",2011,-4.33302127846007,1.83463936341345,1.05203380062293,5847.443819
"TON",2012,-4.28310345785837,1.75454159941142,1.05653995476069,5907.267443
"TON",2013,-4.23457883857095,1.66563076958187,1.0606210662848,5951.694137
"TON",2014,-4.18197565363054,1.58585532122309,1.06580614167053,6096.869193
"TON",2015,-4.13375123568916,1.50282469886295,1.07015802586401,6194.639276
"TON",2016,-3.878667008125,1.94914216602691,1.2472656470831,6639.136836
"TON",2017,-3.85901954477631,1.75299888222442,1.19556426738774,6862.668756
"TON",2018,-3.99489397034441,1.27867136948839,1.06138065634188,6896.04214
"TON",2019,-3.9556154247209,1.06996750909629,1.03773358385038,6875.025478
"TTO",2002,-2.00590288205444,-1.35852293976789,1.88119408072188,22050.35516
"TTO",2003,-2.04488451725304,-1.58473429458822,1.81803798107056,25108.38745
"TTO",2004,-1.89096209531329,-1.83492948336244,1.84904698262563,26970.12078
"TTO",2005,-1.74645369847263,-1.94568438017498,1.88348156965196,29770.68878
"TTO",2007,-1.47269168242966,-2.43676506006858,1.86854623013906,35069.58928
"TTO",2008,-1.33750446496483,-2.69133134363944,1.85272553137853,36109.45905
"TTO",2009,-1.19268661849792,-2.91502246779958,1.82193853073821,34483.60102
"TTO",2010,-1.08582637912079,-3.29783909774117,1.73656786178439,35423.85643
"TTO",2011,-0.763307880014958,-3.15954907142334,1.84000153355675,35045.51614
"TTO",2012,-0.599650965882753,-3.44142245829043,1.81283158669459,37452.94279
"TTO",2013,-0.431275503699145,-3.71645649805334,1.78574997310015,38620.57596
"TTO",2014,-0.272014940764672,-3.98444883430575,1.75863289515717,39966.18659
"TTO",2015,-0.113778884664665,-4.24187358488183,1.73060593840337,39528.41917
"TTO",2016,0.0282081014327506,-4.47763069004206,1.70145996293943,36438.91131
"TTO",2017,0.168658961569429,-4.72136816222614,1.68257006506371,34619.53015
"TTO",2018,0.271614789929131,-4.90898876819697,1.67017736728261,34346.14763
"TTO",2019,0.408095583351839,-5.13563620437765,1.66328743819781,34349.12876
"TUN",2001,-4.23354143288406,-0.00411649549895452,1.1360971889411,9328.553026
"TUN",2002,-4.10716683010729,-0.245743671480948,1.14310250223965,9355.396952
"TUN",2003,-4.0372012662815,-0.607205411877654,0.927813613424504,9697.954722
"TUN",2004,-3.90480997374419,-0.85897102316872,0.931630591002137,10206.89829
"TUN",2005,-3.77129763469452,-1.11426243400409,0.928312045823136,10470.7814
"TUN",2006,-3.58108943502588,-1.24141718314776,1.1445389406981,10923.02228
"TUN",2007,-3.45041850969138,-1.47830893902086,1.13510398679106,11549.53182
"TUN",2008,-3.32310323747569,-1.70446180084663,1.12457734732272,11923.71708
"TUN",2009,-3.20114034262637,-1.91286078052385,1.11408845007278,12161.96776
"TUN",2010,-3.07883007489179,-2.11236001815931,1.10085855470647,12389.19666
"TUN",2011,-3.00166207049457,-2.27251126814419,0.922081547012549,12001.79914
"TUN",2012,-2.92534463522963,-2.40753575064312,0.888878627592246,12367.44272
"TUN",2013,-2.82729523714414,-2.53678827017906,0.904221375159548,12518.20144
"TUN",2014,-2.74520725709931,-2.66009201682904,0.89725025595502,12752.90073
"TUN",2015,-2.68221871783102,-2.93684203949571,0.830258515443685,12731.79063
"TUN",2016,-2.55182125722536,-2.96712075944689,0.873783401736207,12732.89704
"TUN",2017,-2.4413153142942,-2.99092992837818,0.8935132736526,12881.71707
"TUN",2018,-2.17970576657523,-3.15788036351502,0.962219289037871,13090.61998
"TUN",2019,-2.08884575855154,-3.03681849464465,0.959632110553846,13175.77878
"TKM",2001,-4.86565422759176,3.03436178179499,1.70989004063692,5228.803293
"TKM",2002,-4.93825449978461,2.83415178975058,1.46284537428437,5138.871178
"TKM",2003,-4.85808590334315,2.69260399173374,1.47137612457314,5203.854381
"TKM",2004,-4.76864600908911,2.55387164416377,1.47997081696978,5360.224299
"TKM",2005,-4.69352200139793,2.40685330405519,1.48688172977286,5945.952398
"TKM",2006,-4.61507407345968,2.255479654316,1.48966624879413,6476.828057
"TKM",2007,-4.54931888567998,2.09030419287895,1.49022866418957,7060.14845
"TKM",2008,-4.45600645695911,1.92958383226293,1.48673410072306,7944.995901
"TKM",2009,-4.38642789707978,1.76718972675345,1.48742189039751,8264.865343
"TKM",2010,-4.35422021295881,1.49661659310955,1.25641758370962,8842.332836
"TKM",2011,-4.26548915942003,1.35066979602061,1.24811193009933,9929.689346
"TKM",2012,-4.2228139134242,1.09604630659002,1.18899719611444,10794.23352
"TKM",2013,-4.11322945781754,1.10309125722672,1.23540797127471,11633.2906
"TKM",2014,-4.03467659214751,0.988362913924302,1.22292591084235,12544.39835
"TKM",2015,-3.96316918315833,0.882759546029734,1.20724410548844,13057.83033
"TKM",2016,-3.89406505598322,0.780691285576183,1.19074052616019,13552.84771
"TKM",2017,-3.80651697621298,0.677549964694109,1.15862434356904,14107.66712
"TKM",2018,-3.73972126089972,0.579309722394297,1.13894057237382,14648.13535
"TKM",2019,-3.90440104741062,-0.170977903227192,0.887546091908431,15231.30562
"UGA",2001,-7.39618809159581,7.30216877427917,1.59336113821763,1516.964238
"UGA",2002,-7.59480136671081,7.11800040828679,1.11273698262218,1598.582838
"UGA",2003,-7.58922633616861,7.11347185600211,1.11275228854378,1649.14826
"UGA",2004,-7.6280004797594,6.85264552985686,1.02490861886571,1709.361592
"UGA",2005,-7.57791435641908,7.10189901054271,1.11742196400388,1765.037885
"UGA",2006,-7.57318819507209,7.09554050471492,1.12228426856933,1898.979153
"UGA",2007,-7.57754461543067,6.94346115938995,1.09373504174225,1999.06249
"UGA",2008,-7.55476915307564,7.05136352524658,1.12960441227777,2110.100493
"UGA",2009,-7.54370153658323,7.02386414392064,1.13348376655024,2188.299162
"UGA",2010,-7.57561670578915,6.73651873462368,1.04632895509396,2244.605952
"UGA",2011,-7.56694262541456,6.70954337626135,1.05050721794117,2384.465327
"UGA",2012,-7.55832462761904,6.67808941932715,1.0528743625181,2405.094559
"UGA",2013,-7.54181289468199,6.63043829112063,1.0530282074442,2420.888081
"UGA",2014,-7.51448015862399,6.55380957304152,1.05028796333368,2470.503809
"UGA",2015,-7.46771817704879,6.59526217634282,1.07996283386915,2520.020103
"UGA",2016,-7.42664959804098,6.32359489184426,1.03851692719659,2554.227691
"UGA",2017,-7.37299924148491,6.19405442949885,1.02869486894577,2543.847544
"UGA",2018,-7.11501463580394,6.59302636012293,1.19180216023058,2613.879764
"UGA",2019,-7.05087761678514,6.44898451525626,1.17944388463312,2689.410091
"UKR",2001,-0.636615363950299,-6.14616417085883,1.12013508057999,11379.38574
"UKR",2002,-0.544361594193055,-6.34299588638365,1.13431670850829,12092.78906
"UKR",2003,-0.476502285956759,-6.4896869394293,1.15536875605507,13342.87988
"UKR",2004,-0.160264216186889,-6.51763166226195,1.32137314029234,15021.06641
"UKR",2005,-0.342488058348551,-6.74164507961631,1.17598165914432,15610.57324
"UKR",2006,-0.518966837779341,-6.98284876785363,0.891865215129226,16901.50781
"UKR",2007,-0.4590807196953,-7.10976720974208,0.884672269568121,18374.01367
"UKR",2008,-0.423542303500897,-7.19209769942444,0.869161578516858,18883.98633
"UKR",2009,-0.393393769652694,-7.26352948124941,0.842824766106918,16092.7959
"UKR",2010,-0.327055110484922,-7.37320234922875,0.826154401158656,16811.79492
"UKR",2011,-0.257662564641687,-7.4776056230746,0.802405287209191,17783.95703
"UKR",2012,-0.208245586351217,-7.5840104518976,0.789373616065438,17848.74023
"UKR",2013,-0.141368175258532,-7.69341215260125,0.757951161569844,17889.0918
"UKR",2014,-0.045524749377226,-7.83496528100303,0.700381594013243,16978.8125
"UKR",2015,0.0682132766913422,-8.04082043470147,0.667142654505048,15403.70996
"UKR",2016,0.187672474890949,-8.22483708780204,0.635051475213309,15856.8125
"UKR",2017,0.30985592765601,-8.41045826489845,0.608876447949796,16310.36035
"UKR",2018,0.431660833724707,-8.58622543771388,0.584964996310263,16978.98438
"UKR",2019,0.592900703924928,-8.77561320304114,0.531963138212541,17636.55469
"ARE",2001,-3.68028699561067,-0.486415388035594,0.793670034721895,88045.19752
"ARE",2002,-3.47466119421379,-0.839721260237604,0.753743143469262,84871.60276
"ARE",2003,-3.22523197182079,-1.2734909093529,0.705634441101857,87150.88338
"ARE",2004,-2.9399421032142,-1.75250144358381,0.656700404374475,90388.98377
"ARE",2005,-2.64284470455927,-2.25721842655906,0.600588812867874,89986.13112
"ARE",2006,-2.36882698150305,-2.6996503832713,0.56049262267192,92044.51261
"ARE",2007,-2.28250701639248,-2.85857597486088,0.538726164706826,84581.86581
"ARE",2008,-2.07137291707521,-2.4638223448034,0.670697392575226,77891.9886
"ARE",2009,-2.27894502229144,-2.79578549727737,0.522853543489106,69357.99743
"ARE",2010,-2.25834283814948,-2.82889278995631,0.530619173771431,68799.93086
"ARE",2011,-2.20275049492087,-2.90162912566238,0.544486268615752,70662.51595
"ARE",2012,-2.15051780034044,-2.97604127321695,0.541251545702804,69158.82664
"ARE",2013,-2.09668727238747,-3.03733357454804,0.552236441953614,69806.95598
"ARE",2014,-2.06081250167839,-3.08396990486381,0.557611959258902,69409.03704
"ARE",2015,-2.07461126703529,-3.12286334364943,0.563456618008893,70234.73175
"ARE",2016,-2.05130677828068,-3.24814404388655,0.516388357319349,70573.99271
"ARE",2017,-2.05880231353017,-3.21433058848629,0.516591226642473,68871.84958
"ARE",2018,-1.83405597500413,-2.69636800127544,0.692289148278896,68854.9699
"ARE",2019,-2.0450059768564,-3.34938973392029,0.460960892271558,68887.84541
"GBR",2001,0.442691994584177,-7.55719015324732,1.20053877736922,44195.66894
"GBR",2002,0.505094472591104,-7.6261441061401,1.20465502657483,44799.21953
"GBR",2003,0.580143701561322,-7.6687661313737,1.21365155631831,45996.76688
"GBR",2004,0.664401192308883,-7.73455356191344,1.2260834371611,46859.95709
"GBR",2005,0.706187947588385,-7.7833724943393,1.2416151824232,47811.07493
"GBR",2006,0.748479596386831,-7.80332650236088,1.25309876181096,48590.8282
"GBR",2007,0.801113375784821,-7.85092962930985,1.26093418390705,49479.49515
"GBR",2008,0.826413786676402,-7.87762256481814,1.26420212227076,48969.46522
"GBR",2009,0.827434026661373,-7.91022006876246,1.25550730734268,46354.85152
"GBR",2010,0.854979125488532,-7.95896538411089,1.24897896799139,47020.06802
"GBR",2011,0.893293844913831,-8.00860863756067,1.2416636040832,47185.12723
"GBR",2012,0.945382245655337,-8.09389360204757,1.23509370585811,47565.25097
"GBR",2013,0.997976152196361,-8.18779114893374,1.23356436253151,48098.17404
"GBR",2014,1.06162891404944,-8.2682376179169,1.23252588913985,49270.53704
"GBR",2015,1.08863380298301,-8.34210999605436,1.2224199213032,49968.26108
"GBR",2016,1.10840071421631,-8.25904863166009,1.24400596944636,50543.99095
"GBR",2017,1.12194082366273,-8.44619365304665,1.19951722264773,51535.38429
"GBR",2018,1.1670354575436,-8.50272681404715,1.19743152201132,51943.85605
"GBR",2019,1.07364695232401,-8.62713120237579,0.937328816094467,52490.7178
"USA",2001,0.122363508446415,-5.46382315871713,1.05530255736259,55017.30498
"USA",2002,0.199580023793451,-5.52118492823619,1.06673464380863,55436.11698
"USA",2003,0.276418604832937,-5.57676914893161,1.08007251512585,56498.20783
"USA",2004,0.355281474084416,-5.64729624408131,1.09458626238244,58131.63368
"USA",2005,-0.115264346759962,-6.30853577812066,0.91528745877714,59604.75364
"USA",2006,0.15814586387143,-5.83952783387759,1.09427465700755,60676.56557
"USA",2007,0.217998424765602,-5.89437948270925,1.0951964812678,61306.59694
"USA",2008,0.263314167099347,-5.96245902724812,1.0904884105984,60798.43384
"USA",2009,0.298462440705456,-6.01269437136539,1.08159647895816,58714.97369
"USA",2010,0.244017320641349,-6.1310485002203,1.03428175916974,59799.28686
"USA",2011,0.301420050189131,-6.22328748046586,1.02824708654364,60294.9788
"USA",2012,0.369392838141193,-6.31745724010626,1.01818545985568,61224.40554
"USA",2013,0.229565325206576,-6.95568128490626,0.831242589731695,62089.34824
"USA",2014,0.311715453439037,-7.05168698890598,0.817749643191256,63191.24778
"USA",2015,0.398413473968583,-7.15325626618257,0.803040086026675,64575.40819
"USA",2016,0.479834195913057,-7.26844550121071,0.788972918877615,65275.57182
"USA",2017,0.563573182981615,-7.38417707134319,0.777868893927273,66458.02337
"USA",2018,0.664942021528196,-7.50192738978834,0.771781072692905,68070.21342
"USA",2019,0.770339320011328,-7.64055318866432,0.764536249133333,69511.76344
"URY",2001,-2.06109491620313,-4.19907124264309,0.848385912560005,18045.33807
"URY",2002,-2.03825681911898,-4.28494980320204,0.840238147554646,16626.63121
"URY",2003,-1.82689596508611,-4.39193677361227,0.915465764750455,16748.67718
"URY",2004,-1.77516987243077,-4.4908187622193,0.912948846372333,17576.29802
"URY",2005,-1.27924494596565,-4.55872682214572,0.756746588236743,18872.43535
"URY",2006,-1.21648322740922,-4.65783134069476,0.756465305941325,19623.63015
"URY",2007,-1.1200499760013,-4.63377776660138,0.81318873305491,20871.48257
"URY",2008,-1.64286185523623,-4.74423684569387,0.892071008057449,22321.66913
"URY",2009,-1.58422302575573,-4.84412185485063,0.8951090829703,23213.25496
"URY",2010,-1.51301399336575,-4.93637578331891,0.901276249898165,24960.66666
"URY",2011,-1.47234394852155,-5.15973327979267,0.848957814355267,26184.11514
"URY",2012,-1.41669504645833,-5.25155531302401,0.852799836711441,27040.84913
"URY",2013,-1.3503990053923,-5.34785526778878,0.855031535288318,28210.84021
"URY",2014,-1.29832059075334,-5.44650044309592,0.854450411358893,29029.10415
"URY",2015,-1.25652890613731,-5.53667173079126,0.851864822751714,29035.65734
"URY",2016,-1.20662509296286,-5.62732199668116,0.84821134562696,29427.86529
"URY",2017,-1.12883097176958,-5.74183009434578,0.835367323139838,29859.12794
"URY",2018,-1.06231714239,-5.86482123205592,0.829905859552016,29854.61889
"URY",2019,-0.989587178081659,-6.00141052824441,0.8236367546824,30108.07505
"UZB",2001,-4.87623635617964,2.2186508430534,1.52756577853648,3509.728638
"UZB",2002,-4.9294374319764,1.97557708123486,1.28316096639344,3604.693462
"UZB",2003,-4.85002883876124,1.65537216668914,1.26189734389512,3711.778531
"UZB",2004,-4.76595133160713,1.47970497560884,1.27132681228701,3939.530398
"UZB",2005,-4.68707612325749,1.3125425828563,1.28078189304915,4160.95513
"UZB",2006,-4.6055492259099,1.13694514787713,1.28849229623096,4413.722812
"UZB",2007,-4.52561522328228,0.967925734697727,1.29447407153054,4764.563914
"UZB",2008,-4.44916422171802,0.809887062803448,1.29651158350999,5115.643915
"UZB",2009,-4.43858369338604,0.553192206857525,1.07244897858249,5439.550681
"UZB",2010,-4.36527886794857,0.404493693149637,1.06516622840035,5760.80512
"UZB",2011,-4.31738180819208,0.123173161161388,0.99717126388406,6100.25101
"UZB",2012,-4.23645453149507,-0.0348940697646082,0.981827863477105,6435.564672
"UZB",2013,-4.15541142111151,-0.183574602464385,0.962332510501036,6797.774948
"UZB",2014,-4.08647978254196,-0.321312364245322,0.941514358452154,7145.109807
"UZB",2015,-4.00042251052436,-0.462437635516467,0.915935197535869,7529.763643
"UZB",2016,-3.91011897116237,-0.613271098775054,0.88721548810502,7839.978201
"UZB",2017,-3.81992933558955,-0.762925364674856,0.857558867073674,8047.053755
"UZB",2018,-3.73292110836486,-0.896542537779723,0.832298872104349,8348.960579
"UZB",2019,-3.65484524489837,-1.00010416795295,0.811968598904734,8755.12594
"VUT",2001,-5.76774887883071,3.83952764560468,1.29141305144582,3148.33464
"VUT",2002,-5.71431779237138,3.73656728572871,1.29986451974981,2911.041347
"VUT",2003,-5.6719829275438,3.66122653562262,1.32224299569872,2962.031073
"VUT",2004,-5.59237745844825,3.69318333425952,1.39451057219684,3005.797264
"VUT",2005,-5.51770778766769,3.69979389084972,1.43096533015472,3089.43704
"VUT",2006,-5.45937737234093,3.5807688203712,1.43274319533499,3270.702375
"VUT",2007,-5.41810865682847,3.48331479519711,1.43837794475337,3283.365533
"VUT",2008,-5.42862556934538,3.29108901784494,1.39565991628709,3381.385644
"VUT",2009,-5.39545942266904,3.20353965097981,1.4009452951817,3396.735995
"VUT",2010,-5.33050813761949,3.09504448794963,1.42041312068928,3359.849545
"VUT",2011,-5.14880503659862,3.42133875050689,1.36596125574811,3390.961039
"VUT",2012,-5.12598562899255,3.3622732389361,1.35688093214904,3350.77089
"VUT",2013,-5.31175113485658,2.93954958665428,1.20343503380137,3292.234245
"VUT",2014,-5.13761607376324,3.16161619022629,1.27297872510813,3320.379187
"VUT",2015,-5.30448576508762,2.57337740647116,1.08689984654511,3259.148145
"VUT",2016,-5.06348963784063,3.02791345725267,1.24753529505303,3336.897426
"VUT",2017,-5.01938536111587,2.96385079086689,1.23073116515598,3465.919686
"VUT",2018,-4.97284793553926,2.89850108102355,1.20669623955655,3482.022725
"VUT",2019,-5.10836474737394,2.42900166726962,1.05146168311323,3512.071972
"VNM",2001,-4.3633265593482,0.748578729607183,1.49038191652243,4570.268466
"VNM",2002,-4.27910310089462,0.593061122233184,1.49448165468618,4809.621511
"VNM",2003,-4.34596742054648,0.408003240213821,1.24930939683683,5090.289909
"VNM",2004,-4.19359785728033,0.0959453887287243,1.23598640202955,5421.097028
"VNM",2005,-4.09741320972004,-0.0770535397303149,1.2400647569512,5776.363045
"VNM",2006,-3.88464880964859,-0.529202764982595,1.21959178273945,6098.244954
"VNM",2007,-3.69144586208953,-0.873146837412485,1.20502782909995,6418.543814
"VNM",2008,-3.42079173464473,-1.02932654391096,1.23567727133175,6659.135614
"VNM",2009,-3.45118320445872,-1.40254876917801,1.14813724215036,6914.338636
"VNM",2010,-3.39081637747618,-1.73864308152225,0.916078029171672,7274.733107
"VNM",2011,-3.28091858456621,-1.9399477950174,0.910296803138617,7652.618957
"VNM",2012,-3.17657911109719,-2.1223654070357,0.901584498169315,7979.868289
"VNM",2013,-3.06645994993535,-2.33217202924629,0.880307205143179,8324.198713
"VNM",2014,-2.97996008823444,-2.45559676011576,0.870888043780951,8751.882806
"VNM",2015,-2.87833993345162,-2.78570420459997,0.816295241989404,9248.023961
"VNM",2016,-2.77446205328878,-2.96918543160216,0.79104538168802,9743.188223
"VNM",2017,-2.67583202980804,-3.12814214921428,0.757319613201032,10290.54871
"VNM",2018,-2.52815332731176,-3.38417051076426,0.71398576302243,10936.89379
"VNM",2019,-2.42812131832603,-3.4974861414401,0.703553756726074,11628.61391
"ZMB",2001,-7.55593343039922,7.15252226718095,1.77801144190979,2268.969656
"ZMB",2002,-7.53152618624129,7.09229025111061,1.76629991880888,2299.332892
"ZMB",2003,-7.31229752465845,7.41497310706904,1.89486093172935,2383.876117
"ZMB",2004,-7.56520197969615,6.72178667934501,1.46443938946389,2471.720733
"ZMB",2005,-7.67768103006355,6.59646300146398,1.19779438001555,2564.47561
"ZMB",2006,-7.60902526525047,6.64158333611233,1.2429216599496,2673.461519
"ZMB",2007,-7.5956331903404,6.42515014267027,1.17524738951413,2796.352933
"ZMB",2008,-7.54296249219442,6.3242880553848,1.16437278056542,2908.143625
"ZMB",2009,-7.45608763561612,6.3417886453191,1.21106981074657,3065.844201
"ZMB",2010,-7.43332777583681,6.11376366337975,1.14588565734258,3266.507493
"ZMB",2011,-7.37738742107456,6.01104170275444,1.13896062682959,3335.643395
"ZMB",2012,-7.31905661386989,5.90758749766073,1.1331178424779,3474.552528
"ZMB",2013,-7.25729967081615,5.7994813385602,1.12790117054281,3535.22449
"ZMB",2014,-7.16576963606014,5.812534289769,1.18030653890278,3585.577485
"ZMB",2015,-7.13128512889086,5.57344769558086,1.12055170716215,3576.925448
"ZMB",2016,-7.06987547093559,5.46148525380189,1.11775864617379,3598.17166
"ZMB",2017,-7.0043733953986,5.34639845971492,1.11565166848417,3612.505977
"ZMB",2018,-6.93473091135308,5.21751072463724,1.1141605106266,3646.959665
"ZMB",2019,-6.85595975361548,5.07628903267603,1.11289978592483,3591.564189
"ZWE",2001,-2.45173811912398,8.76954885024076,1.40829868425147,4102.086705
"ZWE",2002,-2.42002469624409,8.76926787724766,1.40889295137193,3701.458078
"ZWE",2003,-2.4855448888774,8.81047741219098,1.39842701318237,3036.055749
"ZWE",2004,-2.28199609694631,9.34492498806439,1.555921997679,2828.845581
"ZWE",2005,-2.31984229700857,9.31447217038539,1.53544160647329,2642.174368
"ZWE",2006,-2.27980164547594,9.25941581254178,1.50722572917244,2519.829359
"ZWE",2007,-2.35158586041704,9.17456482705393,1.47192000910223,2395.99073
"ZWE",2008,-2.26577657090825,9.02586226460797,1.21375723696512,1949.036429
"ZWE",2009,-2.20954962165103,8.94100191833498,1.17941734550119,2152.795285
"ZWE",2010,-7.05274821198325,5.97836446945125,1.25512630557525,2572.769992
"ZWE",2011,-6.93979934617934,5.96906289693126,1.2821963040142,2897.100919
"ZWE",2012,-7.0880876484047,5.20117444713721,1.03053451140433,3299.259847
"ZWE",2013,-6.97745231605842,5.03932747554716,1.01195340385107,3357.128269
"ZWE",2014,-6.83787942736577,4.98721147357856,1.02833677061288,3360.552173
"ZWE",2015,-6.68395838070737,4.92446820109499,1.07167544571245,3382.923133
"ZWE",2016,-6.55929802748722,4.7386317614691,1.06656318443599,3366.34429
"ZWE",2017,-6.48644224828366,4.44770126274721,1.01540070355636,3453.509708
"ZWE",2018,-6.39554294555463,4.30125919629565,1.03122870591851,3572.983589
"ZWE",2019,-6.3016570428271,4.31596389539177,1.10913839614542,3294.806084
