"ISO3","Year","Pathogen","Antibiotic","ATC.Class","Total.Isolates","Resistant.Isolates","Percent.Resistant.Isolates"
"ARG","2012","H. influenzae","Doripenem","J01D","5","0","0"
"ARG","2013","H. influenzae","Doripenem","J01D","9","0","0"
"ARG","2014","H. influenzae","Doripenem","J01D","9","0","0"
"ARG","2015","H. influenzae","Doripenem","J01D","21","0","0"
"ARG","2016","H. influenzae","Doripenem","J01D","7","0","0"
"ARG","2017","H. influenzae","Doripenem","J01D","18","0","0"
"AUS","2012","H. influenzae","Doripenem","J01D","12","0","0"
"AUS","2013","H. influenzae","Doripenem","J01D","10","0","0"
"AUS","2014","H. influenzae","Doripenem","J01D","17","0","0"
"AUS","2015","H. influenzae","Doripenem","J01D","27","0","0"
"AUS","2016","H. influenzae","Doripenem","J01D","39","0","0"
"AUS","2017","H. influenzae","Doripenem","J01D","38","0","0"
"AUT","2012","H. influenzae","Doripenem","J01D","9","0","0"
"AUT","2013","H. influenzae","Doripenem","J01D","9","0","0"
"AUT","2014","H. influenzae","Doripenem","J01D","11","0","0"
"AUT","2015","H. influenzae","Doripenem","J01D","8","0","0"
"AUT","2016","H. influenzae","Doripenem","J01D","17","0","0"
"BEL","2012","H. influenzae","Doripenem","J01D","3","0","0"
"BEL","2013","H. influenzae","Doripenem","J01D","14","0","0"
"BEL","2014","H. influenzae","Doripenem","J01D","17","0","0"
"BEL","2015","H. influenzae","Doripenem","J01D","42","0","0"
"BEL","2016","H. influenzae","Doripenem","J01D","39","0","0"
"BEL","2017","H. influenzae","Doripenem","J01D","32","0","0"
"BRA","2014","H. influenzae","Doripenem","J01D","2","0","0"
"BRA","2016","H. influenzae","Doripenem","J01D","3","0","0"
"BRA","2017","H. influenzae","Doripenem","J01D","3","0","0"
"CHL","2012","H. influenzae","Doripenem","J01D","3","0","0"
"CHL","2013","H. influenzae","Doripenem","J01D","3","0","0"
"CHL","2014","H. influenzae","Doripenem","J01D","7","0","0"
"CHL","2015","H. influenzae","Doripenem","J01D","16","0","0"
"CHL","2016","H. influenzae","Doripenem","J01D","19","0","0"
"CHL","2017","H. influenzae","Doripenem","J01D","19","0","0"
"CHN","2012","H. influenzae","Doripenem","J01D","10","0","0"
"CHN","2013","H. influenzae","Doripenem","J01D","10","0","0"
"COL","2013","H. influenzae","Doripenem","J01D","2","0","0"
"COL","2014","H. influenzae","Doripenem","J01D","4","0","0"
"COL","2015","H. influenzae","Doripenem","J01D","5","0","0"
"COL","2016","H. influenzae","Doripenem","J01D","4","0","0"
"CZE","2013","H. influenzae","Doripenem","J01D","4","0","0"
"CZE","2014","H. influenzae","Doripenem","J01D","6","0","0"
"CZE","2015","H. influenzae","Doripenem","J01D","20","0","0"
"CZE","2016","H. influenzae","Doripenem","J01D","18","0","0"
"CZE","2017","H. influenzae","Doripenem","J01D","27","0","0"
"DNK","2013","H. influenzae","Doripenem","J01D","1","0","0"
"DNK","2014","H. influenzae","Doripenem","J01D","12","0","0"
"DNK","2015","H. influenzae","Doripenem","J01D","27","0","0"
"DNK","2016","H. influenzae","Doripenem","J01D","9","0","0"
"DNK","2017","H. influenzae","Doripenem","J01D","8","0","0"
"FRA","2012","H. influenzae","Doripenem","J01D","7","0","0"
"FRA","2013","H. influenzae","Doripenem","J01D","17","0","0"
"FRA","2014","H. influenzae","Doripenem","J01D","24","0","0"
"FRA","2015","H. influenzae","Doripenem","J01D","43","0","0"
"FRA","2016","H. influenzae","Doripenem","J01D","58","0","0"
"FRA","2017","H. influenzae","Doripenem","J01D","46","0","0"
"DEU","2013","H. influenzae","Doripenem","J01D","23","0","0"
"DEU","2014","H. influenzae","Doripenem","J01D","18","0","0"
"DEU","2015","H. influenzae","Doripenem","J01D","46","0","0"
"DEU","2016","H. influenzae","Doripenem","J01D","37","0","0"
"DEU","2017","H. influenzae","Doripenem","J01D","33","0","0"
"GRC","2012","H. influenzae","Doripenem","J01D","2","0","0"
"GRC","2013","H. influenzae","Doripenem","J01D","8","0","0"
"GRC","2014","H. influenzae","Doripenem","J01D","6","0","0"
"GRC","2015","H. influenzae","Doripenem","J01D","8","0","0"
"GRC","2016","H. influenzae","Doripenem","J01D","7","0","0"
"GRC","2017","H. influenzae","Doripenem","J01D","3","0","0"
"HKG","2013","H. influenzae","Doripenem","J01D","3","0","0"
"HKG","2014","H. influenzae","Doripenem","J01D","2","0","0"
"HUN","2012","H. influenzae","Doripenem","J01D","8","0","0"
"HUN","2013","H. influenzae","Doripenem","J01D","8","0","0"
"HUN","2014","H. influenzae","Doripenem","J01D","9","0","0"
"HUN","2015","H. influenzae","Doripenem","J01D","26","0","0"
"HUN","2016","H. influenzae","Doripenem","J01D","25","0","0"
"HUN","2017","H. influenzae","Doripenem","J01D","26","0","0"
"IRL","2013","H. influenzae","Doripenem","J01D","3","0","0"
"ISR","2012","H. influenzae","Doripenem","J01D","13","0","0"
"ISR","2013","H. influenzae","Doripenem","J01D","24","0","0"
"ISR","2014","H. influenzae","Doripenem","J01D","26","0","0"
"ISR","2015","H. influenzae","Doripenem","J01D","28","0","0"
"ISR","2016","H. influenzae","Doripenem","J01D","32","0","0"
"ISR","2017","H. influenzae","Doripenem","J01D","32","0","0"
"ITA","2013","H. influenzae","Doripenem","J01D","17","0","0"
"ITA","2014","H. influenzae","Doripenem","J01D","19","0","0"
"ITA","2015","H. influenzae","Doripenem","J01D","35","0","0"
"ITA","2016","H. influenzae","Doripenem","J01D","32","0","0"
"ITA","2017","H. influenzae","Doripenem","J01D","31","0","0"
"JPN","2012","H. influenzae","Doripenem","J01D","3","0","0"
"JPN","2013","H. influenzae","Doripenem","J01D","8","0","0"
"JPN","2014","H. influenzae","Doripenem","J01D","6","0","0"
"JPN","2015","H. influenzae","Doripenem","J01D","15","0","0"
"JPN","2016","H. influenzae","Doripenem","J01D","6","0","0"
"JPN","2017","H. influenzae","Doripenem","J01D","20","0","0"
"KEN","2014","H. influenzae","Doripenem","J01D","3","0","0"
"KOR","2012","H. influenzae","Doripenem","J01D","5","0","0"
"KOR","2013","H. influenzae","Doripenem","J01D","10","0","0"
"KOR","2014","H. influenzae","Doripenem","J01D","9","0","0"
"KOR","2015","H. influenzae","Doripenem","J01D","19","0","0"
"KOR","2016","H. influenzae","Doripenem","J01D","20","0","0"
"KOR","2017","H. influenzae","Doripenem","J01D","20","0","0"
"KWT","2013","H. influenzae","Doripenem","J01D","4","0","0"
"KWT","2014","H. influenzae","Doripenem","J01D","16","0","0"
"KWT","2015","H. influenzae","Doripenem","J01D","27","0","0"
"KWT","2016","H. influenzae","Doripenem","J01D","27","0","0"
"KWT","2017","H. influenzae","Doripenem","J01D","31","0","0"
"MYS","2013","H. influenzae","Doripenem","J01D","4","0","0"
"MYS","2014","H. influenzae","Doripenem","J01D","4","0","0"
"MYS","2015","H. influenzae","Doripenem","J01D","15","0","0"
"MEX","2012","H. influenzae","Doripenem","J01D","2","0","0"
"MEX","2013","H. influenzae","Doripenem","J01D","4","0","0"
"MEX","2014","H. influenzae","Doripenem","J01D","9","0","0"
"MEX","2015","H. influenzae","Doripenem","J01D","10","0","0"
"MEX","2016","H. influenzae","Doripenem","J01D","6","0","0"
"MEX","2017","H. influenzae","Doripenem","J01D","16","0","0"
"NLD","2012","H. influenzae","Doripenem","J01D","4","0","0"
"NLD","2013","H. influenzae","Doripenem","J01D","8","0","0"
"NLD","2014","H. influenzae","Doripenem","J01D","4","0","0"
"NLD","2015","H. influenzae","Doripenem","J01D","15","0","0"
"NLD","2016","H. influenzae","Doripenem","J01D","18","0","0"
"NLD","2017","H. influenzae","Doripenem","J01D","17","0","0"
"PHL","2012","H. influenzae","Doripenem","J01D","7","0","0"
"PHL","2013","H. influenzae","Doripenem","J01D","9","0","0"
"PHL","2014","H. influenzae","Doripenem","J01D","11","0","0"
"PHL","2015","H. influenzae","Doripenem","J01D","17","0","0"
"PHL","2016","H. influenzae","Doripenem","J01D","25","0","0"
"PHL","2017","H. influenzae","Doripenem","J01D","19","0","0"
"POL","2013","H. influenzae","Doripenem","J01D","5","0","0"
"POL","2014","H. influenzae","Doripenem","J01D","11","0","0"
"POL","2015","H. influenzae","Doripenem","J01D","15","0","0"
"POL","2016","H. influenzae","Doripenem","J01D","13","0","0"
"POL","2017","H. influenzae","Doripenem","J01D","23","0","0"
"PRT","2012","H. influenzae","Doripenem","J01D","11","0","0"
"PRT","2013","H. influenzae","Doripenem","J01D","9","0","0"
"PRT","2014","H. influenzae","Doripenem","J01D","34","0","0"
"PRT","2015","H. influenzae","Doripenem","J01D","32","0","0"
"PRT","2016","H. influenzae","Doripenem","J01D","32","0","0"
"PRT","2017","H. influenzae","Doripenem","J01D","34","0","0"
"ROU","2012","H. influenzae","Doripenem","J01D","2","0","0"
"ROU","2013","H. influenzae","Doripenem","J01D","9","0","0"
"ROU","2015","H. influenzae","Doripenem","J01D","8","0","0"
"ROU","2016","H. influenzae","Doripenem","J01D","3","0","0"
"RUS","2013","H. influenzae","Doripenem","J01D","4","0","0"
"RUS","2014","H. influenzae","Doripenem","J01D","18","0","0"
"RUS","2015","H. influenzae","Doripenem","J01D","6","0","0"
"RUS","2016","H. influenzae","Doripenem","J01D","5","0","0"
"RUS","2017","H. influenzae","Doripenem","J01D","11","0","0"
"ZAF","2013","H. influenzae","Doripenem","J01D","10","0","0"
"ZAF","2014","H. influenzae","Doripenem","J01D","11","0","0"
"ZAF","2015","H. influenzae","Doripenem","J01D","15","0","0"
"ZAF","2016","H. influenzae","Doripenem","J01D","29","0","0"
"ZAF","2017","H. influenzae","Doripenem","J01D","37","0","0"
"ESP","2012","H. influenzae","Doripenem","J01D","2","0","0"
"ESP","2013","H. influenzae","Doripenem","J01D","22","0","0"
"ESP","2014","H. influenzae","Doripenem","J01D","20","0","0"
"ESP","2015","H. influenzae","Doripenem","J01D","46","0","0"
"ESP","2016","H. influenzae","Doripenem","J01D","45","0","0"
"ESP","2017","H. influenzae","Doripenem","J01D","60","0","0"
"SWE","2012","H. influenzae","Doripenem","J01D","4","0","0"
"SWE","2013","H. influenzae","Doripenem","J01D","11","0","0"
"SWE","2014","H. influenzae","Doripenem","J01D","4","0","0"
"SWE","2017","H. influenzae","Doripenem","J01D","9","0","0"
"TWN","2012","H. influenzae","Doripenem","J01D","1","0","0"
"TWN","2013","H. influenzae","Doripenem","J01D","3","0","0"
"TWN","2014","H. influenzae","Doripenem","J01D","12","0","0"
"TWN","2015","H. influenzae","Doripenem","J01D","23","0","0"
"TWN","2016","H. influenzae","Doripenem","J01D","18","0","0"
"TWN","2017","H. influenzae","Doripenem","J01D","18","0","0"
"THA","2012","H. influenzae","Doripenem","J01D","2","0","0"
"THA","2013","H. influenzae","Doripenem","J01D","8","0","0"
"THA","2014","H. influenzae","Doripenem","J01D","11","0","0"
"THA","2015","H. influenzae","Doripenem","J01D","25","0","0"
"THA","2016","H. influenzae","Doripenem","J01D","24","0","0"
"THA","2017","H. influenzae","Doripenem","J01D","27","0","0"
"TUR","2012","H. influenzae","Doripenem","J01D","4","0","0"
"TUR","2013","H. influenzae","Doripenem","J01D","2","0","0"
"TUR","2014","H. influenzae","Doripenem","J01D","7","0","0"
"TUR","2015","H. influenzae","Doripenem","J01D","10","0","0"
"TUR","2016","H. influenzae","Doripenem","J01D","14","0","0"
"TUR","2017","H. influenzae","Doripenem","J01D","12","0","0"
"GBR","2012","H. influenzae","Doripenem","J01D","4","0","0"
"GBR","2013","H. influenzae","Doripenem","J01D","10","0","0"
"GBR","2014","H. influenzae","Doripenem","J01D","12","0","0"
"GBR","2015","H. influenzae","Doripenem","J01D","30","0","0"
"GBR","2016","H. influenzae","Doripenem","J01D","32","0","0"
"GBR","2017","H. influenzae","Doripenem","J01D","32","0","0"
"USA","2012","H. influenzae","Doripenem","J01D","39","0","0"
"USA","2013","H. influenzae","Doripenem","J01D","41","0","0"
"USA","2014","H. influenzae","Doripenem","J01D","51","0","0"
"USA","2015","H. influenzae","Doripenem","J01D","108","0","0"
"USA","2016","H. influenzae","Doripenem","J01D","146","0","0"
"VEN","2012","H. influenzae","Doripenem","J01D","3","0","0"
"VEN","2013","H. influenzae","Doripenem","J01D","6","0","0"
"VEN","2014","H. influenzae","Doripenem","J01D","4","0","0"
"VEN","2015","H. influenzae","Doripenem","J01D","10","0","0"
"VEN","2016","H. influenzae","Doripenem","J01D","8","0","0"
"VEN","2017","H. influenzae","Doripenem","J01D","3","0","0"
NA,"Year",NA,"Antibiotic",NA,"Total Isolates","Resistant Isolates","Percent Resistant Isolates"
"ARG","2012","H. influenzae","Ertapenem","J01D","5","0","0"
"ARG","2013","H. influenzae","Ertapenem","J01D","9","0","0"
"AUS","2012","H. influenzae","Ertapenem","J01D","12","0","0"
"AUS","2013","H. influenzae","Ertapenem","J01D","10","0","0"
"AUT","2012","H. influenzae","Ertapenem","J01D","9","0","0"
"AUT","2013","H. influenzae","Ertapenem","J01D","9","0","0"
"BEL","2012","H. influenzae","Ertapenem","J01D","3","0","0"
"BEL","2013","H. influenzae","Ertapenem","J01D","14","0","0"
"CHL","2012","H. influenzae","Ertapenem","J01D","3","0","0"
"CHL","2013","H. influenzae","Ertapenem","J01D","3","0","0"
"CHN","2012","H. influenzae","Ertapenem","J01D","10","0","0"
"CHN","2013","H. influenzae","Ertapenem","J01D","10","0","0"
"COL","2013","H. influenzae","Ertapenem","J01D","2","0","0"
"CZE","2013","H. influenzae","Ertapenem","J01D","4","0","0"
"DNK","2013","H. influenzae","Ertapenem","J01D","1","0","0"
"FRA","2012","H. influenzae","Ertapenem","J01D","7","0","0"
"FRA","2013","H. influenzae","Ertapenem","J01D","17","0","0"
"DEU","2013","H. influenzae","Ertapenem","J01D","23","0","0"
"GRC","2012","H. influenzae","Ertapenem","J01D","2","0","0"
"GRC","2013","H. influenzae","Ertapenem","J01D","8","0","0"
"HKG","2013","H. influenzae","Ertapenem","J01D","3","0","0"
"HUN","2012","H. influenzae","Ertapenem","J01D","8","0","0"
"HUN","2013","H. influenzae","Ertapenem","J01D","8","0","0"
"IRL","2013","H. influenzae","Ertapenem","J01D","3","0","0"
"ISR","2012","H. influenzae","Ertapenem","J01D","13","0","0"
"ISR","2013","H. influenzae","Ertapenem","J01D","24","0","0"
"ITA","2013","H. influenzae","Ertapenem","J01D","17","0","0"
"JPN","2012","H. influenzae","Ertapenem","J01D","3","0","0"
"JPN","2013","H. influenzae","Ertapenem","J01D","8","0","0"
"KOR","2012","H. influenzae","Ertapenem","J01D","5","0","0"
"KOR","2013","H. influenzae","Ertapenem","J01D","10","0","0"
"KWT","2013","H. influenzae","Ertapenem","J01D","4","0","0"
"MYS","2013","H. influenzae","Ertapenem","J01D","4","0","0"
"MEX","2012","H. influenzae","Ertapenem","J01D","2","0","0"
"MEX","2013","H. influenzae","Ertapenem","J01D","4","0","0"
"NLD","2012","H. influenzae","Ertapenem","J01D","4","0","0"
"NLD","2013","H. influenzae","Ertapenem","J01D","8","0","0"
"PHL","2012","H. influenzae","Ertapenem","J01D","7","0","0"
"PHL","2013","H. influenzae","Ertapenem","J01D","9","0","0"
"POL","2013","H. influenzae","Ertapenem","J01D","5","0","0"
"PRT","2012","H. influenzae","Ertapenem","J01D","11","0","0"
"PRT","2013","H. influenzae","Ertapenem","J01D","9","0","0"
"ROU","2012","H. influenzae","Ertapenem","J01D","2","0","0"
"ROU","2013","H. influenzae","Ertapenem","J01D","9","0","0"
"RUS","2013","H. influenzae","Ertapenem","J01D","4","0","0"
"ZAF","2013","H. influenzae","Ertapenem","J01D","10","0","0"
"ESP","2012","H. influenzae","Ertapenem","J01D","2","0","0"
"ESP","2013","H. influenzae","Ertapenem","J01D","22","0","0"
"SWE","2012","H. influenzae","Ertapenem","J01D","4","0","0"
"SWE","2013","H. influenzae","Ertapenem","J01D","11","0","0"
"TWN","2012","H. influenzae","Ertapenem","J01D","1","0","0"
"TWN","2013","H. influenzae","Ertapenem","J01D","3","0","0"
"THA","2012","H. influenzae","Ertapenem","J01D","2","0","0"
"THA","2013","H. influenzae","Ertapenem","J01D","8","0","0"
"TUR","2012","H. influenzae","Ertapenem","J01D","4","0","0"
"TUR","2013","H. influenzae","Ertapenem","J01D","2","0","0"
"GBR","2012","H. influenzae","Ertapenem","J01D","4","0","0"
"GBR","2013","H. influenzae","Ertapenem","J01D","10","0","0"
"USA","2012","H. influenzae","Ertapenem","J01D","39","0","0"
"USA","2013","H. influenzae","Ertapenem","J01D","41","0","0"
"VEN","2012","H. influenzae","Ertapenem","J01D","3","0","0"
"VEN","2013","H. influenzae","Ertapenem","J01D","6","0","0"
"ARG","2012","H. influenzae","Aztreonam","J01D","5","0","0"
"ARG","2013","H. influenzae","Aztreonam","J01D","9","0","0"
"ARG","2014","H. influenzae","Aztreonam","J01D","9","0","0"
"AUS","2012","H. influenzae","Aztreonam","J01D","12","0","0"
"AUS","2013","H. influenzae","Aztreonam","J01D","10","0","0"
"AUS","2014","H. influenzae","Aztreonam","J01D","17","0","0"
"AUT","2012","H. influenzae","Aztreonam","J01D","9","0","0"
"AUT","2013","H. influenzae","Aztreonam","J01D","9","0","0"
"AUT","2014","H. influenzae","Aztreonam","J01D","11","0","0"
"BEL","2012","H. influenzae","Aztreonam","J01D","3","0","0"
"BEL","2013","H. influenzae","Aztreonam","J01D","14","0","0"
"BEL","2014","H. influenzae","Aztreonam","J01D","17","0","0"
"BRA","2014","H. influenzae","Aztreonam","J01D","2","0","0"
"CHL","2012","H. influenzae","Aztreonam","J01D","3","0","0"
"CHL","2013","H. influenzae","Aztreonam","J01D","3","0","0"
"CHL","2014","H. influenzae","Aztreonam","J01D","7","0","0"
"CHN","2012","H. influenzae","Aztreonam","J01D","10","0","0"
"CHN","2013","H. influenzae","Aztreonam","J01D","10","0","0"
"COL","2013","H. influenzae","Aztreonam","J01D","2","0","0"
"COL","2014","H. influenzae","Aztreonam","J01D","4","0","0"
"CZE","2013","H. influenzae","Aztreonam","J01D","4","0","0"
"CZE","2014","H. influenzae","Aztreonam","J01D","6","0","0"
"DNK","2013","H. influenzae","Aztreonam","J01D","1","0","0"
"DNK","2014","H. influenzae","Aztreonam","J01D","12","0","0"
"FRA","2012","H. influenzae","Aztreonam","J01D","7","0","0"
"FRA","2013","H. influenzae","Aztreonam","J01D","17","0","0"
"FRA","2014","H. influenzae","Aztreonam","J01D","24","0","0"
"DEU","2013","H. influenzae","Aztreonam","J01D","23","0","0"
"DEU","2014","H. influenzae","Aztreonam","J01D","18","0","0"
"GRC","2012","H. influenzae","Aztreonam","J01D","2","0","0"
"GRC","2013","H. influenzae","Aztreonam","J01D","8","0","0"
"GRC","2014","H. influenzae","Aztreonam","J01D","6","0","0"
"HKG","2013","H. influenzae","Aztreonam","J01D","3","0","0"
"HKG","2014","H. influenzae","Aztreonam","J01D","2","0","0"
"HUN","2012","H. influenzae","Aztreonam","J01D","8","0","0"
"HUN","2013","H. influenzae","Aztreonam","J01D","8","0","0"
"HUN","2014","H. influenzae","Aztreonam","J01D","9","0","0"
"IRL","2013","H. influenzae","Aztreonam","J01D","3","0","0"
"ISR","2012","H. influenzae","Aztreonam","J01D","13","0","0"
"ISR","2013","H. influenzae","Aztreonam","J01D","24","0","0"
"ISR","2014","H. influenzae","Aztreonam","J01D","26","0","0"
"ITA","2013","H. influenzae","Aztreonam","J01D","17","0","0"
"ITA","2014","H. influenzae","Aztreonam","J01D","19","0","0"
"JPN","2012","H. influenzae","Aztreonam","J01D","3","0","0"
"JPN","2013","H. influenzae","Aztreonam","J01D","8","0","0"
"JPN","2014","H. influenzae","Aztreonam","J01D","6","0","0"
"KEN","2014","H. influenzae","Aztreonam","J01D","3","0","0"
"KOR","2012","H. influenzae","Aztreonam","J01D","5","0","0"
"KOR","2013","H. influenzae","Aztreonam","J01D","10","0","0"
"KOR","2014","H. influenzae","Aztreonam","J01D","9","0","0"
"KWT","2013","H. influenzae","Aztreonam","J01D","4","0","0"
"KWT","2014","H. influenzae","Aztreonam","J01D","16","0","0"
"MYS","2013","H. influenzae","Aztreonam","J01D","4","0","0"
"MYS","2014","H. influenzae","Aztreonam","J01D","4","0","0"
"MEX","2012","H. influenzae","Aztreonam","J01D","2","0","0"
"MEX","2013","H. influenzae","Aztreonam","J01D","4","0","0"
"MEX","2014","H. influenzae","Aztreonam","J01D","9","0","0"
"NLD","2012","H. influenzae","Aztreonam","J01D","4","0","0"
"NLD","2013","H. influenzae","Aztreonam","J01D","8","0","0"
"NLD","2014","H. influenzae","Aztreonam","J01D","4","0","0"
"PHL","2012","H. influenzae","Aztreonam","J01D","7","0","0"
"PHL","2013","H. influenzae","Aztreonam","J01D","9","0","0"
"PHL","2014","H. influenzae","Aztreonam","J01D","11","0","0"
"POL","2013","H. influenzae","Aztreonam","J01D","5","0","0"
"POL","2014","H. influenzae","Aztreonam","J01D","11","0","0"
"PRT","2012","H. influenzae","Aztreonam","J01D","11","0","0"
"PRT","2013","H. influenzae","Aztreonam","J01D","9","0","0"
"PRT","2014","H. influenzae","Aztreonam","J01D","34","0","0"
"ROU","2012","H. influenzae","Aztreonam","J01D","2","0","0"
"ROU","2013","H. influenzae","Aztreonam","J01D","9","0","0"
"RUS","2013","H. influenzae","Aztreonam","J01D","4","0","0"
"RUS","2014","H. influenzae","Aztreonam","J01D","18","0","0"
"ZAF","2013","H. influenzae","Aztreonam","J01D","10","0","0"
"ZAF","2014","H. influenzae","Aztreonam","J01D","11","0","0"
"ESP","2012","H. influenzae","Aztreonam","J01D","2","0","0"
"ESP","2013","H. influenzae","Aztreonam","J01D","22","0","0"
"ESP","2014","H. influenzae","Aztreonam","J01D","20","0","0"
"SWE","2012","H. influenzae","Aztreonam","J01D","4","0","0"
"SWE","2013","H. influenzae","Aztreonam","J01D","11","0","0"
"SWE","2014","H. influenzae","Aztreonam","J01D","4","0","0"
"TWN","2012","H. influenzae","Aztreonam","J01D","1","0","0"
"TWN","2013","H. influenzae","Aztreonam","J01D","3","0","0"
"TWN","2014","H. influenzae","Aztreonam","J01D","12","0","0"
"THA","2012","H. influenzae","Aztreonam","J01D","2","0","0"
"THA","2013","H. influenzae","Aztreonam","J01D","8","0","0"
"THA","2014","H. influenzae","Aztreonam","J01D","11","0","0"
"TUR","2012","H. influenzae","Aztreonam","J01D","4","0","0"
"TUR","2013","H. influenzae","Aztreonam","J01D","2","0","0"
"TUR","2014","H. influenzae","Aztreonam","J01D","7","0","0"
"GBR","2012","H. influenzae","Aztreonam","J01D","4","0","0"
"GBR","2013","H. influenzae","Aztreonam","J01D","10","0","0"
"GBR","2014","H. influenzae","Aztreonam","J01D","12","0","0"
"USA","2012","H. influenzae","Aztreonam","J01D","39","0","0"
"USA","2013","H. influenzae","Aztreonam","J01D","41","0","0"
"USA","2014","H. influenzae","Aztreonam","J01D","51","0","0"
"VEN","2012","H. influenzae","Aztreonam","J01D","3","0","0"
"VEN","2013","H. influenzae","Aztreonam","J01D","6","0","0"
"VEN","2014","H. influenzae","Aztreonam","J01D","4","0","0"
"ARG","2004","H. influenzae","Amoxy/clav","J01C","20","0","0"
"ARG","2005","H. influenzae","Amoxy/clav","J01C","93","0","0"
"ARG","2006","H. influenzae","Amoxy/clav","J01C","28","0","0"
"ARG","2007","H. influenzae","Amoxy/clav","J01C","90","0","0"
"ARG","2008","H. influenzae","Amoxy/clav","J01C","89","2","2.25"
"ARG","2009","H. influenzae","Amoxy/clav","J01C","78","0","0"
"ARG","2010","H. influenzae","Amoxy/clav","J01C","60","1","1.67"
"ARG","2011","H. influenzae","Amoxy/clav","J01C","7","0","0"
"ARG","2012","H. influenzae","Amoxy/clav","J01C","6","0","0"
"ARG","2013","H. influenzae","Amoxy/clav","J01C","9","0","0"
"ARG","2014","H. influenzae","Amoxy/clav","J01C","9","0","0"
"ARG","2015","H. influenzae","Amoxy/clav","J01C","24","0","0"
"ARG","2016","H. influenzae","Amoxy/clav","J01C","17","0","0"
"ARG","2017","H. influenzae","Amoxy/clav","J01C","31","0","0"
"ARG","2018","H. influenzae","Amoxy/clav","J01C","8","0","0"
"AUS","2004","H. influenzae","Amoxy/clav","J01C","14","0","0"
"AUS","2005","H. influenzae","Amoxy/clav","J01C","15","0","0"
"AUS","2006","H. influenzae","Amoxy/clav","J01C","48","0","0"
"AUS","2007","H. influenzae","Amoxy/clav","J01C","67","0","0"
"AUS","2008","H. influenzae","Amoxy/clav","J01C","40","1","2.5"
"AUS","2009","H. influenzae","Amoxy/clav","J01C","35","0","0"
"AUS","2010","H. influenzae","Amoxy/clav","J01C","29","0","0"
"AUS","2012","H. influenzae","Amoxy/clav","J01C","12","0","0"
"AUS","2013","H. influenzae","Amoxy/clav","J01C","10","0","0"
"AUS","2014","H. influenzae","Amoxy/clav","J01C","17","0","0"
"AUS","2015","H. influenzae","Amoxy/clav","J01C","27","0","0"
"AUS","2016","H. influenzae","Amoxy/clav","J01C","39","3","7.69"
"AUS","2017","H. influenzae","Amoxy/clav","J01C","38","1","2.63"
"AUS","2018","H. influenzae","Amoxy/clav","J01C","38","1","2.63"
"AUT","2004","H. influenzae","Amoxy/clav","J01C","15","0","0"
"AUT","2006","H. influenzae","Amoxy/clav","J01C","10","0","0"
"AUT","2008","H. influenzae","Amoxy/clav","J01C","15","0","0"
"AUT","2009","H. influenzae","Amoxy/clav","J01C","39","0","0"
"AUT","2010","H. influenzae","Amoxy/clav","J01C","9","0","0"
"AUT","2011","H. influenzae","Amoxy/clav","J01C","26","0","0"
"AUT","2012","H. influenzae","Amoxy/clav","J01C","9","0","0"
"AUT","2013","H. influenzae","Amoxy/clav","J01C","9","0","0"
"AUT","2014","H. influenzae","Amoxy/clav","J01C","11","0","0"
"AUT","2015","H. influenzae","Amoxy/clav","J01C","8","0","0"
"AUT","2016","H. influenzae","Amoxy/clav","J01C","23","0","0"
"BEL","2004","H. influenzae","Amoxy/clav","J01C","15","0","0"
"BEL","2005","H. influenzae","Amoxy/clav","J01C","22","0","0"
"BEL","2006","H. influenzae","Amoxy/clav","J01C","30","0","0"
"BEL","2007","H. influenzae","Amoxy/clav","J01C","59","0","0"
"BEL","2008","H. influenzae","Amoxy/clav","J01C","33","0","0"
"BEL","2009","H. influenzae","Amoxy/clav","J01C","62","0","0"
"BEL","2010","H. influenzae","Amoxy/clav","J01C","46","0","0"
"BEL","2011","H. influenzae","Amoxy/clav","J01C","51","0","0"
"BEL","2012","H. influenzae","Amoxy/clav","J01C","40","0","0"
"BEL","2013","H. influenzae","Amoxy/clav","J01C","112","0","0"
"BEL","2014","H. influenzae","Amoxy/clav","J01C","115","0","0"
"BEL","2015","H. influenzae","Amoxy/clav","J01C","115","0","0"
"BEL","2016","H. influenzae","Amoxy/clav","J01C","125","0","0"
"BEL","2017","H. influenzae","Amoxy/clav","J01C","91","0","0"
"BEL","2018","H. influenzae","Amoxy/clav","J01C","48","0","0"
"BRA","2004","H. influenzae","Amoxy/clav","J01C","12","0","0"
"BRA","2005","H. influenzae","Amoxy/clav","J01C","15","0","0"
"BRA","2006","H. influenzae","Amoxy/clav","J01C","3","0","0"
"BRA","2007","H. influenzae","Amoxy/clav","J01C","30","0","0"
"BRA","2008","H. influenzae","Amoxy/clav","J01C","15","0","0"
"BRA","2009","H. influenzae","Amoxy/clav","J01C","15","0","0"
"BRA","2014","H. influenzae","Amoxy/clav","J01C","2","0","0"
"BRA","2015","H. influenzae","Amoxy/clav","J01C","6","0","0"
"BRA","2016","H. influenzae","Amoxy/clav","J01C","17","0","0"
"BRA","2017","H. influenzae","Amoxy/clav","J01C","20","0","0"
"BRA","2018","H. influenzae","Amoxy/clav","J01C","18","0","0"
"BGR","2008","H. influenzae","Amoxy/clav","J01C","3","0","0"
"BGR","2009","H. influenzae","Amoxy/clav","J01C","22","0","0"
"BGR","2010","H. influenzae","Amoxy/clav","J01C","27","0","0"
"BGR","2011","H. influenzae","Amoxy/clav","J01C","11","0","0"
"CAN","2004","H. influenzae","Amoxy/clav","J01C","19","0","0"
"CAN","2005","H. influenzae","Amoxy/clav","J01C","40","0","0"
"CAN","2006","H. influenzae","Amoxy/clav","J01C","55","0","0"
"CAN","2007","H. influenzae","Amoxy/clav","J01C","69","0","0"
"CAN","2008","H. influenzae","Amoxy/clav","J01C","56","0","0"
"CAN","2009","H. influenzae","Amoxy/clav","J01C","76","0","0"
"CAN","2010","H. influenzae","Amoxy/clav","J01C","65","0","0"
"CAN","2011","H. influenzae","Amoxy/clav","J01C","38","0","0"
"CAN","2012","H. influenzae","Amoxy/clav","J01C","109","0","0"
"CAN","2013","H. influenzae","Amoxy/clav","J01C","96","0","0"
"CAN","2014","H. influenzae","Amoxy/clav","J01C","77","0","0"
"CAN","2015","H. influenzae","Amoxy/clav","J01C","78","0","0"
"CAN","2016","H. influenzae","Amoxy/clav","J01C","83","0","0"
"CAN","2017","H. influenzae","Amoxy/clav","J01C","69","0","0"
"CAN","2018","H. influenzae","Amoxy/clav","J01C","78","0","0"
"CHL","2005","H. influenzae","Amoxy/clav","J01C","12","0","0"
"CHL","2006","H. influenzae","Amoxy/clav","J01C","3","0","0"
"CHL","2007","H. influenzae","Amoxy/clav","J01C","39","0","0"
"CHL","2008","H. influenzae","Amoxy/clav","J01C","16","0","0"
"CHL","2009","H. influenzae","Amoxy/clav","J01C","11","0","0"
"CHL","2012","H. influenzae","Amoxy/clav","J01C","3","0","0"
"CHL","2013","H. influenzae","Amoxy/clav","J01C","18","0","0"
"CHL","2014","H. influenzae","Amoxy/clav","J01C","27","0","0"
"CHL","2015","H. influenzae","Amoxy/clav","J01C","29","0","0"
"CHL","2016","H. influenzae","Amoxy/clav","J01C","34","0","0"
"CHL","2017","H. influenzae","Amoxy/clav","J01C","28","0","0"
"CHL","2018","H. influenzae","Amoxy/clav","J01C","20","0","0"
"CHN","2004","H. influenzae","Amoxy/clav","J01C","15","0","0"
"CHN","2005","H. influenzae","Amoxy/clav","J01C","15","0","0"
"CHN","2006","H. influenzae","Amoxy/clav","J01C","14","0","0"
"CHN","2008","H. influenzae","Amoxy/clav","J01C","18","0","0"
"CHN","2009","H. influenzae","Amoxy/clav","J01C","33","0","0"
"CHN","2010","H. influenzae","Amoxy/clav","J01C","35","1","2.86"
"CHN","2012","H. influenzae","Amoxy/clav","J01C","10","0","0"
"CHN","2013","H. influenzae","Amoxy/clav","J01C","10","1","10"
"CHN","2015","H. influenzae","Amoxy/clav","J01C","80","1","1.25"
"CHN","2016","H. influenzae","Amoxy/clav","J01C","77","3","3.9"
"COL","2006","H. influenzae","Amoxy/clav","J01C","15","0","0"
"COL","2007","H. influenzae","Amoxy/clav","J01C","4","0","0"
"COL","2008","H. influenzae","Amoxy/clav","J01C","42","0","0"
"COL","2009","H. influenzae","Amoxy/clav","J01C","30","0","0"
"COL","2011","H. influenzae","Amoxy/clav","J01C","49","0","0"
"COL","2013","H. influenzae","Amoxy/clav","J01C","15","0","0"
"COL","2014","H. influenzae","Amoxy/clav","J01C","12","0","0"
"COL","2015","H. influenzae","Amoxy/clav","J01C","12","0","0"
"COL","2016","H. influenzae","Amoxy/clav","J01C","4","0","0"
"COL","2018","H. influenzae","Amoxy/clav","J01C","27","0","0"
"CRI","2018","H. influenzae","Amoxy/clav","J01C","3","0","0"
"HRV","2006","H. influenzae","Amoxy/clav","J01C","11","0","0"
"HRV","2007","H. influenzae","Amoxy/clav","J01C","24","0","0"
"HRV","2008","H. influenzae","Amoxy/clav","J01C","23","0","0"
"HRV","2009","H. influenzae","Amoxy/clav","J01C","19","3","15.79"
"HRV","2010","H. influenzae","Amoxy/clav","J01C","14","0","0"
"HRV","2013","H. influenzae","Amoxy/clav","J01C","14","0","0"
"HRV","2014","H. influenzae","Amoxy/clav","J01C","14","0","0"
"HRV","2015","H. influenzae","Amoxy/clav","J01C","15","0","0"
"HRV","2016","H. influenzae","Amoxy/clav","J01C","16","0","0"
"HRV","2017","H. influenzae","Amoxy/clav","J01C","13","0","0"
"HRV","2018","H. influenzae","Amoxy/clav","J01C","20","0","0"
"CZE","2006","H. influenzae","Amoxy/clav","J01C","15","0","0"
"CZE","2007","H. influenzae","Amoxy/clav","J01C","21","0","0"
"CZE","2008","H. influenzae","Amoxy/clav","J01C","7","0","0"
"CZE","2009","H. influenzae","Amoxy/clav","J01C","14","0","0"
"CZE","2010","H. influenzae","Amoxy/clav","J01C","12","0","0"
"CZE","2011","H. influenzae","Amoxy/clav","J01C","10","0","0"
"CZE","2013","H. influenzae","Amoxy/clav","J01C","4","0","0"
"CZE","2014","H. influenzae","Amoxy/clav","J01C","21","0","0"
"CZE","2015","H. influenzae","Amoxy/clav","J01C","30","0","0"
"CZE","2016","H. influenzae","Amoxy/clav","J01C","61","0","0"
"CZE","2017","H. influenzae","Amoxy/clav","J01C","67","1","1.49"
"CZE","2018","H. influenzae","Amoxy/clav","J01C","24","0","0"
"DNK","2006","H. influenzae","Amoxy/clav","J01C","30","0","0"
"DNK","2007","H. influenzae","Amoxy/clav","J01C","59","0","0"
"DNK","2008","H. influenzae","Amoxy/clav","J01C","22","0","0"
"DNK","2009","H. influenzae","Amoxy/clav","J01C","23","0","0"
"DNK","2010","H. influenzae","Amoxy/clav","J01C","17","0","0"
"DNK","2011","H. influenzae","Amoxy/clav","J01C","15","0","0"
"DNK","2012","H. influenzae","Amoxy/clav","J01C","4","0","0"
"DNK","2013","H. influenzae","Amoxy/clav","J01C","16","0","0"
"DNK","2014","H. influenzae","Amoxy/clav","J01C","42","0","0"
"DNK","2015","H. influenzae","Amoxy/clav","J01C","27","0","0"
"DNK","2016","H. influenzae","Amoxy/clav","J01C","23","0","0"
"DNK","2017","H. influenzae","Amoxy/clav","J01C","8","1","12.5"
"DNK","2018","H. influenzae","Amoxy/clav","J01C","10","0","0"
"DOM","2018","H. influenzae","Amoxy/clav","J01C","7","0","0"
"FIN","2006","H. influenzae","Amoxy/clav","J01C","15","0","0"
"FIN","2007","H. influenzae","Amoxy/clav","J01C","10","0","0"
"FIN","2008","H. influenzae","Amoxy/clav","J01C","16","0","0"
"FIN","2010","H. influenzae","Amoxy/clav","J01C","12","0","0"
"FIN","2011","H. influenzae","Amoxy/clav","J01C","15","0","0"
"FIN","2013","H. influenzae","Amoxy/clav","J01C","14","0","0"
"FIN","2014","H. influenzae","Amoxy/clav","J01C","30","0","0"
"FIN","2015","H. influenzae","Amoxy/clav","J01C","1","0","0"
"FIN","2016","H. influenzae","Amoxy/clav","J01C","15","0","0"
"FIN","2018","H. influenzae","Amoxy/clav","J01C","2","0","0"
"FRA","2004","H. influenzae","Amoxy/clav","J01C","56","0","0"
"FRA","2005","H. influenzae","Amoxy/clav","J01C","29","0","0"
"FRA","2006","H. influenzae","Amoxy/clav","J01C","78","2","2.56"
"FRA","2007","H. influenzae","Amoxy/clav","J01C","166","0","0"
"FRA","2008","H. influenzae","Amoxy/clav","J01C","256","0","0"
"FRA","2009","H. influenzae","Amoxy/clav","J01C","225","0","0"
"FRA","2010","H. influenzae","Amoxy/clav","J01C","166","0","0"
"FRA","2011","H. influenzae","Amoxy/clav","J01C","174","0","0"
"FRA","2012","H. influenzae","Amoxy/clav","J01C","149","0","0"
"FRA","2013","H. influenzae","Amoxy/clav","J01C","171","0","0"
"FRA","2014","H. influenzae","Amoxy/clav","J01C","167","0","0"
"FRA","2015","H. influenzae","Amoxy/clav","J01C","184","0","0"
"FRA","2016","H. influenzae","Amoxy/clav","J01C","182","0","0"
"FRA","2017","H. influenzae","Amoxy/clav","J01C","175","0","0"
"FRA","2018","H. influenzae","Amoxy/clav","J01C","99","0","0"
"DEU","2004","H. influenzae","Amoxy/clav","J01C","74","0","0"
"DEU","2005","H. influenzae","Amoxy/clav","J01C","15","0","0"
"DEU","2006","H. influenzae","Amoxy/clav","J01C","59","0","0"
"DEU","2007","H. influenzae","Amoxy/clav","J01C","89","0","0"
"DEU","2008","H. influenzae","Amoxy/clav","J01C","110","1","0.91"
"DEU","2009","H. influenzae","Amoxy/clav","J01C","169","0","0"
"DEU","2010","H. influenzae","Amoxy/clav","J01C","136","0","0"
"DEU","2011","H. influenzae","Amoxy/clav","J01C","171","0","0"
"DEU","2012","H. influenzae","Amoxy/clav","J01C","114","2","1.75"
"DEU","2013","H. influenzae","Amoxy/clav","J01C","214","0","0"
"DEU","2014","H. influenzae","Amoxy/clav","J01C","193","1","0.52"
"DEU","2015","H. influenzae","Amoxy/clav","J01C","162","0","0"
"DEU","2016","H. influenzae","Amoxy/clav","J01C","165","0","0"
"DEU","2017","H. influenzae","Amoxy/clav","J01C","194","2","1.03"
"DEU","2018","H. influenzae","Amoxy/clav","J01C","84","0","0"
"GRC","2004","H. influenzae","Amoxy/clav","J01C","13","0","0"
"GRC","2005","H. influenzae","Amoxy/clav","J01C","2","0","0"
"GRC","2006","H. influenzae","Amoxy/clav","J01C","59","0","0"
"GRC","2007","H. influenzae","Amoxy/clav","J01C","14","0","0"
"GRC","2008","H. influenzae","Amoxy/clav","J01C","11","0","0"
"GRC","2009","H. influenzae","Amoxy/clav","J01C","10","0","0"
"GRC","2010","H. influenzae","Amoxy/clav","J01C","8","0","0"
"GRC","2011","H. influenzae","Amoxy/clav","J01C","6","0","0"
"GRC","2012","H. influenzae","Amoxy/clav","J01C","2","0","0"
"GRC","2013","H. influenzae","Amoxy/clav","J01C","8","0","0"
"GRC","2014","H. influenzae","Amoxy/clav","J01C","19","0","0"
"GRC","2015","H. influenzae","Amoxy/clav","J01C","13","0","0"
"GRC","2016","H. influenzae","Amoxy/clav","J01C","34","0","0"
"GRC","2017","H. influenzae","Amoxy/clav","J01C","6","0","0"
"GRC","2018","H. influenzae","Amoxy/clav","J01C","15","0","0"
"GTM","2007","H. influenzae","Amoxy/clav","J01C","16","0","0"
"GTM","2018","H. influenzae","Amoxy/clav","J01C","10","0","0"
"HND","2007","H. influenzae","Amoxy/clav","J01C","8","0","0"
"HKG","2006","H. influenzae","Amoxy/clav","J01C","13","0","0"
"HKG","2007","H. influenzae","Amoxy/clav","J01C","31","0","0"
"HKG","2010","H. influenzae","Amoxy/clav","J01C","15","0","0"
"HKG","2013","H. influenzae","Amoxy/clav","J01C","3","0","0"
"HKG","2014","H. influenzae","Amoxy/clav","J01C","3","0","0"
"HKG","2015","H. influenzae","Amoxy/clav","J01C","15","0","0"
"HKG","2016","H. influenzae","Amoxy/clav","J01C","15","0","0"
"HKG","2017","H. influenzae","Amoxy/clav","J01C","14","0","0"
"HKG","2018","H. influenzae","Amoxy/clav","J01C","10","0","0"
"HUN","2004","H. influenzae","Amoxy/clav","J01C","14","0","0"
"HUN","2005","H. influenzae","Amoxy/clav","J01C","3","0","0"
"HUN","2007","H. influenzae","Amoxy/clav","J01C","15","0","0"
"HUN","2008","H. influenzae","Amoxy/clav","J01C","44","0","0"
"HUN","2009","H. influenzae","Amoxy/clav","J01C","42","0","0"
"HUN","2010","H. influenzae","Amoxy/clav","J01C","29","0","0"
"HUN","2012","H. influenzae","Amoxy/clav","J01C","8","0","0"
"HUN","2013","H. influenzae","Amoxy/clav","J01C","8","0","0"
"HUN","2014","H. influenzae","Amoxy/clav","J01C","23","0","0"
"HUN","2015","H. influenzae","Amoxy/clav","J01C","26","0","0"
"HUN","2016","H. influenzae","Amoxy/clav","J01C","38","0","0"
"HUN","2017","H. influenzae","Amoxy/clav","J01C","49","0","0"
"HUN","2018","H. influenzae","Amoxy/clav","J01C","26","0","0"
"IND","2004","H. influenzae","Amoxy/clav","J01C","11","0","0"
"IND","2007","H. influenzae","Amoxy/clav","J01C","5","0","0"
"IND","2008","H. influenzae","Amoxy/clav","J01C","7","0","0"
"IND","2015","H. influenzae","Amoxy/clav","J01C","10","0","0"
"IND","2016","H. influenzae","Amoxy/clav","J01C","27","0","0"
"IRL","2004","H. influenzae","Amoxy/clav","J01C","15","0","0"
"IRL","2006","H. influenzae","Amoxy/clav","J01C","28","0","0"
"IRL","2007","H. influenzae","Amoxy/clav","J01C","31","0","0"
"IRL","2008","H. influenzae","Amoxy/clav","J01C","11","0","0"
"IRL","2009","H. influenzae","Amoxy/clav","J01C","25","0","0"
"IRL","2010","H. influenzae","Amoxy/clav","J01C","32","0","0"
"IRL","2011","H. influenzae","Amoxy/clav","J01C","31","0","0"
"IRL","2012","H. influenzae","Amoxy/clav","J01C","31","0","0"
"IRL","2013","H. influenzae","Amoxy/clav","J01C","43","1","2.33"
"IRL","2014","H. influenzae","Amoxy/clav","J01C","16","0","0"
"IRL","2015","H. influenzae","Amoxy/clav","J01C","16","0","0"
"IRL","2016","H. influenzae","Amoxy/clav","J01C","29","0","0"
"IRL","2017","H. influenzae","Amoxy/clav","J01C","26","0","0"
"IRL","2018","H. influenzae","Amoxy/clav","J01C","23","0","0"
"ISR","2006","H. influenzae","Amoxy/clav","J01C","29","0","0"
"ISR","2007","H. influenzae","Amoxy/clav","J01C","49","0","0"
"ISR","2008","H. influenzae","Amoxy/clav","J01C","76","0","0"
"ISR","2009","H. influenzae","Amoxy/clav","J01C","82","0","0"
"ISR","2010","H. influenzae","Amoxy/clav","J01C","106","0","0"
"ISR","2011","H. influenzae","Amoxy/clav","J01C","1","0","0"
"ISR","2012","H. influenzae","Amoxy/clav","J01C","13","0","0"
"ISR","2013","H. influenzae","Amoxy/clav","J01C","24","0","0"
"ISR","2014","H. influenzae","Amoxy/clav","J01C","26","0","0"
"ISR","2015","H. influenzae","Amoxy/clav","J01C","28","0","0"
"ISR","2016","H. influenzae","Amoxy/clav","J01C","32","0","0"
"ISR","2017","H. influenzae","Amoxy/clav","J01C","32","1","3.12"
"ISR","2018","H. influenzae","Amoxy/clav","J01C","36","0","0"
"ITA","2004","H. influenzae","Amoxy/clav","J01C","45","0","0"
"ITA","2005","H. influenzae","Amoxy/clav","J01C","71","3","4.23"
"ITA","2006","H. influenzae","Amoxy/clav","J01C","121","0","0"
"ITA","2007","H. influenzae","Amoxy/clav","J01C","77","0","0"
"ITA","2008","H. influenzae","Amoxy/clav","J01C","174","0","0"
"ITA","2009","H. influenzae","Amoxy/clav","J01C","119","0","0"
"ITA","2010","H. influenzae","Amoxy/clav","J01C","94","1","1.06"
"ITA","2011","H. influenzae","Amoxy/clav","J01C","139","0","0"
"ITA","2012","H. influenzae","Amoxy/clav","J01C","99","0","0"
"ITA","2013","H. influenzae","Amoxy/clav","J01C","118","1","0.85"
"ITA","2014","H. influenzae","Amoxy/clav","J01C","168","0","0"
"ITA","2015","H. influenzae","Amoxy/clav","J01C","140","0","0"
"ITA","2016","H. influenzae","Amoxy/clav","J01C","124","0","0"
"ITA","2017","H. influenzae","Amoxy/clav","J01C","107","4","3.74"
"ITA","2018","H. influenzae","Amoxy/clav","J01C","58","0","0"
"JAM","2006","H. influenzae","Amoxy/clav","J01C","15","0","0"
"JPN","2012","H. influenzae","Amoxy/clav","J01C","3","0","0"
"JPN","2013","H. influenzae","Amoxy/clav","J01C","8","0","0"
"JPN","2014","H. influenzae","Amoxy/clav","J01C","6","0","0"
"JPN","2015","H. influenzae","Amoxy/clav","J01C","15","1","6.67"
"JPN","2016","H. influenzae","Amoxy/clav","J01C","27","2","7.41"
"JPN","2017","H. influenzae","Amoxy/clav","J01C","49","8","16.33"
"JPN","2018","H. influenzae","Amoxy/clav","J01C","30","4","13.33"
"JOR","2010","H. influenzae","Amoxy/clav","J01C","8","0","0"
"JOR","2011","H. influenzae","Amoxy/clav","J01C","18","0","0"
"JOR","2012","H. influenzae","Amoxy/clav","J01C","18","0","0"
"JOR","2013","H. influenzae","Amoxy/clav","J01C","15","0","0"
"JOR","2015","H. influenzae","Amoxy/clav","J01C","14","0","0"
"JOR","2016","H. influenzae","Amoxy/clav","J01C","6","0","0"
"JOR","2017","H. influenzae","Amoxy/clav","J01C","3","0","0"
"JOR","2018","H. influenzae","Amoxy/clav","J01C","1","0","0"
"KEN","2014","H. influenzae","Amoxy/clav","J01C","3","0","0"
"KOR","2005","H. influenzae","Amoxy/clav","J01C","13","0","0"
"KOR","2006","H. influenzae","Amoxy/clav","J01C","36","0","0"
"KOR","2007","H. influenzae","Amoxy/clav","J01C","59","1","1.69"
"KOR","2008","H. influenzae","Amoxy/clav","J01C","26","0","0"
"KOR","2009","H. influenzae","Amoxy/clav","J01C","43","1","2.33"
"KOR","2010","H. influenzae","Amoxy/clav","J01C","24","2","8.33"
"KOR","2012","H. influenzae","Amoxy/clav","J01C","5","3","60"
"KOR","2013","H. influenzae","Amoxy/clav","J01C","10","1","10"
"KOR","2014","H. influenzae","Amoxy/clav","J01C","9","4","44.44"
"KOR","2015","H. influenzae","Amoxy/clav","J01C","35","4","11.43"
"KOR","2016","H. influenzae","Amoxy/clav","J01C","33","10","30.3"
"KOR","2017","H. influenzae","Amoxy/clav","J01C","35","12","34.29"
"KOR","2018","H. influenzae","Amoxy/clav","J01C","22","5","22.73"
"KWT","2012","H. influenzae","Amoxy/clav","J01C","29","0","0"
"KWT","2013","H. influenzae","Amoxy/clav","J01C","4","0","0"
"KWT","2014","H. influenzae","Amoxy/clav","J01C","16","0","0"
"KWT","2015","H. influenzae","Amoxy/clav","J01C","42","0","0"
"KWT","2016","H. influenzae","Amoxy/clav","J01C","39","0","0"
"KWT","2017","H. influenzae","Amoxy/clav","J01C","43","1","2.33"
"KWT","2018","H. influenzae","Amoxy/clav","J01C","30","0","0"
"LVA","2004","H. influenzae","Amoxy/clav","J01C","15","0","0"
"LVA","2005","H. influenzae","Amoxy/clav","J01C","7","0","0"
"LVA","2008","H. influenzae","Amoxy/clav","J01C","17","0","0"
"LVA","2009","H. influenzae","Amoxy/clav","J01C","11","0","0"
"LVA","2010","H. influenzae","Amoxy/clav","J01C","15","0","0"
"LVA","2016","H. influenzae","Amoxy/clav","J01C","15","0","0"
"LVA","2017","H. influenzae","Amoxy/clav","J01C","15","0","0"
"LVA","2018","H. influenzae","Amoxy/clav","J01C","7","0","0"
"LBN","2006","H. influenzae","Amoxy/clav","J01C","16","0","0"
"LTU","2006","H. influenzae","Amoxy/clav","J01C","15","0","0"
"LTU","2008","H. influenzae","Amoxy/clav","J01C","30","0","0"
"LTU","2010","H. influenzae","Amoxy/clav","J01C","7","0","0"
"LTU","2016","H. influenzae","Amoxy/clav","J01C","14","0","0"
"LTU","2017","H. influenzae","Amoxy/clav","J01C","15","0","0"
"LTU","2018","H. influenzae","Amoxy/clav","J01C","19","0","0"
"MYS","2008","H. influenzae","Amoxy/clav","J01C","5","0","0"
"MYS","2009","H. influenzae","Amoxy/clav","J01C","8","0","0"
"MYS","2010","H. influenzae","Amoxy/clav","J01C","13","0","0"
"MYS","2013","H. influenzae","Amoxy/clav","J01C","4","0","0"
"MYS","2014","H. influenzae","Amoxy/clav","J01C","4","0","0"
"MYS","2015","H. influenzae","Amoxy/clav","J01C","17","0","0"
"MYS","2016","H. influenzae","Amoxy/clav","J01C","2","0","0"
"MYS","2018","H. influenzae","Amoxy/clav","J01C","4","0","0"
"MUS","2009","H. influenzae","Amoxy/clav","J01C","1","0","0"
"MEX","2005","H. influenzae","Amoxy/clav","J01C","7","1","14.29"
"MEX","2006","H. influenzae","Amoxy/clav","J01C","59","1","1.69"
"MEX","2007","H. influenzae","Amoxy/clav","J01C","65","1","1.54"
"MEX","2008","H. influenzae","Amoxy/clav","J01C","30","2","6.67"
"MEX","2009","H. influenzae","Amoxy/clav","J01C","37","0","0"
"MEX","2010","H. influenzae","Amoxy/clav","J01C","30","0","0"
"MEX","2012","H. influenzae","Amoxy/clav","J01C","2","0","0"
"MEX","2013","H. influenzae","Amoxy/clav","J01C","4","0","0"
"MEX","2014","H. influenzae","Amoxy/clav","J01C","9","0","0"
"MEX","2015","H. influenzae","Amoxy/clav","J01C","14","0","0"
"MEX","2016","H. influenzae","Amoxy/clav","J01C","8","0","0"
"MEX","2017","H. influenzae","Amoxy/clav","J01C","18","0","0"
"MEX","2018","H. influenzae","Amoxy/clav","J01C","17","1","5.88"
"MAR","2011","H. influenzae","Amoxy/clav","J01C","4","0","0"
"MAR","2012","H. influenzae","Amoxy/clav","J01C","27","0","0"
"MAR","2013","H. influenzae","Amoxy/clav","J01C","14","0","0"
"MAR","2015","H. influenzae","Amoxy/clav","J01C","12","0","0"
"MAR","2016","H. influenzae","Amoxy/clav","J01C","12","0","0"
"MAR","2017","H. influenzae","Amoxy/clav","J01C","7","0","0"
"MAR","2018","H. influenzae","Amoxy/clav","J01C","12","0","0"
"NLD","2004","H. influenzae","Amoxy/clav","J01C","14","0","0"
"NLD","2006","H. influenzae","Amoxy/clav","J01C","14","0","0"
"NLD","2008","H. influenzae","Amoxy/clav","J01C","23","0","0"
"NLD","2009","H. influenzae","Amoxy/clav","J01C","20","0","0"
"NLD","2010","H. influenzae","Amoxy/clav","J01C","15","0","0"
"NLD","2011","H. influenzae","Amoxy/clav","J01C","14","0","0"
"NLD","2012","H. influenzae","Amoxy/clav","J01C","19","0","0"
"NLD","2013","H. influenzae","Amoxy/clav","J01C","22","0","0"
"NLD","2014","H. influenzae","Amoxy/clav","J01C","19","0","0"
"NLD","2015","H. influenzae","Amoxy/clav","J01C","30","0","0"
"NLD","2016","H. influenzae","Amoxy/clav","J01C","32","0","0"
"NLD","2017","H. influenzae","Amoxy/clav","J01C","32","0","0"
"NLD","2018","H. influenzae","Amoxy/clav","J01C","20","1","5"
"NOR","2006","H. influenzae","Amoxy/clav","J01C","12","0","0"
"OMN","2007","H. influenzae","Amoxy/clav","J01C","15","0","0"
"PAK","2004","H. influenzae","Amoxy/clav","J01C","8","0","0"
"PAK","2005","H. influenzae","Amoxy/clav","J01C","7","0","0"
"PAK","2006","H. influenzae","Amoxy/clav","J01C","14","0","0"
"PAK","2015","H. influenzae","Amoxy/clav","J01C","15","0","0"
"PAK","2016","H. influenzae","Amoxy/clav","J01C","10","0","0"
"PAK","2017","H. influenzae","Amoxy/clav","J01C","7","0","0"
"PAN","2008","H. influenzae","Amoxy/clav","J01C","13","0","0"
"PAN","2009","H. influenzae","Amoxy/clav","J01C","13","0","0"
"PAN","2012","H. influenzae","Amoxy/clav","J01C","11","0","0"
"PAN","2013","H. influenzae","Amoxy/clav","J01C","14","0","0"
"PAN","2014","H. influenzae","Amoxy/clav","J01C","17","0","0"
"PAN","2015","H. influenzae","Amoxy/clav","J01C","13","0","0"
"PAN","2016","H. influenzae","Amoxy/clav","J01C","8","0","0"
"PAN","2017","H. influenzae","Amoxy/clav","J01C","4","0","0"
"PAN","2018","H. influenzae","Amoxy/clav","J01C","7","0","0"
"PHL","2004","H. influenzae","Amoxy/clav","J01C","15","0","0"
"PHL","2007","H. influenzae","Amoxy/clav","J01C","1","0","0"
"PHL","2008","H. influenzae","Amoxy/clav","J01C","6","0","0"
"PHL","2012","H. influenzae","Amoxy/clav","J01C","7","0","0"
"PHL","2013","H. influenzae","Amoxy/clav","J01C","9","0","0"
"PHL","2014","H. influenzae","Amoxy/clav","J01C","11","0","0"
"PHL","2015","H. influenzae","Amoxy/clav","J01C","21","0","0"
"PHL","2016","H. influenzae","Amoxy/clav","J01C","25","0","0"
"PHL","2017","H. influenzae","Amoxy/clav","J01C","19","2","10.53"
"PHL","2018","H. influenzae","Amoxy/clav","J01C","6","0","0"
"POL","2004","H. influenzae","Amoxy/clav","J01C","15","0","0"
"POL","2008","H. influenzae","Amoxy/clav","J01C","12","0","0"
"POL","2009","H. influenzae","Amoxy/clav","J01C","37","0","0"
"POL","2010","H. influenzae","Amoxy/clav","J01C","27","0","0"
"POL","2013","H. influenzae","Amoxy/clav","J01C","24","0","0"
"POL","2014","H. influenzae","Amoxy/clav","J01C","25","0","0"
"POL","2015","H. influenzae","Amoxy/clav","J01C","15","0","0"
"POL","2016","H. influenzae","Amoxy/clav","J01C","13","0","0"
"POL","2017","H. influenzae","Amoxy/clav","J01C","37","0","0"
"POL","2018","H. influenzae","Amoxy/clav","J01C","21","0","0"
"PRT","2004","H. influenzae","Amoxy/clav","J01C","14","0","0"
"PRT","2008","H. influenzae","Amoxy/clav","J01C","16","0","0"
"PRT","2009","H. influenzae","Amoxy/clav","J01C","27","0","0"
"PRT","2010","H. influenzae","Amoxy/clav","J01C","28","0","0"
"PRT","2011","H. influenzae","Amoxy/clav","J01C","37","3","8.11"
"PRT","2012","H. influenzae","Amoxy/clav","J01C","66","0","0"
"PRT","2013","H. influenzae","Amoxy/clav","J01C","72","0","0"
"PRT","2014","H. influenzae","Amoxy/clav","J01C","82","1","1.22"
"PRT","2015","H. influenzae","Amoxy/clav","J01C","67","1","1.49"
"PRT","2016","H. influenzae","Amoxy/clav","J01C","61","0","0"
"PRT","2017","H. influenzae","Amoxy/clav","J01C","48","1","2.08"
"PRT","2018","H. influenzae","Amoxy/clav","J01C","42","0","0"
"ROU","2008","H. influenzae","Amoxy/clav","J01C","10","0","0"
"ROU","2009","H. influenzae","Amoxy/clav","J01C","2","0","0"
"ROU","2010","H. influenzae","Amoxy/clav","J01C","6","0","0"
"ROU","2011","H. influenzae","Amoxy/clav","J01C","5","0","0"
"ROU","2012","H. influenzae","Amoxy/clav","J01C","2","0","0"
"ROU","2013","H. influenzae","Amoxy/clav","J01C","9","0","0"
"ROU","2015","H. influenzae","Amoxy/clav","J01C","8","1","12.5"
"ROU","2016","H. influenzae","Amoxy/clav","J01C","3","0","0"
"ROU","2018","H. influenzae","Amoxy/clav","J01C","15","0","0"
"RUS","2013","H. influenzae","Amoxy/clav","J01C","4","0","0"
"RUS","2014","H. influenzae","Amoxy/clav","J01C","18","0","0"
"RUS","2015","H. influenzae","Amoxy/clav","J01C","6","0","0"
"RUS","2016","H. influenzae","Amoxy/clav","J01C","5","0","0"
"RUS","2017","H. influenzae","Amoxy/clav","J01C","11","2","18.18"
"RUS","2018","H. influenzae","Amoxy/clav","J01C","5","0","0"
"SAU","2009","H. influenzae","Amoxy/clav","J01C","14","0","0"
"SAU","2011","H. influenzae","Amoxy/clav","J01C","14","0","0"
"SAU","2012","H. influenzae","Amoxy/clav","J01C","23","0","0"
"SAU","2013","H. influenzae","Amoxy/clav","J01C","7","0","0"
"SAU","2016","H. influenzae","Amoxy/clav","J01C","13","0","0"
"SAU","2018","H. influenzae","Amoxy/clav","J01C","9","0","0"
"SRB","2017","H. influenzae","Amoxy/clav","J01C","15","0","0"
"SGP","2004","H. influenzae","Amoxy/clav","J01C","15","0","0"
"SGP","2005","H. influenzae","Amoxy/clav","J01C","10","0","0"
"SGP","2006","H. influenzae","Amoxy/clav","J01C","13","0","0"
"SGP","2007","H. influenzae","Amoxy/clav","J01C","35","0","0"
"SGP","2008","H. influenzae","Amoxy/clav","J01C","8","0","0"
"SGP","2009","H. influenzae","Amoxy/clav","J01C","13","0","0"
"SGP","2010","H. influenzae","Amoxy/clav","J01C","11","0","0"
"SGP","2011","H. influenzae","Amoxy/clav","J01C","1","0","0"
"SGP","2014","H. influenzae","Amoxy/clav","J01C","2","0","0"
"SGP","2015","H. influenzae","Amoxy/clav","J01C","13","0","0"
"SGP","2018","H. influenzae","Amoxy/clav","J01C","10","0","0"
"SVK","2007","H. influenzae","Amoxy/clav","J01C","30","0","0"
"SVK","2008","H. influenzae","Amoxy/clav","J01C","3","0","0"
"SVK","2009","H. influenzae","Amoxy/clav","J01C","27","0","0"
"SVK","2011","H. influenzae","Amoxy/clav","J01C","10","0","0"
"SVN","2006","H. influenzae","Amoxy/clav","J01C","15","0","0"
"SVN","2007","H. influenzae","Amoxy/clav","J01C","19","0","0"
"SVN","2008","H. influenzae","Amoxy/clav","J01C","37","1","2.7"
"SVN","2009","H. influenzae","Amoxy/clav","J01C","22","0","0"
"SVN","2010","H. influenzae","Amoxy/clav","J01C","8","0","0"
"ZAF","2005","H. influenzae","Amoxy/clav","J01C","31","0","0"
"ZAF","2006","H. influenzae","Amoxy/clav","J01C","55","0","0"
"ZAF","2007","H. influenzae","Amoxy/clav","J01C","69","0","0"
"ZAF","2008","H. influenzae","Amoxy/clav","J01C","5","0","0"
"ZAF","2009","H. influenzae","Amoxy/clav","J01C","10","0","0"
"ZAF","2011","H. influenzae","Amoxy/clav","J01C","14","0","0"
"ZAF","2012","H. influenzae","Amoxy/clav","J01C","6","0","0"
"ZAF","2013","H. influenzae","Amoxy/clav","J01C","22","0","0"
"ZAF","2014","H. influenzae","Amoxy/clav","J01C","12","0","0"
"ZAF","2015","H. influenzae","Amoxy/clav","J01C","28","0","0"
"ZAF","2016","H. influenzae","Amoxy/clav","J01C","43","0","0"
"ZAF","2017","H. influenzae","Amoxy/clav","J01C","51","0","0"
"ZAF","2018","H. influenzae","Amoxy/clav","J01C","31","0","0"
"ESP","2004","H. influenzae","Amoxy/clav","J01C","60","0","0"
"ESP","2005","H. influenzae","Amoxy/clav","J01C","59","0","0"
"ESP","2006","H. influenzae","Amoxy/clav","J01C","2","0","0"
"ESP","2007","H. influenzae","Amoxy/clav","J01C","82","0","0"
"ESP","2008","H. influenzae","Amoxy/clav","J01C","227","1","0.44"
"ESP","2009","H. influenzae","Amoxy/clav","J01C","182","0","0"
"ESP","2010","H. influenzae","Amoxy/clav","J01C","123","0","0"
"ESP","2011","H. influenzae","Amoxy/clav","J01C","208","1","0.48"
"ESP","2012","H. influenzae","Amoxy/clav","J01C","199","0","0"
"ESP","2013","H. influenzae","Amoxy/clav","J01C","306","1","0.33"
"ESP","2014","H. influenzae","Amoxy/clav","J01C","232","0","0"
"ESP","2015","H. influenzae","Amoxy/clav","J01C","247","1","0.4"
"ESP","2016","H. influenzae","Amoxy/clav","J01C","231","1","0.43"
"ESP","2017","H. influenzae","Amoxy/clav","J01C","225","0","0"
"ESP","2018","H. influenzae","Amoxy/clav","J01C","106","1","0.94"
"SWE","2005","H. influenzae","Amoxy/clav","J01C","12","0","0"
"SWE","2006","H. influenzae","Amoxy/clav","J01C","32","0","0"
"SWE","2007","H. influenzae","Amoxy/clav","J01C","43","1","2.33"
"SWE","2008","H. influenzae","Amoxy/clav","J01C","27","0","0"
"SWE","2009","H. influenzae","Amoxy/clav","J01C","40","1","2.5"
"SWE","2010","H. influenzae","Amoxy/clav","J01C","32","0","0"
"SWE","2011","H. influenzae","Amoxy/clav","J01C","41","0","0"
"SWE","2012","H. influenzae","Amoxy/clav","J01C","23","0","0"
"SWE","2013","H. influenzae","Amoxy/clav","J01C","26","0","0"
"SWE","2014","H. influenzae","Amoxy/clav","J01C","17","0","0"
"SWE","2017","H. influenzae","Amoxy/clav","J01C","9","2","22.22"
"SWE","2018","H. influenzae","Amoxy/clav","J01C","9","0","0"
"CHE","2004","H. influenzae","Amoxy/clav","J01C","7","0","0"
"CHE","2006","H. influenzae","Amoxy/clav","J01C","15","0","0"
"CHE","2008","H. influenzae","Amoxy/clav","J01C","20","0","0"
"CHE","2009","H. influenzae","Amoxy/clav","J01C","13","0","0"
"CHE","2010","H. influenzae","Amoxy/clav","J01C","11","0","0"
"CHE","2011","H. influenzae","Amoxy/clav","J01C","7","0","0"
"CHE","2012","H. influenzae","Amoxy/clav","J01C","36","0","0"
"CHE","2013","H. influenzae","Amoxy/clav","J01C","53","0","0"
"CHE","2014","H. influenzae","Amoxy/clav","J01C","32","0","0"
"CHE","2015","H. influenzae","Amoxy/clav","J01C","23","0","0"
"CHE","2016","H. influenzae","Amoxy/clav","J01C","30","0","0"
"CHE","2017","H. influenzae","Amoxy/clav","J01C","18","0","0"
"CHE","2018","H. influenzae","Amoxy/clav","J01C","19","0","0"
"TWN","2006","H. influenzae","Amoxy/clav","J01C","57","0","0"
"TWN","2007","H. influenzae","Amoxy/clav","J01C","38","2","5.26"
"TWN","2008","H. influenzae","Amoxy/clav","J01C","5","0","0"
"TWN","2009","H. influenzae","Amoxy/clav","J01C","11","0","0"
"TWN","2012","H. influenzae","Amoxy/clav","J01C","1","0","0"
"TWN","2013","H. influenzae","Amoxy/clav","J01C","3","0","0"
"TWN","2014","H. influenzae","Amoxy/clav","J01C","12","0","0"
"TWN","2015","H. influenzae","Amoxy/clav","J01C","31","0","0"
"TWN","2016","H. influenzae","Amoxy/clav","J01C","46","2","4.35"
"TWN","2017","H. influenzae","Amoxy/clav","J01C","39","2","5.13"
"TWN","2018","H. influenzae","Amoxy/clav","J01C","26","2","7.69"
"THA","2008","H. influenzae","Amoxy/clav","J01C","29","0","0"
"THA","2010","H. influenzae","Amoxy/clav","J01C","7","0","0"
"THA","2012","H. influenzae","Amoxy/clav","J01C","2","0","0"
"THA","2013","H. influenzae","Amoxy/clav","J01C","8","0","0"
"THA","2014","H. influenzae","Amoxy/clav","J01C","11","0","0"
"THA","2015","H. influenzae","Amoxy/clav","J01C","29","0","0"
"THA","2016","H. influenzae","Amoxy/clav","J01C","24","0","0"
"THA","2017","H. influenzae","Amoxy/clav","J01C","42","3","7.14"
"THA","2018","H. influenzae","Amoxy/clav","J01C","21","0","0"
"TUN","2011","H. influenzae","Amoxy/clav","J01C","16","0","0"
"TUN","2012","H. influenzae","Amoxy/clav","J01C","17","0","0"
"TUN","2013","H. influenzae","Amoxy/clav","J01C","13","0","0"
"TUR","2004","H. influenzae","Amoxy/clav","J01C","5","0","0"
"TUR","2005","H. influenzae","Amoxy/clav","J01C","16","0","0"
"TUR","2008","H. influenzae","Amoxy/clav","J01C","11","0","0"
"TUR","2012","H. influenzae","Amoxy/clav","J01C","4","0","0"
"TUR","2013","H. influenzae","Amoxy/clav","J01C","2","0","0"
"TUR","2014","H. influenzae","Amoxy/clav","J01C","7","1","14.29"
"TUR","2015","H. influenzae","Amoxy/clav","J01C","10","0","0"
"TUR","2016","H. influenzae","Amoxy/clav","J01C","14","0","0"
"TUR","2017","H. influenzae","Amoxy/clav","J01C","12","0","0"
"TUR","2018","H. influenzae","Amoxy/clav","J01C","4","0","0"
"UKR","2018","H. influenzae","Amoxy/clav","J01C","11","0","0"
"GBR","2004","H. influenzae","Amoxy/clav","J01C","65","0","0"
"GBR","2007","H. influenzae","Amoxy/clav","J01C","15","0","0"
"GBR","2008","H. influenzae","Amoxy/clav","J01C","6","0","0"
"GBR","2009","H. influenzae","Amoxy/clav","J01C","16","0","0"
"GBR","2010","H. influenzae","Amoxy/clav","J01C","28","0","0"
"GBR","2011","H. influenzae","Amoxy/clav","J01C","27","0","0"
"GBR","2012","H. influenzae","Amoxy/clav","J01C","17","0","0"
"GBR","2013","H. influenzae","Amoxy/clav","J01C","52","0","0"
"GBR","2014","H. influenzae","Amoxy/clav","J01C","41","0","0"
"GBR","2015","H. influenzae","Amoxy/clav","J01C","50","0","0"
"GBR","2016","H. influenzae","Amoxy/clav","J01C","71","0","0"
"GBR","2017","H. influenzae","Amoxy/clav","J01C","64","0","0"
"GBR","2018","H. influenzae","Amoxy/clav","J01C","46","0","0"
"USA","2004","H. influenzae","Amoxy/clav","J01C","810","1","0.12"
"USA","2005","H. influenzae","Amoxy/clav","J01C","801","0","0"
"USA","2006","H. influenzae","Amoxy/clav","J01C","852","4","0.47"
"USA","2007","H. influenzae","Amoxy/clav","J01C","996","3","0.3"
"USA","2008","H. influenzae","Amoxy/clav","J01C","336","0","0"
"USA","2009","H. influenzae","Amoxy/clav","J01C","403","0","0"
"USA","2010","H. influenzae","Amoxy/clav","J01C","307","0","0"
"USA","2011","H. influenzae","Amoxy/clav","J01C","378","0","0"
"USA","2012","H. influenzae","Amoxy/clav","J01C","384","1","0.26"
"USA","2013","H. influenzae","Amoxy/clav","J01C","488","0","0"
"USA","2014","H. influenzae","Amoxy/clav","J01C","323","1","0.31"
"USA","2015","H. influenzae","Amoxy/clav","J01C","328","0","0"
"USA","2016","H. influenzae","Amoxy/clav","J01C","322","1","0.31"
"USA","2017","H. influenzae","Amoxy/clav","J01C","117","0","0"
"USA","2018","H. influenzae","Amoxy/clav","J01C","189","0","0"
"VEN","2006","H. influenzae","Amoxy/clav","J01C","11","0","0"
"VEN","2007","H. influenzae","Amoxy/clav","J01C","24","0","0"
"VEN","2008","H. influenzae","Amoxy/clav","J01C","6","0","0"
"VEN","2009","H. influenzae","Amoxy/clav","J01C","26","0","0"
"VEN","2010","H. influenzae","Amoxy/clav","J01C","1","0","0"
"VEN","2011","H. influenzae","Amoxy/clav","J01C","15","0","0"
"VEN","2012","H. influenzae","Amoxy/clav","J01C","3","0","0"
"VEN","2013","H. influenzae","Amoxy/clav","J01C","6","0","0"
"VEN","2014","H. influenzae","Amoxy/clav","J01C","4","0","0"
"VEN","2015","H. influenzae","Amoxy/clav","J01C","16","0","0"
"VEN","2016","H. influenzae","Amoxy/clav","J01C","17","0","0"
"VEN","2017","H. influenzae","Amoxy/clav","J01C","3","0","0"
"VEN","2018","H. influenzae","Amoxy/clav","J01C","4","0","0"
"VNM","2016","H. influenzae","Amoxy/clav","J01C","8","0","0"
"ARG","2004","H. influenzae","Ampicillin","J01C","20","7","35"
"ARG","2005","H. influenzae","Ampicillin","J01C","93","10","10.75"
"ARG","2006","H. influenzae","Ampicillin","J01C","28","4","14.29"
"ARG","2007","H. influenzae","Ampicillin","J01C","90","17","18.89"
"ARG","2008","H. influenzae","Ampicillin","J01C","89","30","33.71"
"ARG","2009","H. influenzae","Ampicillin","J01C","78","16","20.51"
"ARG","2010","H. influenzae","Ampicillin","J01C","60","15","25"
"ARG","2011","H. influenzae","Ampicillin","J01C","7","3","42.86"
"ARG","2012","H. influenzae","Ampicillin","J01C","6","2","33.33"
"ARG","2013","H. influenzae","Ampicillin","J01C","9","3","33.33"
"ARG","2014","H. influenzae","Ampicillin","J01C","9","1","11.11"
"ARG","2015","H. influenzae","Ampicillin","J01C","24","2","8.33"
"ARG","2016","H. influenzae","Ampicillin","J01C","17","3","17.65"
"ARG","2017","H. influenzae","Ampicillin","J01C","31","4","12.9"
"ARG","2018","H. influenzae","Ampicillin","J01C","8","2","25"
"AUS","2004","H. influenzae","Ampicillin","J01C","14","0","0"
"AUS","2005","H. influenzae","Ampicillin","J01C","15","3","20"
"AUS","2006","H. influenzae","Ampicillin","J01C","48","14","29.17"
"AUS","2007","H. influenzae","Ampicillin","J01C","67","11","16.42"
"AUS","2008","H. influenzae","Ampicillin","J01C","40","7","17.5"
"AUS","2009","H. influenzae","Ampicillin","J01C","35","10","28.57"
"AUS","2010","H. influenzae","Ampicillin","J01C","29","13","44.83"
"AUS","2012","H. influenzae","Ampicillin","J01C","12","4","33.33"
"AUS","2013","H. influenzae","Ampicillin","J01C","10","3","30"
"AUS","2014","H. influenzae","Ampicillin","J01C","17","3","17.65"
"AUS","2015","H. influenzae","Ampicillin","J01C","27","12","44.44"
"AUS","2016","H. influenzae","Ampicillin","J01C","39","10","25.64"
"AUS","2017","H. influenzae","Ampicillin","J01C","38","9","23.68"
"AUS","2018","H. influenzae","Ampicillin","J01C","38","6","15.79"
"AUT","2004","H. influenzae","Ampicillin","J01C","15","1","6.67"
"AUT","2006","H. influenzae","Ampicillin","J01C","10","1","10"
"AUT","2008","H. influenzae","Ampicillin","J01C","15","0","0"
"AUT","2009","H. influenzae","Ampicillin","J01C","39","2","5.13"
"AUT","2010","H. influenzae","Ampicillin","J01C","9","0","0"
"AUT","2011","H. influenzae","Ampicillin","J01C","26","2","7.69"
"AUT","2012","H. influenzae","Ampicillin","J01C","9","2","22.22"
"AUT","2013","H. influenzae","Ampicillin","J01C","9","2","22.22"
"AUT","2014","H. influenzae","Ampicillin","J01C","11","0","0"
"AUT","2015","H. influenzae","Ampicillin","J01C","8","0","0"
"AUT","2016","H. influenzae","Ampicillin","J01C","23","2","8.7"
"BEL","2004","H. influenzae","Ampicillin","J01C","15","1","6.67"
"BEL","2005","H. influenzae","Ampicillin","J01C","22","2","9.09"
"BEL","2006","H. influenzae","Ampicillin","J01C","30","2","6.67"
"BEL","2007","H. influenzae","Ampicillin","J01C","59","7","11.86"
"BEL","2008","H. influenzae","Ampicillin","J01C","33","5","15.15"
"BEL","2009","H. influenzae","Ampicillin","J01C","62","10","16.13"
"BEL","2010","H. influenzae","Ampicillin","J01C","46","6","13.04"
"BEL","2011","H. influenzae","Ampicillin","J01C","51","14","27.45"
"BEL","2012","H. influenzae","Ampicillin","J01C","40","4","10"
"BEL","2013","H. influenzae","Ampicillin","J01C","112","41","36.61"
"BEL","2014","H. influenzae","Ampicillin","J01C","115","29","25.22"
"BEL","2015","H. influenzae","Ampicillin","J01C","115","24","20.87"
"BEL","2016","H. influenzae","Ampicillin","J01C","125","19","15.2"
"BEL","2017","H. influenzae","Ampicillin","J01C","91","16","17.58"
"BEL","2018","H. influenzae","Ampicillin","J01C","48","4","8.33"
"BRA","2004","H. influenzae","Ampicillin","J01C","12","1","8.33"
"BRA","2005","H. influenzae","Ampicillin","J01C","15","3","20"
"BRA","2006","H. influenzae","Ampicillin","J01C","3","0","0"
"BRA","2007","H. influenzae","Ampicillin","J01C","30","4","13.33"
"BRA","2008","H. influenzae","Ampicillin","J01C","15","4","26.67"
"BRA","2009","H. influenzae","Ampicillin","J01C","15","3","20"
"BRA","2014","H. influenzae","Ampicillin","J01C","2","1","50"
"BRA","2015","H. influenzae","Ampicillin","J01C","6","2","33.33"
"BRA","2016","H. influenzae","Ampicillin","J01C","17","2","11.76"
"BRA","2017","H. influenzae","Ampicillin","J01C","20","7","35"
"BRA","2018","H. influenzae","Ampicillin","J01C","18","1","5.56"
"BGR","2008","H. influenzae","Ampicillin","J01C","3","0","0"
"BGR","2009","H. influenzae","Ampicillin","J01C","22","2","9.09"
"BGR","2010","H. influenzae","Ampicillin","J01C","27","2","7.41"
"BGR","2011","H. influenzae","Ampicillin","J01C","11","2","18.18"
"CAN","2004","H. influenzae","Ampicillin","J01C","19","4","21.05"
"CAN","2005","H. influenzae","Ampicillin","J01C","40","7","17.5"
"CAN","2006","H. influenzae","Ampicillin","J01C","55","9","16.36"
"CAN","2007","H. influenzae","Ampicillin","J01C","69","15","21.74"
"CAN","2008","H. influenzae","Ampicillin","J01C","56","6","10.71"
"CAN","2009","H. influenzae","Ampicillin","J01C","76","17","22.37"
"CAN","2010","H. influenzae","Ampicillin","J01C","65","20","30.77"
"CAN","2011","H. influenzae","Ampicillin","J01C","38","9","23.68"
"CAN","2012","H. influenzae","Ampicillin","J01C","109","25","22.94"
"CAN","2013","H. influenzae","Ampicillin","J01C","96","21","21.88"
"CAN","2014","H. influenzae","Ampicillin","J01C","77","18","23.38"
"CAN","2015","H. influenzae","Ampicillin","J01C","78","19","24.36"
"CAN","2016","H. influenzae","Ampicillin","J01C","83","16","19.28"
"CAN","2017","H. influenzae","Ampicillin","J01C","69","11","15.94"
"CAN","2018","H. influenzae","Ampicillin","J01C","78","16","20.51"
"CHL","2005","H. influenzae","Ampicillin","J01C","12","0","0"
"CHL","2006","H. influenzae","Ampicillin","J01C","3","0","0"
"CHL","2007","H. influenzae","Ampicillin","J01C","39","9","23.08"
"CHL","2008","H. influenzae","Ampicillin","J01C","16","3","18.75"
"CHL","2009","H. influenzae","Ampicillin","J01C","11","4","36.36"
"CHL","2012","H. influenzae","Ampicillin","J01C","3","0","0"
"CHL","2013","H. influenzae","Ampicillin","J01C","18","2","11.11"
"CHL","2014","H. influenzae","Ampicillin","J01C","27","10","37.04"
"CHL","2015","H. influenzae","Ampicillin","J01C","29","7","24.14"
"CHL","2016","H. influenzae","Ampicillin","J01C","34","10","29.41"
"CHL","2017","H. influenzae","Ampicillin","J01C","28","8","28.57"
"CHL","2018","H. influenzae","Ampicillin","J01C","20","3","15"
"CHN","2004","H. influenzae","Ampicillin","J01C","15","0","0"
"CHN","2005","H. influenzae","Ampicillin","J01C","15","0","0"
"CHN","2006","H. influenzae","Ampicillin","J01C","14","0","0"
"CHN","2008","H. influenzae","Ampicillin","J01C","18","4","22.22"
"CHN","2009","H. influenzae","Ampicillin","J01C","33","1","3.03"
"CHN","2010","H. influenzae","Ampicillin","J01C","35","9","25.71"
"CHN","2012","H. influenzae","Ampicillin","J01C","10","2","20"
"CHN","2013","H. influenzae","Ampicillin","J01C","10","3","30"
"CHN","2015","H. influenzae","Ampicillin","J01C","80","19","23.75"
"CHN","2016","H. influenzae","Ampicillin","J01C","77","43","55.84"
"COL","2006","H. influenzae","Ampicillin","J01C","15","0","0"
"COL","2007","H. influenzae","Ampicillin","J01C","4","0","0"
"COL","2008","H. influenzae","Ampicillin","J01C","42","1","2.38"
"COL","2009","H. influenzae","Ampicillin","J01C","30","2","6.67"
"COL","2011","H. influenzae","Ampicillin","J01C","49","1","2.04"
"COL","2013","H. influenzae","Ampicillin","J01C","15","2","13.33"
"COL","2014","H. influenzae","Ampicillin","J01C","12","4","33.33"
"COL","2015","H. influenzae","Ampicillin","J01C","12","0","0"
"COL","2016","H. influenzae","Ampicillin","J01C","4","1","25"
"COL","2018","H. influenzae","Ampicillin","J01C","27","3","11.11"
"CRI","2018","H. influenzae","Ampicillin","J01C","3","0","0"
"HRV","2006","H. influenzae","Ampicillin","J01C","11","0","0"
"HRV","2007","H. influenzae","Ampicillin","J01C","24","2","8.33"
"HRV","2008","H. influenzae","Ampicillin","J01C","23","0","0"
"HRV","2009","H. influenzae","Ampicillin","J01C","19","4","21.05"
"HRV","2010","H. influenzae","Ampicillin","J01C","14","4","28.57"
"HRV","2013","H. influenzae","Ampicillin","J01C","14","2","14.29"
"HRV","2014","H. influenzae","Ampicillin","J01C","14","3","21.43"
"HRV","2015","H. influenzae","Ampicillin","J01C","15","1","6.67"
"HRV","2016","H. influenzae","Ampicillin","J01C","16","3","18.75"
"HRV","2017","H. influenzae","Ampicillin","J01C","13","2","15.38"
"HRV","2018","H. influenzae","Ampicillin","J01C","20","0","0"
"CZE","2006","H. influenzae","Ampicillin","J01C","15","1","6.67"
"CZE","2007","H. influenzae","Ampicillin","J01C","21","1","4.76"
"CZE","2008","H. influenzae","Ampicillin","J01C","7","0","0"
"CZE","2009","H. influenzae","Ampicillin","J01C","14","2","14.29"
"CZE","2010","H. influenzae","Ampicillin","J01C","12","1","8.33"
"CZE","2011","H. influenzae","Ampicillin","J01C","10","0","0"
"CZE","2013","H. influenzae","Ampicillin","J01C","4","0","0"
"CZE","2014","H. influenzae","Ampicillin","J01C","21","4","19.05"
"CZE","2015","H. influenzae","Ampicillin","J01C","30","3","10"
"CZE","2016","H. influenzae","Ampicillin","J01C","61","16","26.23"
"CZE","2017","H. influenzae","Ampicillin","J01C","67","13","19.4"
"CZE","2018","H. influenzae","Ampicillin","J01C","24","2","8.33"
"DNK","2006","H. influenzae","Ampicillin","J01C","30","8","26.67"
"DNK","2007","H. influenzae","Ampicillin","J01C","59","6","10.17"
"DNK","2008","H. influenzae","Ampicillin","J01C","22","3","13.64"
"DNK","2009","H. influenzae","Ampicillin","J01C","23","3","13.04"
"DNK","2010","H. influenzae","Ampicillin","J01C","17","6","35.29"
"DNK","2011","H. influenzae","Ampicillin","J01C","15","3","20"
"DNK","2012","H. influenzae","Ampicillin","J01C","4","0","0"
"DNK","2013","H. influenzae","Ampicillin","J01C","16","1","6.25"
"DNK","2014","H. influenzae","Ampicillin","J01C","42","6","14.29"
"DNK","2015","H. influenzae","Ampicillin","J01C","27","3","11.11"
"DNK","2016","H. influenzae","Ampicillin","J01C","23","6","26.09"
"DNK","2017","H. influenzae","Ampicillin","J01C","8","6","75"
"DNK","2018","H. influenzae","Ampicillin","J01C","10","3","30"
"DOM","2018","H. influenzae","Ampicillin","J01C","7","0","0"
"FIN","2006","H. influenzae","Ampicillin","J01C","15","1","6.67"
"FIN","2007","H. influenzae","Ampicillin","J01C","10","5","50"
"FIN","2008","H. influenzae","Ampicillin","J01C","16","6","37.5"
"FIN","2010","H. influenzae","Ampicillin","J01C","12","3","25"
"FIN","2011","H. influenzae","Ampicillin","J01C","15","5","33.33"
"FIN","2013","H. influenzae","Ampicillin","J01C","14","4","28.57"
"FIN","2014","H. influenzae","Ampicillin","J01C","30","3","10"
"FIN","2015","H. influenzae","Ampicillin","J01C","1","0","0"
"FIN","2016","H. influenzae","Ampicillin","J01C","15","1","6.67"
"FIN","2018","H. influenzae","Ampicillin","J01C","2","0","0"
"FRA","2004","H. influenzae","Ampicillin","J01C","56","13","23.21"
"FRA","2005","H. influenzae","Ampicillin","J01C","29","5","17.24"
"FRA","2006","H. influenzae","Ampicillin","J01C","78","15","19.23"
"FRA","2007","H. influenzae","Ampicillin","J01C","166","28","16.87"
"FRA","2008","H. influenzae","Ampicillin","J01C","256","50","19.53"
"FRA","2009","H. influenzae","Ampicillin","J01C","225","54","24"
"FRA","2010","H. influenzae","Ampicillin","J01C","166","33","19.88"
"FRA","2011","H. influenzae","Ampicillin","J01C","174","41","23.56"
"FRA","2012","H. influenzae","Ampicillin","J01C","149","27","18.12"
"FRA","2013","H. influenzae","Ampicillin","J01C","171","41","23.98"
"FRA","2014","H. influenzae","Ampicillin","J01C","167","35","20.96"
"FRA","2015","H. influenzae","Ampicillin","J01C","184","47","25.54"
"FRA","2016","H. influenzae","Ampicillin","J01C","182","51","28.02"
"FRA","2017","H. influenzae","Ampicillin","J01C","175","44","25.14"
"FRA","2018","H. influenzae","Ampicillin","J01C","99","22","22.22"
"DEU","2004","H. influenzae","Ampicillin","J01C","74","6","8.11"
"DEU","2005","H. influenzae","Ampicillin","J01C","15","2","13.33"
"DEU","2006","H. influenzae","Ampicillin","J01C","59","4","6.78"
"DEU","2007","H. influenzae","Ampicillin","J01C","89","4","4.49"
"DEU","2008","H. influenzae","Ampicillin","J01C","110","8","7.27"
"DEU","2009","H. influenzae","Ampicillin","J01C","169","12","7.1"
"DEU","2010","H. influenzae","Ampicillin","J01C","136","15","11.03"
"DEU","2011","H. influenzae","Ampicillin","J01C","171","17","9.94"
"DEU","2012","H. influenzae","Ampicillin","J01C","114","14","12.28"
"DEU","2013","H. influenzae","Ampicillin","J01C","214","22","10.28"
"DEU","2014","H. influenzae","Ampicillin","J01C","193","26","13.47"
"DEU","2015","H. influenzae","Ampicillin","J01C","162","22","13.58"
"DEU","2016","H. influenzae","Ampicillin","J01C","165","22","13.33"
"DEU","2017","H. influenzae","Ampicillin","J01C","194","26","13.4"
"DEU","2018","H. influenzae","Ampicillin","J01C","84","7","8.33"
"GRC","2004","H. influenzae","Ampicillin","J01C","13","3","23.08"
"GRC","2005","H. influenzae","Ampicillin","J01C","2","1","50"
"GRC","2006","H. influenzae","Ampicillin","J01C","59","5","8.47"
"GRC","2007","H. influenzae","Ampicillin","J01C","14","0","0"
"GRC","2008","H. influenzae","Ampicillin","J01C","11","0","0"
"GRC","2009","H. influenzae","Ampicillin","J01C","10","0","0"
"GRC","2010","H. influenzae","Ampicillin","J01C","8","0","0"
"GRC","2011","H. influenzae","Ampicillin","J01C","6","1","16.67"
"GRC","2012","H. influenzae","Ampicillin","J01C","2","0","0"
"GRC","2013","H. influenzae","Ampicillin","J01C","8","1","12.5"
"GRC","2014","H. influenzae","Ampicillin","J01C","19","4","21.05"
"GRC","2015","H. influenzae","Ampicillin","J01C","13","1","7.69"
"GRC","2016","H. influenzae","Ampicillin","J01C","34","4","11.76"
"GRC","2017","H. influenzae","Ampicillin","J01C","6","0","0"
"GRC","2018","H. influenzae","Ampicillin","J01C","15","0","0"
"GTM","2007","H. influenzae","Ampicillin","J01C","16","2","12.5"
"GTM","2018","H. influenzae","Ampicillin","J01C","10","0","0"
"HND","2007","H. influenzae","Ampicillin","J01C","8","1","12.5"
"HKG","2006","H. influenzae","Ampicillin","J01C","13","2","15.38"
"HKG","2007","H. influenzae","Ampicillin","J01C","31","6","19.35"
"HKG","2010","H. influenzae","Ampicillin","J01C","15","5","33.33"
"HKG","2013","H. influenzae","Ampicillin","J01C","3","2","66.67"
"HKG","2014","H. influenzae","Ampicillin","J01C","3","3","100"
"HKG","2015","H. influenzae","Ampicillin","J01C","15","4","26.67"
"HKG","2016","H. influenzae","Ampicillin","J01C","15","4","26.67"
"HKG","2017","H. influenzae","Ampicillin","J01C","14","4","28.57"
"HKG","2018","H. influenzae","Ampicillin","J01C","10","3","30"
"HUN","2004","H. influenzae","Ampicillin","J01C","14","1","7.14"
"HUN","2005","H. influenzae","Ampicillin","J01C","3","0","0"
"HUN","2007","H. influenzae","Ampicillin","J01C","15","0","0"
"HUN","2008","H. influenzae","Ampicillin","J01C","44","1","2.27"
"HUN","2009","H. influenzae","Ampicillin","J01C","42","3","7.14"
"HUN","2010","H. influenzae","Ampicillin","J01C","29","2","6.9"
"HUN","2012","H. influenzae","Ampicillin","J01C","8","0","0"
"HUN","2013","H. influenzae","Ampicillin","J01C","8","1","12.5"
"HUN","2014","H. influenzae","Ampicillin","J01C","23","0","0"
"HUN","2015","H. influenzae","Ampicillin","J01C","26","1","3.85"
"HUN","2016","H. influenzae","Ampicillin","J01C","38","2","5.26"
"HUN","2017","H. influenzae","Ampicillin","J01C","49","10","20.41"
"HUN","2018","H. influenzae","Ampicillin","J01C","26","3","11.54"
"IND","2004","H. influenzae","Ampicillin","J01C","11","2","18.18"
"IND","2007","H. influenzae","Ampicillin","J01C","5","1","20"
"IND","2008","H. influenzae","Ampicillin","J01C","7","1","14.29"
"IND","2015","H. influenzae","Ampicillin","J01C","10","3","30"
"IND","2016","H. influenzae","Ampicillin","J01C","27","2","7.41"
"IRL","2004","H. influenzae","Ampicillin","J01C","15","2","13.33"
"IRL","2006","H. influenzae","Ampicillin","J01C","28","10","35.71"
"IRL","2007","H. influenzae","Ampicillin","J01C","31","10","32.26"
"IRL","2008","H. influenzae","Ampicillin","J01C","11","3","27.27"
"IRL","2009","H. influenzae","Ampicillin","J01C","25","4","16"
"IRL","2010","H. influenzae","Ampicillin","J01C","32","1","3.12"
"IRL","2011","H. influenzae","Ampicillin","J01C","31","5","16.13"
"IRL","2012","H. influenzae","Ampicillin","J01C","31","2","6.45"
"IRL","2013","H. influenzae","Ampicillin","J01C","43","16","37.21"
"IRL","2014","H. influenzae","Ampicillin","J01C","16","5","31.25"
"IRL","2015","H. influenzae","Ampicillin","J01C","16","2","12.5"
"IRL","2016","H. influenzae","Ampicillin","J01C","29","3","10.34"
"IRL","2017","H. influenzae","Ampicillin","J01C","26","2","7.69"
"IRL","2018","H. influenzae","Ampicillin","J01C","23","4","17.39"
"ISR","2006","H. influenzae","Ampicillin","J01C","29","9","31.03"
"ISR","2007","H. influenzae","Ampicillin","J01C","49","9","18.37"
"ISR","2008","H. influenzae","Ampicillin","J01C","76","15","19.74"
"ISR","2009","H. influenzae","Ampicillin","J01C","82","21","25.61"
"ISR","2010","H. influenzae","Ampicillin","J01C","106","14","13.21"
"ISR","2011","H. influenzae","Ampicillin","J01C","1","0","0"
"ISR","2012","H. influenzae","Ampicillin","J01C","13","2","15.38"
"ISR","2013","H. influenzae","Ampicillin","J01C","24","3","12.5"
"ISR","2014","H. influenzae","Ampicillin","J01C","26","6","23.08"
"ISR","2015","H. influenzae","Ampicillin","J01C","28","4","14.29"
"ISR","2016","H. influenzae","Ampicillin","J01C","32","9","28.12"
"ISR","2017","H. influenzae","Ampicillin","J01C","32","9","28.12"
"ISR","2018","H. influenzae","Ampicillin","J01C","36","12","33.33"
"ITA","2004","H. influenzae","Ampicillin","J01C","45","4","8.89"
"ITA","2005","H. influenzae","Ampicillin","J01C","71","10","14.08"
"ITA","2006","H. influenzae","Ampicillin","J01C","121","11","9.09"
"ITA","2007","H. influenzae","Ampicillin","J01C","77","12","15.58"
"ITA","2008","H. influenzae","Ampicillin","J01C","174","22","12.64"
"ITA","2009","H. influenzae","Ampicillin","J01C","119","3","2.52"
"ITA","2010","H. influenzae","Ampicillin","J01C","94","12","12.77"
"ITA","2011","H. influenzae","Ampicillin","J01C","139","9","6.47"
"ITA","2012","H. influenzae","Ampicillin","J01C","99","5","5.05"
"ITA","2013","H. influenzae","Ampicillin","J01C","118","10","8.47"
"ITA","2014","H. influenzae","Ampicillin","J01C","168","17","10.12"
"ITA","2015","H. influenzae","Ampicillin","J01C","140","11","7.86"
"ITA","2016","H. influenzae","Ampicillin","J01C","124","15","12.1"
"ITA","2017","H. influenzae","Ampicillin","J01C","107","21","19.63"
"ITA","2018","H. influenzae","Ampicillin","J01C","58","12","20.69"
"JAM","2006","H. influenzae","Ampicillin","J01C","15","3","20"
"JPN","2012","H. influenzae","Ampicillin","J01C","3","0","0"
"JPN","2013","H. influenzae","Ampicillin","J01C","8","1","12.5"
"JPN","2014","H. influenzae","Ampicillin","J01C","6","0","0"
"JPN","2015","H. influenzae","Ampicillin","J01C","15","6","40"
"JPN","2016","H. influenzae","Ampicillin","J01C","27","9","33.33"
"JPN","2017","H. influenzae","Ampicillin","J01C","49","11","22.45"
"JPN","2018","H. influenzae","Ampicillin","J01C","30","10","33.33"
"JOR","2010","H. influenzae","Ampicillin","J01C","8","1","12.5"
"JOR","2011","H. influenzae","Ampicillin","J01C","18","3","16.67"
"JOR","2012","H. influenzae","Ampicillin","J01C","18","2","11.11"
"JOR","2013","H. influenzae","Ampicillin","J01C","15","4","26.67"
"JOR","2015","H. influenzae","Ampicillin","J01C","14","6","42.86"
"JOR","2016","H. influenzae","Ampicillin","J01C","6","2","33.33"
"JOR","2017","H. influenzae","Ampicillin","J01C","3","1","33.33"
"JOR","2018","H. influenzae","Ampicillin","J01C","1","0","0"
"KEN","2014","H. influenzae","Ampicillin","J01C","3","0","0"
"KOR","2005","H. influenzae","Ampicillin","J01C","13","7","53.85"
"KOR","2006","H. influenzae","Ampicillin","J01C","36","12","33.33"
"KOR","2007","H. influenzae","Ampicillin","J01C","59","23","38.98"
"KOR","2008","H. influenzae","Ampicillin","J01C","26","8","30.77"
"KOR","2009","H. influenzae","Ampicillin","J01C","43","9","20.93"
"KOR","2010","H. influenzae","Ampicillin","J01C","24","8","33.33"
"KOR","2012","H. influenzae","Ampicillin","J01C","5","3","60"
"KOR","2013","H. influenzae","Ampicillin","J01C","10","4","40"
"KOR","2014","H. influenzae","Ampicillin","J01C","9","6","66.67"
"KOR","2015","H. influenzae","Ampicillin","J01C","35","16","45.71"
"KOR","2016","H. influenzae","Ampicillin","J01C","33","14","42.42"
"KOR","2017","H. influenzae","Ampicillin","J01C","35","23","65.71"
"KOR","2018","H. influenzae","Ampicillin","J01C","22","11","50"
"KWT","2012","H. influenzae","Ampicillin","J01C","29","5","17.24"
"KWT","2013","H. influenzae","Ampicillin","J01C","4","0","0"
"KWT","2014","H. influenzae","Ampicillin","J01C","16","4","25"
"KWT","2015","H. influenzae","Ampicillin","J01C","42","13","30.95"
"KWT","2016","H. influenzae","Ampicillin","J01C","39","6","15.38"
"KWT","2017","H. influenzae","Ampicillin","J01C","43","8","18.6"
"KWT","2018","H. influenzae","Ampicillin","J01C","30","1","3.33"
"LVA","2004","H. influenzae","Ampicillin","J01C","15","1","6.67"
"LVA","2005","H. influenzae","Ampicillin","J01C","7","4","57.14"
"LVA","2008","H. influenzae","Ampicillin","J01C","17","1","5.88"
"LVA","2009","H. influenzae","Ampicillin","J01C","11","2","18.18"
"LVA","2010","H. influenzae","Ampicillin","J01C","15","1","6.67"
"LVA","2016","H. influenzae","Ampicillin","J01C","15","0","0"
"LVA","2017","H. influenzae","Ampicillin","J01C","15","1","6.67"
"LVA","2018","H. influenzae","Ampicillin","J01C","7","0","0"
"LBN","2006","H. influenzae","Ampicillin","J01C","16","3","18.75"
"LTU","2006","H. influenzae","Ampicillin","J01C","15","2","13.33"
"LTU","2008","H. influenzae","Ampicillin","J01C","30","2","6.67"
"LTU","2010","H. influenzae","Ampicillin","J01C","7","0","0"
"LTU","2016","H. influenzae","Ampicillin","J01C","14","0","0"
"LTU","2017","H. influenzae","Ampicillin","J01C","15","2","13.33"
"LTU","2018","H. influenzae","Ampicillin","J01C","19","2","10.53"
"MYS","2008","H. influenzae","Ampicillin","J01C","5","0","0"
"MYS","2009","H. influenzae","Ampicillin","J01C","8","0","0"
"MYS","2010","H. influenzae","Ampicillin","J01C","13","7","53.85"
"MYS","2013","H. influenzae","Ampicillin","J01C","4","0","0"
"MYS","2014","H. influenzae","Ampicillin","J01C","4","0","0"
"MYS","2015","H. influenzae","Ampicillin","J01C","17","2","11.76"
"MYS","2016","H. influenzae","Ampicillin","J01C","2","0","0"
"MYS","2018","H. influenzae","Ampicillin","J01C","4","0","0"
"MUS","2009","H. influenzae","Ampicillin","J01C","1","1","100"
"MEX","2005","H. influenzae","Ampicillin","J01C","7","5","71.43"
"MEX","2006","H. influenzae","Ampicillin","J01C","59","20","33.9"
"MEX","2007","H. influenzae","Ampicillin","J01C","65","22","33.85"
"MEX","2008","H. influenzae","Ampicillin","J01C","30","4","13.33"
"MEX","2009","H. influenzae","Ampicillin","J01C","37","6","16.22"
"MEX","2010","H. influenzae","Ampicillin","J01C","30","6","20"
"MEX","2012","H. influenzae","Ampicillin","J01C","2","0","0"
"MEX","2013","H. influenzae","Ampicillin","J01C","4","0","0"
"MEX","2014","H. influenzae","Ampicillin","J01C","9","0","0"
"MEX","2015","H. influenzae","Ampicillin","J01C","14","2","14.29"
"MEX","2016","H. influenzae","Ampicillin","J01C","8","0","0"
"MEX","2017","H. influenzae","Ampicillin","J01C","18","3","16.67"
"MEX","2018","H. influenzae","Ampicillin","J01C","17","4","23.53"
"MAR","2011","H. influenzae","Ampicillin","J01C","4","0","0"
"MAR","2012","H. influenzae","Ampicillin","J01C","27","2","7.41"
"MAR","2013","H. influenzae","Ampicillin","J01C","14","1","7.14"
"MAR","2015","H. influenzae","Ampicillin","J01C","12","1","8.33"
"MAR","2016","H. influenzae","Ampicillin","J01C","12","1","8.33"
"MAR","2017","H. influenzae","Ampicillin","J01C","7","0","0"
"MAR","2018","H. influenzae","Ampicillin","J01C","12","0","0"
"NLD","2004","H. influenzae","Ampicillin","J01C","14","0","0"
"NLD","2006","H. influenzae","Ampicillin","J01C","14","1","7.14"
"NLD","2008","H. influenzae","Ampicillin","J01C","23","2","8.7"
"NLD","2009","H. influenzae","Ampicillin","J01C","20","1","5"
"NLD","2010","H. influenzae","Ampicillin","J01C","15","1","6.67"
"NLD","2011","H. influenzae","Ampicillin","J01C","14","1","7.14"
"NLD","2012","H. influenzae","Ampicillin","J01C","19","1","5.26"
"NLD","2013","H. influenzae","Ampicillin","J01C","22","3","13.64"
"NLD","2014","H. influenzae","Ampicillin","J01C","19","0","0"
"NLD","2015","H. influenzae","Ampicillin","J01C","30","7","23.33"
"NLD","2016","H. influenzae","Ampicillin","J01C","32","3","9.38"
"NLD","2017","H. influenzae","Ampicillin","J01C","32","6","18.75"
"NLD","2018","H. influenzae","Ampicillin","J01C","20","4","20"
"NOR","2006","H. influenzae","Ampicillin","J01C","12","1","8.33"
"OMN","2007","H. influenzae","Ampicillin","J01C","15","4","26.67"
"PAK","2004","H. influenzae","Ampicillin","J01C","8","2","25"
"PAK","2005","H. influenzae","Ampicillin","J01C","7","1","14.29"
"PAK","2006","H. influenzae","Ampicillin","J01C","14","0","0"
"PAK","2015","H. influenzae","Ampicillin","J01C","15","1","6.67"
"PAK","2016","H. influenzae","Ampicillin","J01C","10","0","0"
"PAK","2017","H. influenzae","Ampicillin","J01C","7","0","0"
"PAN","2008","H. influenzae","Ampicillin","J01C","13","1","7.69"
"PAN","2009","H. influenzae","Ampicillin","J01C","13","0","0"
"PAN","2012","H. influenzae","Ampicillin","J01C","11","2","18.18"
"PAN","2013","H. influenzae","Ampicillin","J01C","14","3","21.43"
"PAN","2014","H. influenzae","Ampicillin","J01C","17","2","11.76"
"PAN","2015","H. influenzae","Ampicillin","J01C","13","3","23.08"
"PAN","2016","H. influenzae","Ampicillin","J01C","8","0","0"
"PAN","2017","H. influenzae","Ampicillin","J01C","4","0","0"
"PAN","2018","H. influenzae","Ampicillin","J01C","7","2","28.57"
"PHL","2004","H. influenzae","Ampicillin","J01C","15","1","6.67"
"PHL","2007","H. influenzae","Ampicillin","J01C","1","0","0"
"PHL","2008","H. influenzae","Ampicillin","J01C","6","0","0"
"PHL","2012","H. influenzae","Ampicillin","J01C","7","1","14.29"
"PHL","2013","H. influenzae","Ampicillin","J01C","9","0","0"
"PHL","2014","H. influenzae","Ampicillin","J01C","11","0","0"
"PHL","2015","H. influenzae","Ampicillin","J01C","21","1","4.76"
"PHL","2016","H. influenzae","Ampicillin","J01C","25","2","8"
"PHL","2017","H. influenzae","Ampicillin","J01C","19","6","31.58"
"PHL","2018","H. influenzae","Ampicillin","J01C","6","0","0"
"POL","2004","H. influenzae","Ampicillin","J01C","15","3","20"
"POL","2008","H. influenzae","Ampicillin","J01C","12","1","8.33"
"POL","2009","H. influenzae","Ampicillin","J01C","37","4","10.81"
"POL","2010","H. influenzae","Ampicillin","J01C","27","3","11.11"
"POL","2013","H. influenzae","Ampicillin","J01C","24","3","12.5"
"POL","2014","H. influenzae","Ampicillin","J01C","25","1","4"
"POL","2015","H. influenzae","Ampicillin","J01C","15","1","6.67"
"POL","2016","H. influenzae","Ampicillin","J01C","13","3","23.08"
"POL","2017","H. influenzae","Ampicillin","J01C","37","5","13.51"
"POL","2018","H. influenzae","Ampicillin","J01C","21","3","14.29"
"PRT","2004","H. influenzae","Ampicillin","J01C","14","2","14.29"
"PRT","2008","H. influenzae","Ampicillin","J01C","16","0","0"
"PRT","2009","H. influenzae","Ampicillin","J01C","27","5","18.52"
"PRT","2010","H. influenzae","Ampicillin","J01C","28","0","0"
"PRT","2011","H. influenzae","Ampicillin","J01C","37","10","27.03"
"PRT","2012","H. influenzae","Ampicillin","J01C","66","6","9.09"
"PRT","2013","H. influenzae","Ampicillin","J01C","72","7","9.72"
"PRT","2014","H. influenzae","Ampicillin","J01C","82","11","13.41"
"PRT","2015","H. influenzae","Ampicillin","J01C","67","13","19.4"
"PRT","2016","H. influenzae","Ampicillin","J01C","61","3","4.92"
"PRT","2017","H. influenzae","Ampicillin","J01C","48","11","22.92"
"PRT","2018","H. influenzae","Ampicillin","J01C","42","4","9.52"
"ROU","2008","H. influenzae","Ampicillin","J01C","10","1","10"
"ROU","2009","H. influenzae","Ampicillin","J01C","2","0","0"
"ROU","2010","H. influenzae","Ampicillin","J01C","6","1","16.67"
"ROU","2011","H. influenzae","Ampicillin","J01C","5","1","20"
"ROU","2012","H. influenzae","Ampicillin","J01C","2","0","0"
"ROU","2013","H. influenzae","Ampicillin","J01C","9","0","0"
"ROU","2015","H. influenzae","Ampicillin","J01C","8","1","12.5"
"ROU","2016","H. influenzae","Ampicillin","J01C","3","0","0"
"ROU","2018","H. influenzae","Ampicillin","J01C","15","0","0"
"RUS","2013","H. influenzae","Ampicillin","J01C","4","0","0"
"RUS","2014","H. influenzae","Ampicillin","J01C","18","1","5.56"
"RUS","2015","H. influenzae","Ampicillin","J01C","6","1","16.67"
"RUS","2016","H. influenzae","Ampicillin","J01C","5","0","0"
"RUS","2017","H. influenzae","Ampicillin","J01C","11","1","9.09"
"RUS","2018","H. influenzae","Ampicillin","J01C","5","0","0"
"SAU","2009","H. influenzae","Ampicillin","J01C","14","3","21.43"
"SAU","2011","H. influenzae","Ampicillin","J01C","14","4","28.57"
"SAU","2012","H. influenzae","Ampicillin","J01C","23","4","17.39"
"SAU","2013","H. influenzae","Ampicillin","J01C","7","2","28.57"
"SAU","2016","H. influenzae","Ampicillin","J01C","13","1","7.69"
"SAU","2018","H. influenzae","Ampicillin","J01C","9","1","11.11"
"SRB","2017","H. influenzae","Ampicillin","J01C","15","2","13.33"
"SGP","2004","H. influenzae","Ampicillin","J01C","15","7","46.67"
"SGP","2005","H. influenzae","Ampicillin","J01C","10","0","0"
"SGP","2006","H. influenzae","Ampicillin","J01C","13","5","38.46"
"SGP","2007","H. influenzae","Ampicillin","J01C","35","10","28.57"
"SGP","2008","H. influenzae","Ampicillin","J01C","8","1","12.5"
"SGP","2009","H. influenzae","Ampicillin","J01C","13","0","0"
"SGP","2010","H. influenzae","Ampicillin","J01C","11","3","27.27"
"SGP","2011","H. influenzae","Ampicillin","J01C","1","0","0"
"SGP","2014","H. influenzae","Ampicillin","J01C","2","1","50"
"SGP","2015","H. influenzae","Ampicillin","J01C","13","0","0"
"SGP","2018","H. influenzae","Ampicillin","J01C","10","3","30"
"SVK","2007","H. influenzae","Ampicillin","J01C","30","3","10"
"SVK","2008","H. influenzae","Ampicillin","J01C","3","1","33.33"
"SVK","2009","H. influenzae","Ampicillin","J01C","27","12","44.44"
"SVK","2011","H. influenzae","Ampicillin","J01C","10","6","60"
"SVN","2006","H. influenzae","Ampicillin","J01C","15","0","0"
"SVN","2007","H. influenzae","Ampicillin","J01C","19","1","5.26"
"SVN","2008","H. influenzae","Ampicillin","J01C","37","6","16.22"
"SVN","2009","H. influenzae","Ampicillin","J01C","22","2","9.09"
"SVN","2010","H. influenzae","Ampicillin","J01C","8","0","0"
"ZAF","2005","H. influenzae","Ampicillin","J01C","31","4","12.9"
"ZAF","2006","H. influenzae","Ampicillin","J01C","55","3","5.45"
"ZAF","2007","H. influenzae","Ampicillin","J01C","69","5","7.25"
"ZAF","2008","H. influenzae","Ampicillin","J01C","5","0","0"
"ZAF","2009","H. influenzae","Ampicillin","J01C","10","0","0"
"ZAF","2011","H. influenzae","Ampicillin","J01C","14","2","14.29"
"ZAF","2012","H. influenzae","Ampicillin","J01C","6","0","0"
"ZAF","2013","H. influenzae","Ampicillin","J01C","22","3","13.64"
"ZAF","2014","H. influenzae","Ampicillin","J01C","12","1","8.33"
"ZAF","2015","H. influenzae","Ampicillin","J01C","28","1","3.57"
"ZAF","2016","H. influenzae","Ampicillin","J01C","43","8","18.6"
"ZAF","2017","H. influenzae","Ampicillin","J01C","51","7","13.73"
"ZAF","2018","H. influenzae","Ampicillin","J01C","31","3","9.68"
"ESP","2004","H. influenzae","Ampicillin","J01C","60","13","21.67"
"ESP","2005","H. influenzae","Ampicillin","J01C","59","9","15.25"
"ESP","2006","H. influenzae","Ampicillin","J01C","2","0","0"
"ESP","2007","H. influenzae","Ampicillin","J01C","82","13","15.85"
"ESP","2008","H. influenzae","Ampicillin","J01C","227","36","15.86"
"ESP","2009","H. influenzae","Ampicillin","J01C","182","24","13.19"
"ESP","2010","H. influenzae","Ampicillin","J01C","123","19","15.45"
"ESP","2011","H. influenzae","Ampicillin","J01C","208","30","14.42"
"ESP","2012","H. influenzae","Ampicillin","J01C","199","25","12.56"
"ESP","2013","H. influenzae","Ampicillin","J01C","306","49","16.01"
"ESP","2014","H. influenzae","Ampicillin","J01C","232","35","15.09"
"ESP","2015","H. influenzae","Ampicillin","J01C","247","42","17"
"ESP","2016","H. influenzae","Ampicillin","J01C","231","50","21.65"
"ESP","2017","H. influenzae","Ampicillin","J01C","225","37","16.44"
"ESP","2018","H. influenzae","Ampicillin","J01C","106","24","22.64"
"SWE","2005","H. influenzae","Ampicillin","J01C","12","2","16.67"
"SWE","2006","H. influenzae","Ampicillin","J01C","32","3","9.38"
"SWE","2007","H. influenzae","Ampicillin","J01C","43","9","20.93"
"SWE","2008","H. influenzae","Ampicillin","J01C","27","5","18.52"
"SWE","2009","H. influenzae","Ampicillin","J01C","40","9","22.5"
"SWE","2010","H. influenzae","Ampicillin","J01C","32","8","25"
"SWE","2011","H. influenzae","Ampicillin","J01C","41","9","21.95"
"SWE","2012","H. influenzae","Ampicillin","J01C","23","3","13.04"
"SWE","2013","H. influenzae","Ampicillin","J01C","26","5","19.23"
"SWE","2014","H. influenzae","Ampicillin","J01C","17","1","5.88"
"SWE","2017","H. influenzae","Ampicillin","J01C","9","3","33.33"
"SWE","2018","H. influenzae","Ampicillin","J01C","9","0","0"
"CHE","2004","H. influenzae","Ampicillin","J01C","7","1","14.29"
"CHE","2006","H. influenzae","Ampicillin","J01C","15","2","13.33"
"CHE","2008","H. influenzae","Ampicillin","J01C","20","3","15"
"CHE","2009","H. influenzae","Ampicillin","J01C","13","3","23.08"
"CHE","2010","H. influenzae","Ampicillin","J01C","11","1","9.09"
"CHE","2011","H. influenzae","Ampicillin","J01C","7","1","14.29"
"CHE","2012","H. influenzae","Ampicillin","J01C","36","2","5.56"
"CHE","2013","H. influenzae","Ampicillin","J01C","53","5","9.43"
"CHE","2014","H. influenzae","Ampicillin","J01C","32","4","12.5"
"CHE","2015","H. influenzae","Ampicillin","J01C","23","6","26.09"
"CHE","2016","H. influenzae","Ampicillin","J01C","30","7","23.33"
"CHE","2017","H. influenzae","Ampicillin","J01C","18","1","5.56"
"CHE","2018","H. influenzae","Ampicillin","J01C","19","5","26.32"
"TWN","2006","H. influenzae","Ampicillin","J01C","57","24","42.11"
"TWN","2007","H. influenzae","Ampicillin","J01C","38","21","55.26"
"TWN","2008","H. influenzae","Ampicillin","J01C","5","2","40"
"TWN","2009","H. influenzae","Ampicillin","J01C","11","9","81.82"
"TWN","2012","H. influenzae","Ampicillin","J01C","1","0","0"
"TWN","2013","H. influenzae","Ampicillin","J01C","3","1","33.33"
"TWN","2014","H. influenzae","Ampicillin","J01C","12","6","50"
"TWN","2015","H. influenzae","Ampicillin","J01C","31","18","58.06"
"TWN","2016","H. influenzae","Ampicillin","J01C","46","25","54.35"
"TWN","2017","H. influenzae","Ampicillin","J01C","39","15","38.46"
"TWN","2018","H. influenzae","Ampicillin","J01C","26","13","50"
"THA","2008","H. influenzae","Ampicillin","J01C","29","13","44.83"
"THA","2010","H. influenzae","Ampicillin","J01C","7","2","28.57"
"THA","2012","H. influenzae","Ampicillin","J01C","2","1","50"
"THA","2013","H. influenzae","Ampicillin","J01C","8","4","50"
"THA","2014","H. influenzae","Ampicillin","J01C","11","1","9.09"
"THA","2015","H. influenzae","Ampicillin","J01C","29","13","44.83"
"THA","2016","H. influenzae","Ampicillin","J01C","24","4","16.67"
"THA","2017","H. influenzae","Ampicillin","J01C","42","19","45.24"
"THA","2018","H. influenzae","Ampicillin","J01C","21","5","23.81"
"TUN","2011","H. influenzae","Ampicillin","J01C","16","4","25"
"TUN","2012","H. influenzae","Ampicillin","J01C","17","3","17.65"
"TUN","2013","H. influenzae","Ampicillin","J01C","13","3","23.08"
"TUR","2004","H. influenzae","Ampicillin","J01C","5","0","0"
"TUR","2005","H. influenzae","Ampicillin","J01C","16","0","0"
"TUR","2008","H. influenzae","Ampicillin","J01C","11","0","0"
"TUR","2012","H. influenzae","Ampicillin","J01C","4","0","0"
"TUR","2013","H. influenzae","Ampicillin","J01C","2","0","0"
"TUR","2014","H. influenzae","Ampicillin","J01C","7","1","14.29"
"TUR","2015","H. influenzae","Ampicillin","J01C","10","1","10"
"TUR","2016","H. influenzae","Ampicillin","J01C","14","0","0"
"TUR","2017","H. influenzae","Ampicillin","J01C","12","0","0"
"TUR","2018","H. influenzae","Ampicillin","J01C","4","0","0"
"UKR","2018","H. influenzae","Ampicillin","J01C","11","1","9.09"
"GBR","2004","H. influenzae","Ampicillin","J01C","65","10","15.38"
"GBR","2007","H. influenzae","Ampicillin","J01C","15","2","13.33"
"GBR","2008","H. influenzae","Ampicillin","J01C","6","1","16.67"
"GBR","2009","H. influenzae","Ampicillin","J01C","16","6","37.5"
"GBR","2010","H. influenzae","Ampicillin","J01C","28","7","25"
"GBR","2011","H. influenzae","Ampicillin","J01C","27","2","7.41"
"GBR","2012","H. influenzae","Ampicillin","J01C","17","1","5.88"
"GBR","2013","H. influenzae","Ampicillin","J01C","52","9","17.31"
"GBR","2014","H. influenzae","Ampicillin","J01C","41","4","9.76"
"GBR","2015","H. influenzae","Ampicillin","J01C","50","6","12"
"GBR","2016","H. influenzae","Ampicillin","J01C","71","15","21.13"
"GBR","2017","H. influenzae","Ampicillin","J01C","64","9","14.06"
"GBR","2018","H. influenzae","Ampicillin","J01C","46","8","17.39"
"USA","2004","H. influenzae","Ampicillin","J01C","810","212","26.17"
"USA","2005","H. influenzae","Ampicillin","J01C","801","226","28.21"
"USA","2006","H. influenzae","Ampicillin","J01C","852","204","23.94"
"USA","2007","H. influenzae","Ampicillin","J01C","996","229","22.99"
"USA","2008","H. influenzae","Ampicillin","J01C","336","87","25.89"
"USA","2009","H. influenzae","Ampicillin","J01C","403","103","25.56"
"USA","2010","H. influenzae","Ampicillin","J01C","307","73","23.78"
"USA","2011","H. influenzae","Ampicillin","J01C","378","88","23.28"
"USA","2012","H. influenzae","Ampicillin","J01C","384","103","26.82"
"USA","2013","H. influenzae","Ampicillin","J01C","488","110","22.54"
"USA","2014","H. influenzae","Ampicillin","J01C","323","75","23.22"
"USA","2015","H. influenzae","Ampicillin","J01C","328","92","28.05"
"USA","2016","H. influenzae","Ampicillin","J01C","322","104","32.3"
"USA","2017","H. influenzae","Ampicillin","J01C","117","33","28.21"
"USA","2018","H. influenzae","Ampicillin","J01C","189","75","39.68"
"VEN","2006","H. influenzae","Ampicillin","J01C","11","0","0"
"VEN","2007","H. influenzae","Ampicillin","J01C","24","1","4.17"
"VEN","2008","H. influenzae","Ampicillin","J01C","6","2","33.33"
"VEN","2009","H. influenzae","Ampicillin","J01C","26","0","0"
"VEN","2010","H. influenzae","Ampicillin","J01C","1","0","0"
"VEN","2011","H. influenzae","Ampicillin","J01C","15","12","80"
"VEN","2012","H. influenzae","Ampicillin","J01C","3","1","33.33"
"VEN","2013","H. influenzae","Ampicillin","J01C","6","1","16.67"
"VEN","2014","H. influenzae","Ampicillin","J01C","4","0","0"
"VEN","2015","H. influenzae","Ampicillin","J01C","16","0","0"
"VEN","2016","H. influenzae","Ampicillin","J01C","17","2","11.76"
"VEN","2017","H. influenzae","Ampicillin","J01C","3","0","0"
"VEN","2018","H. influenzae","Ampicillin","J01C","4","0","0"
"VNM","2016","H. influenzae","Ampicillin","J01C","8","6","75"
"ARG","2012","H. influenzae","Ampicillin sulbactam","J01C","5","1","20"
"ARG","2013","H. influenzae","Ampicillin sulbactam","J01C","9","0","0"
"ARG","2014","H. influenzae","Ampicillin sulbactam","J01C","9","0","0"
"ARG","2015","H. influenzae","Ampicillin sulbactam","J01C","21","0","0"
"ARG","2016","H. influenzae","Ampicillin sulbactam","J01C","7","0","0"
"ARG","2017","H. influenzae","Ampicillin sulbactam","J01C","18","0","0"
"ARG","2018","H. influenzae","Ampicillin sulbactam","J01C","8","1","12.5"
"AUS","2012","H. influenzae","Ampicillin sulbactam","J01C","12","4","33.33"
"AUS","2013","H. influenzae","Ampicillin sulbactam","J01C","10","0","0"
"AUS","2014","H. influenzae","Ampicillin sulbactam","J01C","17","0","0"
"AUS","2015","H. influenzae","Ampicillin sulbactam","J01C","27","3","11.11"
"AUS","2016","H. influenzae","Ampicillin sulbactam","J01C","39","4","10.26"
"AUS","2017","H. influenzae","Ampicillin sulbactam","J01C","38","4","10.53"
"AUS","2018","H. influenzae","Ampicillin sulbactam","J01C","38","1","2.63"
"AUT","2012","H. influenzae","Ampicillin sulbactam","J01C","9","1","11.11"
"AUT","2013","H. influenzae","Ampicillin sulbactam","J01C","9","0","0"
"AUT","2014","H. influenzae","Ampicillin sulbactam","J01C","11","0","0"
"AUT","2015","H. influenzae","Ampicillin sulbactam","J01C","8","0","0"
"AUT","2016","H. influenzae","Ampicillin sulbactam","J01C","17","0","0"
"BEL","2012","H. influenzae","Ampicillin sulbactam","J01C","3","1","33.33"
"BEL","2013","H. influenzae","Ampicillin sulbactam","J01C","14","1","7.14"
"BEL","2014","H. influenzae","Ampicillin sulbactam","J01C","17","0","0"
"BEL","2015","H. influenzae","Ampicillin sulbactam","J01C","42","1","2.38"
"BEL","2016","H. influenzae","Ampicillin sulbactam","J01C","39","1","2.56"
"BEL","2017","H. influenzae","Ampicillin sulbactam","J01C","32","1","3.12"
"BEL","2018","H. influenzae","Ampicillin sulbactam","J01C","48","1","2.08"
"BRA","2014","H. influenzae","Ampicillin sulbactam","J01C","2","0","0"
"BRA","2016","H. influenzae","Ampicillin sulbactam","J01C","3","0","0"
"BRA","2017","H. influenzae","Ampicillin sulbactam","J01C","3","0","0"
"BRA","2018","H. influenzae","Ampicillin sulbactam","J01C","18","0","0"
"CAN","2018","H. influenzae","Ampicillin sulbactam","J01C","78","4","5.13"
"CHL","2012","H. influenzae","Ampicillin sulbactam","J01C","3","0","0"
"CHL","2013","H. influenzae","Ampicillin sulbactam","J01C","3","0","0"
"CHL","2014","H. influenzae","Ampicillin sulbactam","J01C","7","0","0"
"CHL","2015","H. influenzae","Ampicillin sulbactam","J01C","16","0","0"
"CHL","2016","H. influenzae","Ampicillin sulbactam","J01C","19","4","21.05"
"CHL","2017","H. influenzae","Ampicillin sulbactam","J01C","19","0","0"
"CHL","2018","H. influenzae","Ampicillin sulbactam","J01C","20","0","0"
"CHN","2012","H. influenzae","Ampicillin sulbactam","J01C","10","2","20"
"CHN","2013","H. influenzae","Ampicillin sulbactam","J01C","10","2","20"
"COL","2013","H. influenzae","Ampicillin sulbactam","J01C","2","0","0"
"COL","2014","H. influenzae","Ampicillin sulbactam","J01C","4","0","0"
"COL","2015","H. influenzae","Ampicillin sulbactam","J01C","5","0","0"
"COL","2016","H. influenzae","Ampicillin sulbactam","J01C","4","0","0"
"COL","2018","H. influenzae","Ampicillin sulbactam","J01C","27","0","0"
"CRI","2018","H. influenzae","Ampicillin sulbactam","J01C","3","0","0"
"HRV","2018","H. influenzae","Ampicillin sulbactam","J01C","20","0","0"
"CZE","2013","H. influenzae","Ampicillin sulbactam","J01C","4","0","0"
"CZE","2014","H. influenzae","Ampicillin sulbactam","J01C","6","0","0"
"CZE","2015","H. influenzae","Ampicillin sulbactam","J01C","20","0","0"
"CZE","2016","H. influenzae","Ampicillin sulbactam","J01C","18","0","0"
"CZE","2017","H. influenzae","Ampicillin sulbactam","J01C","27","2","7.41"
"CZE","2018","H. influenzae","Ampicillin sulbactam","J01C","24","0","0"
"DNK","2013","H. influenzae","Ampicillin sulbactam","J01C","1","0","0"
"DNK","2014","H. influenzae","Ampicillin sulbactam","J01C","12","0","0"
"DNK","2015","H. influenzae","Ampicillin sulbactam","J01C","27","0","0"
"DNK","2016","H. influenzae","Ampicillin sulbactam","J01C","9","0","0"
"DNK","2017","H. influenzae","Ampicillin sulbactam","J01C","8","1","12.5"
"DNK","2018","H. influenzae","Ampicillin sulbactam","J01C","10","0","0"
"DOM","2018","H. influenzae","Ampicillin sulbactam","J01C","7","0","0"
"FIN","2018","H. influenzae","Ampicillin sulbactam","J01C","2","0","0"
"FRA","2012","H. influenzae","Ampicillin sulbactam","J01C","7","0","0"
"FRA","2013","H. influenzae","Ampicillin sulbactam","J01C","17","1","5.88"
"FRA","2014","H. influenzae","Ampicillin sulbactam","J01C","24","0","0"
"FRA","2015","H. influenzae","Ampicillin sulbactam","J01C","43","1","2.33"
"FRA","2016","H. influenzae","Ampicillin sulbactam","J01C","58","1","1.72"
"FRA","2017","H. influenzae","Ampicillin sulbactam","J01C","46","5","10.87"
"FRA","2018","H. influenzae","Ampicillin sulbactam","J01C","99","1","1.01"
"DEU","2013","H. influenzae","Ampicillin sulbactam","J01C","23","1","4.35"
"DEU","2014","H. influenzae","Ampicillin sulbactam","J01C","18","0","0"
"DEU","2015","H. influenzae","Ampicillin sulbactam","J01C","46","0","0"
"DEU","2016","H. influenzae","Ampicillin sulbactam","J01C","37","0","0"
"DEU","2017","H. influenzae","Ampicillin sulbactam","J01C","33","3","9.09"
"DEU","2018","H. influenzae","Ampicillin sulbactam","J01C","84","0","0"
"GRC","2012","H. influenzae","Ampicillin sulbactam","J01C","2","0","0"
"GRC","2013","H. influenzae","Ampicillin sulbactam","J01C","8","0","0"
"GRC","2014","H. influenzae","Ampicillin sulbactam","J01C","6","0","0"
"GRC","2015","H. influenzae","Ampicillin sulbactam","J01C","8","0","0"
"GRC","2016","H. influenzae","Ampicillin sulbactam","J01C","7","0","0"
"GRC","2017","H. influenzae","Ampicillin sulbactam","J01C","3","0","0"
"GRC","2018","H. influenzae","Ampicillin sulbactam","J01C","15","0","0"
"GTM","2018","H. influenzae","Ampicillin sulbactam","J01C","10","0","0"
"HKG","2013","H. influenzae","Ampicillin sulbactam","J01C","3","0","0"
"HKG","2014","H. influenzae","Ampicillin sulbactam","J01C","2","0","0"
"HKG","2018","H. influenzae","Ampicillin sulbactam","J01C","10","2","20"
"HUN","2012","H. influenzae","Ampicillin sulbactam","J01C","8","2","25"
"HUN","2013","H. influenzae","Ampicillin sulbactam","J01C","8","0","0"
"HUN","2014","H. influenzae","Ampicillin sulbactam","J01C","9","0","0"
"HUN","2015","H. influenzae","Ampicillin sulbactam","J01C","26","0","0"
"HUN","2016","H. influenzae","Ampicillin sulbactam","J01C","25","0","0"
"HUN","2017","H. influenzae","Ampicillin sulbactam","J01C","26","0","0"
"HUN","2018","H. influenzae","Ampicillin sulbactam","J01C","26","0","0"
"IRL","2013","H. influenzae","Ampicillin sulbactam","J01C","3","0","0"
"IRL","2018","H. influenzae","Ampicillin sulbactam","J01C","23","0","0"
"ISR","2012","H. influenzae","Ampicillin sulbactam","J01C","13","2","15.38"
"ISR","2013","H. influenzae","Ampicillin sulbactam","J01C","24","0","0"
"ISR","2014","H. influenzae","Ampicillin sulbactam","J01C","26","0","0"
"ISR","2015","H. influenzae","Ampicillin sulbactam","J01C","28","0","0"
"ISR","2016","H. influenzae","Ampicillin sulbactam","J01C","32","0","0"
"ISR","2017","H. influenzae","Ampicillin sulbactam","J01C","32","3","9.38"
"ISR","2018","H. influenzae","Ampicillin sulbactam","J01C","36","2","5.56"
"ITA","2013","H. influenzae","Ampicillin sulbactam","J01C","17","0","0"
"ITA","2014","H. influenzae","Ampicillin sulbactam","J01C","19","0","0"
"ITA","2015","H. influenzae","Ampicillin sulbactam","J01C","35","1","2.86"
"ITA","2016","H. influenzae","Ampicillin sulbactam","J01C","32","0","0"
"ITA","2017","H. influenzae","Ampicillin sulbactam","J01C","31","4","12.9"
"ITA","2018","H. influenzae","Ampicillin sulbactam","J01C","58","1","1.72"
"JPN","2012","H. influenzae","Ampicillin sulbactam","J01C","3","0","0"
"JPN","2013","H. influenzae","Ampicillin sulbactam","J01C","8","1","12.5"
"JPN","2014","H. influenzae","Ampicillin sulbactam","J01C","6","0","0"
"JPN","2015","H. influenzae","Ampicillin sulbactam","J01C","15","2","13.33"
"JPN","2016","H. influenzae","Ampicillin sulbactam","J01C","6","1","16.67"
"JPN","2017","H. influenzae","Ampicillin sulbactam","J01C","20","6","30"
"JPN","2018","H. influenzae","Ampicillin sulbactam","J01C","30","10","33.33"
"JOR","2018","H. influenzae","Ampicillin sulbactam","J01C","1","0","0"
"KEN","2014","H. influenzae","Ampicillin sulbactam","J01C","3","0","0"
"KOR","2012","H. influenzae","Ampicillin sulbactam","J01C","5","3","60"
"KOR","2013","H. influenzae","Ampicillin sulbactam","J01C","10","4","40"
"KOR","2014","H. influenzae","Ampicillin sulbactam","J01C","9","6","66.67"
"KOR","2015","H. influenzae","Ampicillin sulbactam","J01C","19","5","26.32"
"KOR","2016","H. influenzae","Ampicillin sulbactam","J01C","20","5","25"
"KOR","2017","H. influenzae","Ampicillin sulbactam","J01C","20","14","70"
"KOR","2018","H. influenzae","Ampicillin sulbactam","J01C","22","9","40.91"
"KWT","2013","H. influenzae","Ampicillin sulbactam","J01C","4","0","0"
"KWT","2014","H. influenzae","Ampicillin sulbactam","J01C","16","0","0"
"KWT","2015","H. influenzae","Ampicillin sulbactam","J01C","27","3","11.11"
"KWT","2016","H. influenzae","Ampicillin sulbactam","J01C","27","0","0"
"KWT","2017","H. influenzae","Ampicillin sulbactam","J01C","31","5","16.13"
"KWT","2018","H. influenzae","Ampicillin sulbactam","J01C","30","1","3.33"
"LVA","2018","H. influenzae","Ampicillin sulbactam","J01C","7","0","0"
"LTU","2018","H. influenzae","Ampicillin sulbactam","J01C","19","0","0"
"MYS","2013","H. influenzae","Ampicillin sulbactam","J01C","4","0","0"
"MYS","2014","H. influenzae","Ampicillin sulbactam","J01C","4","0","0"
"MYS","2015","H. influenzae","Ampicillin sulbactam","J01C","15","0","0"
"MYS","2018","H. influenzae","Ampicillin sulbactam","J01C","4","0","0"
"MEX","2012","H. influenzae","Ampicillin sulbactam","J01C","2","0","0"
"MEX","2013","H. influenzae","Ampicillin sulbactam","J01C","4","0","0"
"MEX","2014","H. influenzae","Ampicillin sulbactam","J01C","9","1","11.11"
"MEX","2015","H. influenzae","Ampicillin sulbactam","J01C","10","0","0"
"MEX","2016","H. influenzae","Ampicillin sulbactam","J01C","6","0","0"
"MEX","2017","H. influenzae","Ampicillin sulbactam","J01C","16","0","0"
"MEX","2018","H. influenzae","Ampicillin sulbactam","J01C","17","0","0"
"MAR","2018","H. influenzae","Ampicillin sulbactam","J01C","12","0","0"
"NLD","2012","H. influenzae","Ampicillin sulbactam","J01C","4","0","0"
"NLD","2013","H. influenzae","Ampicillin sulbactam","J01C","8","0","0"
"NLD","2014","H. influenzae","Ampicillin sulbactam","J01C","4","0","0"
"NLD","2015","H. influenzae","Ampicillin sulbactam","J01C","15","0","0"
"NLD","2016","H. influenzae","Ampicillin sulbactam","J01C","18","0","0"
"NLD","2017","H. influenzae","Ampicillin sulbactam","J01C","17","2","11.76"
"NLD","2018","H. influenzae","Ampicillin sulbactam","J01C","20","3","15"
"PAN","2018","H. influenzae","Ampicillin sulbactam","J01C","7","0","0"
"PHL","2012","H. influenzae","Ampicillin sulbactam","J01C","7","1","14.29"
"PHL","2013","H. influenzae","Ampicillin sulbactam","J01C","9","0","0"
"PHL","2014","H. influenzae","Ampicillin sulbactam","J01C","11","0","0"
"PHL","2015","H. influenzae","Ampicillin sulbactam","J01C","17","0","0"
"PHL","2016","H. influenzae","Ampicillin sulbactam","J01C","25","0","0"
"PHL","2017","H. influenzae","Ampicillin sulbactam","J01C","19","2","10.53"
"PHL","2018","H. influenzae","Ampicillin sulbactam","J01C","6","0","0"
"POL","2013","H. influenzae","Ampicillin sulbactam","J01C","5","0","0"
"POL","2014","H. influenzae","Ampicillin sulbactam","J01C","11","0","0"
"POL","2015","H. influenzae","Ampicillin sulbactam","J01C","15","0","0"
"POL","2016","H. influenzae","Ampicillin sulbactam","J01C","13","0","0"
"POL","2017","H. influenzae","Ampicillin sulbactam","J01C","23","0","0"
"POL","2018","H. influenzae","Ampicillin sulbactam","J01C","21","1","4.76"
"PRT","2012","H. influenzae","Ampicillin sulbactam","J01C","11","1","9.09"
"PRT","2013","H. influenzae","Ampicillin sulbactam","J01C","9","0","0"
"PRT","2014","H. influenzae","Ampicillin sulbactam","J01C","34","0","0"
"PRT","2015","H. influenzae","Ampicillin sulbactam","J01C","32","2","6.25"
"PRT","2016","H. influenzae","Ampicillin sulbactam","J01C","32","1","3.12"
"PRT","2017","H. influenzae","Ampicillin sulbactam","J01C","34","4","11.76"
"PRT","2018","H. influenzae","Ampicillin sulbactam","J01C","42","0","0"
"ROU","2012","H. influenzae","Ampicillin sulbactam","J01C","2","0","0"
"ROU","2013","H. influenzae","Ampicillin sulbactam","J01C","9","0","0"
"ROU","2015","H. influenzae","Ampicillin sulbactam","J01C","8","1","12.5"
"ROU","2016","H. influenzae","Ampicillin sulbactam","J01C","3","0","0"
"ROU","2018","H. influenzae","Ampicillin sulbactam","J01C","15","0","0"
"RUS","2013","H. influenzae","Ampicillin sulbactam","J01C","4","0","0"
"RUS","2014","H. influenzae","Ampicillin sulbactam","J01C","18","0","0"
"RUS","2015","H. influenzae","Ampicillin sulbactam","J01C","6","0","0"
"RUS","2016","H. influenzae","Ampicillin sulbactam","J01C","5","0","0"
"RUS","2017","H. influenzae","Ampicillin sulbactam","J01C","11","1","9.09"
"RUS","2018","H. influenzae","Ampicillin sulbactam","J01C","5","0","0"
"SAU","2018","H. influenzae","Ampicillin sulbactam","J01C","9","0","0"
"SGP","2018","H. influenzae","Ampicillin sulbactam","J01C","10","0","0"
"ZAF","2013","H. influenzae","Ampicillin sulbactam","J01C","10","0","0"
"ZAF","2014","H. influenzae","Ampicillin sulbactam","J01C","11","0","0"
"ZAF","2015","H. influenzae","Ampicillin sulbactam","J01C","15","0","0"
"ZAF","2016","H. influenzae","Ampicillin sulbactam","J01C","29","1","3.45"
"ZAF","2017","H. influenzae","Ampicillin sulbactam","J01C","37","1","2.7"
"ZAF","2018","H. influenzae","Ampicillin sulbactam","J01C","31","0","0"
"ESP","2012","H. influenzae","Ampicillin sulbactam","J01C","2","0","0"
"ESP","2013","H. influenzae","Ampicillin sulbactam","J01C","22","0","0"
"ESP","2014","H. influenzae","Ampicillin sulbactam","J01C","20","0","0"
"ESP","2015","H. influenzae","Ampicillin sulbactam","J01C","46","0","0"
"ESP","2016","H. influenzae","Ampicillin sulbactam","J01C","45","1","2.22"
"ESP","2017","H. influenzae","Ampicillin sulbactam","J01C","60","1","1.67"
"ESP","2018","H. influenzae","Ampicillin sulbactam","J01C","106","3","2.83"
"SWE","2012","H. influenzae","Ampicillin sulbactam","J01C","4","2","50"
"SWE","2013","H. influenzae","Ampicillin sulbactam","J01C","11","0","0"
"SWE","2014","H. influenzae","Ampicillin sulbactam","J01C","4","0","0"
"SWE","2017","H. influenzae","Ampicillin sulbactam","J01C","9","2","22.22"
"SWE","2018","H. influenzae","Ampicillin sulbactam","J01C","9","0","0"
"CHE","2018","H. influenzae","Ampicillin sulbactam","J01C","19","0","0"
"TWN","2012","H. influenzae","Ampicillin sulbactam","J01C","1","0","0"
"TWN","2013","H. influenzae","Ampicillin sulbactam","J01C","3","1","33.33"
"TWN","2014","H. influenzae","Ampicillin sulbactam","J01C","12","1","8.33"
"TWN","2015","H. influenzae","Ampicillin sulbactam","J01C","23","0","0"
"TWN","2016","H. influenzae","Ampicillin sulbactam","J01C","18","3","16.67"
"TWN","2017","H. influenzae","Ampicillin sulbactam","J01C","18","7","38.89"
"TWN","2018","H. influenzae","Ampicillin sulbactam","J01C","26","9","34.62"
"THA","2012","H. influenzae","Ampicillin sulbactam","J01C","2","1","50"
"THA","2013","H. influenzae","Ampicillin sulbactam","J01C","8","1","12.5"
"THA","2014","H. influenzae","Ampicillin sulbactam","J01C","11","0","0"
"THA","2015","H. influenzae","Ampicillin sulbactam","J01C","25","4","16"
"THA","2016","H. influenzae","Ampicillin sulbactam","J01C","24","0","0"
"THA","2017","H. influenzae","Ampicillin sulbactam","J01C","27","7","25.93"
"THA","2018","H. influenzae","Ampicillin sulbactam","J01C","21","1","4.76"
"TUR","2012","H. influenzae","Ampicillin sulbactam","J01C","4","1","25"
"TUR","2013","H. influenzae","Ampicillin sulbactam","J01C","2","0","0"
"TUR","2014","H. influenzae","Ampicillin sulbactam","J01C","7","1","14.29"
"TUR","2015","H. influenzae","Ampicillin sulbactam","J01C","10","1","10"
"TUR","2016","H. influenzae","Ampicillin sulbactam","J01C","14","0","0"
"TUR","2017","H. influenzae","Ampicillin sulbactam","J01C","12","0","0"
"TUR","2018","H. influenzae","Ampicillin sulbactam","J01C","4","0","0"
"UKR","2018","H. influenzae","Ampicillin sulbactam","J01C","11","1","9.09"
"GBR","2012","H. influenzae","Ampicillin sulbactam","J01C","4","0","0"
"GBR","2013","H. influenzae","Ampicillin sulbactam","J01C","10","0","0"
"GBR","2014","H. influenzae","Ampicillin sulbactam","J01C","12","0","0"
"GBR","2015","H. influenzae","Ampicillin sulbactam","J01C","30","0","0"
"GBR","2016","H. influenzae","Ampicillin sulbactam","J01C","32","1","3.12"
"GBR","2017","H. influenzae","Ampicillin sulbactam","J01C","32","1","3.12"
"GBR","2018","H. influenzae","Ampicillin sulbactam","J01C","46","0","0"
"USA","2012","H. influenzae","Ampicillin sulbactam","J01C","39","8","20.51"
"USA","2013","H. influenzae","Ampicillin sulbactam","J01C","41","0","0"
"USA","2014","H. influenzae","Ampicillin sulbactam","J01C","51","0","0"
"USA","2015","H. influenzae","Ampicillin sulbactam","J01C","108","5","4.63"
"USA","2016","H. influenzae","Ampicillin sulbactam","J01C","146","3","2.05"
"USA","2018","H. influenzae","Ampicillin sulbactam","J01C","189","8","4.23"
"VEN","2012","H. influenzae","Ampicillin sulbactam","J01C","3","1","33.33"
"VEN","2013","H. influenzae","Ampicillin sulbactam","J01C","6","0","0"
"VEN","2014","H. influenzae","Ampicillin sulbactam","J01C","4","0","0"
"VEN","2015","H. influenzae","Ampicillin sulbactam","J01C","10","0","0"
"VEN","2016","H. influenzae","Ampicillin sulbactam","J01C","8","0","0"
"VEN","2017","H. influenzae","Ampicillin sulbactam","J01C","3","0","0"
"VEN","2018","H. influenzae","Ampicillin sulbactam","J01C","4","0","0"
"ARG","2004","H. influenzae","Pip/taz","J01C","20","0","0"
"ARG","2005","H. influenzae","Pip/taz","J01C","93","0","0"
"ARG","2006","H. influenzae","Pip/taz","J01C","28","0","0"
"ARG","2007","H. influenzae","Pip/taz","J01C","90","1","1.11"
"ARG","2008","H. influenzae","Pip/taz","J01C","89","1","1.12"
"ARG","2009","H. influenzae","Pip/taz","J01C","78","0","0"
"ARG","2010","H. influenzae","Pip/taz","J01C","60","0","0"
"ARG","2011","H. influenzae","Pip/taz","J01C","7","1","14.29"
"ARG","2012","H. influenzae","Pip/taz","J01C","6","0","0"
"ARG","2013","H. influenzae","Pip/taz","J01C","9","0","0"
"ARG","2014","H. influenzae","Pip/taz","J01C","9","0","0"
"ARG","2015","H. influenzae","Pip/taz","J01C","24","0","0"
"ARG","2016","H. influenzae","Pip/taz","J01C","17","0","0"
"ARG","2017","H. influenzae","Pip/taz","J01C","31","0","0"
"ARG","2018","H. influenzae","Pip/taz","J01C","8","0","0"
"AUS","2004","H. influenzae","Pip/taz","J01C","14","0","0"
"AUS","2005","H. influenzae","Pip/taz","J01C","15","0","0"
"AUS","2006","H. influenzae","Pip/taz","J01C","48","0","0"
"AUS","2007","H. influenzae","Pip/taz","J01C","67","0","0"
"AUS","2008","H. influenzae","Pip/taz","J01C","40","0","0"
"AUS","2009","H. influenzae","Pip/taz","J01C","35","0","0"
"AUS","2010","H. influenzae","Pip/taz","J01C","29","0","0"
"AUS","2012","H. influenzae","Pip/taz","J01C","12","0","0"
"AUS","2013","H. influenzae","Pip/taz","J01C","10","0","0"
"AUS","2014","H. influenzae","Pip/taz","J01C","17","0","0"
"AUS","2015","H. influenzae","Pip/taz","J01C","27","0","0"
"AUS","2016","H. influenzae","Pip/taz","J01C","39","0","0"
"AUS","2017","H. influenzae","Pip/taz","J01C","38","0","0"
"AUS","2018","H. influenzae","Pip/taz","J01C","38","0","0"
"AUT","2004","H. influenzae","Pip/taz","J01C","15","0","0"
"AUT","2006","H. influenzae","Pip/taz","J01C","10","0","0"
"AUT","2008","H. influenzae","Pip/taz","J01C","15","0","0"
"AUT","2009","H. influenzae","Pip/taz","J01C","39","0","0"
"AUT","2010","H. influenzae","Pip/taz","J01C","9","0","0"
"AUT","2011","H. influenzae","Pip/taz","J01C","26","0","0"
"AUT","2012","H. influenzae","Pip/taz","J01C","9","0","0"
"AUT","2013","H. influenzae","Pip/taz","J01C","9","0","0"
"AUT","2014","H. influenzae","Pip/taz","J01C","11","0","0"
"AUT","2015","H. influenzae","Pip/taz","J01C","8","0","0"
"AUT","2016","H. influenzae","Pip/taz","J01C","23","0","0"
"BEL","2004","H. influenzae","Pip/taz","J01C","15","0","0"
"BEL","2005","H. influenzae","Pip/taz","J01C","22","0","0"
"BEL","2006","H. influenzae","Pip/taz","J01C","30","0","0"
"BEL","2007","H. influenzae","Pip/taz","J01C","59","0","0"
"BEL","2008","H. influenzae","Pip/taz","J01C","33","0","0"
"BEL","2009","H. influenzae","Pip/taz","J01C","62","0","0"
"BEL","2010","H. influenzae","Pip/taz","J01C","46","0","0"
"BEL","2011","H. influenzae","Pip/taz","J01C","51","0","0"
"BEL","2012","H. influenzae","Pip/taz","J01C","40","0","0"
"BEL","2013","H. influenzae","Pip/taz","J01C","112","0","0"
"BEL","2014","H. influenzae","Pip/taz","J01C","115","0","0"
"BEL","2015","H. influenzae","Pip/taz","J01C","115","0","0"
"BEL","2016","H. influenzae","Pip/taz","J01C","125","0","0"
"BEL","2017","H. influenzae","Pip/taz","J01C","91","0","0"
"BEL","2018","H. influenzae","Pip/taz","J01C","48","1","2.08"
"BRA","2004","H. influenzae","Pip/taz","J01C","12","0","0"
"BRA","2005","H. influenzae","Pip/taz","J01C","15","0","0"
"BRA","2006","H. influenzae","Pip/taz","J01C","3","0","0"
"BRA","2007","H. influenzae","Pip/taz","J01C","30","0","0"
"BRA","2008","H. influenzae","Pip/taz","J01C","15","0","0"
"BRA","2009","H. influenzae","Pip/taz","J01C","15","0","0"
"BRA","2014","H. influenzae","Pip/taz","J01C","2","0","0"
"BRA","2015","H. influenzae","Pip/taz","J01C","6","0","0"
"BRA","2016","H. influenzae","Pip/taz","J01C","17","0","0"
"BRA","2017","H. influenzae","Pip/taz","J01C","20","0","0"
"BRA","2018","H. influenzae","Pip/taz","J01C","18","0","0"
"BGR","2008","H. influenzae","Pip/taz","J01C","3","0","0"
"BGR","2009","H. influenzae","Pip/taz","J01C","22","0","0"
"BGR","2010","H. influenzae","Pip/taz","J01C","27","0","0"
"BGR","2011","H. influenzae","Pip/taz","J01C","11","0","0"
"CAN","2004","H. influenzae","Pip/taz","J01C","19","0","0"
"CAN","2005","H. influenzae","Pip/taz","J01C","40","0","0"
"CAN","2006","H. influenzae","Pip/taz","J01C","55","0","0"
"CAN","2007","H. influenzae","Pip/taz","J01C","69","0","0"
"CAN","2008","H. influenzae","Pip/taz","J01C","56","0","0"
"CAN","2009","H. influenzae","Pip/taz","J01C","76","0","0"
"CAN","2010","H. influenzae","Pip/taz","J01C","65","0","0"
"CAN","2011","H. influenzae","Pip/taz","J01C","38","1","2.63"
"CAN","2012","H. influenzae","Pip/taz","J01C","109","0","0"
"CAN","2013","H. influenzae","Pip/taz","J01C","96","0","0"
"CAN","2014","H. influenzae","Pip/taz","J01C","77","0","0"
"CAN","2015","H. influenzae","Pip/taz","J01C","78","0","0"
"CAN","2016","H. influenzae","Pip/taz","J01C","83","0","0"
"CAN","2017","H. influenzae","Pip/taz","J01C","69","0","0"
"CAN","2018","H. influenzae","Pip/taz","J01C","78","0","0"
"CHL","2005","H. influenzae","Pip/taz","J01C","12","0","0"
"CHL","2006","H. influenzae","Pip/taz","J01C","3","0","0"
"CHL","2007","H. influenzae","Pip/taz","J01C","39","0","0"
"CHL","2008","H. influenzae","Pip/taz","J01C","16","0","0"
"CHL","2009","H. influenzae","Pip/taz","J01C","11","0","0"
"CHL","2012","H. influenzae","Pip/taz","J01C","3","0","0"
"CHL","2013","H. influenzae","Pip/taz","J01C","18","0","0"
"CHL","2014","H. influenzae","Pip/taz","J01C","27","0","0"
"CHL","2015","H. influenzae","Pip/taz","J01C","29","0","0"
"CHL","2016","H. influenzae","Pip/taz","J01C","34","0","0"
"CHL","2017","H. influenzae","Pip/taz","J01C","28","0","0"
"CHL","2018","H. influenzae","Pip/taz","J01C","20","0","0"
"CHN","2004","H. influenzae","Pip/taz","J01C","15","0","0"
"CHN","2005","H. influenzae","Pip/taz","J01C","15","0","0"
"CHN","2006","H. influenzae","Pip/taz","J01C","14","0","0"
"CHN","2008","H. influenzae","Pip/taz","J01C","18","0","0"
"CHN","2009","H. influenzae","Pip/taz","J01C","33","0","0"
"CHN","2010","H. influenzae","Pip/taz","J01C","35","1","2.86"
"CHN","2012","H. influenzae","Pip/taz","J01C","10","0","0"
"CHN","2013","H. influenzae","Pip/taz","J01C","10","0","0"
"CHN","2015","H. influenzae","Pip/taz","J01C","80","0","0"
"CHN","2016","H. influenzae","Pip/taz","J01C","77","0","0"
"COL","2006","H. influenzae","Pip/taz","J01C","15","0","0"
"COL","2007","H. influenzae","Pip/taz","J01C","4","0","0"
"COL","2008","H. influenzae","Pip/taz","J01C","42","0","0"
"COL","2009","H. influenzae","Pip/taz","J01C","30","0","0"
"COL","2011","H. influenzae","Pip/taz","J01C","49","0","0"
"COL","2013","H. influenzae","Pip/taz","J01C","15","0","0"
"COL","2014","H. influenzae","Pip/taz","J01C","12","0","0"
"COL","2015","H. influenzae","Pip/taz","J01C","12","0","0"
"COL","2016","H. influenzae","Pip/taz","J01C","4","0","0"
"COL","2018","H. influenzae","Pip/taz","J01C","27","0","0"
"CRI","2018","H. influenzae","Pip/taz","J01C","3","0","0"
"HRV","2006","H. influenzae","Pip/taz","J01C","11","0","0"
"HRV","2007","H. influenzae","Pip/taz","J01C","24","0","0"
"HRV","2008","H. influenzae","Pip/taz","J01C","23","0","0"
"HRV","2009","H. influenzae","Pip/taz","J01C","19","0","0"
"HRV","2010","H. influenzae","Pip/taz","J01C","14","0","0"
"HRV","2013","H. influenzae","Pip/taz","J01C","14","0","0"
"HRV","2014","H. influenzae","Pip/taz","J01C","14","0","0"
"HRV","2015","H. influenzae","Pip/taz","J01C","15","0","0"
"HRV","2016","H. influenzae","Pip/taz","J01C","16","0","0"
"HRV","2017","H. influenzae","Pip/taz","J01C","13","0","0"
"HRV","2018","H. influenzae","Pip/taz","J01C","20","0","0"
"CZE","2006","H. influenzae","Pip/taz","J01C","15","0","0"
"CZE","2007","H. influenzae","Pip/taz","J01C","21","0","0"
"CZE","2008","H. influenzae","Pip/taz","J01C","7","0","0"
"CZE","2009","H. influenzae","Pip/taz","J01C","14","0","0"
"CZE","2010","H. influenzae","Pip/taz","J01C","12","0","0"
"CZE","2011","H. influenzae","Pip/taz","J01C","10","0","0"
"CZE","2013","H. influenzae","Pip/taz","J01C","4","0","0"
"CZE","2014","H. influenzae","Pip/taz","J01C","21","0","0"
"CZE","2015","H. influenzae","Pip/taz","J01C","30","0","0"
"CZE","2016","H. influenzae","Pip/taz","J01C","61","0","0"
"CZE","2017","H. influenzae","Pip/taz","J01C","67","0","0"
"CZE","2018","H. influenzae","Pip/taz","J01C","24","0","0"
"DNK","2006","H. influenzae","Pip/taz","J01C","30","0","0"
"DNK","2007","H. influenzae","Pip/taz","J01C","59","0","0"
"DNK","2008","H. influenzae","Pip/taz","J01C","22","0","0"
"DNK","2009","H. influenzae","Pip/taz","J01C","23","0","0"
"DNK","2010","H. influenzae","Pip/taz","J01C","17","0","0"
"DNK","2011","H. influenzae","Pip/taz","J01C","15","0","0"
"DNK","2012","H. influenzae","Pip/taz","J01C","4","0","0"
"DNK","2013","H. influenzae","Pip/taz","J01C","16","0","0"
"DNK","2014","H. influenzae","Pip/taz","J01C","42","0","0"
"DNK","2015","H. influenzae","Pip/taz","J01C","27","0","0"
"DNK","2016","H. influenzae","Pip/taz","J01C","23","0","0"
"DNK","2017","H. influenzae","Pip/taz","J01C","8","0","0"
"DNK","2018","H. influenzae","Pip/taz","J01C","10","0","0"
"DOM","2018","H. influenzae","Pip/taz","J01C","7","0","0"
"FIN","2006","H. influenzae","Pip/taz","J01C","15","0","0"
"FIN","2007","H. influenzae","Pip/taz","J01C","10","0","0"
"FIN","2008","H. influenzae","Pip/taz","J01C","16","0","0"
"FIN","2010","H. influenzae","Pip/taz","J01C","12","0","0"
"FIN","2011","H. influenzae","Pip/taz","J01C","15","0","0"
"FIN","2013","H. influenzae","Pip/taz","J01C","14","0","0"
"FIN","2014","H. influenzae","Pip/taz","J01C","30","0","0"
"FIN","2015","H. influenzae","Pip/taz","J01C","1","0","0"
"FIN","2016","H. influenzae","Pip/taz","J01C","15","0","0"
"FIN","2018","H. influenzae","Pip/taz","J01C","2","0","0"
"FRA","2004","H. influenzae","Pip/taz","J01C","56","0","0"
"FRA","2005","H. influenzae","Pip/taz","J01C","29","0","0"
"FRA","2006","H. influenzae","Pip/taz","J01C","78","0","0"
"FRA","2007","H. influenzae","Pip/taz","J01C","166","0","0"
"FRA","2008","H. influenzae","Pip/taz","J01C","256","0","0"
"FRA","2009","H. influenzae","Pip/taz","J01C","225","0","0"
"FRA","2010","H. influenzae","Pip/taz","J01C","166","0","0"
"FRA","2011","H. influenzae","Pip/taz","J01C","174","0","0"
"FRA","2012","H. influenzae","Pip/taz","J01C","149","0","0"
"FRA","2013","H. influenzae","Pip/taz","J01C","171","0","0"
"FRA","2014","H. influenzae","Pip/taz","J01C","167","0","0"
"FRA","2015","H. influenzae","Pip/taz","J01C","184","0","0"
"FRA","2016","H. influenzae","Pip/taz","J01C","182","0","0"
"FRA","2017","H. influenzae","Pip/taz","J01C","175","0","0"
"FRA","2018","H. influenzae","Pip/taz","J01C","99","0","0"
"DEU","2004","H. influenzae","Pip/taz","J01C","74","0","0"
"DEU","2005","H. influenzae","Pip/taz","J01C","15","0","0"
"DEU","2006","H. influenzae","Pip/taz","J01C","59","0","0"
"DEU","2007","H. influenzae","Pip/taz","J01C","89","0","0"
"DEU","2008","H. influenzae","Pip/taz","J01C","110","1","0.91"
"DEU","2009","H. influenzae","Pip/taz","J01C","169","0","0"
"DEU","2010","H. influenzae","Pip/taz","J01C","136","0","0"
"DEU","2011","H. influenzae","Pip/taz","J01C","171","0","0"
"DEU","2012","H. influenzae","Pip/taz","J01C","114","0","0"
"DEU","2013","H. influenzae","Pip/taz","J01C","214","0","0"
"DEU","2014","H. influenzae","Pip/taz","J01C","193","0","0"
"DEU","2015","H. influenzae","Pip/taz","J01C","162","1","0.62"
"DEU","2016","H. influenzae","Pip/taz","J01C","165","0","0"
"DEU","2017","H. influenzae","Pip/taz","J01C","194","1","0.52"
"DEU","2018","H. influenzae","Pip/taz","J01C","84","0","0"
"GRC","2004","H. influenzae","Pip/taz","J01C","13","0","0"
"GRC","2005","H. influenzae","Pip/taz","J01C","2","0","0"
"GRC","2006","H. influenzae","Pip/taz","J01C","59","0","0"
"GRC","2007","H. influenzae","Pip/taz","J01C","14","0","0"
"GRC","2008","H. influenzae","Pip/taz","J01C","11","0","0"
"GRC","2009","H. influenzae","Pip/taz","J01C","10","0","0"
"GRC","2010","H. influenzae","Pip/taz","J01C","8","0","0"
"GRC","2011","H. influenzae","Pip/taz","J01C","6","0","0"
"GRC","2012","H. influenzae","Pip/taz","J01C","2","0","0"
"GRC","2013","H. influenzae","Pip/taz","J01C","8","0","0"
"GRC","2014","H. influenzae","Pip/taz","J01C","19","0","0"
"GRC","2015","H. influenzae","Pip/taz","J01C","13","0","0"
"GRC","2016","H. influenzae","Pip/taz","J01C","34","0","0"
"GRC","2017","H. influenzae","Pip/taz","J01C","6","0","0"
"GRC","2018","H. influenzae","Pip/taz","J01C","15","0","0"
"GTM","2007","H. influenzae","Pip/taz","J01C","16","0","0"
"GTM","2018","H. influenzae","Pip/taz","J01C","10","0","0"
"HND","2007","H. influenzae","Pip/taz","J01C","8","0","0"
"HKG","2006","H. influenzae","Pip/taz","J01C","13","0","0"
"HKG","2007","H. influenzae","Pip/taz","J01C","31","0","0"
"HKG","2010","H. influenzae","Pip/taz","J01C","15","0","0"
"HKG","2013","H. influenzae","Pip/taz","J01C","3","0","0"
"HKG","2014","H. influenzae","Pip/taz","J01C","3","0","0"
"HKG","2015","H. influenzae","Pip/taz","J01C","15","0","0"
"HKG","2016","H. influenzae","Pip/taz","J01C","15","0","0"
"HKG","2017","H. influenzae","Pip/taz","J01C","14","0","0"
"HKG","2018","H. influenzae","Pip/taz","J01C","10","0","0"
"HUN","2004","H. influenzae","Pip/taz","J01C","14","0","0"
"HUN","2005","H. influenzae","Pip/taz","J01C","3","0","0"
"HUN","2007","H. influenzae","Pip/taz","J01C","15","0","0"
"HUN","2008","H. influenzae","Pip/taz","J01C","44","0","0"
"HUN","2009","H. influenzae","Pip/taz","J01C","42","0","0"
"HUN","2010","H. influenzae","Pip/taz","J01C","29","0","0"
"HUN","2012","H. influenzae","Pip/taz","J01C","8","0","0"
"HUN","2013","H. influenzae","Pip/taz","J01C","8","0","0"
"HUN","2014","H. influenzae","Pip/taz","J01C","23","0","0"
"HUN","2015","H. influenzae","Pip/taz","J01C","26","0","0"
"HUN","2016","H. influenzae","Pip/taz","J01C","38","0","0"
"HUN","2017","H. influenzae","Pip/taz","J01C","49","0","0"
"HUN","2018","H. influenzae","Pip/taz","J01C","26","0","0"
"IND","2004","H. influenzae","Pip/taz","J01C","11","0","0"
"IND","2007","H. influenzae","Pip/taz","J01C","5","0","0"
"IND","2008","H. influenzae","Pip/taz","J01C","7","0","0"
"IND","2015","H. influenzae","Pip/taz","J01C","10","0","0"
"IND","2016","H. influenzae","Pip/taz","J01C","27","0","0"
"IRL","2004","H. influenzae","Pip/taz","J01C","15","0","0"
"IRL","2006","H. influenzae","Pip/taz","J01C","28","0","0"
"IRL","2007","H. influenzae","Pip/taz","J01C","31","0","0"
"IRL","2008","H. influenzae","Pip/taz","J01C","11","0","0"
"IRL","2009","H. influenzae","Pip/taz","J01C","25","0","0"
"IRL","2010","H. influenzae","Pip/taz","J01C","32","0","0"
"IRL","2011","H. influenzae","Pip/taz","J01C","31","0","0"
"IRL","2012","H. influenzae","Pip/taz","J01C","31","0","0"
"IRL","2013","H. influenzae","Pip/taz","J01C","43","1","2.33"
"IRL","2014","H. influenzae","Pip/taz","J01C","16","0","0"
"IRL","2015","H. influenzae","Pip/taz","J01C","16","1","6.25"
"IRL","2016","H. influenzae","Pip/taz","J01C","29","0","0"
"IRL","2017","H. influenzae","Pip/taz","J01C","26","0","0"
"IRL","2018","H. influenzae","Pip/taz","J01C","23","0","0"
"ISR","2006","H. influenzae","Pip/taz","J01C","29","0","0"
"ISR","2007","H. influenzae","Pip/taz","J01C","49","0","0"
"ISR","2008","H. influenzae","Pip/taz","J01C","76","0","0"
"ISR","2009","H. influenzae","Pip/taz","J01C","82","0","0"
"ISR","2010","H. influenzae","Pip/taz","J01C","106","0","0"
"ISR","2011","H. influenzae","Pip/taz","J01C","1","0","0"
"ISR","2012","H. influenzae","Pip/taz","J01C","13","0","0"
"ISR","2013","H. influenzae","Pip/taz","J01C","24","0","0"
"ISR","2014","H. influenzae","Pip/taz","J01C","26","0","0"
"ISR","2015","H. influenzae","Pip/taz","J01C","28","0","0"
"ISR","2016","H. influenzae","Pip/taz","J01C","32","0","0"
"ISR","2017","H. influenzae","Pip/taz","J01C","32","0","0"
"ISR","2018","H. influenzae","Pip/taz","J01C","36","2","5.56"
"ITA","2004","H. influenzae","Pip/taz","J01C","45","0","0"
"ITA","2005","H. influenzae","Pip/taz","J01C","71","1","1.41"
"ITA","2006","H. influenzae","Pip/taz","J01C","121","1","0.83"
"ITA","2007","H. influenzae","Pip/taz","J01C","77","0","0"
"ITA","2008","H. influenzae","Pip/taz","J01C","174","0","0"
"ITA","2009","H. influenzae","Pip/taz","J01C","119","0","0"
"ITA","2010","H. influenzae","Pip/taz","J01C","94","0","0"
"ITA","2011","H. influenzae","Pip/taz","J01C","139","0","0"
"ITA","2012","H. influenzae","Pip/taz","J01C","99","0","0"
"ITA","2013","H. influenzae","Pip/taz","J01C","118","0","0"
"ITA","2014","H. influenzae","Pip/taz","J01C","168","1","0.6"
"ITA","2015","H. influenzae","Pip/taz","J01C","140","0","0"
"ITA","2016","H. influenzae","Pip/taz","J01C","124","0","0"
"ITA","2017","H. influenzae","Pip/taz","J01C","107","0","0"
"ITA","2018","H. influenzae","Pip/taz","J01C","58","0","0"
"JAM","2006","H. influenzae","Pip/taz","J01C","15","0","0"
"JPN","2012","H. influenzae","Pip/taz","J01C","3","0","0"
"JPN","2013","H. influenzae","Pip/taz","J01C","8","0","0"
"JPN","2014","H. influenzae","Pip/taz","J01C","6","0","0"
"JPN","2015","H. influenzae","Pip/taz","J01C","15","0","0"
"JPN","2016","H. influenzae","Pip/taz","J01C","27","0","0"
"JPN","2017","H. influenzae","Pip/taz","J01C","49","0","0"
"JPN","2018","H. influenzae","Pip/taz","J01C","30","0","0"
"JOR","2010","H. influenzae","Pip/taz","J01C","8","0","0"
"JOR","2011","H. influenzae","Pip/taz","J01C","18","1","5.56"
"JOR","2012","H. influenzae","Pip/taz","J01C","18","0","0"
"JOR","2013","H. influenzae","Pip/taz","J01C","15","1","6.67"
"JOR","2015","H. influenzae","Pip/taz","J01C","14","0","0"
"JOR","2016","H. influenzae","Pip/taz","J01C","6","0","0"
"JOR","2017","H. influenzae","Pip/taz","J01C","3","0","0"
"JOR","2018","H. influenzae","Pip/taz","J01C","1","0","0"
"KEN","2014","H. influenzae","Pip/taz","J01C","3","0","0"
"KOR","2005","H. influenzae","Pip/taz","J01C","13","0","0"
"KOR","2006","H. influenzae","Pip/taz","J01C","36","0","0"
"KOR","2007","H. influenzae","Pip/taz","J01C","59","0","0"
"KOR","2008","H. influenzae","Pip/taz","J01C","26","0","0"
"KOR","2009","H. influenzae","Pip/taz","J01C","43","0","0"
"KOR","2010","H. influenzae","Pip/taz","J01C","24","0","0"
"KOR","2012","H. influenzae","Pip/taz","J01C","5","0","0"
"KOR","2013","H. influenzae","Pip/taz","J01C","10","0","0"
"KOR","2014","H. influenzae","Pip/taz","J01C","9","0","0"
"KOR","2015","H. influenzae","Pip/taz","J01C","35","0","0"
"KOR","2016","H. influenzae","Pip/taz","J01C","33","0","0"
"KOR","2017","H. influenzae","Pip/taz","J01C","35","0","0"
"KOR","2018","H. influenzae","Pip/taz","J01C","22","1","4.55"
"KWT","2012","H. influenzae","Pip/taz","J01C","29","0","0"
"KWT","2013","H. influenzae","Pip/taz","J01C","4","0","0"
"KWT","2014","H. influenzae","Pip/taz","J01C","16","0","0"
"KWT","2015","H. influenzae","Pip/taz","J01C","42","0","0"
"KWT","2016","H. influenzae","Pip/taz","J01C","39","0","0"
"KWT","2017","H. influenzae","Pip/taz","J01C","43","0","0"
"KWT","2018","H. influenzae","Pip/taz","J01C","30","0","0"
"LVA","2004","H. influenzae","Pip/taz","J01C","15","0","0"
"LVA","2005","H. influenzae","Pip/taz","J01C","7","0","0"
"LVA","2008","H. influenzae","Pip/taz","J01C","17","0","0"
"LVA","2009","H. influenzae","Pip/taz","J01C","11","0","0"
"LVA","2010","H. influenzae","Pip/taz","J01C","15","1","6.67"
"LVA","2016","H. influenzae","Pip/taz","J01C","15","0","0"
"LVA","2017","H. influenzae","Pip/taz","J01C","15","0","0"
"LVA","2018","H. influenzae","Pip/taz","J01C","7","0","0"
"LBN","2006","H. influenzae","Pip/taz","J01C","16","0","0"
"LTU","2006","H. influenzae","Pip/taz","J01C","15","0","0"
"LTU","2008","H. influenzae","Pip/taz","J01C","30","0","0"
"LTU","2010","H. influenzae","Pip/taz","J01C","7","0","0"
"LTU","2016","H. influenzae","Pip/taz","J01C","14","0","0"
"LTU","2017","H. influenzae","Pip/taz","J01C","15","0","0"
"LTU","2018","H. influenzae","Pip/taz","J01C","19","0","0"
"MYS","2008","H. influenzae","Pip/taz","J01C","5","0","0"
"MYS","2009","H. influenzae","Pip/taz","J01C","8","0","0"
"MYS","2010","H. influenzae","Pip/taz","J01C","13","0","0"
"MYS","2013","H. influenzae","Pip/taz","J01C","4","0","0"
"MYS","2014","H. influenzae","Pip/taz","J01C","4","0","0"
"MYS","2015","H. influenzae","Pip/taz","J01C","17","0","0"
"MYS","2016","H. influenzae","Pip/taz","J01C","2","0","0"
"MYS","2018","H. influenzae","Pip/taz","J01C","4","0","0"
"MUS","2009","H. influenzae","Pip/taz","J01C","1","0","0"
"MEX","2005","H. influenzae","Pip/taz","J01C","7","1","14.29"
"MEX","2006","H. influenzae","Pip/taz","J01C","59","0","0"
"MEX","2007","H. influenzae","Pip/taz","J01C","65","1","1.54"
"MEX","2008","H. influenzae","Pip/taz","J01C","30","0","0"
"MEX","2009","H. influenzae","Pip/taz","J01C","37","0","0"
"MEX","2010","H. influenzae","Pip/taz","J01C","30","0","0"
"MEX","2012","H. influenzae","Pip/taz","J01C","2","0","0"
"MEX","2013","H. influenzae","Pip/taz","J01C","4","0","0"
"MEX","2014","H. influenzae","Pip/taz","J01C","9","0","0"
"MEX","2015","H. influenzae","Pip/taz","J01C","14","0","0"
"MEX","2016","H. influenzae","Pip/taz","J01C","8","0","0"
"MEX","2017","H. influenzae","Pip/taz","J01C","18","0","0"
"MEX","2018","H. influenzae","Pip/taz","J01C","17","0","0"
"MAR","2011","H. influenzae","Pip/taz","J01C","4","0","0"
"MAR","2012","H. influenzae","Pip/taz","J01C","27","0","0"
"MAR","2013","H. influenzae","Pip/taz","J01C","14","0","0"
"MAR","2015","H. influenzae","Pip/taz","J01C","12","0","0"
"MAR","2016","H. influenzae","Pip/taz","J01C","12","0","0"
"MAR","2017","H. influenzae","Pip/taz","J01C","7","0","0"
"MAR","2018","H. influenzae","Pip/taz","J01C","12","0","0"
"NLD","2004","H. influenzae","Pip/taz","J01C","14","0","0"
"NLD","2006","H. influenzae","Pip/taz","J01C","14","0","0"
"NLD","2008","H. influenzae","Pip/taz","J01C","23","0","0"
"NLD","2009","H. influenzae","Pip/taz","J01C","20","0","0"
"NLD","2010","H. influenzae","Pip/taz","J01C","15","0","0"
"NLD","2011","H. influenzae","Pip/taz","J01C","14","0","0"
"NLD","2012","H. influenzae","Pip/taz","J01C","19","0","0"
"NLD","2013","H. influenzae","Pip/taz","J01C","22","0","0"
"NLD","2014","H. influenzae","Pip/taz","J01C","19","0","0"
"NLD","2015","H. influenzae","Pip/taz","J01C","30","0","0"
"NLD","2016","H. influenzae","Pip/taz","J01C","32","0","0"
"NLD","2017","H. influenzae","Pip/taz","J01C","32","0","0"
"NLD","2018","H. influenzae","Pip/taz","J01C","20","0","0"
"NOR","2006","H. influenzae","Pip/taz","J01C","12","0","0"
"OMN","2007","H. influenzae","Pip/taz","J01C","15","0","0"
"PAK","2004","H. influenzae","Pip/taz","J01C","8","0","0"
"PAK","2005","H. influenzae","Pip/taz","J01C","7","0","0"
"PAK","2006","H. influenzae","Pip/taz","J01C","14","0","0"
"PAK","2015","H. influenzae","Pip/taz","J01C","15","0","0"
"PAK","2016","H. influenzae","Pip/taz","J01C","10","0","0"
"PAK","2017","H. influenzae","Pip/taz","J01C","7","0","0"
"PAN","2008","H. influenzae","Pip/taz","J01C","13","0","0"
"PAN","2009","H. influenzae","Pip/taz","J01C","13","0","0"
"PAN","2012","H. influenzae","Pip/taz","J01C","11","0","0"
"PAN","2013","H. influenzae","Pip/taz","J01C","14","0","0"
"PAN","2014","H. influenzae","Pip/taz","J01C","17","0","0"
"PAN","2015","H. influenzae","Pip/taz","J01C","13","0","0"
"PAN","2016","H. influenzae","Pip/taz","J01C","8","0","0"
"PAN","2017","H. influenzae","Pip/taz","J01C","4","0","0"
"PAN","2018","H. influenzae","Pip/taz","J01C","7","0","0"
"PHL","2004","H. influenzae","Pip/taz","J01C","15","0","0"
"PHL","2007","H. influenzae","Pip/taz","J01C","1","0","0"
"PHL","2008","H. influenzae","Pip/taz","J01C","6","0","0"
"PHL","2012","H. influenzae","Pip/taz","J01C","7","0","0"
"PHL","2013","H. influenzae","Pip/taz","J01C","9","0","0"
"PHL","2014","H. influenzae","Pip/taz","J01C","11","0","0"
"PHL","2015","H. influenzae","Pip/taz","J01C","21","0","0"
"PHL","2016","H. influenzae","Pip/taz","J01C","25","0","0"
"PHL","2017","H. influenzae","Pip/taz","J01C","19","0","0"
"PHL","2018","H. influenzae","Pip/taz","J01C","6","0","0"
"POL","2004","H. influenzae","Pip/taz","J01C","15","0","0"
"POL","2008","H. influenzae","Pip/taz","J01C","12","0","0"
"POL","2009","H. influenzae","Pip/taz","J01C","37","0","0"
"POL","2010","H. influenzae","Pip/taz","J01C","27","0","0"
"POL","2013","H. influenzae","Pip/taz","J01C","24","0","0"
"POL","2014","H. influenzae","Pip/taz","J01C","25","0","0"
"POL","2015","H. influenzae","Pip/taz","J01C","15","0","0"
"POL","2016","H. influenzae","Pip/taz","J01C","13","0","0"
"POL","2017","H. influenzae","Pip/taz","J01C","37","0","0"
"POL","2018","H. influenzae","Pip/taz","J01C","21","0","0"
"PRT","2004","H. influenzae","Pip/taz","J01C","14","0","0"
"PRT","2008","H. influenzae","Pip/taz","J01C","16","0","0"
"PRT","2009","H. influenzae","Pip/taz","J01C","27","0","0"
"PRT","2010","H. influenzae","Pip/taz","J01C","28","0","0"
"PRT","2011","H. influenzae","Pip/taz","J01C","37","0","0"
"PRT","2012","H. influenzae","Pip/taz","J01C","66","0","0"
"PRT","2013","H. influenzae","Pip/taz","J01C","72","0","0"
"PRT","2014","H. influenzae","Pip/taz","J01C","82","0","0"
"PRT","2015","H. influenzae","Pip/taz","J01C","67","0","0"
"PRT","2016","H. influenzae","Pip/taz","J01C","61","0","0"
"PRT","2017","H. influenzae","Pip/taz","J01C","48","0","0"
"PRT","2018","H. influenzae","Pip/taz","J01C","42","0","0"
"ROU","2008","H. influenzae","Pip/taz","J01C","10","0","0"
"ROU","2009","H. influenzae","Pip/taz","J01C","2","0","0"
"ROU","2010","H. influenzae","Pip/taz","J01C","6","0","0"
"ROU","2011","H. influenzae","Pip/taz","J01C","5","0","0"
"ROU","2012","H. influenzae","Pip/taz","J01C","2","0","0"
"ROU","2013","H. influenzae","Pip/taz","J01C","9","0","0"
"ROU","2015","H. influenzae","Pip/taz","J01C","8","1","12.5"
"ROU","2016","H. influenzae","Pip/taz","J01C","3","0","0"
"ROU","2018","H. influenzae","Pip/taz","J01C","15","0","0"
"RUS","2013","H. influenzae","Pip/taz","J01C","4","0","0"
"RUS","2014","H. influenzae","Pip/taz","J01C","18","0","0"
"RUS","2015","H. influenzae","Pip/taz","J01C","6","0","0"
"RUS","2016","H. influenzae","Pip/taz","J01C","5","0","0"
"RUS","2017","H. influenzae","Pip/taz","J01C","11","0","0"
"RUS","2018","H. influenzae","Pip/taz","J01C","5","0","0"
"SAU","2009","H. influenzae","Pip/taz","J01C","14","0","0"
"SAU","2011","H. influenzae","Pip/taz","J01C","14","0","0"
"SAU","2012","H. influenzae","Pip/taz","J01C","23","0","0"
"SAU","2013","H. influenzae","Pip/taz","J01C","7","0","0"
"SAU","2016","H. influenzae","Pip/taz","J01C","13","0","0"
"SAU","2018","H. influenzae","Pip/taz","J01C","9","0","0"
"SRB","2017","H. influenzae","Pip/taz","J01C","15","0","0"
"SGP","2004","H. influenzae","Pip/taz","J01C","15","0","0"
"SGP","2005","H. influenzae","Pip/taz","J01C","10","0","0"
"SGP","2006","H. influenzae","Pip/taz","J01C","13","0","0"
"SGP","2007","H. influenzae","Pip/taz","J01C","35","0","0"
"SGP","2008","H. influenzae","Pip/taz","J01C","8","0","0"
"SGP","2009","H. influenzae","Pip/taz","J01C","13","0","0"
"SGP","2010","H. influenzae","Pip/taz","J01C","11","0","0"
"SGP","2011","H. influenzae","Pip/taz","J01C","1","0","0"
"SGP","2014","H. influenzae","Pip/taz","J01C","2","0","0"
"SGP","2015","H. influenzae","Pip/taz","J01C","13","0","0"
"SGP","2018","H. influenzae","Pip/taz","J01C","10","1","10"
"SVK","2007","H. influenzae","Pip/taz","J01C","30","0","0"
"SVK","2008","H. influenzae","Pip/taz","J01C","3","0","0"
"SVK","2009","H. influenzae","Pip/taz","J01C","27","0","0"
"SVK","2011","H. influenzae","Pip/taz","J01C","10","0","0"
"SVN","2006","H. influenzae","Pip/taz","J01C","15","0","0"
"SVN","2007","H. influenzae","Pip/taz","J01C","19","0","0"
"SVN","2008","H. influenzae","Pip/taz","J01C","37","0","0"
"SVN","2009","H. influenzae","Pip/taz","J01C","22","0","0"
"SVN","2010","H. influenzae","Pip/taz","J01C","8","0","0"
"ZAF","2005","H. influenzae","Pip/taz","J01C","31","0","0"
"ZAF","2006","H. influenzae","Pip/taz","J01C","55","1","1.82"
"ZAF","2007","H. influenzae","Pip/taz","J01C","69","0","0"
"ZAF","2008","H. influenzae","Pip/taz","J01C","5","0","0"
"ZAF","2009","H. influenzae","Pip/taz","J01C","10","0","0"
"ZAF","2011","H. influenzae","Pip/taz","J01C","14","0","0"
"ZAF","2012","H. influenzae","Pip/taz","J01C","6","0","0"
"ZAF","2013","H. influenzae","Pip/taz","J01C","22","0","0"
"ZAF","2014","H. influenzae","Pip/taz","J01C","12","0","0"
"ZAF","2015","H. influenzae","Pip/taz","J01C","28","0","0"
"ZAF","2016","H. influenzae","Pip/taz","J01C","43","0","0"
"ZAF","2017","H. influenzae","Pip/taz","J01C","51","0","0"
"ZAF","2018","H. influenzae","Pip/taz","J01C","31","1","3.23"
"ESP","2004","H. influenzae","Pip/taz","J01C","60","0","0"
"ESP","2005","H. influenzae","Pip/taz","J01C","59","0","0"
"ESP","2006","H. influenzae","Pip/taz","J01C","2","0","0"
"ESP","2007","H. influenzae","Pip/taz","J01C","82","1","1.22"
"ESP","2008","H. influenzae","Pip/taz","J01C","227","1","0.44"
"ESP","2009","H. influenzae","Pip/taz","J01C","182","0","0"
"ESP","2010","H. influenzae","Pip/taz","J01C","123","0","0"
"ESP","2011","H. influenzae","Pip/taz","J01C","208","0","0"
"ESP","2012","H. influenzae","Pip/taz","J01C","199","0","0"
"ESP","2013","H. influenzae","Pip/taz","J01C","306","0","0"
"ESP","2014","H. influenzae","Pip/taz","J01C","232","0","0"
"ESP","2015","H. influenzae","Pip/taz","J01C","247","1","0.4"
"ESP","2016","H. influenzae","Pip/taz","J01C","231","0","0"
"ESP","2017","H. influenzae","Pip/taz","J01C","225","0","0"
"ESP","2018","H. influenzae","Pip/taz","J01C","106","8","7.55"
"SWE","2005","H. influenzae","Pip/taz","J01C","12","0","0"
"SWE","2006","H. influenzae","Pip/taz","J01C","32","0","0"
"SWE","2007","H. influenzae","Pip/taz","J01C","43","0","0"
"SWE","2008","H. influenzae","Pip/taz","J01C","27","0","0"
"SWE","2009","H. influenzae","Pip/taz","J01C","40","0","0"
"SWE","2010","H. influenzae","Pip/taz","J01C","32","0","0"
"SWE","2011","H. influenzae","Pip/taz","J01C","41","0","0"
"SWE","2012","H. influenzae","Pip/taz","J01C","23","0","0"
"SWE","2013","H. influenzae","Pip/taz","J01C","26","0","0"
"SWE","2014","H. influenzae","Pip/taz","J01C","17","0","0"
"SWE","2017","H. influenzae","Pip/taz","J01C","9","0","0"
"SWE","2018","H. influenzae","Pip/taz","J01C","9","0","0"
"CHE","2004","H. influenzae","Pip/taz","J01C","7","0","0"
"CHE","2006","H. influenzae","Pip/taz","J01C","15","0","0"
"CHE","2008","H. influenzae","Pip/taz","J01C","20","0","0"
"CHE","2009","H. influenzae","Pip/taz","J01C","13","0","0"
"CHE","2010","H. influenzae","Pip/taz","J01C","11","0","0"
"CHE","2011","H. influenzae","Pip/taz","J01C","7","0","0"
"CHE","2012","H. influenzae","Pip/taz","J01C","36","0","0"
"CHE","2013","H. influenzae","Pip/taz","J01C","53","0","0"
"CHE","2014","H. influenzae","Pip/taz","J01C","32","0","0"
"CHE","2015","H. influenzae","Pip/taz","J01C","23","0","0"
"CHE","2016","H. influenzae","Pip/taz","J01C","30","0","0"
"CHE","2017","H. influenzae","Pip/taz","J01C","18","0","0"
"CHE","2018","H. influenzae","Pip/taz","J01C","19","1","5.26"
"TWN","2006","H. influenzae","Pip/taz","J01C","57","0","0"
"TWN","2007","H. influenzae","Pip/taz","J01C","38","0","0"
"TWN","2008","H. influenzae","Pip/taz","J01C","5","0","0"
"TWN","2009","H. influenzae","Pip/taz","J01C","11","0","0"
"TWN","2012","H. influenzae","Pip/taz","J01C","1","0","0"
"TWN","2013","H. influenzae","Pip/taz","J01C","3","0","0"
"TWN","2014","H. influenzae","Pip/taz","J01C","12","0","0"
"TWN","2015","H. influenzae","Pip/taz","J01C","31","0","0"
"TWN","2016","H. influenzae","Pip/taz","J01C","46","0","0"
"TWN","2017","H. influenzae","Pip/taz","J01C","39","0","0"
"TWN","2018","H. influenzae","Pip/taz","J01C","26","1","3.85"
"THA","2008","H. influenzae","Pip/taz","J01C","29","0","0"
"THA","2010","H. influenzae","Pip/taz","J01C","7","0","0"
"THA","2012","H. influenzae","Pip/taz","J01C","2","0","0"
"THA","2013","H. influenzae","Pip/taz","J01C","8","0","0"
"THA","2014","H. influenzae","Pip/taz","J01C","11","0","0"
"THA","2015","H. influenzae","Pip/taz","J01C","29","1","3.45"
"THA","2016","H. influenzae","Pip/taz","J01C","24","0","0"
"THA","2017","H. influenzae","Pip/taz","J01C","42","0","0"
"THA","2018","H. influenzae","Pip/taz","J01C","21","0","0"
"TUN","2011","H. influenzae","Pip/taz","J01C","16","0","0"
"TUN","2012","H. influenzae","Pip/taz","J01C","17","0","0"
"TUN","2013","H. influenzae","Pip/taz","J01C","13","1","7.69"
"TUR","2004","H. influenzae","Pip/taz","J01C","5","0","0"
"TUR","2005","H. influenzae","Pip/taz","J01C","16","0","0"
"TUR","2008","H. influenzae","Pip/taz","J01C","11","0","0"
"TUR","2012","H. influenzae","Pip/taz","J01C","4","0","0"
"TUR","2013","H. influenzae","Pip/taz","J01C","2","0","0"
"TUR","2014","H. influenzae","Pip/taz","J01C","7","0","0"
"TUR","2015","H. influenzae","Pip/taz","J01C","10","0","0"
"TUR","2016","H. influenzae","Pip/taz","J01C","14","0","0"
"TUR","2017","H. influenzae","Pip/taz","J01C","12","0","0"
"TUR","2018","H. influenzae","Pip/taz","J01C","4","0","0"
"UKR","2018","H. influenzae","Pip/taz","J01C","11","0","0"
"GBR","2004","H. influenzae","Pip/taz","J01C","65","0","0"
"GBR","2007","H. influenzae","Pip/taz","J01C","15","0","0"
"GBR","2008","H. influenzae","Pip/taz","J01C","6","0","0"
"GBR","2009","H. influenzae","Pip/taz","J01C","16","0","0"
"GBR","2010","H. influenzae","Pip/taz","J01C","28","0","0"
"GBR","2011","H. influenzae","Pip/taz","J01C","27","0","0"
"GBR","2012","H. influenzae","Pip/taz","J01C","17","0","0"
"GBR","2013","H. influenzae","Pip/taz","J01C","52","0","0"
"GBR","2014","H. influenzae","Pip/taz","J01C","41","0","0"
"GBR","2015","H. influenzae","Pip/taz","J01C","50","0","0"
"GBR","2016","H. influenzae","Pip/taz","J01C","71","1","1.41"
"GBR","2017","H. influenzae","Pip/taz","J01C","64","0","0"
"GBR","2018","H. influenzae","Pip/taz","J01C","46","1","2.17"
"USA","2004","H. influenzae","Pip/taz","J01C","810","1","0.12"
"USA","2005","H. influenzae","Pip/taz","J01C","801","1","0.12"
"USA","2006","H. influenzae","Pip/taz","J01C","852","0","0"
"USA","2007","H. influenzae","Pip/taz","J01C","996","5","0.5"
"USA","2008","H. influenzae","Pip/taz","J01C","336","2","0.6"
"USA","2009","H. influenzae","Pip/taz","J01C","403","0","0"
"USA","2010","H. influenzae","Pip/taz","J01C","307","0","0"
"USA","2011","H. influenzae","Pip/taz","J01C","378","0","0"
"USA","2012","H. influenzae","Pip/taz","J01C","384","2","0.52"
"USA","2013","H. influenzae","Pip/taz","J01C","488","1","0.2"
"USA","2014","H. influenzae","Pip/taz","J01C","323","0","0"
"USA","2015","H. influenzae","Pip/taz","J01C","328","0","0"
"USA","2016","H. influenzae","Pip/taz","J01C","322","0","0"
"USA","2017","H. influenzae","Pip/taz","J01C","117","0","0"
"USA","2018","H. influenzae","Pip/taz","J01C","189","0","0"
"VEN","2006","H. influenzae","Pip/taz","J01C","11","0","0"
"VEN","2007","H. influenzae","Pip/taz","J01C","24","0","0"
"VEN","2008","H. influenzae","Pip/taz","J01C","6","0","0"
"VEN","2009","H. influenzae","Pip/taz","J01C","26","4","15.38"
"VEN","2010","H. influenzae","Pip/taz","J01C","1","0","0"
"VEN","2011","H. influenzae","Pip/taz","J01C","15","0","0"
"VEN","2012","H. influenzae","Pip/taz","J01C","3","0","0"
"VEN","2013","H. influenzae","Pip/taz","J01C","6","0","0"
"VEN","2014","H. influenzae","Pip/taz","J01C","4","0","0"
"VEN","2015","H. influenzae","Pip/taz","J01C","16","0","0"
"VEN","2016","H. influenzae","Pip/taz","J01C","17","0","0"
"VEN","2017","H. influenzae","Pip/taz","J01C","3","0","0"
"VEN","2018","H. influenzae","Pip/taz","J01C","4","0","0"
"VNM","2016","H. influenzae","Pip/taz","J01C","8","0","0"
"ARG","2004","H. influenzae","Levofloxacin","J01M","20","0","0"
"ARG","2005","H. influenzae","Levofloxacin","J01M","93","0","0"
"ARG","2006","H. influenzae","Levofloxacin","J01M","28","0","0"
"ARG","2007","H. influenzae","Levofloxacin","J01M","90","0","0"
"ARG","2008","H. influenzae","Levofloxacin","J01M","89","0","0"
"ARG","2009","H. influenzae","Levofloxacin","J01M","78","0","0"
"ARG","2010","H. influenzae","Levofloxacin","J01M","60","0","0"
"ARG","2011","H. influenzae","Levofloxacin","J01M","7","0","0"
"ARG","2012","H. influenzae","Levofloxacin","J01M","6","0","0"
"ARG","2013","H. influenzae","Levofloxacin","J01M","9","0","0"
"ARG","2014","H. influenzae","Levofloxacin","J01M","9","0","0"
"ARG","2015","H. influenzae","Levofloxacin","J01M","24","0","0"
"ARG","2016","H. influenzae","Levofloxacin","J01M","17","0","0"
"ARG","2017","H. influenzae","Levofloxacin","J01M","31","0","0"
"ARG","2018","H. influenzae","Levofloxacin","J01M","8","0","0"
"AUS","2004","H. influenzae","Levofloxacin","J01M","14","0","0"
"AUS","2005","H. influenzae","Levofloxacin","J01M","15","0","0"
"AUS","2006","H. influenzae","Levofloxacin","J01M","48","0","0"
"AUS","2007","H. influenzae","Levofloxacin","J01M","67","0","0"
"AUS","2008","H. influenzae","Levofloxacin","J01M","40","0","0"
"AUS","2009","H. influenzae","Levofloxacin","J01M","35","0","0"
"AUS","2010","H. influenzae","Levofloxacin","J01M","29","0","0"
"AUS","2012","H. influenzae","Levofloxacin","J01M","12","0","0"
"AUS","2013","H. influenzae","Levofloxacin","J01M","10","0","0"
"AUS","2014","H. influenzae","Levofloxacin","J01M","17","0","0"
"AUS","2015","H. influenzae","Levofloxacin","J01M","27","0","0"
"AUS","2016","H. influenzae","Levofloxacin","J01M","39","0","0"
"AUS","2017","H. influenzae","Levofloxacin","J01M","38","0","0"
"AUS","2018","H. influenzae","Levofloxacin","J01M","38","0","0"
"AUT","2004","H. influenzae","Levofloxacin","J01M","15","0","0"
"AUT","2006","H. influenzae","Levofloxacin","J01M","10","0","0"
"AUT","2008","H. influenzae","Levofloxacin","J01M","15","0","0"
"AUT","2009","H. influenzae","Levofloxacin","J01M","39","0","0"
"AUT","2010","H. influenzae","Levofloxacin","J01M","9","0","0"
"AUT","2011","H. influenzae","Levofloxacin","J01M","26","0","0"
"AUT","2012","H. influenzae","Levofloxacin","J01M","9","0","0"
"AUT","2013","H. influenzae","Levofloxacin","J01M","9","0","0"
"AUT","2014","H. influenzae","Levofloxacin","J01M","11","0","0"
"AUT","2015","H. influenzae","Levofloxacin","J01M","8","0","0"
"AUT","2016","H. influenzae","Levofloxacin","J01M","23","0","0"
"BEL","2004","H. influenzae","Levofloxacin","J01M","15","0","0"
"BEL","2005","H. influenzae","Levofloxacin","J01M","22","0","0"
"BEL","2006","H. influenzae","Levofloxacin","J01M","30","0","0"
"BEL","2007","H. influenzae","Levofloxacin","J01M","59","0","0"
"BEL","2008","H. influenzae","Levofloxacin","J01M","33","0","0"
"BEL","2009","H. influenzae","Levofloxacin","J01M","62","0","0"
"BEL","2010","H. influenzae","Levofloxacin","J01M","46","0","0"
"BEL","2011","H. influenzae","Levofloxacin","J01M","51","0","0"
"BEL","2012","H. influenzae","Levofloxacin","J01M","40","0","0"
"BEL","2013","H. influenzae","Levofloxacin","J01M","112","0","0"
"BEL","2014","H. influenzae","Levofloxacin","J01M","115","0","0"
"BEL","2015","H. influenzae","Levofloxacin","J01M","115","0","0"
"BEL","2016","H. influenzae","Levofloxacin","J01M","125","0","0"
"BEL","2017","H. influenzae","Levofloxacin","J01M","91","0","0"
"BEL","2018","H. influenzae","Levofloxacin","J01M","48","0","0"
"BRA","2004","H. influenzae","Levofloxacin","J01M","12","0","0"
"BRA","2005","H. influenzae","Levofloxacin","J01M","15","0","0"
"BRA","2006","H. influenzae","Levofloxacin","J01M","3","0","0"
"BRA","2007","H. influenzae","Levofloxacin","J01M","30","0","0"
"BRA","2008","H. influenzae","Levofloxacin","J01M","15","0","0"
"BRA","2009","H. influenzae","Levofloxacin","J01M","15","0","0"
"BRA","2014","H. influenzae","Levofloxacin","J01M","2","0","0"
"BRA","2015","H. influenzae","Levofloxacin","J01M","6","0","0"
"BRA","2016","H. influenzae","Levofloxacin","J01M","17","0","0"
"BRA","2017","H. influenzae","Levofloxacin","J01M","20","0","0"
"BRA","2018","H. influenzae","Levofloxacin","J01M","18","0","0"
"BGR","2008","H. influenzae","Levofloxacin","J01M","3","0","0"
"BGR","2009","H. influenzae","Levofloxacin","J01M","22","0","0"
"BGR","2010","H. influenzae","Levofloxacin","J01M","27","0","0"
"BGR","2011","H. influenzae","Levofloxacin","J01M","11","0","0"
"CAN","2004","H. influenzae","Levofloxacin","J01M","19","0","0"
"CAN","2005","H. influenzae","Levofloxacin","J01M","40","0","0"
"CAN","2006","H. influenzae","Levofloxacin","J01M","55","0","0"
"CAN","2007","H. influenzae","Levofloxacin","J01M","69","0","0"
"CAN","2008","H. influenzae","Levofloxacin","J01M","56","0","0"
"CAN","2009","H. influenzae","Levofloxacin","J01M","76","0","0"
"CAN","2010","H. influenzae","Levofloxacin","J01M","65","0","0"
"CAN","2011","H. influenzae","Levofloxacin","J01M","38","0","0"
"CAN","2012","H. influenzae","Levofloxacin","J01M","109","0","0"
"CAN","2013","H. influenzae","Levofloxacin","J01M","96","0","0"
"CAN","2014","H. influenzae","Levofloxacin","J01M","77","0","0"
"CAN","2015","H. influenzae","Levofloxacin","J01M","78","0","0"
"CAN","2016","H. influenzae","Levofloxacin","J01M","83","0","0"
"CAN","2017","H. influenzae","Levofloxacin","J01M","69","0","0"
"CAN","2018","H. influenzae","Levofloxacin","J01M","78","0","0"
"CHL","2005","H. influenzae","Levofloxacin","J01M","12","0","0"
"CHL","2006","H. influenzae","Levofloxacin","J01M","3","0","0"
"CHL","2007","H. influenzae","Levofloxacin","J01M","39","0","0"
"CHL","2008","H. influenzae","Levofloxacin","J01M","16","0","0"
"CHL","2009","H. influenzae","Levofloxacin","J01M","11","0","0"
"CHL","2012","H. influenzae","Levofloxacin","J01M","3","0","0"
"CHL","2013","H. influenzae","Levofloxacin","J01M","18","0","0"
"CHL","2014","H. influenzae","Levofloxacin","J01M","27","0","0"
"CHL","2015","H. influenzae","Levofloxacin","J01M","29","0","0"
"CHL","2016","H. influenzae","Levofloxacin","J01M","34","0","0"
"CHL","2017","H. influenzae","Levofloxacin","J01M","28","0","0"
"CHL","2018","H. influenzae","Levofloxacin","J01M","20","0","0"
"CHN","2004","H. influenzae","Levofloxacin","J01M","15","0","0"
"CHN","2005","H. influenzae","Levofloxacin","J01M","15","0","0"
"CHN","2006","H. influenzae","Levofloxacin","J01M","14","0","0"
"CHN","2008","H. influenzae","Levofloxacin","J01M","18","0","0"
"CHN","2009","H. influenzae","Levofloxacin","J01M","33","0","0"
"CHN","2010","H. influenzae","Levofloxacin","J01M","35","0","0"
"CHN","2012","H. influenzae","Levofloxacin","J01M","10","0","0"
"CHN","2013","H. influenzae","Levofloxacin","J01M","10","0","0"
"CHN","2015","H. influenzae","Levofloxacin","J01M","80","0","0"
"CHN","2016","H. influenzae","Levofloxacin","J01M","77","0","0"
"COL","2006","H. influenzae","Levofloxacin","J01M","15","0","0"
"COL","2007","H. influenzae","Levofloxacin","J01M","4","0","0"
"COL","2008","H. influenzae","Levofloxacin","J01M","42","0","0"
"COL","2009","H. influenzae","Levofloxacin","J01M","30","0","0"
"COL","2011","H. influenzae","Levofloxacin","J01M","49","0","0"
"COL","2013","H. influenzae","Levofloxacin","J01M","15","0","0"
"COL","2014","H. influenzae","Levofloxacin","J01M","12","0","0"
"COL","2015","H. influenzae","Levofloxacin","J01M","12","0","0"
"COL","2016","H. influenzae","Levofloxacin","J01M","4","0","0"
"COL","2018","H. influenzae","Levofloxacin","J01M","27","0","0"
"CRI","2018","H. influenzae","Levofloxacin","J01M","3","0","0"
"HRV","2006","H. influenzae","Levofloxacin","J01M","11","0","0"
"HRV","2007","H. influenzae","Levofloxacin","J01M","24","0","0"
"HRV","2008","H. influenzae","Levofloxacin","J01M","23","0","0"
"HRV","2009","H. influenzae","Levofloxacin","J01M","19","0","0"
"HRV","2010","H. influenzae","Levofloxacin","J01M","14","0","0"
"HRV","2013","H. influenzae","Levofloxacin","J01M","14","0","0"
"HRV","2014","H. influenzae","Levofloxacin","J01M","14","0","0"
"HRV","2015","H. influenzae","Levofloxacin","J01M","15","0","0"
"HRV","2016","H. influenzae","Levofloxacin","J01M","16","0","0"
"HRV","2017","H. influenzae","Levofloxacin","J01M","13","0","0"
"HRV","2018","H. influenzae","Levofloxacin","J01M","20","0","0"
"CZE","2006","H. influenzae","Levofloxacin","J01M","15","0","0"
"CZE","2007","H. influenzae","Levofloxacin","J01M","21","0","0"
"CZE","2008","H. influenzae","Levofloxacin","J01M","7","0","0"
"CZE","2009","H. influenzae","Levofloxacin","J01M","14","0","0"
"CZE","2010","H. influenzae","Levofloxacin","J01M","12","0","0"
"CZE","2011","H. influenzae","Levofloxacin","J01M","10","0","0"
"CZE","2013","H. influenzae","Levofloxacin","J01M","4","0","0"
"CZE","2014","H. influenzae","Levofloxacin","J01M","21","0","0"
"CZE","2015","H. influenzae","Levofloxacin","J01M","30","0","0"
"CZE","2016","H. influenzae","Levofloxacin","J01M","61","0","0"
"CZE","2017","H. influenzae","Levofloxacin","J01M","67","0","0"
"CZE","2018","H. influenzae","Levofloxacin","J01M","24","0","0"
"DNK","2006","H. influenzae","Levofloxacin","J01M","30","0","0"
"DNK","2007","H. influenzae","Levofloxacin","J01M","59","0","0"
"DNK","2008","H. influenzae","Levofloxacin","J01M","22","0","0"
"DNK","2009","H. influenzae","Levofloxacin","J01M","23","0","0"
"DNK","2010","H. influenzae","Levofloxacin","J01M","17","0","0"
"DNK","2011","H. influenzae","Levofloxacin","J01M","15","0","0"
"DNK","2012","H. influenzae","Levofloxacin","J01M","4","0","0"
"DNK","2013","H. influenzae","Levofloxacin","J01M","16","0","0"
"DNK","2014","H. influenzae","Levofloxacin","J01M","42","0","0"
"DNK","2015","H. influenzae","Levofloxacin","J01M","27","0","0"
"DNK","2016","H. influenzae","Levofloxacin","J01M","23","0","0"
"DNK","2017","H. influenzae","Levofloxacin","J01M","8","0","0"
"DNK","2018","H. influenzae","Levofloxacin","J01M","10","0","0"
"DOM","2018","H. influenzae","Levofloxacin","J01M","7","0","0"
"FIN","2006","H. influenzae","Levofloxacin","J01M","15","0","0"
"FIN","2007","H. influenzae","Levofloxacin","J01M","10","0","0"
"FIN","2008","H. influenzae","Levofloxacin","J01M","16","0","0"
"FIN","2010","H. influenzae","Levofloxacin","J01M","12","0","0"
"FIN","2011","H. influenzae","Levofloxacin","J01M","15","0","0"
"FIN","2013","H. influenzae","Levofloxacin","J01M","14","0","0"
"FIN","2014","H. influenzae","Levofloxacin","J01M","30","0","0"
"FIN","2015","H. influenzae","Levofloxacin","J01M","1","0","0"
"FIN","2016","H. influenzae","Levofloxacin","J01M","15","0","0"
"FIN","2018","H. influenzae","Levofloxacin","J01M","2","0","0"
"FRA","2004","H. influenzae","Levofloxacin","J01M","56","0","0"
"FRA","2005","H. influenzae","Levofloxacin","J01M","29","0","0"
"FRA","2006","H. influenzae","Levofloxacin","J01M","78","0","0"
"FRA","2007","H. influenzae","Levofloxacin","J01M","166","0","0"
"FRA","2008","H. influenzae","Levofloxacin","J01M","256","0","0"
"FRA","2009","H. influenzae","Levofloxacin","J01M","225","0","0"
"FRA","2010","H. influenzae","Levofloxacin","J01M","166","0","0"
"FRA","2011","H. influenzae","Levofloxacin","J01M","174","0","0"
"FRA","2012","H. influenzae","Levofloxacin","J01M","149","0","0"
"FRA","2013","H. influenzae","Levofloxacin","J01M","171","0","0"
"FRA","2014","H. influenzae","Levofloxacin","J01M","167","0","0"
"FRA","2015","H. influenzae","Levofloxacin","J01M","184","0","0"
"FRA","2016","H. influenzae","Levofloxacin","J01M","182","0","0"
"FRA","2017","H. influenzae","Levofloxacin","J01M","175","0","0"
"FRA","2018","H. influenzae","Levofloxacin","J01M","99","0","0"
"DEU","2004","H. influenzae","Levofloxacin","J01M","74","0","0"
"DEU","2005","H. influenzae","Levofloxacin","J01M","15","0","0"
"DEU","2006","H. influenzae","Levofloxacin","J01M","59","0","0"
"DEU","2007","H. influenzae","Levofloxacin","J01M","89","0","0"
"DEU","2008","H. influenzae","Levofloxacin","J01M","110","0","0"
"DEU","2009","H. influenzae","Levofloxacin","J01M","169","0","0"
"DEU","2010","H. influenzae","Levofloxacin","J01M","136","0","0"
"DEU","2011","H. influenzae","Levofloxacin","J01M","171","0","0"
"DEU","2012","H. influenzae","Levofloxacin","J01M","114","0","0"
"DEU","2013","H. influenzae","Levofloxacin","J01M","214","0","0"
"DEU","2014","H. influenzae","Levofloxacin","J01M","193","0","0"
"DEU","2015","H. influenzae","Levofloxacin","J01M","162","0","0"
"DEU","2016","H. influenzae","Levofloxacin","J01M","165","0","0"
"DEU","2017","H. influenzae","Levofloxacin","J01M","194","0","0"
"DEU","2018","H. influenzae","Levofloxacin","J01M","84","0","0"
"GRC","2004","H. influenzae","Levofloxacin","J01M","13","0","0"
"GRC","2005","H. influenzae","Levofloxacin","J01M","2","0","0"
"GRC","2006","H. influenzae","Levofloxacin","J01M","59","0","0"
"GRC","2007","H. influenzae","Levofloxacin","J01M","14","0","0"
"GRC","2008","H. influenzae","Levofloxacin","J01M","11","0","0"
"GRC","2009","H. influenzae","Levofloxacin","J01M","10","0","0"
"GRC","2010","H. influenzae","Levofloxacin","J01M","8","0","0"
"GRC","2011","H. influenzae","Levofloxacin","J01M","6","0","0"
"GRC","2012","H. influenzae","Levofloxacin","J01M","2","0","0"
"GRC","2013","H. influenzae","Levofloxacin","J01M","8","0","0"
"GRC","2014","H. influenzae","Levofloxacin","J01M","19","0","0"
"GRC","2015","H. influenzae","Levofloxacin","J01M","13","0","0"
"GRC","2016","H. influenzae","Levofloxacin","J01M","34","0","0"
"GRC","2017","H. influenzae","Levofloxacin","J01M","6","0","0"
"GRC","2018","H. influenzae","Levofloxacin","J01M","15","0","0"
"GTM","2007","H. influenzae","Levofloxacin","J01M","16","0","0"
"GTM","2018","H. influenzae","Levofloxacin","J01M","10","0","0"
"HND","2007","H. influenzae","Levofloxacin","J01M","8","0","0"
"HKG","2006","H. influenzae","Levofloxacin","J01M","13","0","0"
"HKG","2007","H. influenzae","Levofloxacin","J01M","31","0","0"
"HKG","2010","H. influenzae","Levofloxacin","J01M","15","0","0"
"HKG","2013","H. influenzae","Levofloxacin","J01M","3","0","0"
"HKG","2014","H. influenzae","Levofloxacin","J01M","3","0","0"
"HKG","2015","H. influenzae","Levofloxacin","J01M","15","0","0"
"HKG","2016","H. influenzae","Levofloxacin","J01M","15","0","0"
"HKG","2017","H. influenzae","Levofloxacin","J01M","14","0","0"
"HKG","2018","H. influenzae","Levofloxacin","J01M","10","0","0"
"HUN","2004","H. influenzae","Levofloxacin","J01M","14","0","0"
"HUN","2005","H. influenzae","Levofloxacin","J01M","3","0","0"
"HUN","2007","H. influenzae","Levofloxacin","J01M","15","0","0"
"HUN","2008","H. influenzae","Levofloxacin","J01M","44","0","0"
"HUN","2009","H. influenzae","Levofloxacin","J01M","42","0","0"
"HUN","2010","H. influenzae","Levofloxacin","J01M","29","0","0"
"HUN","2012","H. influenzae","Levofloxacin","J01M","8","0","0"
"HUN","2013","H. influenzae","Levofloxacin","J01M","8","0","0"
"HUN","2014","H. influenzae","Levofloxacin","J01M","23","0","0"
"HUN","2015","H. influenzae","Levofloxacin","J01M","26","0","0"
"HUN","2016","H. influenzae","Levofloxacin","J01M","38","0","0"
"HUN","2017","H. influenzae","Levofloxacin","J01M","49","0","0"
"HUN","2018","H. influenzae","Levofloxacin","J01M","26","0","0"
"IND","2004","H. influenzae","Levofloxacin","J01M","11","0","0"
"IND","2007","H. influenzae","Levofloxacin","J01M","5","0","0"
"IND","2008","H. influenzae","Levofloxacin","J01M","7","0","0"
"IND","2015","H. influenzae","Levofloxacin","J01M","10","0","0"
"IND","2016","H. influenzae","Levofloxacin","J01M","27","0","0"
"IRL","2004","H. influenzae","Levofloxacin","J01M","15","0","0"
"IRL","2006","H. influenzae","Levofloxacin","J01M","28","0","0"
"IRL","2007","H. influenzae","Levofloxacin","J01M","31","0","0"
"IRL","2008","H. influenzae","Levofloxacin","J01M","11","0","0"
"IRL","2009","H. influenzae","Levofloxacin","J01M","25","0","0"
"IRL","2010","H. influenzae","Levofloxacin","J01M","32","0","0"
"IRL","2011","H. influenzae","Levofloxacin","J01M","31","0","0"
"IRL","2012","H. influenzae","Levofloxacin","J01M","31","0","0"
"IRL","2013","H. influenzae","Levofloxacin","J01M","43","0","0"
"IRL","2014","H. influenzae","Levofloxacin","J01M","16","0","0"
"IRL","2015","H. influenzae","Levofloxacin","J01M","16","0","0"
"IRL","2016","H. influenzae","Levofloxacin","J01M","29","0","0"
"IRL","2017","H. influenzae","Levofloxacin","J01M","26","0","0"
"IRL","2018","H. influenzae","Levofloxacin","J01M","23","0","0"
"ISR","2006","H. influenzae","Levofloxacin","J01M","29","0","0"
"ISR","2007","H. influenzae","Levofloxacin","J01M","49","0","0"
"ISR","2008","H. influenzae","Levofloxacin","J01M","76","0","0"
"ISR","2009","H. influenzae","Levofloxacin","J01M","82","0","0"
"ISR","2010","H. influenzae","Levofloxacin","J01M","106","0","0"
"ISR","2011","H. influenzae","Levofloxacin","J01M","1","0","0"
"ISR","2012","H. influenzae","Levofloxacin","J01M","13","0","0"
"ISR","2013","H. influenzae","Levofloxacin","J01M","24","0","0"
"ISR","2014","H. influenzae","Levofloxacin","J01M","26","0","0"
"ISR","2015","H. influenzae","Levofloxacin","J01M","28","0","0"
"ISR","2016","H. influenzae","Levofloxacin","J01M","32","0","0"
"ISR","2017","H. influenzae","Levofloxacin","J01M","32","0","0"
"ISR","2018","H. influenzae","Levofloxacin","J01M","36","0","0"
"ITA","2004","H. influenzae","Levofloxacin","J01M","45","0","0"
"ITA","2005","H. influenzae","Levofloxacin","J01M","71","0","0"
"ITA","2006","H. influenzae","Levofloxacin","J01M","121","0","0"
"ITA","2007","H. influenzae","Levofloxacin","J01M","77","0","0"
"ITA","2008","H. influenzae","Levofloxacin","J01M","174","0","0"
"ITA","2009","H. influenzae","Levofloxacin","J01M","119","0","0"
"ITA","2010","H. influenzae","Levofloxacin","J01M","94","0","0"
"ITA","2011","H. influenzae","Levofloxacin","J01M","139","0","0"
"ITA","2012","H. influenzae","Levofloxacin","J01M","99","0","0"
"ITA","2013","H. influenzae","Levofloxacin","J01M","118","0","0"
"ITA","2014","H. influenzae","Levofloxacin","J01M","168","0","0"
"ITA","2015","H. influenzae","Levofloxacin","J01M","140","0","0"
"ITA","2016","H. influenzae","Levofloxacin","J01M","124","0","0"
"ITA","2017","H. influenzae","Levofloxacin","J01M","107","0","0"
"ITA","2018","H. influenzae","Levofloxacin","J01M","58","0","0"
"JAM","2006","H. influenzae","Levofloxacin","J01M","15","0","0"
"JPN","2012","H. influenzae","Levofloxacin","J01M","3","0","0"
"JPN","2013","H. influenzae","Levofloxacin","J01M","8","0","0"
"JPN","2014","H. influenzae","Levofloxacin","J01M","6","0","0"
"JPN","2015","H. influenzae","Levofloxacin","J01M","15","0","0"
"JPN","2016","H. influenzae","Levofloxacin","J01M","27","0","0"
"JPN","2017","H. influenzae","Levofloxacin","J01M","49","0","0"
"JPN","2018","H. influenzae","Levofloxacin","J01M","30","0","0"
"JOR","2010","H. influenzae","Levofloxacin","J01M","8","0","0"
"JOR","2011","H. influenzae","Levofloxacin","J01M","18","0","0"
"JOR","2012","H. influenzae","Levofloxacin","J01M","18","0","0"
"JOR","2013","H. influenzae","Levofloxacin","J01M","15","0","0"
"JOR","2015","H. influenzae","Levofloxacin","J01M","14","0","0"
"JOR","2016","H. influenzae","Levofloxacin","J01M","6","0","0"
"JOR","2017","H. influenzae","Levofloxacin","J01M","3","0","0"
"JOR","2018","H. influenzae","Levofloxacin","J01M","1","0","0"
"KEN","2014","H. influenzae","Levofloxacin","J01M","3","0","0"
"KOR","2005","H. influenzae","Levofloxacin","J01M","13","0","0"
"KOR","2006","H. influenzae","Levofloxacin","J01M","36","0","0"
"KOR","2007","H. influenzae","Levofloxacin","J01M","59","0","0"
"KOR","2008","H. influenzae","Levofloxacin","J01M","26","0","0"
"KOR","2009","H. influenzae","Levofloxacin","J01M","43","0","0"
"KOR","2010","H. influenzae","Levofloxacin","J01M","24","0","0"
"KOR","2012","H. influenzae","Levofloxacin","J01M","5","0","0"
"KOR","2013","H. influenzae","Levofloxacin","J01M","10","0","0"
"KOR","2014","H. influenzae","Levofloxacin","J01M","9","0","0"
"KOR","2015","H. influenzae","Levofloxacin","J01M","35","0","0"
"KOR","2016","H. influenzae","Levofloxacin","J01M","33","0","0"
"KOR","2017","H. influenzae","Levofloxacin","J01M","35","0","0"
"KOR","2018","H. influenzae","Levofloxacin","J01M","22","0","0"
"KWT","2012","H. influenzae","Levofloxacin","J01M","29","0","0"
"KWT","2013","H. influenzae","Levofloxacin","J01M","4","0","0"
"KWT","2014","H. influenzae","Levofloxacin","J01M","16","0","0"
"KWT","2015","H. influenzae","Levofloxacin","J01M","42","0","0"
"KWT","2016","H. influenzae","Levofloxacin","J01M","39","0","0"
"KWT","2017","H. influenzae","Levofloxacin","J01M","43","0","0"
"KWT","2018","H. influenzae","Levofloxacin","J01M","30","0","0"
"LVA","2004","H. influenzae","Levofloxacin","J01M","15","0","0"
"LVA","2005","H. influenzae","Levofloxacin","J01M","7","0","0"
"LVA","2008","H. influenzae","Levofloxacin","J01M","17","0","0"
"LVA","2009","H. influenzae","Levofloxacin","J01M","11","0","0"
"LVA","2010","H. influenzae","Levofloxacin","J01M","15","0","0"
"LVA","2016","H. influenzae","Levofloxacin","J01M","15","0","0"
"LVA","2017","H. influenzae","Levofloxacin","J01M","15","0","0"
"LVA","2018","H. influenzae","Levofloxacin","J01M","7","0","0"
"LBN","2006","H. influenzae","Levofloxacin","J01M","16","0","0"
"LTU","2006","H. influenzae","Levofloxacin","J01M","15","0","0"
"LTU","2008","H. influenzae","Levofloxacin","J01M","30","0","0"
"LTU","2010","H. influenzae","Levofloxacin","J01M","7","0","0"
"LTU","2016","H. influenzae","Levofloxacin","J01M","14","0","0"
"LTU","2017","H. influenzae","Levofloxacin","J01M","15","0","0"
"LTU","2018","H. influenzae","Levofloxacin","J01M","19","0","0"
"MYS","2008","H. influenzae","Levofloxacin","J01M","5","0","0"
"MYS","2009","H. influenzae","Levofloxacin","J01M","8","0","0"
"MYS","2010","H. influenzae","Levofloxacin","J01M","13","0","0"
"MYS","2013","H. influenzae","Levofloxacin","J01M","4","0","0"
"MYS","2014","H. influenzae","Levofloxacin","J01M","4","0","0"
"MYS","2015","H. influenzae","Levofloxacin","J01M","17","0","0"
"MYS","2016","H. influenzae","Levofloxacin","J01M","2","0","0"
"MYS","2018","H. influenzae","Levofloxacin","J01M","4","0","0"
"MUS","2009","H. influenzae","Levofloxacin","J01M","1","0","0"
"MEX","2005","H. influenzae","Levofloxacin","J01M","7","0","0"
"MEX","2006","H. influenzae","Levofloxacin","J01M","59","0","0"
"MEX","2007","H. influenzae","Levofloxacin","J01M","65","0","0"
"MEX","2008","H. influenzae","Levofloxacin","J01M","30","0","0"
"MEX","2009","H. influenzae","Levofloxacin","J01M","37","0","0"
"MEX","2010","H. influenzae","Levofloxacin","J01M","30","0","0"
"MEX","2012","H. influenzae","Levofloxacin","J01M","2","0","0"
"MEX","2013","H. influenzae","Levofloxacin","J01M","4","0","0"
"MEX","2014","H. influenzae","Levofloxacin","J01M","9","0","0"
"MEX","2015","H. influenzae","Levofloxacin","J01M","14","0","0"
"MEX","2016","H. influenzae","Levofloxacin","J01M","8","0","0"
"MEX","2017","H. influenzae","Levofloxacin","J01M","18","0","0"
"MEX","2018","H. influenzae","Levofloxacin","J01M","17","0","0"
"MAR","2011","H. influenzae","Levofloxacin","J01M","4","0","0"
"MAR","2012","H. influenzae","Levofloxacin","J01M","27","0","0"
"MAR","2013","H. influenzae","Levofloxacin","J01M","14","0","0"
"MAR","2015","H. influenzae","Levofloxacin","J01M","12","0","0"
"MAR","2016","H. influenzae","Levofloxacin","J01M","12","0","0"
"MAR","2017","H. influenzae","Levofloxacin","J01M","7","0","0"
"MAR","2018","H. influenzae","Levofloxacin","J01M","12","0","0"
"NLD","2004","H. influenzae","Levofloxacin","J01M","14","0","0"
"NLD","2006","H. influenzae","Levofloxacin","J01M","14","0","0"
"NLD","2008","H. influenzae","Levofloxacin","J01M","23","0","0"
"NLD","2009","H. influenzae","Levofloxacin","J01M","20","0","0"
"NLD","2010","H. influenzae","Levofloxacin","J01M","15","0","0"
"NLD","2011","H. influenzae","Levofloxacin","J01M","14","0","0"
"NLD","2012","H. influenzae","Levofloxacin","J01M","19","0","0"
"NLD","2013","H. influenzae","Levofloxacin","J01M","22","0","0"
"NLD","2014","H. influenzae","Levofloxacin","J01M","19","0","0"
"NLD","2015","H. influenzae","Levofloxacin","J01M","30","0","0"
"NLD","2016","H. influenzae","Levofloxacin","J01M","32","0","0"
"NLD","2017","H. influenzae","Levofloxacin","J01M","32","0","0"
"NLD","2018","H. influenzae","Levofloxacin","J01M","20","0","0"
"NOR","2006","H. influenzae","Levofloxacin","J01M","12","0","0"
"OMN","2007","H. influenzae","Levofloxacin","J01M","15","0","0"
"PAK","2004","H. influenzae","Levofloxacin","J01M","8","0","0"
"PAK","2005","H. influenzae","Levofloxacin","J01M","7","0","0"
"PAK","2006","H. influenzae","Levofloxacin","J01M","14","0","0"
"PAK","2015","H. influenzae","Levofloxacin","J01M","15","0","0"
"PAK","2016","H. influenzae","Levofloxacin","J01M","10","0","0"
"PAK","2017","H. influenzae","Levofloxacin","J01M","7","0","0"
"PAN","2008","H. influenzae","Levofloxacin","J01M","13","0","0"
"PAN","2009","H. influenzae","Levofloxacin","J01M","13","0","0"
"PAN","2012","H. influenzae","Levofloxacin","J01M","11","0","0"
"PAN","2013","H. influenzae","Levofloxacin","J01M","14","0","0"
"PAN","2014","H. influenzae","Levofloxacin","J01M","17","0","0"
"PAN","2015","H. influenzae","Levofloxacin","J01M","13","0","0"
"PAN","2016","H. influenzae","Levofloxacin","J01M","8","0","0"
"PAN","2017","H. influenzae","Levofloxacin","J01M","4","0","0"
"PAN","2018","H. influenzae","Levofloxacin","J01M","7","0","0"
"PHL","2004","H. influenzae","Levofloxacin","J01M","15","0","0"
"PHL","2007","H. influenzae","Levofloxacin","J01M","1","0","0"
"PHL","2008","H. influenzae","Levofloxacin","J01M","6","0","0"
"PHL","2012","H. influenzae","Levofloxacin","J01M","7","0","0"
"PHL","2013","H. influenzae","Levofloxacin","J01M","9","0","0"
"PHL","2014","H. influenzae","Levofloxacin","J01M","11","0","0"
"PHL","2015","H. influenzae","Levofloxacin","J01M","21","0","0"
"PHL","2016","H. influenzae","Levofloxacin","J01M","25","0","0"
"PHL","2017","H. influenzae","Levofloxacin","J01M","19","0","0"
"PHL","2018","H. influenzae","Levofloxacin","J01M","6","0","0"
"POL","2004","H. influenzae","Levofloxacin","J01M","15","0","0"
"POL","2008","H. influenzae","Levofloxacin","J01M","12","0","0"
"POL","2009","H. influenzae","Levofloxacin","J01M","37","0","0"
"POL","2010","H. influenzae","Levofloxacin","J01M","27","0","0"
"POL","2013","H. influenzae","Levofloxacin","J01M","24","0","0"
"POL","2014","H. influenzae","Levofloxacin","J01M","25","0","0"
"POL","2015","H. influenzae","Levofloxacin","J01M","15","0","0"
"POL","2016","H. influenzae","Levofloxacin","J01M","13","0","0"
"POL","2017","H. influenzae","Levofloxacin","J01M","37","0","0"
"POL","2018","H. influenzae","Levofloxacin","J01M","21","0","0"
"PRT","2004","H. influenzae","Levofloxacin","J01M","14","0","0"
"PRT","2008","H. influenzae","Levofloxacin","J01M","16","0","0"
"PRT","2009","H. influenzae","Levofloxacin","J01M","27","0","0"
"PRT","2010","H. influenzae","Levofloxacin","J01M","28","0","0"
"PRT","2011","H. influenzae","Levofloxacin","J01M","37","0","0"
"PRT","2012","H. influenzae","Levofloxacin","J01M","66","0","0"
"PRT","2013","H. influenzae","Levofloxacin","J01M","72","0","0"
"PRT","2014","H. influenzae","Levofloxacin","J01M","82","0","0"
"PRT","2015","H. influenzae","Levofloxacin","J01M","67","0","0"
"PRT","2016","H. influenzae","Levofloxacin","J01M","61","0","0"
"PRT","2017","H. influenzae","Levofloxacin","J01M","48","0","0"
"PRT","2018","H. influenzae","Levofloxacin","J01M","42","0","0"
"ROU","2008","H. influenzae","Levofloxacin","J01M","10","0","0"
"ROU","2009","H. influenzae","Levofloxacin","J01M","2","0","0"
"ROU","2010","H. influenzae","Levofloxacin","J01M","6","0","0"
"ROU","2011","H. influenzae","Levofloxacin","J01M","5","0","0"
"ROU","2012","H. influenzae","Levofloxacin","J01M","2","0","0"
"ROU","2013","H. influenzae","Levofloxacin","J01M","9","0","0"
"ROU","2015","H. influenzae","Levofloxacin","J01M","8","0","0"
"ROU","2016","H. influenzae","Levofloxacin","J01M","3","0","0"
"ROU","2018","H. influenzae","Levofloxacin","J01M","15","0","0"
"RUS","2013","H. influenzae","Levofloxacin","J01M","4","0","0"
"RUS","2014","H. influenzae","Levofloxacin","J01M","18","0","0"
"RUS","2015","H. influenzae","Levofloxacin","J01M","6","0","0"
"RUS","2016","H. influenzae","Levofloxacin","J01M","5","0","0"
"RUS","2017","H. influenzae","Levofloxacin","J01M","11","0","0"
"RUS","2018","H. influenzae","Levofloxacin","J01M","5","0","0"
"SAU","2009","H. influenzae","Levofloxacin","J01M","14","0","0"
"SAU","2011","H. influenzae","Levofloxacin","J01M","14","0","0"
"SAU","2012","H. influenzae","Levofloxacin","J01M","23","0","0"
"SAU","2013","H. influenzae","Levofloxacin","J01M","7","0","0"
"SAU","2016","H. influenzae","Levofloxacin","J01M","13","0","0"
"SAU","2018","H. influenzae","Levofloxacin","J01M","9","0","0"
"SRB","2017","H. influenzae","Levofloxacin","J01M","15","0","0"
"SGP","2004","H. influenzae","Levofloxacin","J01M","15","0","0"
"SGP","2005","H. influenzae","Levofloxacin","J01M","10","0","0"
"SGP","2006","H. influenzae","Levofloxacin","J01M","13","0","0"
"SGP","2007","H. influenzae","Levofloxacin","J01M","35","0","0"
"SGP","2008","H. influenzae","Levofloxacin","J01M","8","0","0"
"SGP","2009","H. influenzae","Levofloxacin","J01M","13","0","0"
"SGP","2010","H. influenzae","Levofloxacin","J01M","11","0","0"
"SGP","2011","H. influenzae","Levofloxacin","J01M","1","0","0"
"SGP","2014","H. influenzae","Levofloxacin","J01M","2","0","0"
"SGP","2015","H. influenzae","Levofloxacin","J01M","13","0","0"
"SGP","2018","H. influenzae","Levofloxacin","J01M","10","0","0"
"SVK","2007","H. influenzae","Levofloxacin","J01M","30","0","0"
"SVK","2008","H. influenzae","Levofloxacin","J01M","3","0","0"
"SVK","2009","H. influenzae","Levofloxacin","J01M","27","0","0"
"SVK","2011","H. influenzae","Levofloxacin","J01M","10","0","0"
"SVN","2006","H. influenzae","Levofloxacin","J01M","15","0","0"
"SVN","2007","H. influenzae","Levofloxacin","J01M","19","0","0"
"SVN","2008","H. influenzae","Levofloxacin","J01M","37","0","0"
"SVN","2009","H. influenzae","Levofloxacin","J01M","22","0","0"
"SVN","2010","H. influenzae","Levofloxacin","J01M","8","0","0"
"ZAF","2005","H. influenzae","Levofloxacin","J01M","31","0","0"
"ZAF","2006","H. influenzae","Levofloxacin","J01M","55","0","0"
"ZAF","2007","H. influenzae","Levofloxacin","J01M","69","0","0"
"ZAF","2008","H. influenzae","Levofloxacin","J01M","5","0","0"
"ZAF","2009","H. influenzae","Levofloxacin","J01M","10","0","0"
"ZAF","2011","H. influenzae","Levofloxacin","J01M","14","0","0"
"ZAF","2012","H. influenzae","Levofloxacin","J01M","6","0","0"
"ZAF","2013","H. influenzae","Levofloxacin","J01M","22","0","0"
"ZAF","2014","H. influenzae","Levofloxacin","J01M","12","0","0"
"ZAF","2015","H. influenzae","Levofloxacin","J01M","28","0","0"
"ZAF","2016","H. influenzae","Levofloxacin","J01M","43","0","0"
"ZAF","2017","H. influenzae","Levofloxacin","J01M","51","0","0"
"ZAF","2018","H. influenzae","Levofloxacin","J01M","31","0","0"
"ESP","2004","H. influenzae","Levofloxacin","J01M","60","0","0"
"ESP","2005","H. influenzae","Levofloxacin","J01M","59","0","0"
"ESP","2006","H. influenzae","Levofloxacin","J01M","2","0","0"
"ESP","2007","H. influenzae","Levofloxacin","J01M","82","0","0"
"ESP","2008","H. influenzae","Levofloxacin","J01M","227","0","0"
"ESP","2009","H. influenzae","Levofloxacin","J01M","182","0","0"
"ESP","2010","H. influenzae","Levofloxacin","J01M","123","0","0"
"ESP","2011","H. influenzae","Levofloxacin","J01M","208","0","0"
"ESP","2012","H. influenzae","Levofloxacin","J01M","199","0","0"
"ESP","2013","H. influenzae","Levofloxacin","J01M","306","0","0"
"ESP","2014","H. influenzae","Levofloxacin","J01M","232","0","0"
"ESP","2015","H. influenzae","Levofloxacin","J01M","247","0","0"
"ESP","2016","H. influenzae","Levofloxacin","J01M","231","0","0"
"ESP","2017","H. influenzae","Levofloxacin","J01M","225","0","0"
"ESP","2018","H. influenzae","Levofloxacin","J01M","106","0","0"
"SWE","2005","H. influenzae","Levofloxacin","J01M","12","0","0"
"SWE","2006","H. influenzae","Levofloxacin","J01M","32","0","0"
"SWE","2007","H. influenzae","Levofloxacin","J01M","43","0","0"
"SWE","2008","H. influenzae","Levofloxacin","J01M","27","0","0"
"SWE","2009","H. influenzae","Levofloxacin","J01M","40","0","0"
"SWE","2010","H. influenzae","Levofloxacin","J01M","32","0","0"
"SWE","2011","H. influenzae","Levofloxacin","J01M","41","0","0"
"SWE","2012","H. influenzae","Levofloxacin","J01M","23","0","0"
"SWE","2013","H. influenzae","Levofloxacin","J01M","26","0","0"
"SWE","2014","H. influenzae","Levofloxacin","J01M","17","0","0"
"SWE","2017","H. influenzae","Levofloxacin","J01M","9","0","0"
"SWE","2018","H. influenzae","Levofloxacin","J01M","9","0","0"
"CHE","2004","H. influenzae","Levofloxacin","J01M","7","0","0"
"CHE","2006","H. influenzae","Levofloxacin","J01M","15","0","0"
"CHE","2008","H. influenzae","Levofloxacin","J01M","20","0","0"
"CHE","2009","H. influenzae","Levofloxacin","J01M","13","0","0"
"CHE","2010","H. influenzae","Levofloxacin","J01M","11","0","0"
"CHE","2011","H. influenzae","Levofloxacin","J01M","7","0","0"
"CHE","2012","H. influenzae","Levofloxacin","J01M","36","0","0"
"CHE","2013","H. influenzae","Levofloxacin","J01M","53","0","0"
"CHE","2014","H. influenzae","Levofloxacin","J01M","32","0","0"
"CHE","2015","H. influenzae","Levofloxacin","J01M","23","0","0"
"CHE","2016","H. influenzae","Levofloxacin","J01M","30","0","0"
"CHE","2017","H. influenzae","Levofloxacin","J01M","18","0","0"
"CHE","2018","H. influenzae","Levofloxacin","J01M","19","0","0"
"TWN","2006","H. influenzae","Levofloxacin","J01M","57","0","0"
"TWN","2007","H. influenzae","Levofloxacin","J01M","38","0","0"
"TWN","2008","H. influenzae","Levofloxacin","J01M","5","0","0"
"TWN","2009","H. influenzae","Levofloxacin","J01M","11","0","0"
"TWN","2012","H. influenzae","Levofloxacin","J01M","1","0","0"
"TWN","2013","H. influenzae","Levofloxacin","J01M","3","0","0"
"TWN","2014","H. influenzae","Levofloxacin","J01M","12","0","0"
"TWN","2015","H. influenzae","Levofloxacin","J01M","31","0","0"
"TWN","2016","H. influenzae","Levofloxacin","J01M","46","0","0"
"TWN","2017","H. influenzae","Levofloxacin","J01M","39","0","0"
"TWN","2018","H. influenzae","Levofloxacin","J01M","26","0","0"
"THA","2008","H. influenzae","Levofloxacin","J01M","29","0","0"
"THA","2010","H. influenzae","Levofloxacin","J01M","7","0","0"
"THA","2012","H. influenzae","Levofloxacin","J01M","2","0","0"
"THA","2013","H. influenzae","Levofloxacin","J01M","8","0","0"
"THA","2014","H. influenzae","Levofloxacin","J01M","11","0","0"
"THA","2015","H. influenzae","Levofloxacin","J01M","29","0","0"
"THA","2016","H. influenzae","Levofloxacin","J01M","24","0","0"
"THA","2017","H. influenzae","Levofloxacin","J01M","42","0","0"
"THA","2018","H. influenzae","Levofloxacin","J01M","21","0","0"
"TUN","2011","H. influenzae","Levofloxacin","J01M","16","0","0"
"TUN","2012","H. influenzae","Levofloxacin","J01M","17","0","0"
"TUN","2013","H. influenzae","Levofloxacin","J01M","13","0","0"
"TUR","2004","H. influenzae","Levofloxacin","J01M","5","0","0"
"TUR","2005","H. influenzae","Levofloxacin","J01M","16","0","0"
"TUR","2008","H. influenzae","Levofloxacin","J01M","11","0","0"
"TUR","2012","H. influenzae","Levofloxacin","J01M","4","0","0"
"TUR","2013","H. influenzae","Levofloxacin","J01M","2","0","0"
"TUR","2014","H. influenzae","Levofloxacin","J01M","7","0","0"
"TUR","2015","H. influenzae","Levofloxacin","J01M","10","0","0"
"TUR","2016","H. influenzae","Levofloxacin","J01M","14","0","0"
"TUR","2017","H. influenzae","Levofloxacin","J01M","12","0","0"
"TUR","2018","H. influenzae","Levofloxacin","J01M","4","0","0"
"UKR","2018","H. influenzae","Levofloxacin","J01M","11","0","0"
"GBR","2004","H. influenzae","Levofloxacin","J01M","65","0","0"
"GBR","2007","H. influenzae","Levofloxacin","J01M","15","0","0"
"GBR","2008","H. influenzae","Levofloxacin","J01M","6","0","0"
"GBR","2009","H. influenzae","Levofloxacin","J01M","16","0","0"
"GBR","2010","H. influenzae","Levofloxacin","J01M","28","0","0"
"GBR","2011","H. influenzae","Levofloxacin","J01M","27","0","0"
"GBR","2012","H. influenzae","Levofloxacin","J01M","17","0","0"
"GBR","2013","H. influenzae","Levofloxacin","J01M","52","0","0"
"GBR","2014","H. influenzae","Levofloxacin","J01M","41","0","0"
"GBR","2015","H. influenzae","Levofloxacin","J01M","50","0","0"
"GBR","2016","H. influenzae","Levofloxacin","J01M","71","0","0"
"GBR","2017","H. influenzae","Levofloxacin","J01M","64","0","0"
"GBR","2018","H. influenzae","Levofloxacin","J01M","46","0","0"
"USA","2004","H. influenzae","Levofloxacin","J01M","810","0","0"
"USA","2005","H. influenzae","Levofloxacin","J01M","801","0","0"
"USA","2006","H. influenzae","Levofloxacin","J01M","852","0","0"
"USA","2007","H. influenzae","Levofloxacin","J01M","996","0","0"
"USA","2008","H. influenzae","Levofloxacin","J01M","336","0","0"
"USA","2009","H. influenzae","Levofloxacin","J01M","403","0","0"
"USA","2010","H. influenzae","Levofloxacin","J01M","307","0","0"
"USA","2011","H. influenzae","Levofloxacin","J01M","378","0","0"
"USA","2012","H. influenzae","Levofloxacin","J01M","384","0","0"
"USA","2013","H. influenzae","Levofloxacin","J01M","488","0","0"
"USA","2014","H. influenzae","Levofloxacin","J01M","323","0","0"
"USA","2015","H. influenzae","Levofloxacin","J01M","328","0","0"
"USA","2016","H. influenzae","Levofloxacin","J01M","322","0","0"
"USA","2017","H. influenzae","Levofloxacin","J01M","117","0","0"
"USA","2018","H. influenzae","Levofloxacin","J01M","189","0","0"
"VEN","2006","H. influenzae","Levofloxacin","J01M","11","0","0"
"VEN","2007","H. influenzae","Levofloxacin","J01M","24","0","0"
"VEN","2008","H. influenzae","Levofloxacin","J01M","6","0","0"
"VEN","2009","H. influenzae","Levofloxacin","J01M","26","0","0"
"VEN","2010","H. influenzae","Levofloxacin","J01M","1","0","0"
"VEN","2011","H. influenzae","Levofloxacin","J01M","15","0","0"
"VEN","2012","H. influenzae","Levofloxacin","J01M","3","0","0"
"VEN","2013","H. influenzae","Levofloxacin","J01M","6","0","0"
"VEN","2014","H. influenzae","Levofloxacin","J01M","4","0","0"
"VEN","2015","H. influenzae","Levofloxacin","J01M","16","0","0"
"VEN","2016","H. influenzae","Levofloxacin","J01M","17","0","0"
"VEN","2017","H. influenzae","Levofloxacin","J01M","3","0","0"
"VEN","2018","H. influenzae","Levofloxacin","J01M","4","0","0"
"VNM","2016","H. influenzae","Levofloxacin","J01M","8","0","0"
"ARG","2004","H. influenzae","Minocycline","J01A","20","0","0"
"ARG","2005","H. influenzae","Minocycline","J01A","93","1","1.08"
"ARG","2006","H. influenzae","Minocycline","J01A","28","0","0"
"ARG","2007","H. influenzae","Minocycline","J01A","90","0","0"
"ARG","2008","H. influenzae","Minocycline","J01A","89","0","0"
"ARG","2009","H. influenzae","Minocycline","J01A","78","0","0"
"ARG","2010","H. influenzae","Minocycline","J01A","60","0","0"
"ARG","2011","H. influenzae","Minocycline","J01A","7","0","0"
"ARG","2012","H. influenzae","Minocycline","J01A","6","0","0"
"ARG","2013","H. influenzae","Minocycline","J01A","9","0","0"
"ARG","2014","H. influenzae","Minocycline","J01A","9","0","0"
"ARG","2015","H. influenzae","Minocycline","J01A","24","0","0"
"ARG","2016","H. influenzae","Minocycline","J01A","17","0","0"
"ARG","2017","H. influenzae","Minocycline","J01A","31","0","0"
"AUS","2004","H. influenzae","Minocycline","J01A","14","0","0"
"AUS","2005","H. influenzae","Minocycline","J01A","15","0","0"
"AUS","2006","H. influenzae","Minocycline","J01A","48","0","0"
"AUS","2007","H. influenzae","Minocycline","J01A","67","0","0"
"AUS","2008","H. influenzae","Minocycline","J01A","40","0","0"
"AUS","2009","H. influenzae","Minocycline","J01A","35","0","0"
"AUS","2010","H. influenzae","Minocycline","J01A","29","0","0"
"AUS","2012","H. influenzae","Minocycline","J01A","12","0","0"
"AUS","2013","H. influenzae","Minocycline","J01A","10","0","0"
"AUS","2014","H. influenzae","Minocycline","J01A","17","1","5.88"
"AUS","2015","H. influenzae","Minocycline","J01A","27","0","0"
"AUS","2016","H. influenzae","Minocycline","J01A","39","0","0"
"AUS","2017","H. influenzae","Minocycline","J01A","38","0","0"
"AUT","2004","H. influenzae","Minocycline","J01A","15","1","6.67"
"AUT","2006","H. influenzae","Minocycline","J01A","10","0","0"
"AUT","2008","H. influenzae","Minocycline","J01A","15","0","0"
"AUT","2009","H. influenzae","Minocycline","J01A","39","0","0"
"AUT","2010","H. influenzae","Minocycline","J01A","9","0","0"
"AUT","2011","H. influenzae","Minocycline","J01A","26","0","0"
"AUT","2012","H. influenzae","Minocycline","J01A","9","0","0"
"AUT","2013","H. influenzae","Minocycline","J01A","9","0","0"
"AUT","2014","H. influenzae","Minocycline","J01A","11","1","9.09"
"AUT","2015","H. influenzae","Minocycline","J01A","8","0","0"
"AUT","2016","H. influenzae","Minocycline","J01A","23","1","4.35"
"BEL","2004","H. influenzae","Minocycline","J01A","15","0","0"
"BEL","2005","H. influenzae","Minocycline","J01A","22","0","0"
"BEL","2006","H. influenzae","Minocycline","J01A","30","0","0"
"BEL","2007","H. influenzae","Minocycline","J01A","59","0","0"
"BEL","2008","H. influenzae","Minocycline","J01A","33","1","3.03"
"BEL","2009","H. influenzae","Minocycline","J01A","62","0","0"
"BEL","2010","H. influenzae","Minocycline","J01A","46","0","0"
"BEL","2011","H. influenzae","Minocycline","J01A","51","0","0"
"BEL","2012","H. influenzae","Minocycline","J01A","40","0","0"
"BEL","2013","H. influenzae","Minocycline","J01A","112","0","0"
"BEL","2014","H. influenzae","Minocycline","J01A","115","0","0"
"BEL","2015","H. influenzae","Minocycline","J01A","115","0","0"
"BEL","2016","H. influenzae","Minocycline","J01A","125","0","0"
"BEL","2017","H. influenzae","Minocycline","J01A","91","0","0"
"BRA","2004","H. influenzae","Minocycline","J01A","12","0","0"
"BRA","2005","H. influenzae","Minocycline","J01A","15","1","6.67"
"BRA","2006","H. influenzae","Minocycline","J01A","3","0","0"
"BRA","2007","H. influenzae","Minocycline","J01A","29","0","0"
"BRA","2008","H. influenzae","Minocycline","J01A","15","0","0"
"BRA","2009","H. influenzae","Minocycline","J01A","15","0","0"
"BRA","2014","H. influenzae","Minocycline","J01A","2","0","0"
"BRA","2015","H. influenzae","Minocycline","J01A","6","0","0"
"BRA","2016","H. influenzae","Minocycline","J01A","17","0","0"
"BRA","2017","H. influenzae","Minocycline","J01A","20","0","0"
"BGR","2008","H. influenzae","Minocycline","J01A","3","0","0"
"BGR","2009","H. influenzae","Minocycline","J01A","22","0","0"
"BGR","2010","H. influenzae","Minocycline","J01A","27","0","0"
"BGR","2011","H. influenzae","Minocycline","J01A","11","0","0"
"CAN","2004","H. influenzae","Minocycline","J01A","19","0","0"
"CAN","2005","H. influenzae","Minocycline","J01A","40","0","0"
"CAN","2006","H. influenzae","Minocycline","J01A","55","1","1.82"
"CAN","2007","H. influenzae","Minocycline","J01A","69","0","0"
"CAN","2008","H. influenzae","Minocycline","J01A","56","0","0"
"CAN","2009","H. influenzae","Minocycline","J01A","76","0","0"
"CAN","2010","H. influenzae","Minocycline","J01A","65","0","0"
"CAN","2011","H. influenzae","Minocycline","J01A","38","0","0"
"CAN","2012","H. influenzae","Minocycline","J01A","109","0","0"
"CAN","2013","H. influenzae","Minocycline","J01A","96","0","0"
"CAN","2014","H. influenzae","Minocycline","J01A","77","0","0"
"CAN","2015","H. influenzae","Minocycline","J01A","78","0","0"
"CAN","2016","H. influenzae","Minocycline","J01A","83","0","0"
"CAN","2017","H. influenzae","Minocycline","J01A","69","0","0"
"CHL","2005","H. influenzae","Minocycline","J01A","12","0","0"
"CHL","2006","H. influenzae","Minocycline","J01A","3","0","0"
"CHL","2007","H. influenzae","Minocycline","J01A","39","1","2.56"
"CHL","2008","H. influenzae","Minocycline","J01A","16","0","0"
"CHL","2009","H. influenzae","Minocycline","J01A","11","0","0"
"CHL","2012","H. influenzae","Minocycline","J01A","3","1","33.33"
"CHL","2013","H. influenzae","Minocycline","J01A","18","0","0"
"CHL","2014","H. influenzae","Minocycline","J01A","27","0","0"
"CHL","2015","H. influenzae","Minocycline","J01A","29","0","0"
"CHL","2016","H. influenzae","Minocycline","J01A","34","0","0"
"CHL","2017","H. influenzae","Minocycline","J01A","28","0","0"
"CHN","2004","H. influenzae","Minocycline","J01A","15","0","0"
"CHN","2005","H. influenzae","Minocycline","J01A","15","0","0"
"CHN","2006","H. influenzae","Minocycline","J01A","14","0","0"
"CHN","2008","H. influenzae","Minocycline","J01A","18","0","0"
"CHN","2009","H. influenzae","Minocycline","J01A","33","0","0"
"CHN","2010","H. influenzae","Minocycline","J01A","35","0","0"
"CHN","2012","H. influenzae","Minocycline","J01A","10","0","0"
"CHN","2013","H. influenzae","Minocycline","J01A","10","0","0"
"CHN","2015","H. influenzae","Minocycline","J01A","80","0","0"
"CHN","2016","H. influenzae","Minocycline","J01A","77","3","3.9"
"COL","2006","H. influenzae","Minocycline","J01A","15","0","0"
"COL","2007","H. influenzae","Minocycline","J01A","4","0","0"
"COL","2008","H. influenzae","Minocycline","J01A","42","0","0"
"COL","2009","H. influenzae","Minocycline","J01A","30","0","0"
"COL","2011","H. influenzae","Minocycline","J01A","49","0","0"
"COL","2013","H. influenzae","Minocycline","J01A","15","0","0"
"COL","2014","H. influenzae","Minocycline","J01A","12","0","0"
"COL","2015","H. influenzae","Minocycline","J01A","12","0","0"
"COL","2016","H. influenzae","Minocycline","J01A","4","0","0"
"HRV","2006","H. influenzae","Minocycline","J01A","11","8","72.73"
"HRV","2007","H. influenzae","Minocycline","J01A","24","0","0"
"HRV","2008","H. influenzae","Minocycline","J01A","23","0","0"
"HRV","2009","H. influenzae","Minocycline","J01A","19","0","0"
"HRV","2010","H. influenzae","Minocycline","J01A","14","0","0"
"HRV","2013","H. influenzae","Minocycline","J01A","14","0","0"
"HRV","2014","H. influenzae","Minocycline","J01A","14","0","0"
"HRV","2015","H. influenzae","Minocycline","J01A","15","0","0"
"HRV","2016","H. influenzae","Minocycline","J01A","16","0","0"
"HRV","2017","H. influenzae","Minocycline","J01A","13","0","0"
"CZE","2006","H. influenzae","Minocycline","J01A","15","0","0"
"CZE","2007","H. influenzae","Minocycline","J01A","21","0","0"
"CZE","2008","H. influenzae","Minocycline","J01A","7","0","0"
"CZE","2009","H. influenzae","Minocycline","J01A","14","0","0"
"CZE","2010","H. influenzae","Minocycline","J01A","12","0","0"
"CZE","2011","H. influenzae","Minocycline","J01A","10","1","10"
"CZE","2013","H. influenzae","Minocycline","J01A","4","0","0"
"CZE","2014","H. influenzae","Minocycline","J01A","21","0","0"
"CZE","2015","H. influenzae","Minocycline","J01A","30","0","0"
"CZE","2016","H. influenzae","Minocycline","J01A","61","0","0"
"CZE","2017","H. influenzae","Minocycline","J01A","67","0","0"
"DNK","2006","H. influenzae","Minocycline","J01A","30","0","0"
"DNK","2007","H. influenzae","Minocycline","J01A","59","0","0"
"DNK","2008","H. influenzae","Minocycline","J01A","22","0","0"
"DNK","2009","H. influenzae","Minocycline","J01A","23","0","0"
"DNK","2010","H. influenzae","Minocycline","J01A","17","0","0"
"DNK","2011","H. influenzae","Minocycline","J01A","15","0","0"
"DNK","2012","H. influenzae","Minocycline","J01A","4","0","0"
"DNK","2013","H. influenzae","Minocycline","J01A","16","0","0"
"DNK","2014","H. influenzae","Minocycline","J01A","42","0","0"
"DNK","2015","H. influenzae","Minocycline","J01A","27","0","0"
"DNK","2016","H. influenzae","Minocycline","J01A","23","1","4.35"
"DNK","2017","H. influenzae","Minocycline","J01A","8","0","0"
"FIN","2006","H. influenzae","Minocycline","J01A","15","0","0"
"FIN","2007","H. influenzae","Minocycline","J01A","10","0","0"
"FIN","2008","H. influenzae","Minocycline","J01A","16","0","0"
"FIN","2010","H. influenzae","Minocycline","J01A","12","0","0"
"FIN","2011","H. influenzae","Minocycline","J01A","15","0","0"
"FIN","2013","H. influenzae","Minocycline","J01A","14","0","0"
"FIN","2014","H. influenzae","Minocycline","J01A","30","0","0"
"FIN","2015","H. influenzae","Minocycline","J01A","1","0","0"
"FIN","2016","H. influenzae","Minocycline","J01A","15","0","0"
"FRA","2004","H. influenzae","Minocycline","J01A","56","0","0"
"FRA","2005","H. influenzae","Minocycline","J01A","29","0","0"
"FRA","2006","H. influenzae","Minocycline","J01A","78","1","1.28"
"FRA","2007","H. influenzae","Minocycline","J01A","166","1","0.6"
"FRA","2008","H. influenzae","Minocycline","J01A","256","0","0"
"FRA","2009","H. influenzae","Minocycline","J01A","225","0","0"
"FRA","2010","H. influenzae","Minocycline","J01A","166","0","0"
"FRA","2011","H. influenzae","Minocycline","J01A","174","2","1.15"
"FRA","2012","H. influenzae","Minocycline","J01A","149","1","0.67"
"FRA","2013","H. influenzae","Minocycline","J01A","171","0","0"
"FRA","2014","H. influenzae","Minocycline","J01A","167","0","0"
"FRA","2015","H. influenzae","Minocycline","J01A","184","1","0.54"
"FRA","2016","H. influenzae","Minocycline","J01A","182","0","0"
"FRA","2017","H. influenzae","Minocycline","J01A","175","0","0"
"DEU","2004","H. influenzae","Minocycline","J01A","74","0","0"
"DEU","2005","H. influenzae","Minocycline","J01A","15","0","0"
"DEU","2006","H. influenzae","Minocycline","J01A","59","1","1.69"
"DEU","2007","H. influenzae","Minocycline","J01A","89","0","0"
"DEU","2008","H. influenzae","Minocycline","J01A","110","1","0.91"
"DEU","2009","H. influenzae","Minocycline","J01A","169","0","0"
"DEU","2010","H. influenzae","Minocycline","J01A","136","2","1.47"
"DEU","2011","H. influenzae","Minocycline","J01A","171","0","0"
"DEU","2012","H. influenzae","Minocycline","J01A","114","0","0"
"DEU","2013","H. influenzae","Minocycline","J01A","214","1","0.47"
"DEU","2014","H. influenzae","Minocycline","J01A","193","1","0.52"
"DEU","2015","H. influenzae","Minocycline","J01A","162","0","0"
"DEU","2016","H. influenzae","Minocycline","J01A","165","0","0"
"DEU","2017","H. influenzae","Minocycline","J01A","194","0","0"
"GRC","2004","H. influenzae","Minocycline","J01A","13","0","0"
"GRC","2005","H. influenzae","Minocycline","J01A","2","0","0"
"GRC","2006","H. influenzae","Minocycline","J01A","59","0","0"
"GRC","2007","H. influenzae","Minocycline","J01A","14","0","0"
"GRC","2008","H. influenzae","Minocycline","J01A","11","0","0"
"GRC","2009","H. influenzae","Minocycline","J01A","10","0","0"
"GRC","2010","H. influenzae","Minocycline","J01A","8","0","0"
"GRC","2011","H. influenzae","Minocycline","J01A","6","0","0"
"GRC","2012","H. influenzae","Minocycline","J01A","2","0","0"
"GRC","2013","H. influenzae","Minocycline","J01A","8","0","0"
"GRC","2014","H. influenzae","Minocycline","J01A","19","0","0"
"GRC","2015","H. influenzae","Minocycline","J01A","13","0","0"
"GRC","2016","H. influenzae","Minocycline","J01A","34","0","0"
"GRC","2017","H. influenzae","Minocycline","J01A","6","0","0"
"GTM","2007","H. influenzae","Minocycline","J01A","16","0","0"
"HND","2007","H. influenzae","Minocycline","J01A","8","0","0"
"HKG","2006","H. influenzae","Minocycline","J01A","13","1","7.69"
"HKG","2007","H. influenzae","Minocycline","J01A","31","0","0"
"HKG","2010","H. influenzae","Minocycline","J01A","15","0","0"
"HKG","2013","H. influenzae","Minocycline","J01A","3","0","0"
"HKG","2014","H. influenzae","Minocycline","J01A","3","0","0"
"HKG","2015","H. influenzae","Minocycline","J01A","15","0","0"
"HKG","2016","H. influenzae","Minocycline","J01A","15","0","0"
"HKG","2017","H. influenzae","Minocycline","J01A","14","0","0"
"HUN","2004","H. influenzae","Minocycline","J01A","14","0","0"
"HUN","2005","H. influenzae","Minocycline","J01A","3","0","0"
"HUN","2007","H. influenzae","Minocycline","J01A","15","0","0"
"HUN","2008","H. influenzae","Minocycline","J01A","44","0","0"
"HUN","2009","H. influenzae","Minocycline","J01A","42","1","2.38"
"HUN","2010","H. influenzae","Minocycline","J01A","29","0","0"
"HUN","2012","H. influenzae","Minocycline","J01A","8","1","12.5"
"HUN","2013","H. influenzae","Minocycline","J01A","8","0","0"
"HUN","2014","H. influenzae","Minocycline","J01A","23","0","0"
"HUN","2015","H. influenzae","Minocycline","J01A","26","0","0"
"HUN","2016","H. influenzae","Minocycline","J01A","38","0","0"
"HUN","2017","H. influenzae","Minocycline","J01A","49","0","0"
"IND","2004","H. influenzae","Minocycline","J01A","11","0","0"
"IND","2007","H. influenzae","Minocycline","J01A","5","0","0"
"IND","2008","H. influenzae","Minocycline","J01A","7","0","0"
"IND","2015","H. influenzae","Minocycline","J01A","10","0","0"
"IND","2016","H. influenzae","Minocycline","J01A","27","0","0"
"IRL","2004","H. influenzae","Minocycline","J01A","15","0","0"
"IRL","2006","H. influenzae","Minocycline","J01A","28","0","0"
"IRL","2007","H. influenzae","Minocycline","J01A","31","0","0"
"IRL","2008","H. influenzae","Minocycline","J01A","11","0","0"
"IRL","2009","H. influenzae","Minocycline","J01A","25","0","0"
"IRL","2010","H. influenzae","Minocycline","J01A","32","0","0"
"IRL","2011","H. influenzae","Minocycline","J01A","31","0","0"
"IRL","2012","H. influenzae","Minocycline","J01A","31","0","0"
"IRL","2013","H. influenzae","Minocycline","J01A","43","0","0"
"IRL","2014","H. influenzae","Minocycline","J01A","16","0","0"
"IRL","2015","H. influenzae","Minocycline","J01A","16","0","0"
"IRL","2016","H. influenzae","Minocycline","J01A","29","0","0"
"IRL","2017","H. influenzae","Minocycline","J01A","26","0","0"
"ISR","2006","H. influenzae","Minocycline","J01A","29","0","0"
"ISR","2007","H. influenzae","Minocycline","J01A","49","0","0"
"ISR","2008","H. influenzae","Minocycline","J01A","76","5","6.58"
"ISR","2009","H. influenzae","Minocycline","J01A","82","0","0"
"ISR","2010","H. influenzae","Minocycline","J01A","106","0","0"
"ISR","2011","H. influenzae","Minocycline","J01A","1","0","0"
"ISR","2012","H. influenzae","Minocycline","J01A","13","3","23.08"
"ISR","2013","H. influenzae","Minocycline","J01A","24","0","0"
"ISR","2014","H. influenzae","Minocycline","J01A","26","0","0"
"ISR","2015","H. influenzae","Minocycline","J01A","28","0","0"
"ISR","2016","H. influenzae","Minocycline","J01A","32","0","0"
"ISR","2017","H. influenzae","Minocycline","J01A","32","2","6.25"
"ITA","2004","H. influenzae","Minocycline","J01A","45","1","2.22"
"ITA","2005","H. influenzae","Minocycline","J01A","71","0","0"
"ITA","2006","H. influenzae","Minocycline","J01A","121","0","0"
"ITA","2007","H. influenzae","Minocycline","J01A","77","0","0"
"ITA","2008","H. influenzae","Minocycline","J01A","174","0","0"
"ITA","2009","H. influenzae","Minocycline","J01A","119","1","0.84"
"ITA","2010","H. influenzae","Minocycline","J01A","94","0","0"
"ITA","2011","H. influenzae","Minocycline","J01A","139","2","1.44"
"ITA","2012","H. influenzae","Minocycline","J01A","99","0","0"
"ITA","2013","H. influenzae","Minocycline","J01A","118","0","0"
"ITA","2014","H. influenzae","Minocycline","J01A","168","0","0"
"ITA","2015","H. influenzae","Minocycline","J01A","140","0","0"
"ITA","2016","H. influenzae","Minocycline","J01A","124","0","0"
"ITA","2017","H. influenzae","Minocycline","J01A","107","0","0"
"JAM","2006","H. influenzae","Minocycline","J01A","15","0","0"
"JPN","2012","H. influenzae","Minocycline","J01A","3","0","0"
"JPN","2013","H. influenzae","Minocycline","J01A","8","0","0"
"JPN","2014","H. influenzae","Minocycline","J01A","6","0","0"
"JPN","2015","H. influenzae","Minocycline","J01A","15","1","6.67"
"JPN","2016","H. influenzae","Minocycline","J01A","27","0","0"
"JPN","2017","H. influenzae","Minocycline","J01A","49","0","0"
"JOR","2010","H. influenzae","Minocycline","J01A","8","0","0"
"JOR","2011","H. influenzae","Minocycline","J01A","18","0","0"
"JOR","2012","H. influenzae","Minocycline","J01A","18","0","0"
"JOR","2013","H. influenzae","Minocycline","J01A","15","0","0"
"JOR","2015","H. influenzae","Minocycline","J01A","14","0","0"
"JOR","2016","H. influenzae","Minocycline","J01A","6","0","0"
"JOR","2017","H. influenzae","Minocycline","J01A","3","0","0"
"KEN","2014","H. influenzae","Minocycline","J01A","3","0","0"
"KOR","2005","H. influenzae","Minocycline","J01A","13","0","0"
"KOR","2006","H. influenzae","Minocycline","J01A","36","0","0"
"KOR","2007","H. influenzae","Minocycline","J01A","59","0","0"
"KOR","2008","H. influenzae","Minocycline","J01A","26","0","0"
"KOR","2009","H. influenzae","Minocycline","J01A","43","0","0"
"KOR","2010","H. influenzae","Minocycline","J01A","24","0","0"
"KOR","2012","H. influenzae","Minocycline","J01A","5","0","0"
"KOR","2013","H. influenzae","Minocycline","J01A","10","0","0"
"KOR","2014","H. influenzae","Minocycline","J01A","9","0","0"
"KOR","2015","H. influenzae","Minocycline","J01A","35","0","0"
"KOR","2016","H. influenzae","Minocycline","J01A","33","0","0"
"KOR","2017","H. influenzae","Minocycline","J01A","35","0","0"
"KWT","2012","H. influenzae","Minocycline","J01A","29","0","0"
"KWT","2013","H. influenzae","Minocycline","J01A","4","0","0"
"KWT","2014","H. influenzae","Minocycline","J01A","16","0","0"
"KWT","2015","H. influenzae","Minocycline","J01A","42","0","0"
"KWT","2016","H. influenzae","Minocycline","J01A","39","0","0"
"KWT","2017","H. influenzae","Minocycline","J01A","43","0","0"
"LVA","2004","H. influenzae","Minocycline","J01A","15","0","0"
"LVA","2005","H. influenzae","Minocycline","J01A","7","0","0"
"LVA","2008","H. influenzae","Minocycline","J01A","17","0","0"
"LVA","2009","H. influenzae","Minocycline","J01A","11","0","0"
"LVA","2010","H. influenzae","Minocycline","J01A","15","0","0"
"LVA","2016","H. influenzae","Minocycline","J01A","15","0","0"
"LVA","2017","H. influenzae","Minocycline","J01A","15","0","0"
"LBN","2006","H. influenzae","Minocycline","J01A","16","0","0"
"LTU","2006","H. influenzae","Minocycline","J01A","15","0","0"
"LTU","2008","H. influenzae","Minocycline","J01A","30","0","0"
"LTU","2010","H. influenzae","Minocycline","J01A","7","0","0"
"LTU","2016","H. influenzae","Minocycline","J01A","14","0","0"
"LTU","2017","H. influenzae","Minocycline","J01A","15","0","0"
"MYS","2008","H. influenzae","Minocycline","J01A","5","0","0"
"MYS","2009","H. influenzae","Minocycline","J01A","8","0","0"
"MYS","2010","H. influenzae","Minocycline","J01A","13","0","0"
"MYS","2013","H. influenzae","Minocycline","J01A","4","0","0"
"MYS","2014","H. influenzae","Minocycline","J01A","4","0","0"
"MYS","2015","H. influenzae","Minocycline","J01A","17","0","0"
"MYS","2016","H. influenzae","Minocycline","J01A","2","0","0"
"MUS","2009","H. influenzae","Minocycline","J01A","1","0","0"
"MEX","2005","H. influenzae","Minocycline","J01A","7","0","0"
"MEX","2006","H. influenzae","Minocycline","J01A","59","0","0"
"MEX","2007","H. influenzae","Minocycline","J01A","65","0","0"
"MEX","2008","H. influenzae","Minocycline","J01A","30","0","0"
"MEX","2009","H. influenzae","Minocycline","J01A","37","0","0"
"MEX","2010","H. influenzae","Minocycline","J01A","30","0","0"
"MEX","2012","H. influenzae","Minocycline","J01A","2","0","0"
"MEX","2013","H. influenzae","Minocycline","J01A","4","0","0"
"MEX","2014","H. influenzae","Minocycline","J01A","9","0","0"
"MEX","2015","H. influenzae","Minocycline","J01A","14","0","0"
"MEX","2016","H. influenzae","Minocycline","J01A","8","0","0"
"MEX","2017","H. influenzae","Minocycline","J01A","18","0","0"
"MAR","2011","H. influenzae","Minocycline","J01A","4","0","0"
"MAR","2012","H. influenzae","Minocycline","J01A","27","0","0"
"MAR","2013","H. influenzae","Minocycline","J01A","14","0","0"
"MAR","2015","H. influenzae","Minocycline","J01A","12","0","0"
"MAR","2016","H. influenzae","Minocycline","J01A","12","0","0"
"MAR","2017","H. influenzae","Minocycline","J01A","7","0","0"
"NLD","2004","H. influenzae","Minocycline","J01A","14","0","0"
"NLD","2006","H. influenzae","Minocycline","J01A","14","0","0"
"NLD","2008","H. influenzae","Minocycline","J01A","23","0","0"
"NLD","2009","H. influenzae","Minocycline","J01A","20","0","0"
"NLD","2010","H. influenzae","Minocycline","J01A","15","0","0"
"NLD","2011","H. influenzae","Minocycline","J01A","14","0","0"
"NLD","2012","H. influenzae","Minocycline","J01A","19","2","10.53"
"NLD","2013","H. influenzae","Minocycline","J01A","22","0","0"
"NLD","2014","H. influenzae","Minocycline","J01A","19","0","0"
"NLD","2015","H. influenzae","Minocycline","J01A","30","0","0"
"NLD","2016","H. influenzae","Minocycline","J01A","32","0","0"
"NLD","2017","H. influenzae","Minocycline","J01A","32","0","0"
"NOR","2006","H. influenzae","Minocycline","J01A","12","0","0"
"OMN","2007","H. influenzae","Minocycline","J01A","15","1","6.67"
"PAK","2004","H. influenzae","Minocycline","J01A","8","1","12.5"
"PAK","2005","H. influenzae","Minocycline","J01A","7","0","0"
"PAK","2006","H. influenzae","Minocycline","J01A","14","0","0"
"PAK","2015","H. influenzae","Minocycline","J01A","15","0","0"
"PAK","2016","H. influenzae","Minocycline","J01A","10","0","0"
"PAK","2017","H. influenzae","Minocycline","J01A","7","0","0"
"PAN","2008","H. influenzae","Minocycline","J01A","13","0","0"
"PAN","2009","H. influenzae","Minocycline","J01A","13","2","15.38"
"PAN","2012","H. influenzae","Minocycline","J01A","11","0","0"
"PAN","2013","H. influenzae","Minocycline","J01A","14","0","0"
"PAN","2014","H. influenzae","Minocycline","J01A","17","0","0"
"PAN","2015","H. influenzae","Minocycline","J01A","13","0","0"
"PAN","2016","H. influenzae","Minocycline","J01A","8","0","0"
"PAN","2017","H. influenzae","Minocycline","J01A","4","0","0"
"PHL","2004","H. influenzae","Minocycline","J01A","15","0","0"
"PHL","2007","H. influenzae","Minocycline","J01A","1","0","0"
"PHL","2008","H. influenzae","Minocycline","J01A","6","0","0"
"PHL","2012","H. influenzae","Minocycline","J01A","7","0","0"
"PHL","2013","H. influenzae","Minocycline","J01A","9","0","0"
"PHL","2014","H. influenzae","Minocycline","J01A","11","0","0"
"PHL","2015","H. influenzae","Minocycline","J01A","21","0","0"
"PHL","2016","H. influenzae","Minocycline","J01A","25","0","0"
"PHL","2017","H. influenzae","Minocycline","J01A","19","0","0"
"POL","2004","H. influenzae","Minocycline","J01A","15","0","0"
"POL","2008","H. influenzae","Minocycline","J01A","12","0","0"
"POL","2009","H. influenzae","Minocycline","J01A","37","0","0"
"POL","2010","H. influenzae","Minocycline","J01A","27","0","0"
"POL","2013","H. influenzae","Minocycline","J01A","24","0","0"
"POL","2014","H. influenzae","Minocycline","J01A","25","0","0"
"POL","2015","H. influenzae","Minocycline","J01A","15","0","0"
"POL","2016","H. influenzae","Minocycline","J01A","13","0","0"
"POL","2017","H. influenzae","Minocycline","J01A","37","0","0"
"PRT","2004","H. influenzae","Minocycline","J01A","14","0","0"
"PRT","2008","H. influenzae","Minocycline","J01A","16","0","0"
"PRT","2009","H. influenzae","Minocycline","J01A","27","0","0"
"PRT","2010","H. influenzae","Minocycline","J01A","28","1","3.57"
"PRT","2011","H. influenzae","Minocycline","J01A","37","0","0"
"PRT","2012","H. influenzae","Minocycline","J01A","66","0","0"
"PRT","2013","H. influenzae","Minocycline","J01A","72","0","0"
"PRT","2014","H. influenzae","Minocycline","J01A","82","0","0"
"PRT","2015","H. influenzae","Minocycline","J01A","67","0","0"
"PRT","2016","H. influenzae","Minocycline","J01A","61","0","0"
"PRT","2017","H. influenzae","Minocycline","J01A","48","0","0"
"ROU","2008","H. influenzae","Minocycline","J01A","10","0","0"
"ROU","2009","H. influenzae","Minocycline","J01A","2","0","0"
"ROU","2010","H. influenzae","Minocycline","J01A","6","0","0"
"ROU","2011","H. influenzae","Minocycline","J01A","5","0","0"
"ROU","2012","H. influenzae","Minocycline","J01A","2","0","0"
"ROU","2013","H. influenzae","Minocycline","J01A","9","0","0"
"ROU","2015","H. influenzae","Minocycline","J01A","8","0","0"
"ROU","2016","H. influenzae","Minocycline","J01A","3","0","0"
"RUS","2013","H. influenzae","Minocycline","J01A","4","0","0"
"RUS","2014","H. influenzae","Minocycline","J01A","18","0","0"
"RUS","2015","H. influenzae","Minocycline","J01A","6","0","0"
"RUS","2016","H. influenzae","Minocycline","J01A","5","0","0"
"RUS","2017","H. influenzae","Minocycline","J01A","11","1","9.09"
"SAU","2009","H. influenzae","Minocycline","J01A","14","0","0"
"SAU","2011","H. influenzae","Minocycline","J01A","14","0","0"
"SAU","2012","H. influenzae","Minocycline","J01A","23","0","0"
"SAU","2013","H. influenzae","Minocycline","J01A","7","0","0"
"SAU","2016","H. influenzae","Minocycline","J01A","13","0","0"
"SRB","2017","H. influenzae","Minocycline","J01A","15","0","0"
"SGP","2004","H. influenzae","Minocycline","J01A","15","0","0"
"SGP","2005","H. influenzae","Minocycline","J01A","10","0","0"
"SGP","2006","H. influenzae","Minocycline","J01A","13","0","0"
"SGP","2007","H. influenzae","Minocycline","J01A","35","0","0"
"SGP","2008","H. influenzae","Minocycline","J01A","8","0","0"
"SGP","2009","H. influenzae","Minocycline","J01A","13","0","0"
"SGP","2010","H. influenzae","Minocycline","J01A","11","0","0"
"SGP","2011","H. influenzae","Minocycline","J01A","1","0","0"
"SGP","2014","H. influenzae","Minocycline","J01A","2","0","0"
"SGP","2015","H. influenzae","Minocycline","J01A","13","0","0"
"SVK","2007","H. influenzae","Minocycline","J01A","30","0","0"
"SVK","2008","H. influenzae","Minocycline","J01A","3","0","0"
"SVK","2009","H. influenzae","Minocycline","J01A","27","0","0"
"SVK","2011","H. influenzae","Minocycline","J01A","10","0","0"
"SVN","2006","H. influenzae","Minocycline","J01A","15","0","0"
"SVN","2007","H. influenzae","Minocycline","J01A","19","0","0"
"SVN","2008","H. influenzae","Minocycline","J01A","37","0","0"
"SVN","2009","H. influenzae","Minocycline","J01A","22","0","0"
"SVN","2010","H. influenzae","Minocycline","J01A","8","0","0"
"ZAF","2005","H. influenzae","Minocycline","J01A","31","1","3.23"
"ZAF","2006","H. influenzae","Minocycline","J01A","55","0","0"
"ZAF","2007","H. influenzae","Minocycline","J01A","69","0","0"
"ZAF","2008","H. influenzae","Minocycline","J01A","5","0","0"
"ZAF","2009","H. influenzae","Minocycline","J01A","10","0","0"
"ZAF","2011","H. influenzae","Minocycline","J01A","14","0","0"
"ZAF","2012","H. influenzae","Minocycline","J01A","6","0","0"
"ZAF","2013","H. influenzae","Minocycline","J01A","22","0","0"
"ZAF","2014","H. influenzae","Minocycline","J01A","12","0","0"
"ZAF","2015","H. influenzae","Minocycline","J01A","28","0","0"
"ZAF","2016","H. influenzae","Minocycline","J01A","43","0","0"
"ZAF","2017","H. influenzae","Minocycline","J01A","51","0","0"
"ESP","2004","H. influenzae","Minocycline","J01A","60","0","0"
"ESP","2005","H. influenzae","Minocycline","J01A","59","1","1.69"
"ESP","2006","H. influenzae","Minocycline","J01A","2","0","0"
"ESP","2007","H. influenzae","Minocycline","J01A","82","1","1.22"
"ESP","2008","H. influenzae","Minocycline","J01A","227","9","3.96"
"ESP","2009","H. influenzae","Minocycline","J01A","182","0","0"
"ESP","2010","H. influenzae","Minocycline","J01A","123","1","0.81"
"ESP","2011","H. influenzae","Minocycline","J01A","208","0","0"
"ESP","2012","H. influenzae","Minocycline","J01A","199","0","0"
"ESP","2013","H. influenzae","Minocycline","J01A","306","1","0.33"
"ESP","2014","H. influenzae","Minocycline","J01A","232","5","2.16"
"ESP","2015","H. influenzae","Minocycline","J01A","247","0","0"
"ESP","2016","H. influenzae","Minocycline","J01A","231","0","0"
"ESP","2017","H. influenzae","Minocycline","J01A","225","0","0"
"SWE","2005","H. influenzae","Minocycline","J01A","12","0","0"
"SWE","2006","H. influenzae","Minocycline","J01A","32","0","0"
"SWE","2007","H. influenzae","Minocycline","J01A","42","0","0"
"SWE","2008","H. influenzae","Minocycline","J01A","27","0","0"
"SWE","2009","H. influenzae","Minocycline","J01A","40","0","0"
"SWE","2010","H. influenzae","Minocycline","J01A","32","0","0"
"SWE","2011","H. influenzae","Minocycline","J01A","41","0","0"
"SWE","2012","H. influenzae","Minocycline","J01A","23","2","8.7"
"SWE","2013","H. influenzae","Minocycline","J01A","26","0","0"
"SWE","2014","H. influenzae","Minocycline","J01A","17","0","0"
"SWE","2017","H. influenzae","Minocycline","J01A","9","0","0"
"CHE","2004","H. influenzae","Minocycline","J01A","7","0","0"
"CHE","2006","H. influenzae","Minocycline","J01A","15","0","0"
"CHE","2008","H. influenzae","Minocycline","J01A","20","0","0"
"CHE","2009","H. influenzae","Minocycline","J01A","13","0","0"
"CHE","2010","H. influenzae","Minocycline","J01A","11","0","0"
"CHE","2011","H. influenzae","Minocycline","J01A","7","0","0"
"CHE","2012","H. influenzae","Minocycline","J01A","36","0","0"
"CHE","2013","H. influenzae","Minocycline","J01A","53","0","0"
"CHE","2014","H. influenzae","Minocycline","J01A","32","0","0"
"CHE","2015","H. influenzae","Minocycline","J01A","23","0","0"
"CHE","2016","H. influenzae","Minocycline","J01A","30","0","0"
"CHE","2017","H. influenzae","Minocycline","J01A","18","0","0"
"TWN","2006","H. influenzae","Minocycline","J01A","57","0","0"
"TWN","2007","H. influenzae","Minocycline","J01A","38","1","2.63"
"TWN","2008","H. influenzae","Minocycline","J01A","5","0","0"
"TWN","2009","H. influenzae","Minocycline","J01A","11","0","0"
"TWN","2012","H. influenzae","Minocycline","J01A","1","0","0"
"TWN","2013","H. influenzae","Minocycline","J01A","3","0","0"
"TWN","2014","H. influenzae","Minocycline","J01A","12","0","0"
"TWN","2015","H. influenzae","Minocycline","J01A","31","0","0"
"TWN","2016","H. influenzae","Minocycline","J01A","46","0","0"
"TWN","2017","H. influenzae","Minocycline","J01A","39","0","0"
"THA","2008","H. influenzae","Minocycline","J01A","29","0","0"
"THA","2010","H. influenzae","Minocycline","J01A","7","0","0"
"THA","2012","H. influenzae","Minocycline","J01A","2","0","0"
"THA","2013","H. influenzae","Minocycline","J01A","8","1","12.5"
"THA","2014","H. influenzae","Minocycline","J01A","11","0","0"
"THA","2015","H. influenzae","Minocycline","J01A","29","0","0"
"THA","2016","H. influenzae","Minocycline","J01A","24","0","0"
"THA","2017","H. influenzae","Minocycline","J01A","42","0","0"
"TUN","2011","H. influenzae","Minocycline","J01A","16","0","0"
"TUN","2012","H. influenzae","Minocycline","J01A","17","0","0"
"TUN","2013","H. influenzae","Minocycline","J01A","13","0","0"
"TUR","2004","H. influenzae","Minocycline","J01A","5","0","0"
"TUR","2005","H. influenzae","Minocycline","J01A","16","1","6.25"
"TUR","2008","H. influenzae","Minocycline","J01A","11","0","0"
"TUR","2012","H. influenzae","Minocycline","J01A","4","0","0"
"TUR","2013","H. influenzae","Minocycline","J01A","2","0","0"
"TUR","2014","H. influenzae","Minocycline","J01A","7","0","0"
"TUR","2015","H. influenzae","Minocycline","J01A","10","0","0"
"TUR","2016","H. influenzae","Minocycline","J01A","14","0","0"
"TUR","2017","H. influenzae","Minocycline","J01A","12","0","0"
"GBR","2004","H. influenzae","Minocycline","J01A","65","2","3.08"
"GBR","2007","H. influenzae","Minocycline","J01A","15","0","0"
"GBR","2008","H. influenzae","Minocycline","J01A","6","0","0"
"GBR","2009","H. influenzae","Minocycline","J01A","16","0","0"
"GBR","2010","H. influenzae","Minocycline","J01A","28","0","0"
"GBR","2011","H. influenzae","Minocycline","J01A","27","0","0"
"GBR","2012","H. influenzae","Minocycline","J01A","17","0","0"
"GBR","2013","H. influenzae","Minocycline","J01A","52","0","0"
"GBR","2014","H. influenzae","Minocycline","J01A","41","0","0"
"GBR","2015","H. influenzae","Minocycline","J01A","50","0","0"
"GBR","2016","H. influenzae","Minocycline","J01A","71","0","0"
"GBR","2017","H. influenzae","Minocycline","J01A","64","0","0"
"USA","2004","H. influenzae","Minocycline","J01A","810","3","0.37"
"USA","2005","H. influenzae","Minocycline","J01A","801","2","0.25"
"USA","2006","H. influenzae","Minocycline","J01A","852","2","0.23"
"USA","2007","H. influenzae","Minocycline","J01A","996","2","0.2"
"USA","2008","H. influenzae","Minocycline","J01A","336","1","0.3"
"USA","2009","H. influenzae","Minocycline","J01A","403","1","0.25"
"USA","2010","H. influenzae","Minocycline","J01A","307","4","1.3"
"USA","2011","H. influenzae","Minocycline","J01A","378","1","0.26"
"USA","2012","H. influenzae","Minocycline","J01A","384","4","1.04"
"USA","2013","H. influenzae","Minocycline","J01A","488","2","0.41"
"USA","2014","H. influenzae","Minocycline","J01A","323","0","0"
"USA","2015","H. influenzae","Minocycline","J01A","328","1","0.3"
"USA","2016","H. influenzae","Minocycline","J01A","322","0","0"
"USA","2017","H. influenzae","Minocycline","J01A","117","1","0.85"
"VEN","2006","H. influenzae","Minocycline","J01A","11","0","0"
"VEN","2007","H. influenzae","Minocycline","J01A","24","0","0"
"VEN","2008","H. influenzae","Minocycline","J01A","6","0","0"
"VEN","2009","H. influenzae","Minocycline","J01A","26","2","7.69"
"VEN","2010","H. influenzae","Minocycline","J01A","1","0","0"
"VEN","2011","H. influenzae","Minocycline","J01A","15","0","0"
"VEN","2012","H. influenzae","Minocycline","J01A","3","2","66.67"
"VEN","2013","H. influenzae","Minocycline","J01A","6","0","0"
"VEN","2014","H. influenzae","Minocycline","J01A","4","0","0"
"VEN","2015","H. influenzae","Minocycline","J01A","16","0","0"
"VEN","2016","H. influenzae","Minocycline","J01A","17","0","0"
"VEN","2017","H. influenzae","Minocycline","J01A","3","0","0"
"VNM","2016","H. influenzae","Minocycline","J01A","8","1","12.5"
"ARG","2012","Morganella spp.","Amikacin","J01G","8","0","0"
"ARG","2013","Morganella spp.","Amikacin","J01G","8","1","12.5"
"ARG","2014","Morganella spp.","Amikacin","J01G","9","0","0"
"ARG","2015","Morganella spp.","Amikacin","J01G","9","2","22.22"
"ARG","2016","Morganella spp.","Amikacin","J01G","10","1","10"
"ARG","2017","Morganella spp.","Amikacin","J01G","9","0","0"
"ARG","2018","Morganella spp.","Amikacin","J01G","8","1","12.5"
"AUS","2012","Morganella spp.","Amikacin","J01G","8","0","0"
"AUS","2013","Morganella spp.","Amikacin","J01G","12","2","16.67"
"AUS","2014","Morganella spp.","Amikacin","J01G","8","0","0"
"AUS","2015","Morganella spp.","Amikacin","J01G","9","0","0"
"AUS","2016","Morganella spp.","Amikacin","J01G","10","1","10"
"AUS","2017","Morganella spp.","Amikacin","J01G","10","0","0"
"AUS","2018","Morganella spp.","Amikacin","J01G","13","0","0"
"AUT","2012","Morganella spp.","Amikacin","J01G","7","0","0"
"AUT","2013","Morganella spp.","Amikacin","J01G","10","0","0"
"AUT","2014","Morganella spp.","Amikacin","J01G","10","0","0"
"AUT","2015","Morganella spp.","Amikacin","J01G","2","0","0"
"AUT","2016","Morganella spp.","Amikacin","J01G","9","0","0"
"BEL","2012","Morganella spp.","Amikacin","J01G","6","0","0"
"BEL","2013","Morganella spp.","Amikacin","J01G","13","0","0"
"BEL","2014","Morganella spp.","Amikacin","J01G","12","0","0"
"BEL","2015","Morganella spp.","Amikacin","J01G","12","0","0"
"BEL","2016","Morganella spp.","Amikacin","J01G","13","0","0"
"BEL","2017","Morganella spp.","Amikacin","J01G","13","0","0"
"BEL","2018","Morganella spp.","Amikacin","J01G","19","0","0"
"BRA","2013","Morganella spp.","Amikacin","J01G","10","1","10"
"BRA","2014","Morganella spp.","Amikacin","J01G","9","0","0"
"BRA","2015","Morganella spp.","Amikacin","J01G","7","1","14.29"
"BRA","2016","Morganella spp.","Amikacin","J01G","8","0","0"
"BRA","2017","Morganella spp.","Amikacin","J01G","19","0","0"
"BRA","2018","Morganella spp.","Amikacin","J01G","19","0","0"
"CAN","2018","Morganella spp.","Amikacin","J01G","26","1","3.85"
"CHL","2012","Morganella spp.","Amikacin","J01G","10","0","0"
"CHL","2013","Morganella spp.","Amikacin","J01G","8","0","0"
"CHL","2014","Morganella spp.","Amikacin","J01G","11","2","18.18"
"CHL","2015","Morganella spp.","Amikacin","J01G","11","1","9.09"
"CHL","2016","Morganella spp.","Amikacin","J01G","7","0","0"
"CHL","2017","Morganella spp.","Amikacin","J01G","7","0","0"
"CHL","2018","Morganella spp.","Amikacin","J01G","12","1","8.33"
"CHN","2012","Morganella spp.","Amikacin","J01G","14","2","14.29"
"CHN","2013","Morganella spp.","Amikacin","J01G","19","3","15.79"
"CHN","2014","Morganella spp.","Amikacin","J01G","15","0","0"
"CHN","2015","Morganella spp.","Amikacin","J01G","13","0","0"
"CHN","2016","Morganella spp.","Amikacin","J01G","19","1","5.26"
"CHN","2017","Morganella spp.","Amikacin","J01G","15","2","13.33"
"CHN","2018","Morganella spp.","Amikacin","J01G","50","5","10"
"COL","2012","Morganella spp.","Amikacin","J01G","9","0","0"
"COL","2013","Morganella spp.","Amikacin","J01G","7","0","0"
"COL","2014","Morganella spp.","Amikacin","J01G","4","0","0"
"COL","2015","Morganella spp.","Amikacin","J01G","9","0","0"
"COL","2016","Morganella spp.","Amikacin","J01G","10","0","0"
"COL","2017","Morganella spp.","Amikacin","J01G","9","0","0"
"COL","2018","Morganella spp.","Amikacin","J01G","16","0","0"
"CRI","2018","Morganella spp.","Amikacin","J01G","2","0","0"
"HRV","2018","Morganella spp.","Amikacin","J01G","9","0","0"
"CZE","2012","Morganella spp.","Amikacin","J01G","13","0","0"
"CZE","2013","Morganella spp.","Amikacin","J01G","13","0","0"
"CZE","2014","Morganella spp.","Amikacin","J01G","10","0","0"
"CZE","2015","Morganella spp.","Amikacin","J01G","8","0","0"
"CZE","2016","Morganella spp.","Amikacin","J01G","11","1","9.09"
"CZE","2017","Morganella spp.","Amikacin","J01G","14","0","0"
"CZE","2018","Morganella spp.","Amikacin","J01G","14","0","0"
"DNK","2012","Morganella spp.","Amikacin","J01G","2","1","50"
"DNK","2013","Morganella spp.","Amikacin","J01G","5","0","0"
"DNK","2014","Morganella spp.","Amikacin","J01G","8","0","0"
"DNK","2015","Morganella spp.","Amikacin","J01G","9","0","0"
"DNK","2016","Morganella spp.","Amikacin","J01G","3","0","0"
"DNK","2017","Morganella spp.","Amikacin","J01G","3","0","0"
"DNK","2018","Morganella spp.","Amikacin","J01G","3","0","0"
"DOM","2018","Morganella spp.","Amikacin","J01G","3","0","0"
"FIN","2018","Morganella spp.","Amikacin","J01G","1","0","0"
"FRA","2012","Morganella spp.","Amikacin","J01G","6","0","0"
"FRA","2013","Morganella spp.","Amikacin","J01G","12","0","0"
"FRA","2014","Morganella spp.","Amikacin","J01G","15","0","0"
"FRA","2015","Morganella spp.","Amikacin","J01G","13","0","0"
"FRA","2016","Morganella spp.","Amikacin","J01G","19","0","0"
"FRA","2017","Morganella spp.","Amikacin","J01G","14","0","0"
"FRA","2018","Morganella spp.","Amikacin","J01G","29","0","0"
"DEU","2012","Morganella spp.","Amikacin","J01G","7","1","14.29"
"DEU","2013","Morganella spp.","Amikacin","J01G","16","0","0"
"DEU","2014","Morganella spp.","Amikacin","J01G","15","0","0"
"DEU","2015","Morganella spp.","Amikacin","J01G","16","1","6.25"
"DEU","2016","Morganella spp.","Amikacin","J01G","14","0","0"
"DEU","2017","Morganella spp.","Amikacin","J01G","13","0","0"
"DEU","2018","Morganella spp.","Amikacin","J01G","30","0","0"
"GRC","2012","Morganella spp.","Amikacin","J01G","6","0","0"
"GRC","2013","Morganella spp.","Amikacin","J01G","12","0","0"
"GRC","2014","Morganella spp.","Amikacin","J01G","13","0","0"
"GRC","2015","Morganella spp.","Amikacin","J01G","7","1","14.29"
"GRC","2016","Morganella spp.","Amikacin","J01G","21","0","0"
"GRC","2017","Morganella spp.","Amikacin","J01G","15","0","0"
"GRC","2018","Morganella spp.","Amikacin","J01G","10","0","0"
"GTM","2018","Morganella spp.","Amikacin","J01G","8","0","0"
"HKG","2013","Morganella spp.","Amikacin","J01G","2","0","0"
"HKG","2014","Morganella spp.","Amikacin","J01G","2","0","0"
"HKG","2018","Morganella spp.","Amikacin","J01G","3","0","0"
"HUN","2012","Morganella spp.","Amikacin","J01G","7","0","0"
"HUN","2013","Morganella spp.","Amikacin","J01G","12","0","0"
"HUN","2014","Morganella spp.","Amikacin","J01G","9","0","0"
"HUN","2015","Morganella spp.","Amikacin","J01G","8","0","0"
"HUN","2016","Morganella spp.","Amikacin","J01G","12","0","0"
"HUN","2017","Morganella spp.","Amikacin","J01G","12","0","0"
"HUN","2018","Morganella spp.","Amikacin","J01G","12","0","0"
"IND","2018","Morganella spp.","Amikacin","J01G","14","2","14.29"
"IRL","2013","Morganella spp.","Amikacin","J01G","3","0","0"
"IRL","2018","Morganella spp.","Amikacin","J01G","8","0","0"
"ISR","2012","Morganella spp.","Amikacin","J01G","9","1","11.11"
"ISR","2013","Morganella spp.","Amikacin","J01G","14","1","7.14"
"ISR","2014","Morganella spp.","Amikacin","J01G","10","1","10"
"ISR","2015","Morganella spp.","Amikacin","J01G","11","0","0"
"ISR","2016","Morganella spp.","Amikacin","J01G","10","0","0"
"ISR","2017","Morganella spp.","Amikacin","J01G","15","0","0"
"ISR","2018","Morganella spp.","Amikacin","J01G","12","0","0"
"ITA","2012","Morganella spp.","Amikacin","J01G","9","0","0"
"ITA","2013","Morganella spp.","Amikacin","J01G","13","1","7.69"
"ITA","2014","Morganella spp.","Amikacin","J01G","14","0","0"
"ITA","2015","Morganella spp.","Amikacin","J01G","10","0","0"
"ITA","2016","Morganella spp.","Amikacin","J01G","13","0","0"
"ITA","2017","Morganella spp.","Amikacin","J01G","11","0","0"
"ITA","2018","Morganella spp.","Amikacin","J01G","31","1","3.23"
"JPN","2012","Morganella spp.","Amikacin","J01G","6","0","0"
"JPN","2013","Morganella spp.","Amikacin","J01G","8","0","0"
"JPN","2014","Morganella spp.","Amikacin","J01G","5","0","0"
"JPN","2015","Morganella spp.","Amikacin","J01G","3","0","0"
"JPN","2016","Morganella spp.","Amikacin","J01G","5","0","0"
"JPN","2017","Morganella spp.","Amikacin","J01G","7","0","0"
"JPN","2018","Morganella spp.","Amikacin","J01G","13","0","0"
"JOR","2018","Morganella spp.","Amikacin","J01G","3","0","0"
"KEN","2013","Morganella spp.","Amikacin","J01G","4","1","25"
"KEN","2014","Morganella spp.","Amikacin","J01G","6","0","0"
"KOR","2012","Morganella spp.","Amikacin","J01G","8","1","12.5"
"KOR","2013","Morganella spp.","Amikacin","J01G","5","0","0"
"KOR","2014","Morganella spp.","Amikacin","J01G","6","0","0"
"KOR","2015","Morganella spp.","Amikacin","J01G","8","0","0"
"KOR","2016","Morganella spp.","Amikacin","J01G","7","0","0"
"KOR","2017","Morganella spp.","Amikacin","J01G","6","0","0"
"KOR","2018","Morganella spp.","Amikacin","J01G","9","0","0"
"KWT","2012","Morganella spp.","Amikacin","J01G","3","0","0"
"KWT","2013","Morganella spp.","Amikacin","J01G","10","0","0"
"KWT","2014","Morganella spp.","Amikacin","J01G","10","1","10"
"KWT","2015","Morganella spp.","Amikacin","J01G","9","0","0"
"KWT","2016","Morganella spp.","Amikacin","J01G","10","0","0"
"KWT","2017","Morganella spp.","Amikacin","J01G","10","3","30"
"KWT","2018","Morganella spp.","Amikacin","J01G","8","0","0"
"LVA","2018","Morganella spp.","Amikacin","J01G","2","0","0"
"LTU","2018","Morganella spp.","Amikacin","J01G","6","0","0"
"MYS","2013","Morganella spp.","Amikacin","J01G","6","0","0"
"MYS","2014","Morganella spp.","Amikacin","J01G","5","0","0"
"MYS","2015","Morganella spp.","Amikacin","J01G","4","0","0"
"MYS","2018","Morganella spp.","Amikacin","J01G","5","0","0"
"MEX","2012","Morganella spp.","Amikacin","J01G","7","0","0"
"MEX","2013","Morganella spp.","Amikacin","J01G","10","2","20"
"MEX","2014","Morganella spp.","Amikacin","J01G","12","1","8.33"
"MEX","2015","Morganella spp.","Amikacin","J01G","16","0","0"
"MEX","2016","Morganella spp.","Amikacin","J01G","21","1","4.76"
"MEX","2017","Morganella spp.","Amikacin","J01G","12","0","0"
"MEX","2018","Morganella spp.","Amikacin","J01G","13","1","7.69"
"MAR","2018","Morganella spp.","Amikacin","J01G","11","1","9.09"
"NLD","2012","Morganella spp.","Amikacin","J01G","8","1","12.5"
"NLD","2013","Morganella spp.","Amikacin","J01G","12","0","0"
"NLD","2014","Morganella spp.","Amikacin","J01G","8","0","0"
"NLD","2015","Morganella spp.","Amikacin","J01G","11","0","0"
"NLD","2016","Morganella spp.","Amikacin","J01G","10","0","0"
"NLD","2017","Morganella spp.","Amikacin","J01G","17","1","5.88"
"NLD","2018","Morganella spp.","Amikacin","J01G","6","0","0"
"NGA","2013","Morganella spp.","Amikacin","J01G","2","0","0"
"NGA","2014","Morganella spp.","Amikacin","J01G","3","0","0"
"NGA","2018","Morganella spp.","Amikacin","J01G","5","0","0"
"PAN","2018","Morganella spp.","Amikacin","J01G","1","0","0"
"PHL","2012","Morganella spp.","Amikacin","J01G","7","0","0"
"PHL","2013","Morganella spp.","Amikacin","J01G","11","0","0"
"PHL","2014","Morganella spp.","Amikacin","J01G","9","0","0"
"PHL","2015","Morganella spp.","Amikacin","J01G","8","0","0"
"PHL","2016","Morganella spp.","Amikacin","J01G","15","0","0"
"PHL","2017","Morganella spp.","Amikacin","J01G","12","0","0"
"PHL","2018","Morganella spp.","Amikacin","J01G","6","0","0"
"POL","2013","Morganella spp.","Amikacin","J01G","9","0","0"
"POL","2014","Morganella spp.","Amikacin","J01G","7","0","0"
"POL","2015","Morganella spp.","Amikacin","J01G","5","0","0"
"POL","2016","Morganella spp.","Amikacin","J01G","6","0","0"
"POL","2017","Morganella spp.","Amikacin","J01G","11","0","0"
"POL","2018","Morganella spp.","Amikacin","J01G","10","0","0"
"PRT","2012","Morganella spp.","Amikacin","J01G","12","0","0"
"PRT","2013","Morganella spp.","Amikacin","J01G","20","0","0"
"PRT","2014","Morganella spp.","Amikacin","J01G","21","0","0"
"PRT","2015","Morganella spp.","Amikacin","J01G","19","0","0"
"PRT","2016","Morganella spp.","Amikacin","J01G","17","0","0"
"PRT","2017","Morganella spp.","Amikacin","J01G","16","0","0"
"PRT","2018","Morganella spp.","Amikacin","J01G","11","0","0"
"ROU","2012","Morganella spp.","Amikacin","J01G","4","0","0"
"ROU","2013","Morganella spp.","Amikacin","J01G","8","1","12.5"
"ROU","2014","Morganella spp.","Amikacin","J01G","3","0","0"
"ROU","2015","Morganella spp.","Amikacin","J01G","3","0","0"
"ROU","2016","Morganella spp.","Amikacin","J01G","3","0","0"
"ROU","2018","Morganella spp.","Amikacin","J01G","13","1","7.69"
"RUS","2012","Morganella spp.","Amikacin","J01G","12","2","16.67"
"RUS","2013","Morganella spp.","Amikacin","J01G","15","0","0"
"RUS","2014","Morganella spp.","Amikacin","J01G","11","0","0"
"RUS","2015","Morganella spp.","Amikacin","J01G","11","2","18.18"
"RUS","2016","Morganella spp.","Amikacin","J01G","11","0","0"
"RUS","2017","Morganella spp.","Amikacin","J01G","11","0","0"
"RUS","2018","Morganella spp.","Amikacin","J01G","15","2","13.33"
"SAU","2018","Morganella spp.","Amikacin","J01G","3","0","0"
"SGP","2018","Morganella spp.","Amikacin","J01G","3","0","0"
"ZAF","2012","Morganella spp.","Amikacin","J01G","8","0","0"
"ZAF","2013","Morganella spp.","Amikacin","J01G","9","0","0"
"ZAF","2014","Morganella spp.","Amikacin","J01G","7","0","0"
"ZAF","2015","Morganella spp.","Amikacin","J01G","5","0","0"
"ZAF","2016","Morganella spp.","Amikacin","J01G","9","0","0"
"ZAF","2017","Morganella spp.","Amikacin","J01G","12","0","0"
"ZAF","2018","Morganella spp.","Amikacin","J01G","13","0","0"
"ESP","2012","Morganella spp.","Amikacin","J01G","11","0","0"
"ESP","2013","Morganella spp.","Amikacin","J01G","17","0","0"
"ESP","2014","Morganella spp.","Amikacin","J01G","14","0","0"
"ESP","2015","Morganella spp.","Amikacin","J01G","15","0","0"
"ESP","2016","Morganella spp.","Amikacin","J01G","14","0","0"
"ESP","2017","Morganella spp.","Amikacin","J01G","17","0","0"
"ESP","2018","Morganella spp.","Amikacin","J01G","31","1","3.23"
"SWE","2012","Morganella spp.","Amikacin","J01G","5","0","0"
"SWE","2013","Morganella spp.","Amikacin","J01G","13","0","0"
"SWE","2014","Morganella spp.","Amikacin","J01G","4","0","0"
"SWE","2017","Morganella spp.","Amikacin","J01G","3","0","0"
"SWE","2018","Morganella spp.","Amikacin","J01G","1","0","0"
"CHE","2018","Morganella spp.","Amikacin","J01G","6","0","0"
"TWN","2012","Morganella spp.","Amikacin","J01G","11","0","0"
"TWN","2013","Morganella spp.","Amikacin","J01G","9","0","0"
"TWN","2014","Morganella spp.","Amikacin","J01G","10","0","0"
"TWN","2015","Morganella spp.","Amikacin","J01G","9","0","0"
"TWN","2016","Morganella spp.","Amikacin","J01G","10","0","0"
"TWN","2017","Morganella spp.","Amikacin","J01G","9","0","0"
"TWN","2018","Morganella spp.","Amikacin","J01G","12","1","8.33"
"THA","2012","Morganella spp.","Amikacin","J01G","9","0","0"
"THA","2013","Morganella spp.","Amikacin","J01G","9","0","0"
"THA","2014","Morganella spp.","Amikacin","J01G","12","1","8.33"
"THA","2015","Morganella spp.","Amikacin","J01G","11","1","9.09"
"THA","2016","Morganella spp.","Amikacin","J01G","9","1","11.11"
"THA","2017","Morganella spp.","Amikacin","J01G","12","0","0"
"THA","2018","Morganella spp.","Amikacin","J01G","9","1","11.11"
"TUR","2012","Morganella spp.","Amikacin","J01G","8","0","0"
"TUR","2013","Morganella spp.","Amikacin","J01G","11","0","0"
"TUR","2014","Morganella spp.","Amikacin","J01G","7","0","0"
"TUR","2015","Morganella spp.","Amikacin","J01G","13","2","15.38"
"TUR","2016","Morganella spp.","Amikacin","J01G","12","0","0"
"TUR","2017","Morganella spp.","Amikacin","J01G","10","0","0"
"TUR","2018","Morganella spp.","Amikacin","J01G","7","1","14.29"
"UKR","2018","Morganella spp.","Amikacin","J01G","9","0","0"
"GBR","2012","Morganella spp.","Amikacin","J01G","5","0","0"
"GBR","2013","Morganella spp.","Amikacin","J01G","6","0","0"
"GBR","2014","Morganella spp.","Amikacin","J01G","5","0","0"
"GBR","2015","Morganella spp.","Amikacin","J01G","8","1","12.5"
"GBR","2016","Morganella spp.","Amikacin","J01G","9","0","0"
"GBR","2017","Morganella spp.","Amikacin","J01G","9","0","0"
"GBR","2018","Morganella spp.","Amikacin","J01G","16","0","0"
"USA","2012","Morganella spp.","Amikacin","J01G","38","3","7.89"
"USA","2013","Morganella spp.","Amikacin","J01G","28","1","3.57"
"USA","2014","Morganella spp.","Amikacin","J01G","40","2","5"
"USA","2015","Morganella spp.","Amikacin","J01G","27","1","3.7"
"USA","2016","Morganella spp.","Amikacin","J01G","38","2","5.26"
"USA","2018","Morganella spp.","Amikacin","J01G","71","1","1.41"
"VEN","2012","Morganella spp.","Amikacin","J01G","6","0","0"
"VEN","2013","Morganella spp.","Amikacin","J01G","7","0","0"
"VEN","2014","Morganella spp.","Amikacin","J01G","14","3","21.43"
"VEN","2015","Morganella spp.","Amikacin","J01G","12","0","0"
"VEN","2016","Morganella spp.","Amikacin","J01G","10","0","0"
"VEN","2017","Morganella spp.","Amikacin","J01G","12","0","0"
"VEN","2018","Morganella spp.","Amikacin","J01G","15","2","13.33"
"ARG","2018","Morganella spp.","Gentamicin","J01G","8","1","12.5"
"AUS","2018","Morganella spp.","Gentamicin","J01G","13","1","7.69"
"BEL","2018","Morganella spp.","Gentamicin","J01G","19","3","15.79"
"BRA","2018","Morganella spp.","Gentamicin","J01G","19","4","21.05"
"CAN","2018","Morganella spp.","Gentamicin","J01G","26","6","23.08"
"CHL","2018","Morganella spp.","Gentamicin","J01G","12","1","8.33"
"CHN","2018","Morganella spp.","Gentamicin","J01G","50","17","34"
"COL","2018","Morganella spp.","Gentamicin","J01G","16","1","6.25"
"CRI","2018","Morganella spp.","Gentamicin","J01G","2","1","50"
"HRV","2018","Morganella spp.","Gentamicin","J01G","9","0","0"
"CZE","2018","Morganella spp.","Gentamicin","J01G","14","0","0"
"DNK","2018","Morganella spp.","Gentamicin","J01G","3","0","0"
"DOM","2018","Morganella spp.","Gentamicin","J01G","3","2","66.67"
"FIN","2018","Morganella spp.","Gentamicin","J01G","1","0","0"
"FRA","2018","Morganella spp.","Gentamicin","J01G","29","2","6.9"
"DEU","2018","Morganella spp.","Gentamicin","J01G","30","1","3.33"
"GRC","2018","Morganella spp.","Gentamicin","J01G","10","2","20"
"GTM","2018","Morganella spp.","Gentamicin","J01G","8","2","25"
"HKG","2018","Morganella spp.","Gentamicin","J01G","3","1","33.33"
"HUN","2018","Morganella spp.","Gentamicin","J01G","12","0","0"
"IND","2018","Morganella spp.","Gentamicin","J01G","14","5","35.71"
"IRL","2018","Morganella spp.","Gentamicin","J01G","8","1","12.5"
"ISR","2018","Morganella spp.","Gentamicin","J01G","12","3","25"
"ITA","2018","Morganella spp.","Gentamicin","J01G","31","5","16.13"
"JPN","2018","Morganella spp.","Gentamicin","J01G","13","0","0"
"JOR","2018","Morganella spp.","Gentamicin","J01G","3","2","66.67"
"KOR","2018","Morganella spp.","Gentamicin","J01G","9","2","22.22"
"KWT","2018","Morganella spp.","Gentamicin","J01G","8","2","25"
"LVA","2018","Morganella spp.","Gentamicin","J01G","2","0","0"
"LTU","2018","Morganella spp.","Gentamicin","J01G","6","0","0"
"MYS","2018","Morganella spp.","Gentamicin","J01G","5","0","0"
"MEX","2018","Morganella spp.","Gentamicin","J01G","13","7","53.85"
"MAR","2018","Morganella spp.","Gentamicin","J01G","11","3","27.27"
"NLD","2018","Morganella spp.","Gentamicin","J01G","6","0","0"
"NGA","2018","Morganella spp.","Gentamicin","J01G","5","0","0"
"PAN","2018","Morganella spp.","Gentamicin","J01G","1","0","0"
"PHL","2018","Morganella spp.","Gentamicin","J01G","6","0","0"
"POL","2018","Morganella spp.","Gentamicin","J01G","10","1","10"
"PRT","2018","Morganella spp.","Gentamicin","J01G","11","0","0"
"ROU","2018","Morganella spp.","Gentamicin","J01G","13","3","23.08"
"RUS","2018","Morganella spp.","Gentamicin","J01G","15","3","20"
"SAU","2018","Morganella spp.","Gentamicin","J01G","3","1","33.33"
"SGP","2018","Morganella spp.","Gentamicin","J01G","3","1","33.33"
"ZAF","2018","Morganella spp.","Gentamicin","J01G","13","3","23.08"
"ESP","2018","Morganella spp.","Gentamicin","J01G","31","2","6.45"
"SWE","2018","Morganella spp.","Gentamicin","J01G","1","0","0"
"CHE","2018","Morganella spp.","Gentamicin","J01G","6","0","0"
"TWN","2018","Morganella spp.","Gentamicin","J01G","12","4","33.33"
"THA","2018","Morganella spp.","Gentamicin","J01G","9","3","33.33"
"TUR","2018","Morganella spp.","Gentamicin","J01G","7","6","85.71"
"UKR","2018","Morganella spp.","Gentamicin","J01G","9","1","11.11"
"GBR","2018","Morganella spp.","Gentamicin","J01G","16","3","18.75"
"USA","2018","Morganella spp.","Gentamicin","J01G","71","12","16.9"
"VEN","2018","Morganella spp.","Gentamicin","J01G","15","1","6.67"
"ARG","2012","Morganella spp.","Doripenem","J01D","8","0","0"
"ARG","2013","Morganella spp.","Doripenem","J01D","8","0","0"
"ARG","2014","Morganella spp.","Doripenem","J01D","9","0","0"
"ARG","2015","Morganella spp.","Doripenem","J01D","9","0","0"
"ARG","2016","Morganella spp.","Doripenem","J01D","10","0","0"
"ARG","2017","Morganella spp.","Doripenem","J01D","9","0","0"
"AUS","2012","Morganella spp.","Doripenem","J01D","8","0","0"
"AUS","2013","Morganella spp.","Doripenem","J01D","12","0","0"
"AUS","2014","Morganella spp.","Doripenem","J01D","8","0","0"
"AUS","2015","Morganella spp.","Doripenem","J01D","9","0","0"
"AUS","2016","Morganella spp.","Doripenem","J01D","10","0","0"
"AUS","2017","Morganella spp.","Doripenem","J01D","10","0","0"
"AUT","2012","Morganella spp.","Doripenem","J01D","7","0","0"
"AUT","2013","Morganella spp.","Doripenem","J01D","10","0","0"
"AUT","2014","Morganella spp.","Doripenem","J01D","10","0","0"
"AUT","2015","Morganella spp.","Doripenem","J01D","2","0","0"
"AUT","2016","Morganella spp.","Doripenem","J01D","9","0","0"
"BEL","2012","Morganella spp.","Doripenem","J01D","6","0","0"
"BEL","2013","Morganella spp.","Doripenem","J01D","13","0","0"
"BEL","2014","Morganella spp.","Doripenem","J01D","12","0","0"
"BEL","2015","Morganella spp.","Doripenem","J01D","12","0","0"
"BEL","2016","Morganella spp.","Doripenem","J01D","13","0","0"
"BEL","2017","Morganella spp.","Doripenem","J01D","13","0","0"
"BRA","2013","Morganella spp.","Doripenem","J01D","10","0","0"
"BRA","2014","Morganella spp.","Doripenem","J01D","9","0","0"
"BRA","2015","Morganella spp.","Doripenem","J01D","7","0","0"
"BRA","2016","Morganella spp.","Doripenem","J01D","8","0","0"
"BRA","2017","Morganella spp.","Doripenem","J01D","19","0","0"
"CHL","2012","Morganella spp.","Doripenem","J01D","10","0","0"
"CHL","2013","Morganella spp.","Doripenem","J01D","8","0","0"
"CHL","2014","Morganella spp.","Doripenem","J01D","11","0","0"
"CHL","2015","Morganella spp.","Doripenem","J01D","11","0","0"
"CHL","2016","Morganella spp.","Doripenem","J01D","7","0","0"
"CHL","2017","Morganella spp.","Doripenem","J01D","7","0","0"
"CHN","2012","Morganella spp.","Doripenem","J01D","14","0","0"
"CHN","2013","Morganella spp.","Doripenem","J01D","19","0","0"
"CHN","2014","Morganella spp.","Doripenem","J01D","15","1","6.67"
"CHN","2015","Morganella spp.","Doripenem","J01D","13","0","0"
"CHN","2016","Morganella spp.","Doripenem","J01D","19","0","0"
"CHN","2017","Morganella spp.","Doripenem","J01D","15","0","0"
"COL","2012","Morganella spp.","Doripenem","J01D","9","0","0"
"COL","2013","Morganella spp.","Doripenem","J01D","7","0","0"
"COL","2014","Morganella spp.","Doripenem","J01D","4","0","0"
"COL","2015","Morganella spp.","Doripenem","J01D","9","0","0"
"COL","2016","Morganella spp.","Doripenem","J01D","10","0","0"
"COL","2017","Morganella spp.","Doripenem","J01D","9","0","0"
"CZE","2012","Morganella spp.","Doripenem","J01D","13","0","0"
"CZE","2013","Morganella spp.","Doripenem","J01D","13","0","0"
"CZE","2014","Morganella spp.","Doripenem","J01D","10","0","0"
"CZE","2015","Morganella spp.","Doripenem","J01D","8","0","0"
"CZE","2016","Morganella spp.","Doripenem","J01D","11","0","0"
"CZE","2017","Morganella spp.","Doripenem","J01D","14","0","0"
"DNK","2012","Morganella spp.","Doripenem","J01D","2","0","0"
"DNK","2013","Morganella spp.","Doripenem","J01D","5","0","0"
"DNK","2014","Morganella spp.","Doripenem","J01D","8","0","0"
"DNK","2015","Morganella spp.","Doripenem","J01D","9","0","0"
"DNK","2016","Morganella spp.","Doripenem","J01D","3","0","0"
"DNK","2017","Morganella spp.","Doripenem","J01D","3","0","0"
"FRA","2012","Morganella spp.","Doripenem","J01D","6","0","0"
"FRA","2013","Morganella spp.","Doripenem","J01D","12","0","0"
"FRA","2014","Morganella spp.","Doripenem","J01D","15","0","0"
"FRA","2015","Morganella spp.","Doripenem","J01D","13","0","0"
"FRA","2016","Morganella spp.","Doripenem","J01D","19","0","0"
"FRA","2017","Morganella spp.","Doripenem","J01D","14","0","0"
"DEU","2012","Morganella spp.","Doripenem","J01D","7","0","0"
"DEU","2013","Morganella spp.","Doripenem","J01D","16","0","0"
"DEU","2014","Morganella spp.","Doripenem","J01D","15","0","0"
"DEU","2015","Morganella spp.","Doripenem","J01D","16","0","0"
"DEU","2016","Morganella spp.","Doripenem","J01D","14","0","0"
"DEU","2017","Morganella spp.","Doripenem","J01D","13","0","0"
"GRC","2012","Morganella spp.","Doripenem","J01D","6","0","0"
"GRC","2013","Morganella spp.","Doripenem","J01D","12","0","0"
"GRC","2014","Morganella spp.","Doripenem","J01D","13","0","0"
"GRC","2015","Morganella spp.","Doripenem","J01D","7","0","0"
"GRC","2016","Morganella spp.","Doripenem","J01D","21","0","0"
"GRC","2017","Morganella spp.","Doripenem","J01D","15","0","0"
"HKG","2013","Morganella spp.","Doripenem","J01D","2","0","0"
"HKG","2014","Morganella spp.","Doripenem","J01D","2","0","0"
"HUN","2012","Morganella spp.","Doripenem","J01D","7","0","0"
"HUN","2013","Morganella spp.","Doripenem","J01D","12","0","0"
"HUN","2014","Morganella spp.","Doripenem","J01D","9","0","0"
"HUN","2015","Morganella spp.","Doripenem","J01D","8","0","0"
"HUN","2016","Morganella spp.","Doripenem","J01D","12","0","0"
"HUN","2017","Morganella spp.","Doripenem","J01D","12","0","0"
"IRL","2013","Morganella spp.","Doripenem","J01D","3","0","0"
"ISR","2012","Morganella spp.","Doripenem","J01D","9","1","11.11"
"ISR","2013","Morganella spp.","Doripenem","J01D","14","0","0"
"ISR","2014","Morganella spp.","Doripenem","J01D","10","0","0"
"ISR","2015","Morganella spp.","Doripenem","J01D","11","0","0"
"ISR","2016","Morganella spp.","Doripenem","J01D","10","0","0"
"ISR","2017","Morganella spp.","Doripenem","J01D","15","0","0"
"ITA","2012","Morganella spp.","Doripenem","J01D","9","0","0"
"ITA","2013","Morganella spp.","Doripenem","J01D","13","0","0"
"ITA","2014","Morganella spp.","Doripenem","J01D","14","0","0"
"ITA","2015","Morganella spp.","Doripenem","J01D","10","0","0"
"ITA","2016","Morganella spp.","Doripenem","J01D","13","0","0"
"ITA","2017","Morganella spp.","Doripenem","J01D","11","0","0"
"JPN","2012","Morganella spp.","Doripenem","J01D","6","0","0"
"JPN","2013","Morganella spp.","Doripenem","J01D","8","0","0"
"JPN","2014","Morganella spp.","Doripenem","J01D","5","0","0"
"JPN","2015","Morganella spp.","Doripenem","J01D","3","0","0"
"JPN","2016","Morganella spp.","Doripenem","J01D","5","0","0"
"JPN","2017","Morganella spp.","Doripenem","J01D","7","0","0"
"KEN","2013","Morganella spp.","Doripenem","J01D","4","0","0"
"KEN","2014","Morganella spp.","Doripenem","J01D","6","0","0"
"KOR","2012","Morganella spp.","Doripenem","J01D","8","0","0"
"KOR","2013","Morganella spp.","Doripenem","J01D","5","0","0"
"KOR","2014","Morganella spp.","Doripenem","J01D","6","0","0"
"KOR","2015","Morganella spp.","Doripenem","J01D","8","0","0"
"KOR","2016","Morganella spp.","Doripenem","J01D","7","0","0"
"KOR","2017","Morganella spp.","Doripenem","J01D","6","0","0"
"KWT","2012","Morganella spp.","Doripenem","J01D","3","0","0"
"KWT","2013","Morganella spp.","Doripenem","J01D","10","0","0"
"KWT","2014","Morganella spp.","Doripenem","J01D","10","0","0"
"KWT","2015","Morganella spp.","Doripenem","J01D","9","0","0"
"KWT","2016","Morganella spp.","Doripenem","J01D","10","0","0"
"KWT","2017","Morganella spp.","Doripenem","J01D","10","0","0"
"MYS","2013","Morganella spp.","Doripenem","J01D","6","0","0"
"MYS","2014","Morganella spp.","Doripenem","J01D","5","0","0"
"MYS","2015","Morganella spp.","Doripenem","J01D","4","0","0"
"MEX","2012","Morganella spp.","Doripenem","J01D","7","0","0"
"MEX","2013","Morganella spp.","Doripenem","J01D","10","0","0"
"MEX","2014","Morganella spp.","Doripenem","J01D","12","0","0"
"MEX","2015","Morganella spp.","Doripenem","J01D","16","0","0"
"MEX","2016","Morganella spp.","Doripenem","J01D","21","0","0"
"MEX","2017","Morganella spp.","Doripenem","J01D","12","0","0"
"NLD","2012","Morganella spp.","Doripenem","J01D","8","0","0"
"NLD","2013","Morganella spp.","Doripenem","J01D","12","0","0"
"NLD","2014","Morganella spp.","Doripenem","J01D","8","0","0"
"NLD","2015","Morganella spp.","Doripenem","J01D","11","0","0"
"NLD","2016","Morganella spp.","Doripenem","J01D","10","0","0"
"NLD","2017","Morganella spp.","Doripenem","J01D","17","0","0"
"NGA","2013","Morganella spp.","Doripenem","J01D","2","0","0"
"NGA","2014","Morganella spp.","Doripenem","J01D","3","0","0"
"PHL","2012","Morganella spp.","Doripenem","J01D","7","0","0"
"PHL","2013","Morganella spp.","Doripenem","J01D","11","0","0"
"PHL","2014","Morganella spp.","Doripenem","J01D","9","0","0"
"PHL","2015","Morganella spp.","Doripenem","J01D","8","0","0"
"PHL","2016","Morganella spp.","Doripenem","J01D","15","0","0"
"PHL","2017","Morganella spp.","Doripenem","J01D","12","0","0"
"POL","2013","Morganella spp.","Doripenem","J01D","9","0","0"
"POL","2014","Morganella spp.","Doripenem","J01D","7","0","0"
"POL","2015","Morganella spp.","Doripenem","J01D","5","0","0"
"POL","2016","Morganella spp.","Doripenem","J01D","6","0","0"
"POL","2017","Morganella spp.","Doripenem","J01D","11","0","0"
"PRT","2012","Morganella spp.","Doripenem","J01D","12","0","0"
"PRT","2013","Morganella spp.","Doripenem","J01D","20","0","0"
"PRT","2014","Morganella spp.","Doripenem","J01D","21","0","0"
"PRT","2015","Morganella spp.","Doripenem","J01D","19","0","0"
"PRT","2016","Morganella spp.","Doripenem","J01D","17","0","0"
"PRT","2017","Morganella spp.","Doripenem","J01D","16","0","0"
"ROU","2012","Morganella spp.","Doripenem","J01D","4","0","0"
"ROU","2013","Morganella spp.","Doripenem","J01D","8","0","0"
"ROU","2014","Morganella spp.","Doripenem","J01D","3","0","0"
"ROU","2015","Morganella spp.","Doripenem","J01D","3","0","0"
"ROU","2016","Morganella spp.","Doripenem","J01D","3","0","0"
"RUS","2012","Morganella spp.","Doripenem","J01D","12","0","0"
"RUS","2013","Morganella spp.","Doripenem","J01D","15","0","0"
"RUS","2014","Morganella spp.","Doripenem","J01D","11","0","0"
"RUS","2015","Morganella spp.","Doripenem","J01D","11","0","0"
"RUS","2016","Morganella spp.","Doripenem","J01D","11","0","0"
"RUS","2017","Morganella spp.","Doripenem","J01D","11","0","0"
"ZAF","2012","Morganella spp.","Doripenem","J01D","8","0","0"
"ZAF","2013","Morganella spp.","Doripenem","J01D","9","0","0"
"ZAF","2014","Morganella spp.","Doripenem","J01D","7","0","0"
"ZAF","2015","Morganella spp.","Doripenem","J01D","5","0","0"
"ZAF","2016","Morganella spp.","Doripenem","J01D","9","0","0"
"ZAF","2017","Morganella spp.","Doripenem","J01D","12","0","0"
"ESP","2012","Morganella spp.","Doripenem","J01D","11","0","0"
"ESP","2013","Morganella spp.","Doripenem","J01D","17","0","0"
"ESP","2014","Morganella spp.","Doripenem","J01D","14","0","0"
"ESP","2015","Morganella spp.","Doripenem","J01D","15","0","0"
"ESP","2016","Morganella spp.","Doripenem","J01D","14","0","0"
"ESP","2017","Morganella spp.","Doripenem","J01D","17","0","0"
"SWE","2012","Morganella spp.","Doripenem","J01D","5","0","0"
"SWE","2013","Morganella spp.","Doripenem","J01D","13","0","0"
"SWE","2014","Morganella spp.","Doripenem","J01D","4","0","0"
"SWE","2017","Morganella spp.","Doripenem","J01D","3","0","0"
"TWN","2012","Morganella spp.","Doripenem","J01D","11","0","0"
"TWN","2013","Morganella spp.","Doripenem","J01D","9","0","0"
"TWN","2014","Morganella spp.","Doripenem","J01D","10","0","0"
"TWN","2015","Morganella spp.","Doripenem","J01D","9","0","0"
"TWN","2016","Morganella spp.","Doripenem","J01D","10","0","0"
"TWN","2017","Morganella spp.","Doripenem","J01D","9","0","0"
"THA","2012","Morganella spp.","Doripenem","J01D","9","0","0"
"THA","2013","Morganella spp.","Doripenem","J01D","9","0","0"
"THA","2014","Morganella spp.","Doripenem","J01D","12","0","0"
"THA","2015","Morganella spp.","Doripenem","J01D","11","0","0"
"THA","2016","Morganella spp.","Doripenem","J01D","9","0","0"
"THA","2017","Morganella spp.","Doripenem","J01D","12","0","0"
"TUR","2012","Morganella spp.","Doripenem","J01D","8","0","0"
"TUR","2013","Morganella spp.","Doripenem","J01D","11","0","0"
"TUR","2014","Morganella spp.","Doripenem","J01D","7","0","0"
"TUR","2015","Morganella spp.","Doripenem","J01D","13","0","0"
"TUR","2016","Morganella spp.","Doripenem","J01D","12","0","0"
"TUR","2017","Morganella spp.","Doripenem","J01D","10","0","0"
"GBR","2012","Morganella spp.","Doripenem","J01D","5","0","0"
"GBR","2013","Morganella spp.","Doripenem","J01D","6","0","0"
"GBR","2014","Morganella spp.","Doripenem","J01D","5","0","0"
"GBR","2015","Morganella spp.","Doripenem","J01D","8","0","0"
"GBR","2016","Morganella spp.","Doripenem","J01D","9","0","0"
"GBR","2017","Morganella spp.","Doripenem","J01D","9","0","0"
"USA","2012","Morganella spp.","Doripenem","J01D","38","0","0"
"USA","2013","Morganella spp.","Doripenem","J01D","28","0","0"
"USA","2014","Morganella spp.","Doripenem","J01D","40","0","0"
"USA","2015","Morganella spp.","Doripenem","J01D","27","0","0"
"USA","2016","Morganella spp.","Doripenem","J01D","38","0","0"
"VEN","2012","Morganella spp.","Doripenem","J01D","6","0","0"
"VEN","2013","Morganella spp.","Doripenem","J01D","7","0","0"
"VEN","2014","Morganella spp.","Doripenem","J01D","14","0","0"
"VEN","2015","Morganella spp.","Doripenem","J01D","12","0","0"
"VEN","2016","Morganella spp.","Doripenem","J01D","10","0","0"
"VEN","2017","Morganella spp.","Doripenem","J01D","12","0","0"
"ARG","2004","H. influenzae","Imipenem","J01D","20","0","0"
"ARG","2005","H. influenzae","Imipenem","J01D","83","0","0"
"ARG","2006","H. influenzae","Imipenem","J01D","8","0","0"
"ARG","2012","H. influenzae","Imipenem","J01D","5","0","0"
"ARG","2013","H. influenzae","Imipenem","J01D","9","0","0"
"ARG","2014","H. influenzae","Imipenem","J01D","9","0","0"
"ARG","2015","H. influenzae","Imipenem","J01D","21","0","0"
"ARG","2016","H. influenzae","Imipenem","J01D","7","0","0"
"ARG","2017","H. influenzae","Imipenem","J01D","18","0","0"
"AUS","2004","H. influenzae","Imipenem","J01D","13","0","0"
"AUS","2005","H. influenzae","Imipenem","J01D","15","0","0"
"AUS","2012","H. influenzae","Imipenem","J01D","12","0","0"
"AUS","2013","H. influenzae","Imipenem","J01D","10","0","0"
"AUS","2014","H. influenzae","Imipenem","J01D","17","0","0"
"AUS","2015","H. influenzae","Imipenem","J01D","27","0","0"
"AUS","2016","H. influenzae","Imipenem","J01D","39","0","0"
"AUS","2017","H. influenzae","Imipenem","J01D","38","0","0"
"AUT","2004","H. influenzae","Imipenem","J01D","15","0","0"
"AUT","2006","H. influenzae","Imipenem","J01D","10","0","0"
"AUT","2012","H. influenzae","Imipenem","J01D","9","0","0"
"AUT","2013","H. influenzae","Imipenem","J01D","9","0","0"
"AUT","2014","H. influenzae","Imipenem","J01D","11","0","0"
"AUT","2015","H. influenzae","Imipenem","J01D","8","0","0"
"AUT","2016","H. influenzae","Imipenem","J01D","17","0","0"
"BEL","2004","H. influenzae","Imipenem","J01D","15","0","0"
"BEL","2005","H. influenzae","Imipenem","J01D","21","0","0"
"BEL","2006","H. influenzae","Imipenem","J01D","30","0","0"
"BEL","2012","H. influenzae","Imipenem","J01D","3","0","0"
"BEL","2013","H. influenzae","Imipenem","J01D","14","0","0"
"BEL","2014","H. influenzae","Imipenem","J01D","17","0","0"
"BEL","2015","H. influenzae","Imipenem","J01D","42","0","0"
"BEL","2016","H. influenzae","Imipenem","J01D","39","0","0"
"BEL","2017","H. influenzae","Imipenem","J01D","32","0","0"
"BRA","2004","H. influenzae","Imipenem","J01D","12","0","0"
"BRA","2005","H. influenzae","Imipenem","J01D","15","0","0"
"BRA","2006","H. influenzae","Imipenem","J01D","3","0","0"
"BRA","2014","H. influenzae","Imipenem","J01D","2","0","0"
"BRA","2016","H. influenzae","Imipenem","J01D","3","0","0"
"BRA","2017","H. influenzae","Imipenem","J01D","3","0","0"
"CAN","2004","H. influenzae","Imipenem","J01D","19","0","0"
"CAN","2005","H. influenzae","Imipenem","J01D","40","0","0"
"CAN","2006","H. influenzae","Imipenem","J01D","51","0","0"
"CHL","2005","H. influenzae","Imipenem","J01D","12","0","0"
"CHL","2006","H. influenzae","Imipenem","J01D","3","0","0"
"CHL","2012","H. influenzae","Imipenem","J01D","3","0","0"
"CHL","2013","H. influenzae","Imipenem","J01D","3","0","0"
"CHL","2014","H. influenzae","Imipenem","J01D","7","0","0"
"CHL","2015","H. influenzae","Imipenem","J01D","16","0","0"
"CHL","2016","H. influenzae","Imipenem","J01D","19","0","0"
"CHL","2017","H. influenzae","Imipenem","J01D","19","0","0"
"CHN","2004","H. influenzae","Imipenem","J01D","15","0","0"
"CHN","2005","H. influenzae","Imipenem","J01D","15","0","0"
"CHN","2006","H. influenzae","Imipenem","J01D","14","0","0"
"CHN","2012","H. influenzae","Imipenem","J01D","10","0","0"
"CHN","2013","H. influenzae","Imipenem","J01D","10","0","0"
"COL","2006","H. influenzae","Imipenem","J01D","15","0","0"
"COL","2013","H. influenzae","Imipenem","J01D","2","0","0"
"COL","2014","H. influenzae","Imipenem","J01D","4","0","0"
"COL","2015","H. influenzae","Imipenem","J01D","5","0","0"
"COL","2016","H. influenzae","Imipenem","J01D","4","0","0"
"CZE","2006","H. influenzae","Imipenem","J01D","12","0","0"
"CZE","2013","H. influenzae","Imipenem","J01D","4","0","0"
"CZE","2014","H. influenzae","Imipenem","J01D","6","0","0"
"CZE","2015","H. influenzae","Imipenem","J01D","20","0","0"
"CZE","2016","H. influenzae","Imipenem","J01D","18","0","0"
"CZE","2017","H. influenzae","Imipenem","J01D","27","0","0"
"DNK","2006","H. influenzae","Imipenem","J01D","29","0","0"
"DNK","2007","H. influenzae","Imipenem","J01D","15","0","0"
"DNK","2013","H. influenzae","Imipenem","J01D","1","0","0"
"DNK","2014","H. influenzae","Imipenem","J01D","12","0","0"
"DNK","2015","H. influenzae","Imipenem","J01D","27","0","0"
"DNK","2016","H. influenzae","Imipenem","J01D","9","0","0"
"DNK","2017","H. influenzae","Imipenem","J01D","8","0","0"
"FIN","2006","H. influenzae","Imipenem","J01D","15","0","0"
"FRA","2004","H. influenzae","Imipenem","J01D","48","0","0"
"FRA","2005","H. influenzae","Imipenem","J01D","25","0","0"
"FRA","2006","H. influenzae","Imipenem","J01D","54","0","0"
"FRA","2007","H. influenzae","Imipenem","J01D","30","0","0"
"FRA","2012","H. influenzae","Imipenem","J01D","7","0","0"
"FRA","2013","H. influenzae","Imipenem","J01D","17","0","0"
"FRA","2014","H. influenzae","Imipenem","J01D","24","0","0"
"FRA","2015","H. influenzae","Imipenem","J01D","43","0","0"
"FRA","2016","H. influenzae","Imipenem","J01D","58","0","0"
"FRA","2017","H. influenzae","Imipenem","J01D","46","0","0"
"DEU","2004","H. influenzae","Imipenem","J01D","72","0","0"
"DEU","2005","H. influenzae","Imipenem","J01D","14","0","0"
"DEU","2006","H. influenzae","Imipenem","J01D","53","0","0"
"DEU","2013","H. influenzae","Imipenem","J01D","23","0","0"
"DEU","2014","H. influenzae","Imipenem","J01D","18","0","0"
"DEU","2015","H. influenzae","Imipenem","J01D","46","0","0"
"DEU","2016","H. influenzae","Imipenem","J01D","37","0","0"
"DEU","2017","H. influenzae","Imipenem","J01D","33","0","0"
"GRC","2004","H. influenzae","Imipenem","J01D","13","0","0"
"GRC","2005","H. influenzae","Imipenem","J01D","2","0","0"
"GRC","2006","H. influenzae","Imipenem","J01D","57","0","0"
"GRC","2012","H. influenzae","Imipenem","J01D","2","0","0"
"GRC","2013","H. influenzae","Imipenem","J01D","8","0","0"
"GRC","2014","H. influenzae","Imipenem","J01D","6","0","0"
"GRC","2015","H. influenzae","Imipenem","J01D","8","0","0"
"GRC","2016","H. influenzae","Imipenem","J01D","7","0","0"
"GRC","2017","H. influenzae","Imipenem","J01D","3","0","0"
"HKG","2006","H. influenzae","Imipenem","J01D","13","0","0"
"HKG","2013","H. influenzae","Imipenem","J01D","3","0","0"
"HKG","2014","H. influenzae","Imipenem","J01D","2","0","0"
"HUN","2004","H. influenzae","Imipenem","J01D","14","0","0"
"HUN","2005","H. influenzae","Imipenem","J01D","3","0","0"
"HUN","2012","H. influenzae","Imipenem","J01D","8","0","0"
"HUN","2013","H. influenzae","Imipenem","J01D","8","0","0"
"HUN","2014","H. influenzae","Imipenem","J01D","9","0","0"
"HUN","2015","H. influenzae","Imipenem","J01D","26","0","0"
"HUN","2016","H. influenzae","Imipenem","J01D","25","0","0"
"HUN","2017","H. influenzae","Imipenem","J01D","26","0","0"
"IND","2004","H. influenzae","Imipenem","J01D","7","0","0"
"IRL","2004","H. influenzae","Imipenem","J01D","15","0","0"
"IRL","2006","H. influenzae","Imipenem","J01D","23","0","0"
"IRL","2013","H. influenzae","Imipenem","J01D","3","0","0"
"ISR","2012","H. influenzae","Imipenem","J01D","13","0","0"
"ISR","2013","H. influenzae","Imipenem","J01D","24","0","0"
"ISR","2014","H. influenzae","Imipenem","J01D","26","0","0"
"ISR","2015","H. influenzae","Imipenem","J01D","28","0","0"
"ISR","2016","H. influenzae","Imipenem","J01D","32","0","0"
"ISR","2017","H. influenzae","Imipenem","J01D","32","0","0"
"ITA","2004","H. influenzae","Imipenem","J01D","44","0","0"
"ITA","2005","H. influenzae","Imipenem","J01D","48","0","0"
"ITA","2006","H. influenzae","Imipenem","J01D","75","0","0"
"ITA","2013","H. influenzae","Imipenem","J01D","17","0","0"
"ITA","2014","H. influenzae","Imipenem","J01D","19","0","0"
"ITA","2015","H. influenzae","Imipenem","J01D","35","0","0"
"ITA","2016","H. influenzae","Imipenem","J01D","32","0","0"
"ITA","2017","H. influenzae","Imipenem","J01D","31","0","0"
"JAM","2006","H. influenzae","Imipenem","J01D","14","0","0"
"JPN","2012","H. influenzae","Imipenem","J01D","3","0","0"
"JPN","2013","H. influenzae","Imipenem","J01D","8","0","0"
"JPN","2014","H. influenzae","Imipenem","J01D","6","0","0"
"JPN","2015","H. influenzae","Imipenem","J01D","15","0","0"
"JPN","2016","H. influenzae","Imipenem","J01D","6","0","0"
"JPN","2017","H. influenzae","Imipenem","J01D","20","0","0"
"KEN","2014","H. influenzae","Imipenem","J01D","3","0","0"
"KOR","2005","H. influenzae","Imipenem","J01D","13","0","0"
"KOR","2006","H. influenzae","Imipenem","J01D","26","0","0"
"KOR","2012","H. influenzae","Imipenem","J01D","5","0","0"
"KOR","2013","H. influenzae","Imipenem","J01D","10","0","0"
"KOR","2014","H. influenzae","Imipenem","J01D","9","0","0"
"KOR","2015","H. influenzae","Imipenem","J01D","19","0","0"
"KOR","2016","H. influenzae","Imipenem","J01D","20","0","0"
"KOR","2017","H. influenzae","Imipenem","J01D","20","0","0"
"KWT","2013","H. influenzae","Imipenem","J01D","4","0","0"
"KWT","2014","H. influenzae","Imipenem","J01D","16","0","0"
"KWT","2015","H. influenzae","Imipenem","J01D","27","0","0"
"KWT","2016","H. influenzae","Imipenem","J01D","27","0","0"
"KWT","2017","H. influenzae","Imipenem","J01D","31","0","0"
"LVA","2004","H. influenzae","Imipenem","J01D","14","0","0"
"LVA","2005","H. influenzae","Imipenem","J01D","7","0","0"
"LBN","2006","H. influenzae","Imipenem","J01D","16","0","0"
"LTU","2006","H. influenzae","Imipenem","J01D","14","0","0"
"MYS","2013","H. influenzae","Imipenem","J01D","4","0","0"
"MYS","2014","H. influenzae","Imipenem","J01D","4","0","0"
"MYS","2015","H. influenzae","Imipenem","J01D","15","0","0"
"MEX","2005","H. influenzae","Imipenem","J01D","7","0","0"
"MEX","2006","H. influenzae","Imipenem","J01D","19","0","0"
"MEX","2007","H. influenzae","Imipenem","J01D","3","0","0"
"MEX","2012","H. influenzae","Imipenem","J01D","2","0","0"
"MEX","2013","H. influenzae","Imipenem","J01D","4","0","0"
"MEX","2014","H. influenzae","Imipenem","J01D","9","0","0"
"MEX","2015","H. influenzae","Imipenem","J01D","10","0","0"
"MEX","2016","H. influenzae","Imipenem","J01D","6","0","0"
"MEX","2017","H. influenzae","Imipenem","J01D","16","0","0"
"NLD","2004","H. influenzae","Imipenem","J01D","14","0","0"
"NLD","2012","H. influenzae","Imipenem","J01D","4","0","0"
"NLD","2013","H. influenzae","Imipenem","J01D","8","0","0"
"NLD","2014","H. influenzae","Imipenem","J01D","4","0","0"
"NLD","2015","H. influenzae","Imipenem","J01D","15","0","0"
"NLD","2016","H. influenzae","Imipenem","J01D","18","0","0"
"NLD","2017","H. influenzae","Imipenem","J01D","17","0","0"
"NOR","2006","H. influenzae","Imipenem","J01D","10","0","0"
"PAK","2004","H. influenzae","Imipenem","J01D","8","0","0"
"PAK","2005","H. influenzae","Imipenem","J01D","7","0","0"
"PAK","2006","H. influenzae","Imipenem","J01D","14","0","0"
"PHL","2004","H. influenzae","Imipenem","J01D","15","0","0"
"PHL","2012","H. influenzae","Imipenem","J01D","7","0","0"
"PHL","2013","H. influenzae","Imipenem","J01D","9","0","0"
"PHL","2014","H. influenzae","Imipenem","J01D","11","0","0"
"PHL","2015","H. influenzae","Imipenem","J01D","17","0","0"
"PHL","2016","H. influenzae","Imipenem","J01D","25","0","0"
"PHL","2017","H. influenzae","Imipenem","J01D","19","0","0"
"POL","2004","H. influenzae","Imipenem","J01D","13","0","0"
"POL","2013","H. influenzae","Imipenem","J01D","5","0","0"
"POL","2014","H. influenzae","Imipenem","J01D","11","0","0"
"POL","2015","H. influenzae","Imipenem","J01D","15","0","0"
"POL","2016","H. influenzae","Imipenem","J01D","13","0","0"
"POL","2017","H. influenzae","Imipenem","J01D","23","0","0"
"PRT","2004","H. influenzae","Imipenem","J01D","14","0","0"
"PRT","2012","H. influenzae","Imipenem","J01D","11","0","0"
"PRT","2013","H. influenzae","Imipenem","J01D","9","0","0"
"PRT","2014","H. influenzae","Imipenem","J01D","34","0","0"
"PRT","2015","H. influenzae","Imipenem","J01D","32","0","0"
"PRT","2016","H. influenzae","Imipenem","J01D","32","0","0"
"PRT","2017","H. influenzae","Imipenem","J01D","34","0","0"
"ROU","2012","H. influenzae","Imipenem","J01D","2","0","0"
"ROU","2013","H. influenzae","Imipenem","J01D","9","0","0"
"ROU","2015","H. influenzae","Imipenem","J01D","8","0","0"
"ROU","2016","H. influenzae","Imipenem","J01D","3","0","0"
"RUS","2013","H. influenzae","Imipenem","J01D","4","0","0"
"RUS","2014","H. influenzae","Imipenem","J01D","18","0","0"
"RUS","2015","H. influenzae","Imipenem","J01D","6","0","0"
"RUS","2016","H. influenzae","Imipenem","J01D","5","0","0"
"RUS","2017","H. influenzae","Imipenem","J01D","11","0","0"
"SGP","2004","H. influenzae","Imipenem","J01D","15","0","0"
"SGP","2005","H. influenzae","Imipenem","J01D","7","0","0"
"SGP","2006","H. influenzae","Imipenem","J01D","4","0","0"
"ZAF","2005","H. influenzae","Imipenem","J01D","24","0","0"
"ZAF","2006","H. influenzae","Imipenem","J01D","23","0","0"
"ZAF","2013","H. influenzae","Imipenem","J01D","10","0","0"
"ZAF","2014","H. influenzae","Imipenem","J01D","11","0","0"
"ZAF","2015","H. influenzae","Imipenem","J01D","15","0","0"
"ZAF","2016","H. influenzae","Imipenem","J01D","29","0","0"
"ZAF","2017","H. influenzae","Imipenem","J01D","37","0","0"
"ESP","2004","H. influenzae","Imipenem","J01D","59","0","0"
"ESP","2005","H. influenzae","Imipenem","J01D","56","0","0"
"ESP","2012","H. influenzae","Imipenem","J01D","2","0","0"
"ESP","2013","H. influenzae","Imipenem","J01D","22","0","0"
"ESP","2014","H. influenzae","Imipenem","J01D","20","0","0"
"ESP","2015","H. influenzae","Imipenem","J01D","46","0","0"
"ESP","2016","H. influenzae","Imipenem","J01D","45","0","0"
"ESP","2017","H. influenzae","Imipenem","J01D","60","0","0"
"SWE","2005","H. influenzae","Imipenem","J01D","7","0","0"
"SWE","2006","H. influenzae","Imipenem","J01D","28","0","0"
"SWE","2012","H. influenzae","Imipenem","J01D","4","0","0"
"SWE","2013","H. influenzae","Imipenem","J01D","11","0","0"
"SWE","2014","H. influenzae","Imipenem","J01D","4","0","0"
"SWE","2017","H. influenzae","Imipenem","J01D","9","0","0"
"CHE","2004","H. influenzae","Imipenem","J01D","7","0","0"
"CHE","2006","H. influenzae","Imipenem","J01D","15","0","0"
"TWN","2006","H. influenzae","Imipenem","J01D","23","0","0"
"TWN","2012","H. influenzae","Imipenem","J01D","1","0","0"
"TWN","2013","H. influenzae","Imipenem","J01D","3","0","0"
"TWN","2014","H. influenzae","Imipenem","J01D","12","0","0"
"TWN","2015","H. influenzae","Imipenem","J01D","23","0","0"
"TWN","2016","H. influenzae","Imipenem","J01D","18","0","0"
"TWN","2017","H. influenzae","Imipenem","J01D","18","0","0"
"THA","2012","H. influenzae","Imipenem","J01D","2","0","0"
"THA","2013","H. influenzae","Imipenem","J01D","8","0","0"
"THA","2014","H. influenzae","Imipenem","J01D","11","0","0"
"THA","2015","H. influenzae","Imipenem","J01D","25","0","0"
"THA","2016","H. influenzae","Imipenem","J01D","24","0","0"
"THA","2017","H. influenzae","Imipenem","J01D","27","0","0"
"TUR","2004","H. influenzae","Imipenem","J01D","4","0","0"
"TUR","2005","H. influenzae","Imipenem","J01D","14","0","0"
"TUR","2012","H. influenzae","Imipenem","J01D","4","0","0"
"TUR","2013","H. influenzae","Imipenem","J01D","2","0","0"
"TUR","2014","H. influenzae","Imipenem","J01D","7","0","0"
"TUR","2015","H. influenzae","Imipenem","J01D","10","0","0"
"TUR","2016","H. influenzae","Imipenem","J01D","14","0","0"
"TUR","2017","H. influenzae","Imipenem","J01D","12","0","0"
"GBR","2004","H. influenzae","Imipenem","J01D","62","0","0"
"GBR","2012","H. influenzae","Imipenem","J01D","4","0","0"
"GBR","2013","H. influenzae","Imipenem","J01D","10","0","0"
"GBR","2014","H. influenzae","Imipenem","J01D","12","0","0"
"GBR","2015","H. influenzae","Imipenem","J01D","30","0","0"
"GBR","2016","H. influenzae","Imipenem","J01D","32","0","0"
"GBR","2017","H. influenzae","Imipenem","J01D","32","0","0"
"USA","2004","H. influenzae","Imipenem","J01D","775","0","0"
"USA","2005","H. influenzae","Imipenem","J01D","728","0","0"
"USA","2006","H. influenzae","Imipenem","J01D","430","0","0"
"USA","2007","H. influenzae","Imipenem","J01D","37","0","0"
"USA","2012","H. influenzae","Imipenem","J01D","39","0","0"
"USA","2013","H. influenzae","Imipenem","J01D","41","0","0"
"USA","2014","H. influenzae","Imipenem","J01D","51","0","0"
"USA","2015","H. influenzae","Imipenem","J01D","108","0","0"
"USA","2016","H. influenzae","Imipenem","J01D","146","0","0"
"VEN","2006","H. influenzae","Imipenem","J01D","11","0","0"
"VEN","2012","H. influenzae","Imipenem","J01D","3","0","0"
"VEN","2013","H. influenzae","Imipenem","J01D","6","0","0"
"VEN","2014","H. influenzae","Imipenem","J01D","4","0","0"
"VEN","2015","H. influenzae","Imipenem","J01D","10","0","0"
"VEN","2016","H. influenzae","Imipenem","J01D","8","0","0"
"VEN","2017","H. influenzae","Imipenem","J01D","3","0","0"
"ARG","2012","Morganella spp.","Ertapenem","J01D","8","0","0"
"ARG","2013","Morganella spp.","Ertapenem","J01D","8","0","0"
"AUS","2012","Morganella spp.","Ertapenem","J01D","8","0","0"
"AUS","2013","Morganella spp.","Ertapenem","J01D","12","0","0"
"AUT","2012","Morganella spp.","Ertapenem","J01D","7","0","0"
"AUT","2013","Morganella spp.","Ertapenem","J01D","10","0","0"
"BEL","2012","Morganella spp.","Ertapenem","J01D","6","0","0"
"BEL","2013","Morganella spp.","Ertapenem","J01D","13","0","0"
"BRA","2013","Morganella spp.","Ertapenem","J01D","10","0","0"
"CHL","2012","Morganella spp.","Ertapenem","J01D","10","0","0"
"CHL","2013","Morganella spp.","Ertapenem","J01D","8","0","0"
"CHN","2012","Morganella spp.","Ertapenem","J01D","14","0","0"
"CHN","2013","Morganella spp.","Ertapenem","J01D","19","0","0"
"COL","2012","Morganella spp.","Ertapenem","J01D","9","0","0"
"COL","2013","Morganella spp.","Ertapenem","J01D","7","0","0"
"CZE","2012","Morganella spp.","Ertapenem","J01D","13","0","0"
"CZE","2013","Morganella spp.","Ertapenem","J01D","13","0","0"
"DNK","2012","Morganella spp.","Ertapenem","J01D","2","0","0"
"DNK","2013","Morganella spp.","Ertapenem","J01D","5","0","0"
"FRA","2012","Morganella spp.","Ertapenem","J01D","6","0","0"
"FRA","2013","Morganella spp.","Ertapenem","J01D","12","0","0"
"DEU","2012","Morganella spp.","Ertapenem","J01D","7","0","0"
"DEU","2013","Morganella spp.","Ertapenem","J01D","16","0","0"
"GRC","2012","Morganella spp.","Ertapenem","J01D","6","0","0"
"GRC","2013","Morganella spp.","Ertapenem","J01D","12","0","0"
"HKG","2013","Morganella spp.","Ertapenem","J01D","2","0","0"
"HUN","2012","Morganella spp.","Ertapenem","J01D","7","0","0"
"HUN","2013","Morganella spp.","Ertapenem","J01D","12","0","0"
"IRL","2013","Morganella spp.","Ertapenem","J01D","3","0","0"
"ISR","2012","Morganella spp.","Ertapenem","J01D","9","0","0"
"ISR","2013","Morganella spp.","Ertapenem","J01D","14","0","0"
"ITA","2012","Morganella spp.","Ertapenem","J01D","9","0","0"
"ITA","2013","Morganella spp.","Ertapenem","J01D","13","0","0"
"JPN","2012","Morganella spp.","Ertapenem","J01D","6","0","0"
"JPN","2013","Morganella spp.","Ertapenem","J01D","8","0","0"
"KEN","2013","Morganella spp.","Ertapenem","J01D","4","0","0"
"KOR","2012","Morganella spp.","Ertapenem","J01D","8","0","0"
"KOR","2013","Morganella spp.","Ertapenem","J01D","5","0","0"
"KWT","2012","Morganella spp.","Ertapenem","J01D","3","0","0"
"KWT","2013","Morganella spp.","Ertapenem","J01D","10","0","0"
"MYS","2013","Morganella spp.","Ertapenem","J01D","6","0","0"
"MEX","2012","Morganella spp.","Ertapenem","J01D","7","0","0"
"MEX","2013","Morganella spp.","Ertapenem","J01D","10","0","0"
"NLD","2012","Morganella spp.","Ertapenem","J01D","8","0","0"
"NLD","2013","Morganella spp.","Ertapenem","J01D","12","0","0"
"NGA","2013","Morganella spp.","Ertapenem","J01D","2","0","0"
"PHL","2012","Morganella spp.","Ertapenem","J01D","7","1","14.29"
"PHL","2013","Morganella spp.","Ertapenem","J01D","11","0","0"
"POL","2013","Morganella spp.","Ertapenem","J01D","9","0","0"
"PRT","2012","Morganella spp.","Ertapenem","J01D","12","0","0"
"PRT","2013","Morganella spp.","Ertapenem","J01D","20","0","0"
"ROU","2012","Morganella spp.","Ertapenem","J01D","4","0","0"
"ROU","2013","Morganella spp.","Ertapenem","J01D","8","0","0"
"RUS","2012","Morganella spp.","Ertapenem","J01D","12","0","0"
"RUS","2013","Morganella spp.","Ertapenem","J01D","15","0","0"
"ZAF","2012","Morganella spp.","Ertapenem","J01D","8","0","0"
"ZAF","2013","Morganella spp.","Ertapenem","J01D","9","0","0"
"ESP","2012","Morganella spp.","Ertapenem","J01D","11","0","0"
"ESP","2013","Morganella spp.","Ertapenem","J01D","17","0","0"
"SWE","2012","Morganella spp.","Ertapenem","J01D","5","0","0"
"SWE","2013","Morganella spp.","Ertapenem","J01D","13","0","0"
"TWN","2012","Morganella spp.","Ertapenem","J01D","11","0","0"
"TWN","2013","Morganella spp.","Ertapenem","J01D","9","0","0"
"THA","2012","Morganella spp.","Ertapenem","J01D","9","0","0"
"THA","2013","Morganella spp.","Ertapenem","J01D","9","0","0"
"TUR","2012","Morganella spp.","Ertapenem","J01D","8","0","0"
"TUR","2013","Morganella spp.","Ertapenem","J01D","11","0","0"
"GBR","2012","Morganella spp.","Ertapenem","J01D","5","0","0"
"GBR","2013","Morganella spp.","Ertapenem","J01D","6","0","0"
"USA","2012","Morganella spp.","Ertapenem","J01D","38","0","0"
"USA","2013","Morganella spp.","Ertapenem","J01D","28","0","0"
"VEN","2012","Morganella spp.","Ertapenem","J01D","6","0","0"
"VEN","2013","Morganella spp.","Ertapenem","J01D","7","0","0"
"ARG","2012","Morganella spp.","Imipenem","J01D","8","2","25"
"ARG","2013","Morganella spp.","Imipenem","J01D","8","4","50"
"ARG","2014","Morganella spp.","Imipenem","J01D","9","9","100"
"ARG","2015","Morganella spp.","Imipenem","J01D","9","6","66.67"
"ARG","2016","Morganella spp.","Imipenem","J01D","10","6","60"
"ARG","2017","Morganella spp.","Imipenem","J01D","9","5","55.56"
"ARG","2018","Morganella spp.","Imipenem","J01D","8","6","75"
"AUS","2012","Morganella spp.","Imipenem","J01D","8","6","75"
"AUS","2013","Morganella spp.","Imipenem","J01D","12","7","58.33"
"AUS","2014","Morganella spp.","Imipenem","J01D","8","7","87.5"
"AUS","2015","Morganella spp.","Imipenem","J01D","9","7","77.78"
"AUS","2016","Morganella spp.","Imipenem","J01D","10","5","50"
"AUS","2017","Morganella spp.","Imipenem","J01D","10","3","30"
"AUS","2018","Morganella spp.","Imipenem","J01D","13","11","84.62"
"AUT","2012","Morganella spp.","Imipenem","J01D","7","3","42.86"
"AUT","2013","Morganella spp.","Imipenem","J01D","10","6","60"
"AUT","2014","Morganella spp.","Imipenem","J01D","10","8","80"
"AUT","2015","Morganella spp.","Imipenem","J01D","2","1","50"
"AUT","2016","Morganella spp.","Imipenem","J01D","9","4","44.44"
"BEL","2012","Morganella spp.","Imipenem","J01D","6","4","66.67"
"BEL","2013","Morganella spp.","Imipenem","J01D","13","3","23.08"
"BEL","2014","Morganella spp.","Imipenem","J01D","12","10","83.33"
"BEL","2015","Morganella spp.","Imipenem","J01D","12","11","91.67"
"BEL","2016","Morganella spp.","Imipenem","J01D","13","5","38.46"
"BEL","2017","Morganella spp.","Imipenem","J01D","13","7","53.85"
"BEL","2018","Morganella spp.","Imipenem","J01D","19","13","68.42"
"BRA","2013","Morganella spp.","Imipenem","J01D","10","8","80"
"BRA","2014","Morganella spp.","Imipenem","J01D","9","7","77.78"
"BRA","2015","Morganella spp.","Imipenem","J01D","7","5","71.43"
"BRA","2016","Morganella spp.","Imipenem","J01D","8","5","62.5"
"BRA","2017","Morganella spp.","Imipenem","J01D","19","10","52.63"
"BRA","2018","Morganella spp.","Imipenem","J01D","19","16","84.21"
"CAN","2018","Morganella spp.","Imipenem","J01D","26","13","50"
"CHL","2012","Morganella spp.","Imipenem","J01D","10","2","20"
"CHL","2013","Morganella spp.","Imipenem","J01D","8","5","62.5"
"CHL","2014","Morganella spp.","Imipenem","J01D","11","6","54.55"
"CHL","2015","Morganella spp.","Imipenem","J01D","11","7","63.64"
"CHL","2016","Morganella spp.","Imipenem","J01D","7","3","42.86"
"CHL","2017","Morganella spp.","Imipenem","J01D","7","3","42.86"
"CHL","2018","Morganella spp.","Imipenem","J01D","12","9","75"
"CHN","2012","Morganella spp.","Imipenem","J01D","14","6","42.86"
"CHN","2013","Morganella spp.","Imipenem","J01D","19","10","52.63"
"CHN","2014","Morganella spp.","Imipenem","J01D","15","7","46.67"
"CHN","2015","Morganella spp.","Imipenem","J01D","13","9","69.23"
"CHN","2016","Morganella spp.","Imipenem","J01D","19","12","63.16"
"CHN","2017","Morganella spp.","Imipenem","J01D","15","11","73.33"
"CHN","2018","Morganella spp.","Imipenem","J01D","50","9","18"
"COL","2012","Morganella spp.","Imipenem","J01D","9","5","55.56"
"COL","2013","Morganella spp.","Imipenem","J01D","7","6","85.71"
"COL","2014","Morganella spp.","Imipenem","J01D","4","2","50"
"COL","2015","Morganella spp.","Imipenem","J01D","9","7","77.78"
"COL","2016","Morganella spp.","Imipenem","J01D","10","7","70"
"COL","2017","Morganella spp.","Imipenem","J01D","9","7","77.78"
"COL","2018","Morganella spp.","Imipenem","J01D","16","10","62.5"
"CRI","2018","Morganella spp.","Imipenem","J01D","2","2","100"
"HRV","2018","Morganella spp.","Imipenem","J01D","9","4","44.44"
"CZE","2012","Morganella spp.","Imipenem","J01D","13","7","53.85"
"CZE","2013","Morganella spp.","Imipenem","J01D","13","4","30.77"
"CZE","2014","Morganella spp.","Imipenem","J01D","10","7","70"
"CZE","2015","Morganella spp.","Imipenem","J01D","8","6","75"
"CZE","2016","Morganella spp.","Imipenem","J01D","11","8","72.73"
"CZE","2017","Morganella spp.","Imipenem","J01D","14","6","42.86"
"CZE","2018","Morganella spp.","Imipenem","J01D","14","13","92.86"
"DNK","2012","Morganella spp.","Imipenem","J01D","2","2","100"
"DNK","2013","Morganella spp.","Imipenem","J01D","5","3","60"
"DNK","2014","Morganella spp.","Imipenem","J01D","8","7","87.5"
"DNK","2015","Morganella spp.","Imipenem","J01D","9","8","88.89"
"DNK","2016","Morganella spp.","Imipenem","J01D","3","3","100"
"DNK","2017","Morganella spp.","Imipenem","J01D","3","1","33.33"
"DNK","2018","Morganella spp.","Imipenem","J01D","3","2","66.67"
"DOM","2018","Morganella spp.","Imipenem","J01D","3","2","66.67"
"FIN","2018","Morganella spp.","Imipenem","J01D","1","1","100"
"FRA","2012","Morganella spp.","Imipenem","J01D","6","4","66.67"
"FRA","2013","Morganella spp.","Imipenem","J01D","12","5","41.67"
"FRA","2014","Morganella spp.","Imipenem","J01D","15","11","73.33"
"FRA","2015","Morganella spp.","Imipenem","J01D","13","8","61.54"
"FRA","2016","Morganella spp.","Imipenem","J01D","19","9","47.37"
"FRA","2017","Morganella spp.","Imipenem","J01D","14","4","28.57"
"FRA","2018","Morganella spp.","Imipenem","J01D","29","18","62.07"
"DEU","2012","Morganella spp.","Imipenem","J01D","7","1","14.29"
"DEU","2013","Morganella spp.","Imipenem","J01D","16","10","62.5"
"DEU","2014","Morganella spp.","Imipenem","J01D","15","12","80"
"DEU","2015","Morganella spp.","Imipenem","J01D","16","12","75"
"DEU","2016","Morganella spp.","Imipenem","J01D","14","8","57.14"
"DEU","2017","Morganella spp.","Imipenem","J01D","13","3","23.08"
"DEU","2018","Morganella spp.","Imipenem","J01D","30","24","80"
"GRC","2012","Morganella spp.","Imipenem","J01D","6","4","66.67"
"GRC","2013","Morganella spp.","Imipenem","J01D","12","7","58.33"
"GRC","2014","Morganella spp.","Imipenem","J01D","13","13","100"
"GRC","2015","Morganella spp.","Imipenem","J01D","7","3","42.86"
"GRC","2016","Morganella spp.","Imipenem","J01D","21","15","71.43"
"GRC","2017","Morganella spp.","Imipenem","J01D","15","10","66.67"
"GRC","2018","Morganella spp.","Imipenem","J01D","10","3","30"
"GTM","2018","Morganella spp.","Imipenem","J01D","8","6","75"
"HKG","2013","Morganella spp.","Imipenem","J01D","2","2","100"
"HKG","2014","Morganella spp.","Imipenem","J01D","2","0","0"
"HKG","2018","Morganella spp.","Imipenem","J01D","3","3","100"
"HUN","2012","Morganella spp.","Imipenem","J01D","7","4","57.14"
"HUN","2013","Morganella spp.","Imipenem","J01D","12","9","75"
"HUN","2014","Morganella spp.","Imipenem","J01D","9","8","88.89"
"HUN","2015","Morganella spp.","Imipenem","J01D","8","7","87.5"
"HUN","2016","Morganella spp.","Imipenem","J01D","12","6","50"
"HUN","2017","Morganella spp.","Imipenem","J01D","12","7","58.33"
"HUN","2018","Morganella spp.","Imipenem","J01D","12","8","66.67"
"IND","2018","Morganella spp.","Imipenem","J01D","14","2","14.29"
"IRL","2013","Morganella spp.","Imipenem","J01D","3","2","66.67"
"IRL","2018","Morganella spp.","Imipenem","J01D","8","6","75"
"ISR","2012","Morganella spp.","Imipenem","J01D","9","7","77.78"
"ISR","2013","Morganella spp.","Imipenem","J01D","14","8","57.14"
"ISR","2014","Morganella spp.","Imipenem","J01D","10","8","80"
"ISR","2015","Morganella spp.","Imipenem","J01D","11","6","54.55"
"ISR","2016","Morganella spp.","Imipenem","J01D","10","7","70"
"ISR","2017","Morganella spp.","Imipenem","J01D","15","4","26.67"
"ISR","2018","Morganella spp.","Imipenem","J01D","12","4","33.33"
"ITA","2012","Morganella spp.","Imipenem","J01D","9","4","44.44"
"ITA","2013","Morganella spp.","Imipenem","J01D","13","6","46.15"
"ITA","2014","Morganella spp.","Imipenem","J01D","14","12","85.71"
"ITA","2015","Morganella spp.","Imipenem","J01D","10","6","60"
"ITA","2016","Morganella spp.","Imipenem","J01D","13","5","38.46"
"ITA","2017","Morganella spp.","Imipenem","J01D","11","4","36.36"
"ITA","2018","Morganella spp.","Imipenem","J01D","31","21","67.74"
"JPN","2012","Morganella spp.","Imipenem","J01D","6","5","83.33"
"JPN","2013","Morganella spp.","Imipenem","J01D","8","5","62.5"
"JPN","2014","Morganella spp.","Imipenem","J01D","5","3","60"
"JPN","2015","Morganella spp.","Imipenem","J01D","3","1","33.33"
"JPN","2016","Morganella spp.","Imipenem","J01D","5","4","80"
"JPN","2017","Morganella spp.","Imipenem","J01D","7","4","57.14"
"JPN","2018","Morganella spp.","Imipenem","J01D","13","7","53.85"
"JOR","2018","Morganella spp.","Imipenem","J01D","3","2","66.67"
"KEN","2013","Morganella spp.","Imipenem","J01D","4","3","75"
"KEN","2014","Morganella spp.","Imipenem","J01D","6","4","66.67"
"KOR","2012","Morganella spp.","Imipenem","J01D","8","6","75"
"KOR","2013","Morganella spp.","Imipenem","J01D","5","4","80"
"KOR","2014","Morganella spp.","Imipenem","J01D","6","4","66.67"
"KOR","2015","Morganella spp.","Imipenem","J01D","8","7","87.5"
"KOR","2016","Morganella spp.","Imipenem","J01D","7","2","28.57"
"KOR","2017","Morganella spp.","Imipenem","J01D","6","2","33.33"
"KOR","2018","Morganella spp.","Imipenem","J01D","9","8","88.89"
"KWT","2012","Morganella spp.","Imipenem","J01D","3","1","33.33"
"KWT","2013","Morganella spp.","Imipenem","J01D","10","7","70"
"KWT","2014","Morganella spp.","Imipenem","J01D","10","7","70"
"KWT","2015","Morganella spp.","Imipenem","J01D","9","7","77.78"
"KWT","2016","Morganella spp.","Imipenem","J01D","10","7","70"
"KWT","2017","Morganella spp.","Imipenem","J01D","10","8","80"
"KWT","2018","Morganella spp.","Imipenem","J01D","8","4","50"
"LVA","2018","Morganella spp.","Imipenem","J01D","2","0","0"
"LTU","2018","Morganella spp.","Imipenem","J01D","6","4","66.67"
"MYS","2013","Morganella spp.","Imipenem","J01D","6","4","66.67"
"MYS","2014","Morganella spp.","Imipenem","J01D","5","4","80"
"MYS","2015","Morganella spp.","Imipenem","J01D","4","4","100"
"MYS","2018","Morganella spp.","Imipenem","J01D","5","3","60"
"MEX","2012","Morganella spp.","Imipenem","J01D","7","5","71.43"
"MEX","2013","Morganella spp.","Imipenem","J01D","10","6","60"
"MEX","2014","Morganella spp.","Imipenem","J01D","12","10","83.33"
"MEX","2015","Morganella spp.","Imipenem","J01D","16","8","50"
"MEX","2016","Morganella spp.","Imipenem","J01D","21","10","47.62"
"MEX","2017","Morganella spp.","Imipenem","J01D","12","4","33.33"
"MEX","2018","Morganella spp.","Imipenem","J01D","13","9","69.23"
"MAR","2018","Morganella spp.","Imipenem","J01D","11","9","81.82"
"NLD","2012","Morganella spp.","Imipenem","J01D","8","3","37.5"
"NLD","2013","Morganella spp.","Imipenem","J01D","12","9","75"
"NLD","2014","Morganella spp.","Imipenem","J01D","8","7","87.5"
"NLD","2015","Morganella spp.","Imipenem","J01D","11","6","54.55"
"NLD","2016","Morganella spp.","Imipenem","J01D","10","6","60"
"NLD","2017","Morganella spp.","Imipenem","J01D","17","6","35.29"
"NLD","2018","Morganella spp.","Imipenem","J01D","6","2","33.33"
"NGA","2013","Morganella spp.","Imipenem","J01D","2","2","100"
"NGA","2014","Morganella spp.","Imipenem","J01D","3","2","66.67"
"NGA","2018","Morganella spp.","Imipenem","J01D","5","3","60"
"PAN","2018","Morganella spp.","Imipenem","J01D","1","0","0"
"PHL","2012","Morganella spp.","Imipenem","J01D","7","4","57.14"
"PHL","2013","Morganella spp.","Imipenem","J01D","11","8","72.73"
"PHL","2014","Morganella spp.","Imipenem","J01D","9","7","77.78"
"PHL","2015","Morganella spp.","Imipenem","J01D","8","6","75"
"PHL","2016","Morganella spp.","Imipenem","J01D","15","9","60"
"PHL","2017","Morganella spp.","Imipenem","J01D","12","6","50"
"PHL","2018","Morganella spp.","Imipenem","J01D","6","3","50"
"POL","2013","Morganella spp.","Imipenem","J01D","9","5","55.56"
"POL","2014","Morganella spp.","Imipenem","J01D","7","5","71.43"
"POL","2015","Morganella spp.","Imipenem","J01D","5","4","80"
"POL","2016","Morganella spp.","Imipenem","J01D","6","1","16.67"
"POL","2017","Morganella spp.","Imipenem","J01D","11","6","54.55"
"POL","2018","Morganella spp.","Imipenem","J01D","10","6","60"
"PRT","2012","Morganella spp.","Imipenem","J01D","12","6","50"
"PRT","2013","Morganella spp.","Imipenem","J01D","20","14","70"
"PRT","2014","Morganella spp.","Imipenem","J01D","21","14","66.67"
"PRT","2015","Morganella spp.","Imipenem","J01D","19","12","63.16"
"PRT","2016","Morganella spp.","Imipenem","J01D","17","14","82.35"
"PRT","2017","Morganella spp.","Imipenem","J01D","16","7","43.75"
"PRT","2018","Morganella spp.","Imipenem","J01D","11","3","27.27"
"ROU","2012","Morganella spp.","Imipenem","J01D","4","1","25"
"ROU","2013","Morganella spp.","Imipenem","J01D","8","4","50"
"ROU","2014","Morganella spp.","Imipenem","J01D","3","1","33.33"
"ROU","2015","Morganella spp.","Imipenem","J01D","3","2","66.67"
"ROU","2016","Morganella spp.","Imipenem","J01D","3","0","0"
"ROU","2018","Morganella spp.","Imipenem","J01D","13","8","61.54"
"RUS","2012","Morganella spp.","Imipenem","J01D","12","6","50"
"RUS","2013","Morganella spp.","Imipenem","J01D","15","9","60"
"RUS","2014","Morganella spp.","Imipenem","J01D","11","7","63.64"
"RUS","2015","Morganella spp.","Imipenem","J01D","11","8","72.73"
"RUS","2016","Morganella spp.","Imipenem","J01D","11","5","45.45"
"RUS","2017","Morganella spp.","Imipenem","J01D","11","4","36.36"
"RUS","2018","Morganella spp.","Imipenem","J01D","15","12","80"
"SAU","2018","Morganella spp.","Imipenem","J01D","3","0","0"
"SGP","2018","Morganella spp.","Imipenem","J01D","3","3","100"
"ZAF","2012","Morganella spp.","Imipenem","J01D","8","5","62.5"
"ZAF","2013","Morganella spp.","Imipenem","J01D","9","6","66.67"
"ZAF","2014","Morganella spp.","Imipenem","J01D","7","6","85.71"
"ZAF","2015","Morganella spp.","Imipenem","J01D","5","4","80"
"ZAF","2016","Morganella spp.","Imipenem","J01D","9","3","33.33"
"ZAF","2017","Morganella spp.","Imipenem","J01D","12","6","50"
"ZAF","2018","Morganella spp.","Imipenem","J01D","13","10","76.92"
"ESP","2012","Morganella spp.","Imipenem","J01D","11","6","54.55"
"ESP","2013","Morganella spp.","Imipenem","J01D","17","13","76.47"
"ESP","2014","Morganella spp.","Imipenem","J01D","14","12","85.71"
"ESP","2015","Morganella spp.","Imipenem","J01D","15","12","80"
"ESP","2016","Morganella spp.","Imipenem","J01D","14","8","57.14"
"ESP","2017","Morganella spp.","Imipenem","J01D","17","6","35.29"
"ESP","2018","Morganella spp.","Imipenem","J01D","31","24","77.42"
"SWE","2012","Morganella spp.","Imipenem","J01D","5","0","0"
"SWE","2013","Morganella spp.","Imipenem","J01D","13","10","76.92"
"SWE","2014","Morganella spp.","Imipenem","J01D","4","3","75"
"SWE","2017","Morganella spp.","Imipenem","J01D","3","1","33.33"
"SWE","2018","Morganella spp.","Imipenem","J01D","1","1","100"
"CHE","2018","Morganella spp.","Imipenem","J01D","6","4","66.67"
"TWN","2012","Morganella spp.","Imipenem","J01D","11","7","63.64"
"TWN","2013","Morganella spp.","Imipenem","J01D","9","6","66.67"
"TWN","2014","Morganella spp.","Imipenem","J01D","10","6","60"
"TWN","2015","Morganella spp.","Imipenem","J01D","9","6","66.67"
"TWN","2016","Morganella spp.","Imipenem","J01D","10","6","60"
"TWN","2017","Morganella spp.","Imipenem","J01D","9","4","44.44"
"TWN","2018","Morganella spp.","Imipenem","J01D","12","8","66.67"
"THA","2012","Morganella spp.","Imipenem","J01D","9","6","66.67"
"THA","2013","Morganella spp.","Imipenem","J01D","9","8","88.89"
"THA","2014","Morganella spp.","Imipenem","J01D","12","12","100"
"THA","2015","Morganella spp.","Imipenem","J01D","11","9","81.82"
"THA","2016","Morganella spp.","Imipenem","J01D","9","8","88.89"
"THA","2017","Morganella spp.","Imipenem","J01D","12","9","75"
"THA","2018","Morganella spp.","Imipenem","J01D","9","8","88.89"
"TUR","2012","Morganella spp.","Imipenem","J01D","8","4","50"
"TUR","2013","Morganella spp.","Imipenem","J01D","11","8","72.73"
"TUR","2014","Morganella spp.","Imipenem","J01D","7","5","71.43"
"TUR","2015","Morganella spp.","Imipenem","J01D","13","11","84.62"
"TUR","2016","Morganella spp.","Imipenem","J01D","12","2","16.67"
"TUR","2017","Morganella spp.","Imipenem","J01D","10","7","70"
"TUR","2018","Morganella spp.","Imipenem","J01D","7","5","71.43"
"UKR","2018","Morganella spp.","Imipenem","J01D","9","5","55.56"
"GBR","2012","Morganella spp.","Imipenem","J01D","5","2","40"
"GBR","2013","Morganella spp.","Imipenem","J01D","6","3","50"
"GBR","2014","Morganella spp.","Imipenem","J01D","5","3","60"
"GBR","2015","Morganella spp.","Imipenem","J01D","8","7","87.5"
"GBR","2016","Morganella spp.","Imipenem","J01D","9","2","22.22"
"GBR","2017","Morganella spp.","Imipenem","J01D","9","5","55.56"
"GBR","2018","Morganella spp.","Imipenem","J01D","16","11","68.75"
"USA","2012","Morganella spp.","Imipenem","J01D","38","24","63.16"
"USA","2013","Morganella spp.","Imipenem","J01D","28","19","67.86"
"USA","2014","Morganella spp.","Imipenem","J01D","40","29","72.5"
"USA","2015","Morganella spp.","Imipenem","J01D","27","18","66.67"
"USA","2016","Morganella spp.","Imipenem","J01D","38","20","52.63"
"USA","2018","Morganella spp.","Imipenem","J01D","71","47","66.2"
"VEN","2012","Morganella spp.","Imipenem","J01D","6","3","50"
"VEN","2013","Morganella spp.","Imipenem","J01D","7","5","71.43"
"VEN","2014","Morganella spp.","Imipenem","J01D","14","10","71.43"
"VEN","2015","Morganella spp.","Imipenem","J01D","12","9","75"
"VEN","2016","Morganella spp.","Imipenem","J01D","10","4","40"
"VEN","2017","Morganella spp.","Imipenem","J01D","12","6","50"
"VEN","2018","Morganella spp.","Imipenem","J01D","15","11","73.33"
"ARG","2012","Morganella spp.","Meropenem","J01D","8","0","0"
"ARG","2013","Morganella spp.","Meropenem","J01D","8","0","0"
"ARG","2014","Morganella spp.","Meropenem","J01D","9","0","0"
"ARG","2015","Morganella spp.","Meropenem","J01D","9","0","0"
"ARG","2016","Morganella spp.","Meropenem","J01D","10","0","0"
"ARG","2017","Morganella spp.","Meropenem","J01D","9","0","0"
"ARG","2018","Morganella spp.","Meropenem","J01D","8","0","0"
"AUS","2012","Morganella spp.","Meropenem","J01D","8","0","0"
"AUS","2013","Morganella spp.","Meropenem","J01D","12","0","0"
"AUS","2014","Morganella spp.","Meropenem","J01D","8","0","0"
"AUS","2015","Morganella spp.","Meropenem","J01D","9","0","0"
"AUS","2016","Morganella spp.","Meropenem","J01D","10","0","0"
"AUS","2017","Morganella spp.","Meropenem","J01D","10","0","0"
"AUS","2018","Morganella spp.","Meropenem","J01D","13","0","0"
"AUT","2012","Morganella spp.","Meropenem","J01D","7","0","0"
"AUT","2013","Morganella spp.","Meropenem","J01D","10","0","0"
"AUT","2014","Morganella spp.","Meropenem","J01D","10","0","0"
"AUT","2015","Morganella spp.","Meropenem","J01D","2","0","0"
"AUT","2016","Morganella spp.","Meropenem","J01D","9","0","0"
"BEL","2012","Morganella spp.","Meropenem","J01D","6","0","0"
"BEL","2013","Morganella spp.","Meropenem","J01D","13","0","0"
"BEL","2014","Morganella spp.","Meropenem","J01D","12","0","0"
"BEL","2015","Morganella spp.","Meropenem","J01D","12","0","0"
"BEL","2016","Morganella spp.","Meropenem","J01D","13","0","0"
"BEL","2017","Morganella spp.","Meropenem","J01D","13","0","0"
"BEL","2018","Morganella spp.","Meropenem","J01D","19","0","0"
"BRA","2013","Morganella spp.","Meropenem","J01D","10","0","0"
"BRA","2014","Morganella spp.","Meropenem","J01D","9","0","0"
"BRA","2015","Morganella spp.","Meropenem","J01D","7","0","0"
"BRA","2016","Morganella spp.","Meropenem","J01D","8","0","0"
"BRA","2017","Morganella spp.","Meropenem","J01D","19","0","0"
"BRA","2018","Morganella spp.","Meropenem","J01D","19","0","0"
"CAN","2018","Morganella spp.","Meropenem","J01D","26","0","0"
"CHL","2012","Morganella spp.","Meropenem","J01D","10","0","0"
"CHL","2013","Morganella spp.","Meropenem","J01D","8","0","0"
"CHL","2014","Morganella spp.","Meropenem","J01D","11","0","0"
"CHL","2015","Morganella spp.","Meropenem","J01D","11","0","0"
"CHL","2016","Morganella spp.","Meropenem","J01D","7","0","0"
"CHL","2017","Morganella spp.","Meropenem","J01D","7","0","0"
"CHL","2018","Morganella spp.","Meropenem","J01D","12","0","0"
"CHN","2012","Morganella spp.","Meropenem","J01D","14","0","0"
"CHN","2013","Morganella spp.","Meropenem","J01D","19","0","0"
"CHN","2014","Morganella spp.","Meropenem","J01D","15","1","6.67"
"CHN","2015","Morganella spp.","Meropenem","J01D","13","0","0"
"CHN","2016","Morganella spp.","Meropenem","J01D","19","0","0"
"CHN","2017","Morganella spp.","Meropenem","J01D","15","0","0"
"CHN","2018","Morganella spp.","Meropenem","J01D","50","2","4"
"COL","2012","Morganella spp.","Meropenem","J01D","9","0","0"
"COL","2013","Morganella spp.","Meropenem","J01D","7","0","0"
"COL","2014","Morganella spp.","Meropenem","J01D","4","0","0"
"COL","2015","Morganella spp.","Meropenem","J01D","9","0","0"
"COL","2016","Morganella spp.","Meropenem","J01D","10","0","0"
"COL","2017","Morganella spp.","Meropenem","J01D","9","0","0"
"COL","2018","Morganella spp.","Meropenem","J01D","16","0","0"
"CRI","2018","Morganella spp.","Meropenem","J01D","2","0","0"
"HRV","2018","Morganella spp.","Meropenem","J01D","9","0","0"
"CZE","2012","Morganella spp.","Meropenem","J01D","13","0","0"
"CZE","2013","Morganella spp.","Meropenem","J01D","13","0","0"
"CZE","2014","Morganella spp.","Meropenem","J01D","10","0","0"
"CZE","2015","Morganella spp.","Meropenem","J01D","8","0","0"
"CZE","2016","Morganella spp.","Meropenem","J01D","11","0","0"
"CZE","2017","Morganella spp.","Meropenem","J01D","14","0","0"
"CZE","2018","Morganella spp.","Meropenem","J01D","14","0","0"
"DNK","2012","Morganella spp.","Meropenem","J01D","2","0","0"
"DNK","2013","Morganella spp.","Meropenem","J01D","5","0","0"
"DNK","2014","Morganella spp.","Meropenem","J01D","8","0","0"
"DNK","2015","Morganella spp.","Meropenem","J01D","9","0","0"
"DNK","2016","Morganella spp.","Meropenem","J01D","3","0","0"
"DNK","2017","Morganella spp.","Meropenem","J01D","3","0","0"
"DNK","2018","Morganella spp.","Meropenem","J01D","3","0","0"
"DOM","2018","Morganella spp.","Meropenem","J01D","3","0","0"
"FIN","2018","Morganella spp.","Meropenem","J01D","1","0","0"
"FRA","2012","Morganella spp.","Meropenem","J01D","6","0","0"
"FRA","2013","Morganella spp.","Meropenem","J01D","12","0","0"
"FRA","2014","Morganella spp.","Meropenem","J01D","15","0","0"
"FRA","2015","Morganella spp.","Meropenem","J01D","13","0","0"
"FRA","2016","Morganella spp.","Meropenem","J01D","19","0","0"
"FRA","2017","Morganella spp.","Meropenem","J01D","14","0","0"
"FRA","2018","Morganella spp.","Meropenem","J01D","29","0","0"
"DEU","2012","Morganella spp.","Meropenem","J01D","7","0","0"
"DEU","2013","Morganella spp.","Meropenem","J01D","16","0","0"
"DEU","2014","Morganella spp.","Meropenem","J01D","15","0","0"
"DEU","2015","Morganella spp.","Meropenem","J01D","16","0","0"
"DEU","2016","Morganella spp.","Meropenem","J01D","14","0","0"
"DEU","2017","Morganella spp.","Meropenem","J01D","13","0","0"
"DEU","2018","Morganella spp.","Meropenem","J01D","30","0","0"
"GRC","2012","Morganella spp.","Meropenem","J01D","6","0","0"
"GRC","2013","Morganella spp.","Meropenem","J01D","12","0","0"
"GRC","2014","Morganella spp.","Meropenem","J01D","13","0","0"
"GRC","2015","Morganella spp.","Meropenem","J01D","7","0","0"
"GRC","2016","Morganella spp.","Meropenem","J01D","21","0","0"
"GRC","2017","Morganella spp.","Meropenem","J01D","15","0","0"
"GRC","2018","Morganella spp.","Meropenem","J01D","10","0","0"
"GTM","2018","Morganella spp.","Meropenem","J01D","8","0","0"
"HKG","2013","Morganella spp.","Meropenem","J01D","2","0","0"
"HKG","2014","Morganella spp.","Meropenem","J01D","2","0","0"
"HKG","2018","Morganella spp.","Meropenem","J01D","3","0","0"
"HUN","2012","Morganella spp.","Meropenem","J01D","7","0","0"
"HUN","2013","Morganella spp.","Meropenem","J01D","12","0","0"
"HUN","2014","Morganella spp.","Meropenem","J01D","9","0","0"
"HUN","2015","Morganella spp.","Meropenem","J01D","8","0","0"
"HUN","2016","Morganella spp.","Meropenem","J01D","12","0","0"
"HUN","2017","Morganella spp.","Meropenem","J01D","12","0","0"
"HUN","2018","Morganella spp.","Meropenem","J01D","12","0","0"
"IND","2018","Morganella spp.","Meropenem","J01D","14","0","0"
"IRL","2013","Morganella spp.","Meropenem","J01D","3","0","0"
"IRL","2018","Morganella spp.","Meropenem","J01D","8","0","0"
"ISR","2012","Morganella spp.","Meropenem","J01D","9","0","0"
"ISR","2013","Morganella spp.","Meropenem","J01D","14","0","0"
"ISR","2014","Morganella spp.","Meropenem","J01D","10","0","0"
"ISR","2015","Morganella spp.","Meropenem","J01D","11","0","0"
"ISR","2016","Morganella spp.","Meropenem","J01D","10","0","0"
"ISR","2017","Morganella spp.","Meropenem","J01D","15","0","0"
"ISR","2018","Morganella spp.","Meropenem","J01D","12","0","0"
"ITA","2012","Morganella spp.","Meropenem","J01D","9","0","0"
"ITA","2013","Morganella spp.","Meropenem","J01D","13","0","0"
"ITA","2014","Morganella spp.","Meropenem","J01D","14","0","0"
"ITA","2015","Morganella spp.","Meropenem","J01D","10","0","0"
"ITA","2016","Morganella spp.","Meropenem","J01D","13","0","0"
"ITA","2017","Morganella spp.","Meropenem","J01D","11","0","0"
"ITA","2018","Morganella spp.","Meropenem","J01D","31","0","0"
"JPN","2012","Morganella spp.","Meropenem","J01D","6","0","0"
"JPN","2013","Morganella spp.","Meropenem","J01D","8","0","0"
"JPN","2014","Morganella spp.","Meropenem","J01D","5","0","0"
"JPN","2015","Morganella spp.","Meropenem","J01D","3","0","0"
"JPN","2016","Morganella spp.","Meropenem","J01D","5","0","0"
"JPN","2017","Morganella spp.","Meropenem","J01D","7","0","0"
"JPN","2018","Morganella spp.","Meropenem","J01D","13","0","0"
"JOR","2018","Morganella spp.","Meropenem","J01D","3","0","0"
"KEN","2013","Morganella spp.","Meropenem","J01D","4","0","0"
"KEN","2014","Morganella spp.","Meropenem","J01D","6","0","0"
"KOR","2012","Morganella spp.","Meropenem","J01D","8","0","0"
"KOR","2013","Morganella spp.","Meropenem","J01D","5","0","0"
"KOR","2014","Morganella spp.","Meropenem","J01D","6","0","0"
"KOR","2015","Morganella spp.","Meropenem","J01D","8","0","0"
"KOR","2016","Morganella spp.","Meropenem","J01D","7","0","0"
"KOR","2017","Morganella spp.","Meropenem","J01D","6","0","0"
"KOR","2018","Morganella spp.","Meropenem","J01D","9","0","0"
"KWT","2012","Morganella spp.","Meropenem","J01D","3","0","0"
"KWT","2013","Morganella spp.","Meropenem","J01D","10","0","0"
"KWT","2014","Morganella spp.","Meropenem","J01D","10","0","0"
"KWT","2015","Morganella spp.","Meropenem","J01D","9","0","0"
"KWT","2016","Morganella spp.","Meropenem","J01D","10","0","0"
"KWT","2017","Morganella spp.","Meropenem","J01D","10","0","0"
"KWT","2018","Morganella spp.","Meropenem","J01D","8","0","0"
"LVA","2018","Morganella spp.","Meropenem","J01D","2","0","0"
"LTU","2018","Morganella spp.","Meropenem","J01D","6","0","0"
"MYS","2013","Morganella spp.","Meropenem","J01D","6","0","0"
"MYS","2014","Morganella spp.","Meropenem","J01D","5","0","0"
"MYS","2015","Morganella spp.","Meropenem","J01D","4","0","0"
"MYS","2018","Morganella spp.","Meropenem","J01D","5","0","0"
"MEX","2012","Morganella spp.","Meropenem","J01D","7","0","0"
"MEX","2013","Morganella spp.","Meropenem","J01D","10","0","0"
"MEX","2014","Morganella spp.","Meropenem","J01D","12","0","0"
"MEX","2015","Morganella spp.","Meropenem","J01D","16","0","0"
"MEX","2016","Morganella spp.","Meropenem","J01D","21","0","0"
"MEX","2017","Morganella spp.","Meropenem","J01D","12","0","0"
"MEX","2018","Morganella spp.","Meropenem","J01D","13","1","7.69"
"MAR","2018","Morganella spp.","Meropenem","J01D","11","1","9.09"
"NLD","2012","Morganella spp.","Meropenem","J01D","8","0","0"
"NLD","2013","Morganella spp.","Meropenem","J01D","12","0","0"
"NLD","2014","Morganella spp.","Meropenem","J01D","8","0","0"
"NLD","2015","Morganella spp.","Meropenem","J01D","11","0","0"
"NLD","2016","Morganella spp.","Meropenem","J01D","10","0","0"
"NLD","2017","Morganella spp.","Meropenem","J01D","17","0","0"
"NLD","2018","Morganella spp.","Meropenem","J01D","6","0","0"
"NGA","2013","Morganella spp.","Meropenem","J01D","2","0","0"
"NGA","2014","Morganella spp.","Meropenem","J01D","3","0","0"
"NGA","2018","Morganella spp.","Meropenem","J01D","5","0","0"
"PAN","2018","Morganella spp.","Meropenem","J01D","1","0","0"
"PHL","2012","Morganella spp.","Meropenem","J01D","7","0","0"
"PHL","2013","Morganella spp.","Meropenem","J01D","11","0","0"
"PHL","2014","Morganella spp.","Meropenem","J01D","9","0","0"
"PHL","2015","Morganella spp.","Meropenem","J01D","8","0","0"
"PHL","2016","Morganella spp.","Meropenem","J01D","15","0","0"
"PHL","2017","Morganella spp.","Meropenem","J01D","12","0","0"
"PHL","2018","Morganella spp.","Meropenem","J01D","6","0","0"
"POL","2013","Morganella spp.","Meropenem","J01D","9","0","0"
"POL","2014","Morganella spp.","Meropenem","J01D","7","0","0"
"POL","2015","Morganella spp.","Meropenem","J01D","5","0","0"
"POL","2016","Morganella spp.","Meropenem","J01D","6","0","0"
"POL","2017","Morganella spp.","Meropenem","J01D","11","0","0"
"POL","2018","Morganella spp.","Meropenem","J01D","10","0","0"
"PRT","2012","Morganella spp.","Meropenem","J01D","12","0","0"
"PRT","2013","Morganella spp.","Meropenem","J01D","20","0","0"
"PRT","2014","Morganella spp.","Meropenem","J01D","21","0","0"
"PRT","2015","Morganella spp.","Meropenem","J01D","19","0","0"
"PRT","2016","Morganella spp.","Meropenem","J01D","17","0","0"
"PRT","2017","Morganella spp.","Meropenem","J01D","16","0","0"
"PRT","2018","Morganella spp.","Meropenem","J01D","11","0","0"
"ROU","2012","Morganella spp.","Meropenem","J01D","4","0","0"
"ROU","2013","Morganella spp.","Meropenem","J01D","8","0","0"
"ROU","2014","Morganella spp.","Meropenem","J01D","3","0","0"
"ROU","2015","Morganella spp.","Meropenem","J01D","3","0","0"
"ROU","2016","Morganella spp.","Meropenem","J01D","3","0","0"
"ROU","2018","Morganella spp.","Meropenem","J01D","13","1","7.69"
"RUS","2012","Morganella spp.","Meropenem","J01D","12","0","0"
"RUS","2013","Morganella spp.","Meropenem","J01D","15","0","0"
"RUS","2014","Morganella spp.","Meropenem","J01D","11","0","0"
"RUS","2015","Morganella spp.","Meropenem","J01D","11","0","0"
"RUS","2016","Morganella spp.","Meropenem","J01D","11","0","0"
"RUS","2017","Morganella spp.","Meropenem","J01D","11","0","0"
"RUS","2018","Morganella spp.","Meropenem","J01D","15","0","0"
"SAU","2018","Morganella spp.","Meropenem","J01D","3","0","0"
"SGP","2018","Morganella spp.","Meropenem","J01D","3","0","0"
"ZAF","2012","Morganella spp.","Meropenem","J01D","8","0","0"
"ZAF","2013","Morganella spp.","Meropenem","J01D","9","0","0"
"ZAF","2014","Morganella spp.","Meropenem","J01D","7","0","0"
"ZAF","2015","Morganella spp.","Meropenem","J01D","5","0","0"
"ZAF","2016","Morganella spp.","Meropenem","J01D","9","0","0"
"ZAF","2017","Morganella spp.","Meropenem","J01D","12","0","0"
"ZAF","2018","Morganella spp.","Meropenem","J01D","13","0","0"
"ESP","2012","Morganella spp.","Meropenem","J01D","11","0","0"
"ESP","2013","Morganella spp.","Meropenem","J01D","17","0","0"
"ESP","2014","Morganella spp.","Meropenem","J01D","14","0","0"
"ESP","2015","Morganella spp.","Meropenem","J01D","15","0","0"
"ESP","2016","Morganella spp.","Meropenem","J01D","14","0","0"
"ESP","2017","Morganella spp.","Meropenem","J01D","17","0","0"
"ESP","2018","Morganella spp.","Meropenem","J01D","31","0","0"
"SWE","2012","Morganella spp.","Meropenem","J01D","5","0","0"
"SWE","2013","Morganella spp.","Meropenem","J01D","13","0","0"
"SWE","2014","Morganella spp.","Meropenem","J01D","4","0","0"
"SWE","2017","Morganella spp.","Meropenem","J01D","3","0","0"
"SWE","2018","Morganella spp.","Meropenem","J01D","1","0","0"
"CHE","2018","Morganella spp.","Meropenem","J01D","6","0","0"
"TWN","2012","Morganella spp.","Meropenem","J01D","11","0","0"
"TWN","2013","Morganella spp.","Meropenem","J01D","9","0","0"
"TWN","2014","Morganella spp.","Meropenem","J01D","10","0","0"
"TWN","2015","Morganella spp.","Meropenem","J01D","9","0","0"
"TWN","2016","Morganella spp.","Meropenem","J01D","10","0","0"
"TWN","2017","Morganella spp.","Meropenem","J01D","9","0","0"
"TWN","2018","Morganella spp.","Meropenem","J01D","12","0","0"
"THA","2012","Morganella spp.","Meropenem","J01D","9","0","0"
"THA","2013","Morganella spp.","Meropenem","J01D","9","0","0"
"THA","2014","Morganella spp.","Meropenem","J01D","12","0","0"
"THA","2015","Morganella spp.","Meropenem","J01D","11","0","0"
"THA","2016","Morganella spp.","Meropenem","J01D","9","0","0"
"THA","2017","Morganella spp.","Meropenem","J01D","12","0","0"
"THA","2018","Morganella spp.","Meropenem","J01D","9","0","0"
"TUR","2012","Morganella spp.","Meropenem","J01D","8","0","0"
"TUR","2013","Morganella spp.","Meropenem","J01D","11","0","0"
"TUR","2014","Morganella spp.","Meropenem","J01D","7","0","0"
"TUR","2015","Morganella spp.","Meropenem","J01D","13","0","0"
"TUR","2016","Morganella spp.","Meropenem","J01D","12","0","0"
"TUR","2017","Morganella spp.","Meropenem","J01D","10","0","0"
"TUR","2018","Morganella spp.","Meropenem","J01D","7","0","0"
"UKR","2018","Morganella spp.","Meropenem","J01D","9","0","0"
"GBR","2012","Morganella spp.","Meropenem","J01D","5","0","0"
"GBR","2013","Morganella spp.","Meropenem","J01D","6","0","0"
"GBR","2014","Morganella spp.","Meropenem","J01D","5","0","0"
"GBR","2015","Morganella spp.","Meropenem","J01D","8","0","0"
"GBR","2016","Morganella spp.","Meropenem","J01D","9","0","0"
"GBR","2017","Morganella spp.","Meropenem","J01D","9","0","0"
"GBR","2018","Morganella spp.","Meropenem","J01D","16","0","0"
"USA","2012","Morganella spp.","Meropenem","J01D","38","0","0"
"USA","2013","Morganella spp.","Meropenem","J01D","28","0","0"
"USA","2014","Morganella spp.","Meropenem","J01D","40","0","0"
"USA","2015","Morganella spp.","Meropenem","J01D","27","0","0"
"USA","2016","Morganella spp.","Meropenem","J01D","38","0","0"
"USA","2018","Morganella spp.","Meropenem","J01D","71","1","1.41"
"VEN","2012","Morganella spp.","Meropenem","J01D","6","0","0"
"VEN","2013","Morganella spp.","Meropenem","J01D","7","0","0"
"VEN","2014","Morganella spp.","Meropenem","J01D","14","0","0"
"VEN","2015","Morganella spp.","Meropenem","J01D","12","0","0"
"VEN","2016","Morganella spp.","Meropenem","J01D","10","0","0"
"VEN","2017","Morganella spp.","Meropenem","J01D","12","0","0"
"VEN","2018","Morganella spp.","Meropenem","J01D","15","0","0"
"ARG","2012","Morganella spp.","Cefepime","J01D","8","0","0"
"ARG","2013","Morganella spp.","Cefepime","J01D","8","0","0"
"ARG","2014","Morganella spp.","Cefepime","J01D","9","2","22.22"
"ARG","2015","Morganella spp.","Cefepime","J01D","9","1","11.11"
"ARG","2016","Morganella spp.","Cefepime","J01D","10","0","0"
"ARG","2017","Morganella spp.","Cefepime","J01D","9","2","22.22"
"ARG","2018","Morganella spp.","Cefepime","J01D","8","1","12.5"
"AUS","2012","Morganella spp.","Cefepime","J01D","8","0","0"
"AUS","2013","Morganella spp.","Cefepime","J01D","12","0","0"
"AUS","2014","Morganella spp.","Cefepime","J01D","8","0","0"
"AUS","2015","Morganella spp.","Cefepime","J01D","9","0","0"
"AUS","2016","Morganella spp.","Cefepime","J01D","10","0","0"
"AUS","2017","Morganella spp.","Cefepime","J01D","10","0","0"
"AUS","2018","Morganella spp.","Cefepime","J01D","13","0","0"
"AUT","2012","Morganella spp.","Cefepime","J01D","7","0","0"
"AUT","2013","Morganella spp.","Cefepime","J01D","10","0","0"
"AUT","2014","Morganella spp.","Cefepime","J01D","10","0","0"
"AUT","2015","Morganella spp.","Cefepime","J01D","2","0","0"
"AUT","2016","Morganella spp.","Cefepime","J01D","9","0","0"
"BEL","2012","Morganella spp.","Cefepime","J01D","6","0","0"
"BEL","2013","Morganella spp.","Cefepime","J01D","13","0","0"
"BEL","2014","Morganella spp.","Cefepime","J01D","12","0","0"
"BEL","2015","Morganella spp.","Cefepime","J01D","12","1","8.33"
"BEL","2016","Morganella spp.","Cefepime","J01D","13","0","0"
"BEL","2017","Morganella spp.","Cefepime","J01D","13","0","0"
"BEL","2018","Morganella spp.","Cefepime","J01D","19","0","0"
"BRA","2013","Morganella spp.","Cefepime","J01D","10","0","0"
"BRA","2014","Morganella spp.","Cefepime","J01D","9","1","11.11"
"BRA","2015","Morganella spp.","Cefepime","J01D","7","1","14.29"
"BRA","2016","Morganella spp.","Cefepime","J01D","8","1","12.5"
"BRA","2017","Morganella spp.","Cefepime","J01D","19","1","5.26"
"BRA","2018","Morganella spp.","Cefepime","J01D","19","1","5.26"
"CAN","2018","Morganella spp.","Cefepime","J01D","26","1","3.85"
"CHL","2012","Morganella spp.","Cefepime","J01D","10","0","0"
"CHL","2013","Morganella spp.","Cefepime","J01D","8","0","0"
"CHL","2014","Morganella spp.","Cefepime","J01D","11","0","0"
"CHL","2015","Morganella spp.","Cefepime","J01D","11","1","9.09"
"CHL","2016","Morganella spp.","Cefepime","J01D","7","0","0"
"CHL","2017","Morganella spp.","Cefepime","J01D","7","0","0"
"CHL","2018","Morganella spp.","Cefepime","J01D","12","0","0"
"CHN","2012","Morganella spp.","Cefepime","J01D","14","2","14.29"
"CHN","2013","Morganella spp.","Cefepime","J01D","19","0","0"
"CHN","2014","Morganella spp.","Cefepime","J01D","15","2","13.33"
"CHN","2015","Morganella spp.","Cefepime","J01D","13","1","7.69"
"CHN","2016","Morganella spp.","Cefepime","J01D","19","2","10.53"
"CHN","2017","Morganella spp.","Cefepime","J01D","15","0","0"
"CHN","2018","Morganella spp.","Cefepime","J01D","50","6","12"
"COL","2012","Morganella spp.","Cefepime","J01D","9","0","0"
"COL","2013","Morganella spp.","Cefepime","J01D","7","0","0"
"COL","2014","Morganella spp.","Cefepime","J01D","4","0","0"
"COL","2015","Morganella spp.","Cefepime","J01D","9","0","0"
"COL","2016","Morganella spp.","Cefepime","J01D","10","0","0"
"COL","2017","Morganella spp.","Cefepime","J01D","9","0","0"
"COL","2018","Morganella spp.","Cefepime","J01D","16","0","0"
"CRI","2018","Morganella spp.","Cefepime","J01D","2","0","0"
"HRV","2018","Morganella spp.","Cefepime","J01D","9","0","0"
"CZE","2012","Morganella spp.","Cefepime","J01D","13","2","15.38"
"CZE","2013","Morganella spp.","Cefepime","J01D","13","0","0"
"CZE","2014","Morganella spp.","Cefepime","J01D","10","1","10"
"CZE","2015","Morganella spp.","Cefepime","J01D","8","0","0"
"CZE","2016","Morganella spp.","Cefepime","J01D","11","0","0"
"CZE","2017","Morganella spp.","Cefepime","J01D","14","0","0"
"CZE","2018","Morganella spp.","Cefepime","J01D","14","0","0"
"DNK","2012","Morganella spp.","Cefepime","J01D","2","0","0"
"DNK","2013","Morganella spp.","Cefepime","J01D","5","1","20"
"DNK","2014","Morganella spp.","Cefepime","J01D","8","0","0"
"DNK","2015","Morganella spp.","Cefepime","J01D","9","0","0"
"DNK","2016","Morganella spp.","Cefepime","J01D","3","0","0"
"DNK","2017","Morganella spp.","Cefepime","J01D","3","0","0"
"DNK","2018","Morganella spp.","Cefepime","J01D","3","0","0"
"DOM","2018","Morganella spp.","Cefepime","J01D","3","1","33.33"
"FIN","2018","Morganella spp.","Cefepime","J01D","1","0","0"
"FRA","2012","Morganella spp.","Cefepime","J01D","6","0","0"
"FRA","2013","Morganella spp.","Cefepime","J01D","12","0","0"
"FRA","2014","Morganella spp.","Cefepime","J01D","15","0","0"
"FRA","2015","Morganella spp.","Cefepime","J01D","13","0","0"
"FRA","2016","Morganella spp.","Cefepime","J01D","19","0","0"
"FRA","2017","Morganella spp.","Cefepime","J01D","14","0","0"
"FRA","2018","Morganella spp.","Cefepime","J01D","29","0","0"
"DEU","2012","Morganella spp.","Cefepime","J01D","7","0","0"
"DEU","2013","Morganella spp.","Cefepime","J01D","16","0","0"
"DEU","2014","Morganella spp.","Cefepime","J01D","15","1","6.67"
"DEU","2015","Morganella spp.","Cefepime","J01D","16","0","0"
"DEU","2016","Morganella spp.","Cefepime","J01D","14","0","0"
"DEU","2017","Morganella spp.","Cefepime","J01D","13","0","0"
"DEU","2018","Morganella spp.","Cefepime","J01D","30","0","0"
"GRC","2012","Morganella spp.","Cefepime","J01D","6","0","0"
"GRC","2013","Morganella spp.","Cefepime","J01D","12","0","0"
"GRC","2014","Morganella spp.","Cefepime","J01D","13","0","0"
"GRC","2015","Morganella spp.","Cefepime","J01D","7","0","0"
"GRC","2016","Morganella spp.","Cefepime","J01D","21","0","0"
"GRC","2017","Morganella spp.","Cefepime","J01D","15","0","0"
"GRC","2018","Morganella spp.","Cefepime","J01D","10","0","0"
"GTM","2018","Morganella spp.","Cefepime","J01D","8","1","12.5"
"HKG","2013","Morganella spp.","Cefepime","J01D","2","0","0"
"HKG","2014","Morganella spp.","Cefepime","J01D","2","0","0"
"HKG","2018","Morganella spp.","Cefepime","J01D","3","0","0"
"HUN","2012","Morganella spp.","Cefepime","J01D","7","0","0"
"HUN","2013","Morganella spp.","Cefepime","J01D","12","0","0"
"HUN","2014","Morganella spp.","Cefepime","J01D","9","0","0"
"HUN","2015","Morganella spp.","Cefepime","J01D","8","0","0"
"HUN","2016","Morganella spp.","Cefepime","J01D","12","0","0"
"HUN","2017","Morganella spp.","Cefepime","J01D","12","0","0"
"HUN","2018","Morganella spp.","Cefepime","J01D","12","0","0"
"IND","2018","Morganella spp.","Cefepime","J01D","14","4","28.57"
"IRL","2013","Morganella spp.","Cefepime","J01D","3","1","33.33"
"IRL","2018","Morganella spp.","Cefepime","J01D","8","0","0"
"ISR","2012","Morganella spp.","Cefepime","J01D","9","0","0"
"ISR","2013","Morganella spp.","Cefepime","J01D","14","1","7.14"
"ISR","2014","Morganella spp.","Cefepime","J01D","10","0","0"
"ISR","2015","Morganella spp.","Cefepime","J01D","11","0","0"
"ISR","2016","Morganella spp.","Cefepime","J01D","10","0","0"
"ISR","2017","Morganella spp.","Cefepime","J01D","15","0","0"
"ISR","2018","Morganella spp.","Cefepime","J01D","12","2","16.67"
"ITA","2012","Morganella spp.","Cefepime","J01D","9","0","0"
"ITA","2013","Morganella spp.","Cefepime","J01D","13","0","0"
"ITA","2014","Morganella spp.","Cefepime","J01D","14","0","0"
"ITA","2015","Morganella spp.","Cefepime","J01D","10","0","0"
"ITA","2016","Morganella spp.","Cefepime","J01D","13","0","0"
"ITA","2017","Morganella spp.","Cefepime","J01D","11","0","0"
"ITA","2018","Morganella spp.","Cefepime","J01D","31","1","3.23"
"JPN","2012","Morganella spp.","Cefepime","J01D","6","0","0"
"JPN","2013","Morganella spp.","Cefepime","J01D","8","0","0"
"JPN","2014","Morganella spp.","Cefepime","J01D","5","0","0"
"JPN","2015","Morganella spp.","Cefepime","J01D","3","0","0"
"JPN","2016","Morganella spp.","Cefepime","J01D","5","0","0"
"JPN","2017","Morganella spp.","Cefepime","J01D","7","0","0"
"JPN","2018","Morganella spp.","Cefepime","J01D","13","0","0"
"JOR","2018","Morganella spp.","Cefepime","J01D","3","0","0"
"KEN","2013","Morganella spp.","Cefepime","J01D","4","0","0"
"KEN","2014","Morganella spp.","Cefepime","J01D","6","0","0"
"KOR","2012","Morganella spp.","Cefepime","J01D","8","1","12.5"
"KOR","2013","Morganella spp.","Cefepime","J01D","5","1","20"
"KOR","2014","Morganella spp.","Cefepime","J01D","6","0","0"
"KOR","2015","Morganella spp.","Cefepime","J01D","8","0","0"
"KOR","2016","Morganella spp.","Cefepime","J01D","7","0","0"
"KOR","2017","Morganella spp.","Cefepime","J01D","6","0","0"
"KOR","2018","Morganella spp.","Cefepime","J01D","9","0","0"
"KWT","2012","Morganella spp.","Cefepime","J01D","3","0","0"
"KWT","2013","Morganella spp.","Cefepime","J01D","10","0","0"
"KWT","2014","Morganella spp.","Cefepime","J01D","10","0","0"
"KWT","2015","Morganella spp.","Cefepime","J01D","9","0","0"
"KWT","2016","Morganella spp.","Cefepime","J01D","10","0","0"
"KWT","2017","Morganella spp.","Cefepime","J01D","10","0","0"
"KWT","2018","Morganella spp.","Cefepime","J01D","8","0","0"
"LVA","2018","Morganella spp.","Cefepime","J01D","2","0","0"
"LTU","2018","Morganella spp.","Cefepime","J01D","6","0","0"
"MYS","2013","Morganella spp.","Cefepime","J01D","6","0","0"
"MYS","2014","Morganella spp.","Cefepime","J01D","5","0","0"
"MYS","2015","Morganella spp.","Cefepime","J01D","4","0","0"
"MYS","2018","Morganella spp.","Cefepime","J01D","5","0","0"
"MEX","2012","Morganella spp.","Cefepime","J01D","7","0","0"
"MEX","2013","Morganella spp.","Cefepime","J01D","10","0","0"
"MEX","2014","Morganella spp.","Cefepime","J01D","12","0","0"
"MEX","2015","Morganella spp.","Cefepime","J01D","16","0","0"
"MEX","2016","Morganella spp.","Cefepime","J01D","21","0","0"
"MEX","2017","Morganella spp.","Cefepime","J01D","12","1","8.33"
"MEX","2018","Morganella spp.","Cefepime","J01D","13","0","0"
"MAR","2018","Morganella spp.","Cefepime","J01D","11","1","9.09"
"NLD","2012","Morganella spp.","Cefepime","J01D","8","0","0"
"NLD","2013","Morganella spp.","Cefepime","J01D","12","0","0"
"NLD","2014","Morganella spp.","Cefepime","J01D","8","0","0"
"NLD","2015","Morganella spp.","Cefepime","J01D","11","0","0"
"NLD","2016","Morganella spp.","Cefepime","J01D","10","0","0"
"NLD","2017","Morganella spp.","Cefepime","J01D","17","0","0"
"NLD","2018","Morganella spp.","Cefepime","J01D","6","0","0"
"NGA","2013","Morganella spp.","Cefepime","J01D","2","1","50"
"NGA","2014","Morganella spp.","Cefepime","J01D","3","0","0"
"NGA","2018","Morganella spp.","Cefepime","J01D","5","0","0"
"PAN","2018","Morganella spp.","Cefepime","J01D","1","0","0"
"PHL","2012","Morganella spp.","Cefepime","J01D","7","0","0"
"PHL","2013","Morganella spp.","Cefepime","J01D","11","1","9.09"
"PHL","2014","Morganella spp.","Cefepime","J01D","9","0","0"
"PHL","2015","Morganella spp.","Cefepime","J01D","8","0","0"
"PHL","2016","Morganella spp.","Cefepime","J01D","15","1","6.67"
"PHL","2017","Morganella spp.","Cefepime","J01D","12","0","0"
"PHL","2018","Morganella spp.","Cefepime","J01D","6","1","16.67"
"POL","2013","Morganella spp.","Cefepime","J01D","9","0","0"
"POL","2014","Morganella spp.","Cefepime","J01D","7","0","0"
"POL","2015","Morganella spp.","Cefepime","J01D","5","0","0"
"POL","2016","Morganella spp.","Cefepime","J01D","6","0","0"
"POL","2017","Morganella spp.","Cefepime","J01D","11","0","0"
"POL","2018","Morganella spp.","Cefepime","J01D","10","1","10"
"PRT","2012","Morganella spp.","Cefepime","J01D","12","1","8.33"
"PRT","2013","Morganella spp.","Cefepime","J01D","20","1","5"
"PRT","2014","Morganella spp.","Cefepime","J01D","21","0","0"
"PRT","2015","Morganella spp.","Cefepime","J01D","19","0","0"
"PRT","2016","Morganella spp.","Cefepime","J01D","17","1","5.88"
"PRT","2017","Morganella spp.","Cefepime","J01D","16","0","0"
"PRT","2018","Morganella spp.","Cefepime","J01D","11","0","0"
"ROU","2012","Morganella spp.","Cefepime","J01D","4","0","0"
"ROU","2013","Morganella spp.","Cefepime","J01D","8","2","25"
"ROU","2014","Morganella spp.","Cefepime","J01D","3","1","33.33"
"ROU","2015","Morganella spp.","Cefepime","J01D","3","0","0"
"ROU","2016","Morganella spp.","Cefepime","J01D","3","0","0"
"ROU","2018","Morganella spp.","Cefepime","J01D","13","1","7.69"
"RUS","2012","Morganella spp.","Cefepime","J01D","12","1","8.33"
"RUS","2013","Morganella spp.","Cefepime","J01D","15","0","0"
"RUS","2014","Morganella spp.","Cefepime","J01D","11","1","9.09"
"RUS","2015","Morganella spp.","Cefepime","J01D","11","0","0"
"RUS","2016","Morganella spp.","Cefepime","J01D","11","0","0"
"RUS","2017","Morganella spp.","Cefepime","J01D","11","0","0"
"RUS","2018","Morganella spp.","Cefepime","J01D","15","1","6.67"
"SAU","2018","Morganella spp.","Cefepime","J01D","3","0","0"
"SGP","2018","Morganella spp.","Cefepime","J01D","3","1","33.33"
"ZAF","2012","Morganella spp.","Cefepime","J01D","8","0","0"
"ZAF","2013","Morganella spp.","Cefepime","J01D","9","0","0"
"ZAF","2014","Morganella spp.","Cefepime","J01D","7","0","0"
"ZAF","2015","Morganella spp.","Cefepime","J01D","5","0","0"
"ZAF","2016","Morganella spp.","Cefepime","J01D","9","0","0"
"ZAF","2017","Morganella spp.","Cefepime","J01D","12","0","0"
"ZAF","2018","Morganella spp.","Cefepime","J01D","13","1","7.69"
"ESP","2012","Morganella spp.","Cefepime","J01D","11","1","9.09"
"ESP","2013","Morganella spp.","Cefepime","J01D","17","0","0"
"ESP","2014","Morganella spp.","Cefepime","J01D","14","0","0"
"ESP","2015","Morganella spp.","Cefepime","J01D","15","0","0"
"ESP","2016","Morganella spp.","Cefepime","J01D","14","0","0"
"ESP","2017","Morganella spp.","Cefepime","J01D","17","0","0"
"ESP","2018","Morganella spp.","Cefepime","J01D","31","1","3.23"
"SWE","2012","Morganella spp.","Cefepime","J01D","5","0","0"
"SWE","2013","Morganella spp.","Cefepime","J01D","13","1","7.69"
"SWE","2014","Morganella spp.","Cefepime","J01D","4","0","0"
"SWE","2017","Morganella spp.","Cefepime","J01D","3","0","0"
"SWE","2018","Morganella spp.","Cefepime","J01D","1","0","0"
"CHE","2018","Morganella spp.","Cefepime","J01D","6","0","0"
"TWN","2012","Morganella spp.","Cefepime","J01D","11","0","0"
"TWN","2013","Morganella spp.","Cefepime","J01D","9","0","0"
"TWN","2014","Morganella spp.","Cefepime","J01D","10","0","0"
"TWN","2015","Morganella spp.","Cefepime","J01D","9","0","0"
"TWN","2016","Morganella spp.","Cefepime","J01D","10","0","0"
"TWN","2017","Morganella spp.","Cefepime","J01D","9","0","0"
"TWN","2018","Morganella spp.","Cefepime","J01D","12","0","0"
"THA","2012","Morganella spp.","Cefepime","J01D","9","1","11.11"
"THA","2013","Morganella spp.","Cefepime","J01D","9","0","0"
"THA","2014","Morganella spp.","Cefepime","J01D","12","0","0"
"THA","2015","Morganella spp.","Cefepime","J01D","11","1","9.09"
"THA","2016","Morganella spp.","Cefepime","J01D","9","0","0"
"THA","2017","Morganella spp.","Cefepime","J01D","12","0","0"
"THA","2018","Morganella spp.","Cefepime","J01D","9","1","11.11"
"TUR","2012","Morganella spp.","Cefepime","J01D","8","0","0"
"TUR","2013","Morganella spp.","Cefepime","J01D","11","0","0"
"TUR","2014","Morganella spp.","Cefepime","J01D","7","0","0"
"TUR","2015","Morganella spp.","Cefepime","J01D","13","0","0"
"TUR","2016","Morganella spp.","Cefepime","J01D","12","0","0"
"TUR","2017","Morganella spp.","Cefepime","J01D","10","0","0"
"TUR","2018","Morganella spp.","Cefepime","J01D","7","0","0"
"UKR","2018","Morganella spp.","Cefepime","J01D","9","0","0"
"GBR","2012","Morganella spp.","Cefepime","J01D","5","0","0"
"GBR","2013","Morganella spp.","Cefepime","J01D","6","0","0"
"GBR","2014","Morganella spp.","Cefepime","J01D","5","0","0"
"GBR","2015","Morganella spp.","Cefepime","J01D","8","0","0"
"GBR","2016","Morganella spp.","Cefepime","J01D","9","0","0"
"GBR","2017","Morganella spp.","Cefepime","J01D","9","0","0"
"GBR","2018","Morganella spp.","Cefepime","J01D","16","0","0"
"USA","2012","Morganella spp.","Cefepime","J01D","38","0","0"
"USA","2013","Morganella spp.","Cefepime","J01D","28","1","3.57"
"USA","2014","Morganella spp.","Cefepime","J01D","40","0","0"
"USA","2015","Morganella spp.","Cefepime","J01D","27","0","0"
"USA","2016","Morganella spp.","Cefepime","J01D","38","0","0"
"USA","2018","Morganella spp.","Cefepime","J01D","71","0","0"
"VEN","2012","Morganella spp.","Cefepime","J01D","6","0","0"
"VEN","2013","Morganella spp.","Cefepime","J01D","7","1","14.29"
"VEN","2014","Morganella spp.","Cefepime","J01D","14","2","14.29"
"VEN","2015","Morganella spp.","Cefepime","J01D","12","0","0"
"VEN","2016","Morganella spp.","Cefepime","J01D","10","1","10"
"VEN","2017","Morganella spp.","Cefepime","J01D","12","0","0"
"VEN","2018","Morganella spp.","Cefepime","J01D","15","0","0"
"ARG","2012","Morganella spp.","Ceftaroline","J01D","8","3","37.5"
"ARG","2013","Morganella spp.","Ceftaroline","J01D","8","3","37.5"
"ARG","2014","Morganella spp.","Ceftaroline","J01D","9","3","33.33"
"ARG","2015","Morganella spp.","Ceftaroline","J01D","9","2","22.22"
"ARG","2016","Morganella spp.","Ceftaroline","J01D","10","7","70"
"ARG","2017","Morganella spp.","Ceftaroline","J01D","9","4","44.44"
"ARG","2018","Morganella spp.","Ceftaroline","J01D","8","3","37.5"
"AUS","2012","Morganella spp.","Ceftaroline","J01D","8","5","62.5"
"AUS","2013","Morganella spp.","Ceftaroline","J01D","12","3","25"
"AUS","2014","Morganella spp.","Ceftaroline","J01D","8","2","25"
"AUS","2015","Morganella spp.","Ceftaroline","J01D","9","3","33.33"
"AUS","2016","Morganella spp.","Ceftaroline","J01D","10","3","30"
"AUS","2017","Morganella spp.","Ceftaroline","J01D","10","1","10"
"AUS","2018","Morganella spp.","Ceftaroline","J01D","13","2","15.38"
"AUT","2012","Morganella spp.","Ceftaroline","J01D","7","1","14.29"
"AUT","2013","Morganella spp.","Ceftaroline","J01D","10","1","10"
"AUT","2014","Morganella spp.","Ceftaroline","J01D","10","3","30"
"AUT","2015","Morganella spp.","Ceftaroline","J01D","2","1","50"
"AUT","2016","Morganella spp.","Ceftaroline","J01D","9","2","22.22"
"BEL","2012","Morganella spp.","Ceftaroline","J01D","6","1","16.67"
"BEL","2013","Morganella spp.","Ceftaroline","J01D","13","5","38.46"
"BEL","2014","Morganella spp.","Ceftaroline","J01D","12","2","16.67"
"BEL","2015","Morganella spp.","Ceftaroline","J01D","12","3","25"
"BEL","2016","Morganella spp.","Ceftaroline","J01D","13","2","15.38"
"BEL","2017","Morganella spp.","Ceftaroline","J01D","13","3","23.08"
"BEL","2018","Morganella spp.","Ceftaroline","J01D","19","6","31.58"
"BRA","2013","Morganella spp.","Ceftaroline","J01D","10","2","20"
"BRA","2014","Morganella spp.","Ceftaroline","J01D","9","1","11.11"
"BRA","2015","Morganella spp.","Ceftaroline","J01D","7","2","28.57"
"BRA","2016","Morganella spp.","Ceftaroline","J01D","8","3","37.5"
"BRA","2017","Morganella spp.","Ceftaroline","J01D","19","5","26.32"
"BRA","2018","Morganella spp.","Ceftaroline","J01D","19","5","26.32"
"CAN","2018","Morganella spp.","Ceftaroline","J01D","26","8","30.77"
"CHL","2012","Morganella spp.","Ceftaroline","J01D","10","7","70"
"CHL","2013","Morganella spp.","Ceftaroline","J01D","8","2","25"
"CHL","2014","Morganella spp.","Ceftaroline","J01D","11","4","36.36"
"CHL","2015","Morganella spp.","Ceftaroline","J01D","11","8","72.73"
"CHL","2016","Morganella spp.","Ceftaroline","J01D","7","4","57.14"
"CHL","2017","Morganella spp.","Ceftaroline","J01D","7","3","42.86"
"CHL","2018","Morganella spp.","Ceftaroline","J01D","12","3","25"
"CHN","2012","Morganella spp.","Ceftaroline","J01D","14","6","42.86"
"CHN","2013","Morganella spp.","Ceftaroline","J01D","19","5","26.32"
"CHN","2014","Morganella spp.","Ceftaroline","J01D","15","5","33.33"
"CHN","2015","Morganella spp.","Ceftaroline","J01D","13","7","53.85"
"CHN","2016","Morganella spp.","Ceftaroline","J01D","19","13","68.42"
"CHN","2017","Morganella spp.","Ceftaroline","J01D","15","5","33.33"
"CHN","2018","Morganella spp.","Ceftaroline","J01D","50","21","42"
"COL","2012","Morganella spp.","Ceftaroline","J01D","9","3","33.33"
"COL","2013","Morganella spp.","Ceftaroline","J01D","7","0","0"
"COL","2014","Morganella spp.","Ceftaroline","J01D","4","0","0"
"COL","2015","Morganella spp.","Ceftaroline","J01D","9","6","66.67"
"COL","2016","Morganella spp.","Ceftaroline","J01D","10","5","50"
"COL","2017","Morganella spp.","Ceftaroline","J01D","9","1","11.11"
"COL","2018","Morganella spp.","Ceftaroline","J01D","16","1","6.25"
"CRI","2018","Morganella spp.","Ceftaroline","J01D","2","1","50"
"HRV","2018","Morganella spp.","Ceftaroline","J01D","9","1","11.11"
"CZE","2012","Morganella spp.","Ceftaroline","J01D","13","4","30.77"
"CZE","2013","Morganella spp.","Ceftaroline","J01D","13","2","15.38"
"CZE","2014","Morganella spp.","Ceftaroline","J01D","10","2","20"
"CZE","2015","Morganella spp.","Ceftaroline","J01D","8","3","37.5"
"CZE","2016","Morganella spp.","Ceftaroline","J01D","11","3","27.27"
"CZE","2017","Morganella spp.","Ceftaroline","J01D","14","6","42.86"
"CZE","2018","Morganella spp.","Ceftaroline","J01D","14","4","28.57"
"DNK","2012","Morganella spp.","Ceftaroline","J01D","2","1","50"
"DNK","2013","Morganella spp.","Ceftaroline","J01D","5","2","40"
"DNK","2014","Morganella spp.","Ceftaroline","J01D","8","1","12.5"
"DNK","2015","Morganella spp.","Ceftaroline","J01D","9","3","33.33"
"DNK","2016","Morganella spp.","Ceftaroline","J01D","3","0","0"
"DNK","2017","Morganella spp.","Ceftaroline","J01D","3","0","0"
"DNK","2018","Morganella spp.","Ceftaroline","J01D","3","0","0"
"DOM","2018","Morganella spp.","Ceftaroline","J01D","3","1","33.33"
"FIN","2018","Morganella spp.","Ceftaroline","J01D","1","0","0"
"FRA","2012","Morganella spp.","Ceftaroline","J01D","6","1","16.67"
"FRA","2013","Morganella spp.","Ceftaroline","J01D","12","4","33.33"
"FRA","2014","Morganella spp.","Ceftaroline","J01D","15","1","6.67"
"FRA","2015","Morganella spp.","Ceftaroline","J01D","13","4","30.77"
"FRA","2016","Morganella spp.","Ceftaroline","J01D","19","7","36.84"
"FRA","2017","Morganella spp.","Ceftaroline","J01D","14","3","21.43"
"FRA","2018","Morganella spp.","Ceftaroline","J01D","29","7","24.14"
"DEU","2012","Morganella spp.","Ceftaroline","J01D","7","2","28.57"
"DEU","2013","Morganella spp.","Ceftaroline","J01D","16","3","18.75"
"DEU","2014","Morganella spp.","Ceftaroline","J01D","15","4","26.67"
"DEU","2015","Morganella spp.","Ceftaroline","J01D","16","3","18.75"
"DEU","2016","Morganella spp.","Ceftaroline","J01D","14","3","21.43"
"DEU","2017","Morganella spp.","Ceftaroline","J01D","13","1","7.69"
"DEU","2018","Morganella spp.","Ceftaroline","J01D","30","6","20"
"GRC","2012","Morganella spp.","Ceftaroline","J01D","6","1","16.67"
"GRC","2013","Morganella spp.","Ceftaroline","J01D","12","1","8.33"
"GRC","2014","Morganella spp.","Ceftaroline","J01D","13","2","15.38"
"GRC","2015","Morganella spp.","Ceftaroline","J01D","7","4","57.14"
"GRC","2016","Morganella spp.","Ceftaroline","J01D","21","5","23.81"
"GRC","2017","Morganella spp.","Ceftaroline","J01D","15","1","6.67"
"GRC","2018","Morganella spp.","Ceftaroline","J01D","10","5","50"
"GTM","2018","Morganella spp.","Ceftaroline","J01D","8","2","25"
"HKG","2013","Morganella spp.","Ceftaroline","J01D","2","1","50"
"HKG","2014","Morganella spp.","Ceftaroline","J01D","2","0","0"
"HKG","2018","Morganella spp.","Ceftaroline","J01D","3","2","66.67"
"HUN","2012","Morganella spp.","Ceftaroline","J01D","7","1","14.29"
"HUN","2013","Morganella spp.","Ceftaroline","J01D","12","3","25"
"HUN","2014","Morganella spp.","Ceftaroline","J01D","9","0","0"
"HUN","2015","Morganella spp.","Ceftaroline","J01D","8","0","0"
"HUN","2016","Morganella spp.","Ceftaroline","J01D","12","3","25"
"HUN","2017","Morganella spp.","Ceftaroline","J01D","12","3","25"
"HUN","2018","Morganella spp.","Ceftaroline","J01D","12","0","0"
"IND","2018","Morganella spp.","Ceftaroline","J01D","14","7","50"
"IRL","2013","Morganella spp.","Ceftaroline","J01D","3","2","66.67"
"IRL","2018","Morganella spp.","Ceftaroline","J01D","8","4","50"
"ISR","2012","Morganella spp.","Ceftaroline","J01D","9","3","33.33"
"ISR","2013","Morganella spp.","Ceftaroline","J01D","14","4","28.57"
"ISR","2014","Morganella spp.","Ceftaroline","J01D","10","1","10"
"ISR","2015","Morganella spp.","Ceftaroline","J01D","11","8","72.73"
"ISR","2016","Morganella spp.","Ceftaroline","J01D","10","2","20"
"ISR","2017","Morganella spp.","Ceftaroline","J01D","15","4","26.67"
"ISR","2018","Morganella spp.","Ceftaroline","J01D","12","4","33.33"
"ITA","2012","Morganella spp.","Ceftaroline","J01D","9","2","22.22"
"ITA","2013","Morganella spp.","Ceftaroline","J01D","13","3","23.08"
"ITA","2014","Morganella spp.","Ceftaroline","J01D","14","4","28.57"
"ITA","2015","Morganella spp.","Ceftaroline","J01D","10","1","10"
"ITA","2016","Morganella spp.","Ceftaroline","J01D","13","2","15.38"
"ITA","2017","Morganella spp.","Ceftaroline","J01D","11","4","36.36"
"ITA","2018","Morganella spp.","Ceftaroline","J01D","31","5","16.13"
"JPN","2012","Morganella spp.","Ceftaroline","J01D","6","1","16.67"
"JPN","2013","Morganella spp.","Ceftaroline","J01D","8","0","0"
"JPN","2014","Morganella spp.","Ceftaroline","J01D","5","0","0"
"JPN","2015","Morganella spp.","Ceftaroline","J01D","3","0","0"
"JPN","2016","Morganella spp.","Ceftaroline","J01D","5","2","40"
"JPN","2017","Morganella spp.","Ceftaroline","J01D","7","3","42.86"
"JPN","2018","Morganella spp.","Ceftaroline","J01D","13","3","23.08"
"JOR","2018","Morganella spp.","Ceftaroline","J01D","3","0","0"
"KEN","2013","Morganella spp.","Ceftaroline","J01D","4","1","25"
"KEN","2014","Morganella spp.","Ceftaroline","J01D","6","2","33.33"
"KOR","2012","Morganella spp.","Ceftaroline","J01D","8","6","75"
"KOR","2013","Morganella spp.","Ceftaroline","J01D","5","1","20"
"KOR","2014","Morganella spp.","Ceftaroline","J01D","6","0","0"
"KOR","2015","Morganella spp.","Ceftaroline","J01D","8","1","12.5"
"KOR","2016","Morganella spp.","Ceftaroline","J01D","7","3","42.86"
"KOR","2017","Morganella spp.","Ceftaroline","J01D","6","3","50"
"KOR","2018","Morganella spp.","Ceftaroline","J01D","9","2","22.22"
"KWT","2012","Morganella spp.","Ceftaroline","J01D","3","0","0"
"KWT","2013","Morganella spp.","Ceftaroline","J01D","10","4","40"
"KWT","2014","Morganella spp.","Ceftaroline","J01D","10","3","30"
"KWT","2015","Morganella spp.","Ceftaroline","J01D","9","3","33.33"
"KWT","2016","Morganella spp.","Ceftaroline","J01D","10","0","0"
"KWT","2017","Morganella spp.","Ceftaroline","J01D","10","4","40"
"KWT","2018","Morganella spp.","Ceftaroline","J01D","8","3","37.5"
"LVA","2018","Morganella spp.","Ceftaroline","J01D","2","0","0"
"LTU","2018","Morganella spp.","Ceftaroline","J01D","6","4","66.67"
"MYS","2013","Morganella spp.","Ceftaroline","J01D","6","1","16.67"
"MYS","2014","Morganella spp.","Ceftaroline","J01D","5","0","0"
"MYS","2015","Morganella spp.","Ceftaroline","J01D","4","0","0"
"MYS","2018","Morganella spp.","Ceftaroline","J01D","5","0","0"
"MEX","2012","Morganella spp.","Ceftaroline","J01D","7","0","0"
"MEX","2013","Morganella spp.","Ceftaroline","J01D","10","1","10"
"MEX","2014","Morganella spp.","Ceftaroline","J01D","12","1","8.33"
"MEX","2015","Morganella spp.","Ceftaroline","J01D","16","4","25"
"MEX","2016","Morganella spp.","Ceftaroline","J01D","21","5","23.81"
"MEX","2017","Morganella spp.","Ceftaroline","J01D","12","2","16.67"
"MEX","2018","Morganella spp.","Ceftaroline","J01D","13","5","38.46"
"MAR","2018","Morganella spp.","Ceftaroline","J01D","11","7","63.64"
"NLD","2012","Morganella spp.","Ceftaroline","J01D","8","1","12.5"
"NLD","2013","Morganella spp.","Ceftaroline","J01D","12","0","0"
"NLD","2014","Morganella spp.","Ceftaroline","J01D","8","1","12.5"
"NLD","2015","Morganella spp.","Ceftaroline","J01D","11","2","18.18"
"NLD","2016","Morganella spp.","Ceftaroline","J01D","10","1","10"
"NLD","2017","Morganella spp.","Ceftaroline","J01D","17","3","17.65"
"NLD","2018","Morganella spp.","Ceftaroline","J01D","6","1","16.67"
"NGA","2013","Morganella spp.","Ceftaroline","J01D","2","2","100"
"NGA","2014","Morganella spp.","Ceftaroline","J01D","3","1","33.33"
"NGA","2018","Morganella spp.","Ceftaroline","J01D","5","1","20"
"PAN","2018","Morganella spp.","Ceftaroline","J01D","1","0","0"
"PHL","2012","Morganella spp.","Ceftaroline","J01D","7","1","14.29"
"PHL","2013","Morganella spp.","Ceftaroline","J01D","11","2","18.18"
"PHL","2014","Morganella spp.","Ceftaroline","J01D","9","1","11.11"
"PHL","2015","Morganella spp.","Ceftaroline","J01D","8","0","0"
"PHL","2016","Morganella spp.","Ceftaroline","J01D","15","1","6.67"
"PHL","2017","Morganella spp.","Ceftaroline","J01D","12","1","8.33"
"PHL","2018","Morganella spp.","Ceftaroline","J01D","6","2","33.33"
"POL","2013","Morganella spp.","Ceftaroline","J01D","9","1","11.11"
"POL","2014","Morganella spp.","Ceftaroline","J01D","7","1","14.29"
"POL","2015","Morganella spp.","Ceftaroline","J01D","5","0","0"
"POL","2016","Morganella spp.","Ceftaroline","J01D","6","1","16.67"
"POL","2017","Morganella spp.","Ceftaroline","J01D","11","1","9.09"
"POL","2018","Morganella spp.","Ceftaroline","J01D","10","5","50"
"PRT","2012","Morganella spp.","Ceftaroline","J01D","12","3","25"
"PRT","2013","Morganella spp.","Ceftaroline","J01D","20","6","30"
"PRT","2014","Morganella spp.","Ceftaroline","J01D","21","5","23.81"
"PRT","2015","Morganella spp.","Ceftaroline","J01D","19","4","21.05"
"PRT","2016","Morganella spp.","Ceftaroline","J01D","17","3","17.65"
"PRT","2017","Morganella spp.","Ceftaroline","J01D","16","3","18.75"
"PRT","2018","Morganella spp.","Ceftaroline","J01D","11","4","36.36"
"ROU","2012","Morganella spp.","Ceftaroline","J01D","4","0","0"
"ROU","2013","Morganella spp.","Ceftaroline","J01D","8","3","37.5"
"ROU","2014","Morganella spp.","Ceftaroline","J01D","3","1","33.33"
"ROU","2015","Morganella spp.","Ceftaroline","J01D","3","2","66.67"
"ROU","2016","Morganella spp.","Ceftaroline","J01D","3","0","0"
"ROU","2018","Morganella spp.","Ceftaroline","J01D","13","3","23.08"
"RUS","2012","Morganella spp.","Ceftaroline","J01D","12","5","41.67"
"RUS","2013","Morganella spp.","Ceftaroline","J01D","15","3","20"
"RUS","2014","Morganella spp.","Ceftaroline","J01D","11","2","18.18"
"RUS","2015","Morganella spp.","Ceftaroline","J01D","11","3","27.27"
"RUS","2016","Morganella spp.","Ceftaroline","J01D","11","3","27.27"
"RUS","2017","Morganella spp.","Ceftaroline","J01D","11","1","9.09"
"RUS","2018","Morganella spp.","Ceftaroline","J01D","15","2","13.33"
"SAU","2018","Morganella spp.","Ceftaroline","J01D","3","0","0"
"SGP","2018","Morganella spp.","Ceftaroline","J01D","3","2","66.67"
"ZAF","2012","Morganella spp.","Ceftaroline","J01D","8","4","50"
"ZAF","2013","Morganella spp.","Ceftaroline","J01D","9","1","11.11"
"ZAF","2014","Morganella spp.","Ceftaroline","J01D","7","2","28.57"
"ZAF","2015","Morganella spp.","Ceftaroline","J01D","5","2","40"
"ZAF","2016","Morganella spp.","Ceftaroline","J01D","9","2","22.22"
"ZAF","2017","Morganella spp.","Ceftaroline","J01D","12","0","0"
"ZAF","2018","Morganella spp.","Ceftaroline","J01D","13","1","7.69"
"ESP","2012","Morganella spp.","Ceftaroline","J01D","11","5","45.45"
"ESP","2013","Morganella spp.","Ceftaroline","J01D","17","5","29.41"
"ESP","2014","Morganella spp.","Ceftaroline","J01D","14","7","50"
"ESP","2015","Morganella spp.","Ceftaroline","J01D","15","3","20"
"ESP","2016","Morganella spp.","Ceftaroline","J01D","14","5","35.71"
"ESP","2017","Morganella spp.","Ceftaroline","J01D","17","6","35.29"
"ESP","2018","Morganella spp.","Ceftaroline","J01D","31","6","19.35"
"SWE","2012","Morganella spp.","Ceftaroline","J01D","5","1","20"
"SWE","2013","Morganella spp.","Ceftaroline","J01D","13","2","15.38"
"SWE","2014","Morganella spp.","Ceftaroline","J01D","4","0","0"
"SWE","2017","Morganella spp.","Ceftaroline","J01D","3","0","0"
"SWE","2018","Morganella spp.","Ceftaroline","J01D","1","0","0"
"CHE","2018","Morganella spp.","Ceftaroline","J01D","6","3","50"
"TWN","2012","Morganella spp.","Ceftaroline","J01D","11","3","27.27"
"TWN","2013","Morganella spp.","Ceftaroline","J01D","9","0","0"
"TWN","2014","Morganella spp.","Ceftaroline","J01D","10","3","30"
"TWN","2015","Morganella spp.","Ceftaroline","J01D","9","3","33.33"
"TWN","2016","Morganella spp.","Ceftaroline","J01D","10","1","10"
"TWN","2017","Morganella spp.","Ceftaroline","J01D","9","3","33.33"
"TWN","2018","Morganella spp.","Ceftaroline","J01D","12","4","33.33"
"THA","2012","Morganella spp.","Ceftaroline","J01D","9","3","33.33"
"THA","2013","Morganella spp.","Ceftaroline","J01D","9","0","0"
"THA","2014","Morganella spp.","Ceftaroline","J01D","12","2","16.67"
"THA","2015","Morganella spp.","Ceftaroline","J01D","11","3","27.27"
"THA","2016","Morganella spp.","Ceftaroline","J01D","9","2","22.22"
"THA","2017","Morganella spp.","Ceftaroline","J01D","12","4","33.33"
"THA","2018","Morganella spp.","Ceftaroline","J01D","9","3","33.33"
"TUR","2012","Morganella spp.","Ceftaroline","J01D","8","5","62.5"
"TUR","2013","Morganella spp.","Ceftaroline","J01D","11","3","27.27"
"TUR","2014","Morganella spp.","Ceftaroline","J01D","7","1","14.29"
"TUR","2015","Morganella spp.","Ceftaroline","J01D","13","8","61.54"
"TUR","2016","Morganella spp.","Ceftaroline","J01D","12","9","75"
"TUR","2017","Morganella spp.","Ceftaroline","J01D","10","4","40"
"TUR","2018","Morganella spp.","Ceftaroline","J01D","7","6","85.71"
"UKR","2018","Morganella spp.","Ceftaroline","J01D","9","2","22.22"
"GBR","2012","Morganella spp.","Ceftaroline","J01D","5","2","40"
"GBR","2013","Morganella spp.","Ceftaroline","J01D","6","1","16.67"
"GBR","2014","Morganella spp.","Ceftaroline","J01D","5","0","0"
"GBR","2015","Morganella spp.","Ceftaroline","J01D","8","2","25"
"GBR","2016","Morganella spp.","Ceftaroline","J01D","9","1","11.11"
"GBR","2017","Morganella spp.","Ceftaroline","J01D","9","1","11.11"
"GBR","2018","Morganella spp.","Ceftaroline","J01D","16","2","12.5"
"USA","2012","Morganella spp.","Ceftaroline","J01D","38","15","39.47"
"USA","2013","Morganella spp.","Ceftaroline","J01D","28","8","28.57"
"USA","2014","Morganella spp.","Ceftaroline","J01D","40","11","27.5"
"USA","2015","Morganella spp.","Ceftaroline","J01D","27","10","37.04"
"USA","2016","Morganella spp.","Ceftaroline","J01D","38","10","26.32"
"USA","2018","Morganella spp.","Ceftaroline","J01D","71","19","26.76"
"VEN","2012","Morganella spp.","Ceftaroline","J01D","6","1","16.67"
"VEN","2013","Morganella spp.","Ceftaroline","J01D","7","3","42.86"
"VEN","2014","Morganella spp.","Ceftaroline","J01D","14","4","28.57"
"VEN","2015","Morganella spp.","Ceftaroline","J01D","12","5","41.67"
"VEN","2016","Morganella spp.","Ceftaroline","J01D","10","2","20"
"VEN","2017","Morganella spp.","Ceftaroline","J01D","12","2","16.67"
"VEN","2018","Morganella spp.","Ceftaroline","J01D","15","7","46.67"
"ARG","2012","Morganella spp.","Ceftazidime","J01D","8","3","37.5"
"ARG","2013","Morganella spp.","Ceftazidime","J01D","8","2","25"
"ARG","2014","Morganella spp.","Ceftazidime","J01D","9","1","11.11"
"ARG","2015","Morganella spp.","Ceftazidime","J01D","9","1","11.11"
"ARG","2016","Morganella spp.","Ceftazidime","J01D","10","3","30"
"ARG","2017","Morganella spp.","Ceftazidime","J01D","9","1","11.11"
"ARG","2018","Morganella spp.","Ceftazidime","J01D","8","1","12.5"
"AUS","2012","Morganella spp.","Ceftazidime","J01D","8","0","0"
"AUS","2013","Morganella spp.","Ceftazidime","J01D","12","1","8.33"
"AUS","2014","Morganella spp.","Ceftazidime","J01D","8","1","12.5"
"AUS","2015","Morganella spp.","Ceftazidime","J01D","9","1","11.11"
"AUS","2016","Morganella spp.","Ceftazidime","J01D","10","1","10"
"AUS","2017","Morganella spp.","Ceftazidime","J01D","10","0","0"
"AUS","2018","Morganella spp.","Ceftazidime","J01D","13","1","7.69"
"AUT","2012","Morganella spp.","Ceftazidime","J01D","7","1","14.29"
"AUT","2013","Morganella spp.","Ceftazidime","J01D","10","1","10"
"AUT","2014","Morganella spp.","Ceftazidime","J01D","10","2","20"
"AUT","2015","Morganella spp.","Ceftazidime","J01D","2","0","0"
"AUT","2016","Morganella spp.","Ceftazidime","J01D","9","1","11.11"
"BEL","2012","Morganella spp.","Ceftazidime","J01D","6","0","0"
"BEL","2013","Morganella spp.","Ceftazidime","J01D","13","2","15.38"
"BEL","2014","Morganella spp.","Ceftazidime","J01D","12","1","8.33"
"BEL","2015","Morganella spp.","Ceftazidime","J01D","12","1","8.33"
"BEL","2016","Morganella spp.","Ceftazidime","J01D","13","1","7.69"
"BEL","2017","Morganella spp.","Ceftazidime","J01D","13","2","15.38"
"BEL","2018","Morganella spp.","Ceftazidime","J01D","19","3","15.79"
"BRA","2013","Morganella spp.","Ceftazidime","J01D","10","0","0"
"BRA","2014","Morganella spp.","Ceftazidime","J01D","9","1","11.11"
"BRA","2015","Morganella spp.","Ceftazidime","J01D","7","0","0"
"BRA","2016","Morganella spp.","Ceftazidime","J01D","8","1","12.5"
"BRA","2017","Morganella spp.","Ceftazidime","J01D","19","1","5.26"
"BRA","2018","Morganella spp.","Ceftazidime","J01D","19","1","5.26"
"CAN","2018","Morganella spp.","Ceftazidime","J01D","26","4","15.38"
"CHL","2012","Morganella spp.","Ceftazidime","J01D","10","1","10"
"CHL","2013","Morganella spp.","Ceftazidime","J01D","8","1","12.5"
"CHL","2014","Morganella spp.","Ceftazidime","J01D","11","3","27.27"
"CHL","2015","Morganella spp.","Ceftazidime","J01D","11","5","45.45"
"CHL","2016","Morganella spp.","Ceftazidime","J01D","7","1","14.29"
"CHL","2017","Morganella spp.","Ceftazidime","J01D","7","3","42.86"
"CHL","2018","Morganella spp.","Ceftazidime","J01D","12","0","0"
"CHN","2012","Morganella spp.","Ceftazidime","J01D","14","2","14.29"
"CHN","2013","Morganella spp.","Ceftazidime","J01D","19","2","10.53"
"CHN","2014","Morganella spp.","Ceftazidime","J01D","15","3","20"
"CHN","2015","Morganella spp.","Ceftazidime","J01D","13","2","15.38"
"CHN","2016","Morganella spp.","Ceftazidime","J01D","19","2","10.53"
"CHN","2017","Morganella spp.","Ceftazidime","J01D","15","2","13.33"
"CHN","2018","Morganella spp.","Ceftazidime","J01D","50","10","20"
"COL","2012","Morganella spp.","Ceftazidime","J01D","9","1","11.11"
"COL","2013","Morganella spp.","Ceftazidime","J01D","7","0","0"
"COL","2014","Morganella spp.","Ceftazidime","J01D","4","0","0"
"COL","2015","Morganella spp.","Ceftazidime","J01D","9","1","11.11"
"COL","2016","Morganella spp.","Ceftazidime","J01D","10","1","10"
"COL","2017","Morganella spp.","Ceftazidime","J01D","9","0","0"
"COL","2018","Morganella spp.","Ceftazidime","J01D","16","0","0"
"CRI","2018","Morganella spp.","Ceftazidime","J01D","2","1","50"
"HRV","2018","Morganella spp.","Ceftazidime","J01D","9","0","0"
"CZE","2012","Morganella spp.","Ceftazidime","J01D","13","1","7.69"
"CZE","2013","Morganella spp.","Ceftazidime","J01D","13","2","15.38"
"CZE","2014","Morganella spp.","Ceftazidime","J01D","10","0","0"
"CZE","2015","Morganella spp.","Ceftazidime","J01D","8","1","12.5"
"CZE","2016","Morganella spp.","Ceftazidime","J01D","11","1","9.09"
"CZE","2017","Morganella spp.","Ceftazidime","J01D","14","3","21.43"
"CZE","2018","Morganella spp.","Ceftazidime","J01D","14","2","14.29"
"DNK","2012","Morganella spp.","Ceftazidime","J01D","2","0","0"
"DNK","2013","Morganella spp.","Ceftazidime","J01D","5","0","0"
"DNK","2014","Morganella spp.","Ceftazidime","J01D","8","0","0"
"DNK","2015","Morganella spp.","Ceftazidime","J01D","9","1","11.11"
"DNK","2016","Morganella spp.","Ceftazidime","J01D","3","0","0"
"DNK","2017","Morganella spp.","Ceftazidime","J01D","3","0","0"
"DNK","2018","Morganella spp.","Ceftazidime","J01D","3","0","0"
"DOM","2018","Morganella spp.","Ceftazidime","J01D","3","1","33.33"
"FIN","2018","Morganella spp.","Ceftazidime","J01D","1","0","0"
"FRA","2012","Morganella spp.","Ceftazidime","J01D","6","1","16.67"
"FRA","2013","Morganella spp.","Ceftazidime","J01D","12","2","16.67"
"FRA","2014","Morganella spp.","Ceftazidime","J01D","15","1","6.67"
"FRA","2015","Morganella spp.","Ceftazidime","J01D","13","0","0"
"FRA","2016","Morganella spp.","Ceftazidime","J01D","19","3","15.79"
"FRA","2017","Morganella spp.","Ceftazidime","J01D","14","1","7.14"
"FRA","2018","Morganella spp.","Ceftazidime","J01D","29","4","13.79"
"DEU","2012","Morganella spp.","Ceftazidime","J01D","7","0","0"
"DEU","2013","Morganella spp.","Ceftazidime","J01D","16","2","12.5"
"DEU","2014","Morganella spp.","Ceftazidime","J01D","15","2","13.33"
"DEU","2015","Morganella spp.","Ceftazidime","J01D","16","1","6.25"
"DEU","2016","Morganella spp.","Ceftazidime","J01D","14","1","7.14"
"DEU","2017","Morganella spp.","Ceftazidime","J01D","13","0","0"
"DEU","2018","Morganella spp.","Ceftazidime","J01D","30","2","6.67"
"GRC","2012","Morganella spp.","Ceftazidime","J01D","6","0","0"
"GRC","2013","Morganella spp.","Ceftazidime","J01D","12","1","8.33"
"GRC","2014","Morganella spp.","Ceftazidime","J01D","13","0","0"
"GRC","2015","Morganella spp.","Ceftazidime","J01D","7","2","28.57"
"GRC","2016","Morganella spp.","Ceftazidime","J01D","21","2","9.52"
"GRC","2017","Morganella spp.","Ceftazidime","J01D","15","1","6.67"
"GRC","2018","Morganella spp.","Ceftazidime","J01D","10","3","30"
"GTM","2018","Morganella spp.","Ceftazidime","J01D","8","0","0"
"HKG","2013","Morganella spp.","Ceftazidime","J01D","2","1","50"
"HKG","2014","Morganella spp.","Ceftazidime","J01D","2","0","0"
"HKG","2018","Morganella spp.","Ceftazidime","J01D","3","0","0"
"HUN","2012","Morganella spp.","Ceftazidime","J01D","7","0","0"
"HUN","2013","Morganella spp.","Ceftazidime","J01D","12","2","16.67"
"HUN","2014","Morganella spp.","Ceftazidime","J01D","9","0","0"
"HUN","2015","Morganella spp.","Ceftazidime","J01D","8","0","0"
"HUN","2016","Morganella spp.","Ceftazidime","J01D","12","2","16.67"
"HUN","2017","Morganella spp.","Ceftazidime","J01D","12","0","0"
"HUN","2018","Morganella spp.","Ceftazidime","J01D","12","0","0"
"IND","2018","Morganella spp.","Ceftazidime","J01D","14","3","21.43"
"IRL","2013","Morganella spp.","Ceftazidime","J01D","3","1","33.33"
"IRL","2018","Morganella spp.","Ceftazidime","J01D","8","3","37.5"
"ISR","2012","Morganella spp.","Ceftazidime","J01D","9","0","0"
"ISR","2013","Morganella spp.","Ceftazidime","J01D","14","3","21.43"
"ISR","2014","Morganella spp.","Ceftazidime","J01D","10","0","0"
"ISR","2015","Morganella spp.","Ceftazidime","J01D","11","4","36.36"
"ISR","2016","Morganella spp.","Ceftazidime","J01D","10","1","10"
"ISR","2017","Morganella spp.","Ceftazidime","J01D","15","0","0"
"ISR","2018","Morganella spp.","Ceftazidime","J01D","12","0","0"
"ITA","2012","Morganella spp.","Ceftazidime","J01D","9","1","11.11"
"ITA","2013","Morganella spp.","Ceftazidime","J01D","13","2","15.38"
"ITA","2014","Morganella spp.","Ceftazidime","J01D","14","1","7.14"
"ITA","2015","Morganella spp.","Ceftazidime","J01D","10","1","10"
"ITA","2016","Morganella spp.","Ceftazidime","J01D","13","2","15.38"
"ITA","2017","Morganella spp.","Ceftazidime","J01D","11","2","18.18"
"ITA","2018","Morganella spp.","Ceftazidime","J01D","31","3","9.68"
"JPN","2012","Morganella spp.","Ceftazidime","J01D","6","0","0"
"JPN","2013","Morganella spp.","Ceftazidime","J01D","8","0","0"
"JPN","2014","Morganella spp.","Ceftazidime","J01D","5","0","0"
"JPN","2015","Morganella spp.","Ceftazidime","J01D","3","0","0"
"JPN","2016","Morganella spp.","Ceftazidime","J01D","5","2","40"
"JPN","2017","Morganella spp.","Ceftazidime","J01D","7","1","14.29"
"JPN","2018","Morganella spp.","Ceftazidime","J01D","13","1","7.69"
"JOR","2018","Morganella spp.","Ceftazidime","J01D","3","0","0"
"KEN","2013","Morganella spp.","Ceftazidime","J01D","4","0","0"
"KEN","2014","Morganella spp.","Ceftazidime","J01D","6","2","33.33"
"KOR","2012","Morganella spp.","Ceftazidime","J01D","8","2","25"
"KOR","2013","Morganella spp.","Ceftazidime","J01D","5","0","0"
"KOR","2014","Morganella spp.","Ceftazidime","J01D","6","0","0"
"KOR","2015","Morganella spp.","Ceftazidime","J01D","8","1","12.5"
"KOR","2016","Morganella spp.","Ceftazidime","J01D","7","3","42.86"
"KOR","2017","Morganella spp.","Ceftazidime","J01D","6","2","33.33"
"KOR","2018","Morganella spp.","Ceftazidime","J01D","9","2","22.22"
"KWT","2012","Morganella spp.","Ceftazidime","J01D","3","0","0"
"KWT","2013","Morganella spp.","Ceftazidime","J01D","10","3","30"
"KWT","2014","Morganella spp.","Ceftazidime","J01D","10","1","10"
"KWT","2015","Morganella spp.","Ceftazidime","J01D","9","1","11.11"
"KWT","2016","Morganella spp.","Ceftazidime","J01D","10","0","0"
"KWT","2017","Morganella spp.","Ceftazidime","J01D","10","2","20"
"KWT","2018","Morganella spp.","Ceftazidime","J01D","8","0","0"
"LVA","2018","Morganella spp.","Ceftazidime","J01D","2","0","0"
"LTU","2018","Morganella spp.","Ceftazidime","J01D","6","2","33.33"
"MYS","2013","Morganella spp.","Ceftazidime","J01D","6","0","0"
"MYS","2014","Morganella spp.","Ceftazidime","J01D","5","0","0"
"MYS","2015","Morganella spp.","Ceftazidime","J01D","4","0","0"
"MYS","2018","Morganella spp.","Ceftazidime","J01D","5","0","0"
"MEX","2012","Morganella spp.","Ceftazidime","J01D","7","0","0"
"MEX","2013","Morganella spp.","Ceftazidime","J01D","10","0","0"
"MEX","2014","Morganella spp.","Ceftazidime","J01D","12","0","0"
"MEX","2015","Morganella spp.","Ceftazidime","J01D","16","2","12.5"
"MEX","2016","Morganella spp.","Ceftazidime","J01D","21","2","9.52"
"MEX","2017","Morganella spp.","Ceftazidime","J01D","12","1","8.33"
"MEX","2018","Morganella spp.","Ceftazidime","J01D","13","3","23.08"
"MAR","2018","Morganella spp.","Ceftazidime","J01D","11","6","54.55"
"NLD","2012","Morganella spp.","Ceftazidime","J01D","8","0","0"
"NLD","2013","Morganella spp.","Ceftazidime","J01D","12","0","0"
"NLD","2014","Morganella spp.","Ceftazidime","J01D","8","0","0"
"NLD","2015","Morganella spp.","Ceftazidime","J01D","11","2","18.18"
"NLD","2016","Morganella spp.","Ceftazidime","J01D","10","1","10"
"NLD","2017","Morganella spp.","Ceftazidime","J01D","17","2","11.76"
"NLD","2018","Morganella spp.","Ceftazidime","J01D","6","0","0"
"NGA","2013","Morganella spp.","Ceftazidime","J01D","2","0","0"
"NGA","2014","Morganella spp.","Ceftazidime","J01D","3","1","33.33"
"NGA","2018","Morganella spp.","Ceftazidime","J01D","5","0","0"
"PAN","2018","Morganella spp.","Ceftazidime","J01D","1","0","0"
"PHL","2012","Morganella spp.","Ceftazidime","J01D","7","1","14.29"
"PHL","2013","Morganella spp.","Ceftazidime","J01D","11","2","18.18"
"PHL","2014","Morganella spp.","Ceftazidime","J01D","9","0","0"
"PHL","2015","Morganella spp.","Ceftazidime","J01D","8","0","0"
"PHL","2016","Morganella spp.","Ceftazidime","J01D","15","0","0"
"PHL","2017","Morganella spp.","Ceftazidime","J01D","12","0","0"
"PHL","2018","Morganella spp.","Ceftazidime","J01D","6","0","0"
"POL","2013","Morganella spp.","Ceftazidime","J01D","9","1","11.11"
"POL","2014","Morganella spp.","Ceftazidime","J01D","7","0","0"
"POL","2015","Morganella spp.","Ceftazidime","J01D","5","0","0"
"POL","2016","Morganella spp.","Ceftazidime","J01D","6","1","16.67"
"POL","2017","Morganella spp.","Ceftazidime","J01D","11","1","9.09"
"POL","2018","Morganella spp.","Ceftazidime","J01D","10","3","30"
"PRT","2012","Morganella spp.","Ceftazidime","J01D","12","1","8.33"
"PRT","2013","Morganella spp.","Ceftazidime","J01D","20","3","15"
"PRT","2014","Morganella spp.","Ceftazidime","J01D","21","0","0"
"PRT","2015","Morganella spp.","Ceftazidime","J01D","19","3","15.79"
"PRT","2016","Morganella spp.","Ceftazidime","J01D","17","2","11.76"
"PRT","2017","Morganella spp.","Ceftazidime","J01D","16","1","6.25"
"PRT","2018","Morganella spp.","Ceftazidime","J01D","11","1","9.09"
"ROU","2012","Morganella spp.","Ceftazidime","J01D","4","0","0"
"ROU","2013","Morganella spp.","Ceftazidime","J01D","8","1","12.5"
"ROU","2014","Morganella spp.","Ceftazidime","J01D","3","0","0"
"ROU","2015","Morganella spp.","Ceftazidime","J01D","3","1","33.33"
"ROU","2016","Morganella spp.","Ceftazidime","J01D","3","0","0"
"ROU","2018","Morganella spp.","Ceftazidime","J01D","13","2","15.38"
"RUS","2012","Morganella spp.","Ceftazidime","J01D","12","3","25"
"RUS","2013","Morganella spp.","Ceftazidime","J01D","15","3","20"
"RUS","2014","Morganella spp.","Ceftazidime","J01D","11","1","9.09"
"RUS","2015","Morganella spp.","Ceftazidime","J01D","11","1","9.09"
"RUS","2016","Morganella spp.","Ceftazidime","J01D","11","1","9.09"
"RUS","2017","Morganella spp.","Ceftazidime","J01D","11","0","0"
"RUS","2018","Morganella spp.","Ceftazidime","J01D","15","1","6.67"
"SAU","2018","Morganella spp.","Ceftazidime","J01D","3","0","0"
"SGP","2018","Morganella spp.","Ceftazidime","J01D","3","0","0"
"ZAF","2012","Morganella spp.","Ceftazidime","J01D","8","1","12.5"
"ZAF","2013","Morganella spp.","Ceftazidime","J01D","9","0","0"
"ZAF","2014","Morganella spp.","Ceftazidime","J01D","7","0","0"
"ZAF","2015","Morganella spp.","Ceftazidime","J01D","5","1","20"
"ZAF","2016","Morganella spp.","Ceftazidime","J01D","9","1","11.11"
"ZAF","2017","Morganella spp.","Ceftazidime","J01D","12","0","0"
"ZAF","2018","Morganella spp.","Ceftazidime","J01D","13","0","0"
"ESP","2012","Morganella spp.","Ceftazidime","J01D","11","2","18.18"
"ESP","2013","Morganella spp.","Ceftazidime","J01D","17","1","5.88"
"ESP","2014","Morganella spp.","Ceftazidime","J01D","14","2","14.29"
"ESP","2015","Morganella spp.","Ceftazidime","J01D","15","1","6.67"
"ESP","2016","Morganella spp.","Ceftazidime","J01D","14","1","7.14"
"ESP","2017","Morganella spp.","Ceftazidime","J01D","17","4","23.53"
"ESP","2018","Morganella spp.","Ceftazidime","J01D","31","4","12.9"
"SWE","2012","Morganella spp.","Ceftazidime","J01D","5","0","0"
"SWE","2013","Morganella spp.","Ceftazidime","J01D","13","0","0"
"SWE","2014","Morganella spp.","Ceftazidime","J01D","4","0","0"
"SWE","2017","Morganella spp.","Ceftazidime","J01D","3","0","0"
"SWE","2018","Morganella spp.","Ceftazidime","J01D","1","0","0"
"CHE","2018","Morganella spp.","Ceftazidime","J01D","6","1","16.67"
"TWN","2012","Morganella spp.","Ceftazidime","J01D","11","1","9.09"
"TWN","2013","Morganella spp.","Ceftazidime","J01D","9","0","0"
"TWN","2014","Morganella spp.","Ceftazidime","J01D","10","2","20"
"TWN","2015","Morganella spp.","Ceftazidime","J01D","9","3","33.33"
"TWN","2016","Morganella spp.","Ceftazidime","J01D","10","0","0"
"TWN","2017","Morganella spp.","Ceftazidime","J01D","9","1","11.11"
"TWN","2018","Morganella spp.","Ceftazidime","J01D","12","3","25"
"THA","2012","Morganella spp.","Ceftazidime","J01D","9","1","11.11"
"THA","2013","Morganella spp.","Ceftazidime","J01D","9","0","0"
"THA","2014","Morganella spp.","Ceftazidime","J01D","12","1","8.33"
"THA","2015","Morganella spp.","Ceftazidime","J01D","11","0","0"
"THA","2016","Morganella spp.","Ceftazidime","J01D","9","1","11.11"
"THA","2017","Morganella spp.","Ceftazidime","J01D","12","2","16.67"
"THA","2018","Morganella spp.","Ceftazidime","J01D","9","1","11.11"
"TUR","2012","Morganella spp.","Ceftazidime","J01D","8","3","37.5"
"TUR","2013","Morganella spp.","Ceftazidime","J01D","11","0","0"
"TUR","2014","Morganella spp.","Ceftazidime","J01D","7","0","0"
"TUR","2015","Morganella spp.","Ceftazidime","J01D","13","7","53.85"
"TUR","2016","Morganella spp.","Ceftazidime","J01D","12","6","50"
"TUR","2017","Morganella spp.","Ceftazidime","J01D","10","3","30"
"TUR","2018","Morganella spp.","Ceftazidime","J01D","7","3","42.86"
"UKR","2018","Morganella spp.","Ceftazidime","J01D","9","2","22.22"
"GBR","2012","Morganella spp.","Ceftazidime","J01D","5","0","0"
"GBR","2013","Morganella spp.","Ceftazidime","J01D","6","1","16.67"
"GBR","2014","Morganella spp.","Ceftazidime","J01D","5","0","0"
"GBR","2015","Morganella spp.","Ceftazidime","J01D","8","1","12.5"
"GBR","2016","Morganella spp.","Ceftazidime","J01D","9","1","11.11"
"GBR","2017","Morganella spp.","Ceftazidime","J01D","9","0","0"
"GBR","2018","Morganella spp.","Ceftazidime","J01D","16","2","12.5"
"USA","2012","Morganella spp.","Ceftazidime","J01D","38","3","7.89"
"USA","2013","Morganella spp.","Ceftazidime","J01D","28","2","7.14"
"USA","2014","Morganella spp.","Ceftazidime","J01D","40","5","12.5"
"USA","2015","Morganella spp.","Ceftazidime","J01D","27","4","14.81"
"USA","2016","Morganella spp.","Ceftazidime","J01D","38","5","13.16"
"USA","2018","Morganella spp.","Ceftazidime","J01D","71","5","7.04"
"VEN","2012","Morganella spp.","Ceftazidime","J01D","6","1","16.67"
"VEN","2013","Morganella spp.","Ceftazidime","J01D","7","0","0"
"VEN","2014","Morganella spp.","Ceftazidime","J01D","14","1","7.14"
"VEN","2015","Morganella spp.","Ceftazidime","J01D","12","3","25"
"VEN","2016","Morganella spp.","Ceftazidime","J01D","10","2","20"
"VEN","2017","Morganella spp.","Ceftazidime","J01D","12","0","0"
"VEN","2018","Morganella spp.","Ceftazidime","J01D","15","1","6.67"
"ARG","2012","Morganella spp.","Ceftazidime avibactam","J01D","8","0","0"
"ARG","2013","Morganella spp.","Ceftazidime avibactam","J01D","8","0","0"
"ARG","2014","Morganella spp.","Ceftazidime avibactam","J01D","9","0","0"
"ARG","2015","Morganella spp.","Ceftazidime avibactam","J01D","9","0","0"
"ARG","2016","Morganella spp.","Ceftazidime avibactam","J01D","10","0","0"
"ARG","2017","Morganella spp.","Ceftazidime avibactam","J01D","9","0","0"
"ARG","2018","Morganella spp.","Ceftazidime avibactam","J01D","8","0","0"
"AUS","2012","Morganella spp.","Ceftazidime avibactam","J01D","8","0","0"
"AUS","2013","Morganella spp.","Ceftazidime avibactam","J01D","12","0","0"
"AUS","2014","Morganella spp.","Ceftazidime avibactam","J01D","8","0","0"
"AUS","2015","Morganella spp.","Ceftazidime avibactam","J01D","9","1","11.11"
"AUS","2016","Morganella spp.","Ceftazidime avibactam","J01D","10","0","0"
"AUS","2017","Morganella spp.","Ceftazidime avibactam","J01D","10","0","0"
"AUS","2018","Morganella spp.","Ceftazidime avibactam","J01D","13","0","0"
"AUT","2012","Morganella spp.","Ceftazidime avibactam","J01D","7","0","0"
"AUT","2013","Morganella spp.","Ceftazidime avibactam","J01D","10","0","0"
"AUT","2014","Morganella spp.","Ceftazidime avibactam","J01D","10","0","0"
"AUT","2015","Morganella spp.","Ceftazidime avibactam","J01D","2","0","0"
"AUT","2016","Morganella spp.","Ceftazidime avibactam","J01D","9","0","0"
"BEL","2012","Morganella spp.","Ceftazidime avibactam","J01D","6","0","0"
"BEL","2013","Morganella spp.","Ceftazidime avibactam","J01D","13","0","0"
"BEL","2014","Morganella spp.","Ceftazidime avibactam","J01D","12","0","0"
"BEL","2015","Morganella spp.","Ceftazidime avibactam","J01D","12","0","0"
"BEL","2016","Morganella spp.","Ceftazidime avibactam","J01D","13","0","0"
"BEL","2017","Morganella spp.","Ceftazidime avibactam","J01D","13","0","0"
"BEL","2018","Morganella spp.","Ceftazidime avibactam","J01D","19","0","0"
"BRA","2013","Morganella spp.","Ceftazidime avibactam","J01D","10","0","0"
"BRA","2014","Morganella spp.","Ceftazidime avibactam","J01D","9","0","0"
"BRA","2015","Morganella spp.","Ceftazidime avibactam","J01D","7","0","0"
"BRA","2016","Morganella spp.","Ceftazidime avibactam","J01D","8","0","0"
"BRA","2017","Morganella spp.","Ceftazidime avibactam","J01D","19","0","0"
"BRA","2018","Morganella spp.","Ceftazidime avibactam","J01D","19","0","0"
"CAN","2018","Morganella spp.","Ceftazidime avibactam","J01D","26","0","0"
"CHL","2012","Morganella spp.","Ceftazidime avibactam","J01D","10","0","0"
"CHL","2013","Morganella spp.","Ceftazidime avibactam","J01D","8","0","0"
"CHL","2014","Morganella spp.","Ceftazidime avibactam","J01D","11","0","0"
"CHL","2015","Morganella spp.","Ceftazidime avibactam","J01D","11","0","0"
"CHL","2016","Morganella spp.","Ceftazidime avibactam","J01D","7","0","0"
"CHL","2017","Morganella spp.","Ceftazidime avibactam","J01D","7","0","0"
"CHL","2018","Morganella spp.","Ceftazidime avibactam","J01D","12","0","0"
"CHN","2012","Morganella spp.","Ceftazidime avibactam","J01D","14","0","0"
"CHN","2013","Morganella spp.","Ceftazidime avibactam","J01D","19","0","0"
"CHN","2014","Morganella spp.","Ceftazidime avibactam","J01D","15","1","6.67"
"CHN","2015","Morganella spp.","Ceftazidime avibactam","J01D","13","0","0"
"CHN","2016","Morganella spp.","Ceftazidime avibactam","J01D","19","0","0"
"CHN","2017","Morganella spp.","Ceftazidime avibactam","J01D","15","0","0"
"CHN","2018","Morganella spp.","Ceftazidime avibactam","J01D","50","2","4"
"COL","2012","Morganella spp.","Ceftazidime avibactam","J01D","9","0","0"
"COL","2013","Morganella spp.","Ceftazidime avibactam","J01D","7","0","0"
"COL","2014","Morganella spp.","Ceftazidime avibactam","J01D","4","0","0"
"COL","2015","Morganella spp.","Ceftazidime avibactam","J01D","9","0","0"
"COL","2016","Morganella spp.","Ceftazidime avibactam","J01D","10","0","0"
"COL","2017","Morganella spp.","Ceftazidime avibactam","J01D","9","0","0"
"COL","2018","Morganella spp.","Ceftazidime avibactam","J01D","16","0","0"
"CRI","2018","Morganella spp.","Ceftazidime avibactam","J01D","2","0","0"
"HRV","2018","Morganella spp.","Ceftazidime avibactam","J01D","9","0","0"
"CZE","2012","Morganella spp.","Ceftazidime avibactam","J01D","13","0","0"
"CZE","2013","Morganella spp.","Ceftazidime avibactam","J01D","13","0","0"
"CZE","2014","Morganella spp.","Ceftazidime avibactam","J01D","10","0","0"
"CZE","2015","Morganella spp.","Ceftazidime avibactam","J01D","8","0","0"
"CZE","2016","Morganella spp.","Ceftazidime avibactam","J01D","11","0","0"
"CZE","2017","Morganella spp.","Ceftazidime avibactam","J01D","14","0","0"
"CZE","2018","Morganella spp.","Ceftazidime avibactam","J01D","14","0","0"
"DNK","2012","Morganella spp.","Ceftazidime avibactam","J01D","2","0","0"
"DNK","2013","Morganella spp.","Ceftazidime avibactam","J01D","5","0","0"
"DNK","2014","Morganella spp.","Ceftazidime avibactam","J01D","8","0","0"
"DNK","2015","Morganella spp.","Ceftazidime avibactam","J01D","9","0","0"
"DNK","2016","Morganella spp.","Ceftazidime avibactam","J01D","3","0","0"
"DNK","2017","Morganella spp.","Ceftazidime avibactam","J01D","3","0","0"
"DNK","2018","Morganella spp.","Ceftazidime avibactam","J01D","3","0","0"
"DOM","2018","Morganella spp.","Ceftazidime avibactam","J01D","3","0","0"
"FIN","2018","Morganella spp.","Ceftazidime avibactam","J01D","1","0","0"
"FRA","2012","Morganella spp.","Ceftazidime avibactam","J01D","6","0","0"
"FRA","2013","Morganella spp.","Ceftazidime avibactam","J01D","12","0","0"
"FRA","2014","Morganella spp.","Ceftazidime avibactam","J01D","15","0","0"
"FRA","2015","Morganella spp.","Ceftazidime avibactam","J01D","13","0","0"
"FRA","2016","Morganella spp.","Ceftazidime avibactam","J01D","19","0","0"
"FRA","2017","Morganella spp.","Ceftazidime avibactam","J01D","14","0","0"
"FRA","2018","Morganella spp.","Ceftazidime avibactam","J01D","29","0","0"
"DEU","2012","Morganella spp.","Ceftazidime avibactam","J01D","7","0","0"
"DEU","2013","Morganella spp.","Ceftazidime avibactam","J01D","16","0","0"
"DEU","2014","Morganella spp.","Ceftazidime avibactam","J01D","15","0","0"
"DEU","2015","Morganella spp.","Ceftazidime avibactam","J01D","16","0","0"
"DEU","2016","Morganella spp.","Ceftazidime avibactam","J01D","14","0","0"
"DEU","2017","Morganella spp.","Ceftazidime avibactam","J01D","13","0","0"
"DEU","2018","Morganella spp.","Ceftazidime avibactam","J01D","30","0","0"
"GRC","2012","Morganella spp.","Ceftazidime avibactam","J01D","6","0","0"
"GRC","2013","Morganella spp.","Ceftazidime avibactam","J01D","12","0","0"
"GRC","2014","Morganella spp.","Ceftazidime avibactam","J01D","13","0","0"
"GRC","2015","Morganella spp.","Ceftazidime avibactam","J01D","7","0","0"
"GRC","2016","Morganella spp.","Ceftazidime avibactam","J01D","21","0","0"
"GRC","2017","Morganella spp.","Ceftazidime avibactam","J01D","15","0","0"
"GRC","2018","Morganella spp.","Ceftazidime avibactam","J01D","10","0","0"
"GTM","2018","Morganella spp.","Ceftazidime avibactam","J01D","8","0","0"
"HKG","2013","Morganella spp.","Ceftazidime avibactam","J01D","2","0","0"
"HKG","2014","Morganella spp.","Ceftazidime avibactam","J01D","2","0","0"
"HKG","2018","Morganella spp.","Ceftazidime avibactam","J01D","3","0","0"
"HUN","2012","Morganella spp.","Ceftazidime avibactam","J01D","7","0","0"
"HUN","2013","Morganella spp.","Ceftazidime avibactam","J01D","12","0","0"
"HUN","2014","Morganella spp.","Ceftazidime avibactam","J01D","9","0","0"
"HUN","2015","Morganella spp.","Ceftazidime avibactam","J01D","8","0","0"
"HUN","2016","Morganella spp.","Ceftazidime avibactam","J01D","12","0","0"
"HUN","2017","Morganella spp.","Ceftazidime avibactam","J01D","12","0","0"
"HUN","2018","Morganella spp.","Ceftazidime avibactam","J01D","12","0","0"
"IND","2018","Morganella spp.","Ceftazidime avibactam","J01D","14","2","14.29"
"IRL","2013","Morganella spp.","Ceftazidime avibactam","J01D","3","0","0"
"IRL","2018","Morganella spp.","Ceftazidime avibactam","J01D","8","0","0"
"ISR","2012","Morganella spp.","Ceftazidime avibactam","J01D","9","0","0"
"ISR","2013","Morganella spp.","Ceftazidime avibactam","J01D","14","0","0"
"ISR","2014","Morganella spp.","Ceftazidime avibactam","J01D","10","0","0"
"ISR","2015","Morganella spp.","Ceftazidime avibactam","J01D","11","0","0"
"ISR","2016","Morganella spp.","Ceftazidime avibactam","J01D","10","0","0"
"ISR","2017","Morganella spp.","Ceftazidime avibactam","J01D","15","0","0"
"ISR","2018","Morganella spp.","Ceftazidime avibactam","J01D","12","0","0"
"ITA","2012","Morganella spp.","Ceftazidime avibactam","J01D","9","0","0"
"ITA","2013","Morganella spp.","Ceftazidime avibactam","J01D","13","0","0"
"ITA","2014","Morganella spp.","Ceftazidime avibactam","J01D","14","0","0"
"ITA","2015","Morganella spp.","Ceftazidime avibactam","J01D","10","0","0"
"ITA","2016","Morganella spp.","Ceftazidime avibactam","J01D","13","0","0"
"ITA","2017","Morganella spp.","Ceftazidime avibactam","J01D","11","0","0"
"ITA","2018","Morganella spp.","Ceftazidime avibactam","J01D","31","0","0"
"JPN","2012","Morganella spp.","Ceftazidime avibactam","J01D","6","0","0"
"JPN","2013","Morganella spp.","Ceftazidime avibactam","J01D","8","0","0"
"JPN","2014","Morganella spp.","Ceftazidime avibactam","J01D","5","0","0"
"JPN","2015","Morganella spp.","Ceftazidime avibactam","J01D","3","0","0"
"JPN","2016","Morganella spp.","Ceftazidime avibactam","J01D","5","0","0"
"JPN","2017","Morganella spp.","Ceftazidime avibactam","J01D","7","0","0"
"JPN","2018","Morganella spp.","Ceftazidime avibactam","J01D","13","0","0"
"JOR","2018","Morganella spp.","Ceftazidime avibactam","J01D","3","0","0"
"KEN","2013","Morganella spp.","Ceftazidime avibactam","J01D","4","0","0"
"KEN","2014","Morganella spp.","Ceftazidime avibactam","J01D","6","0","0"
"KOR","2012","Morganella spp.","Ceftazidime avibactam","J01D","8","0","0"
"KOR","2013","Morganella spp.","Ceftazidime avibactam","J01D","5","0","0"
"KOR","2014","Morganella spp.","Ceftazidime avibactam","J01D","6","0","0"
"KOR","2015","Morganella spp.","Ceftazidime avibactam","J01D","8","0","0"
"KOR","2016","Morganella spp.","Ceftazidime avibactam","J01D","7","0","0"
"KOR","2017","Morganella spp.","Ceftazidime avibactam","J01D","6","0","0"
"KOR","2018","Morganella spp.","Ceftazidime avibactam","J01D","9","0","0"
"KWT","2012","Morganella spp.","Ceftazidime avibactam","J01D","3","0","0"
"KWT","2013","Morganella spp.","Ceftazidime avibactam","J01D","10","0","0"
"KWT","2014","Morganella spp.","Ceftazidime avibactam","J01D","10","0","0"
"KWT","2015","Morganella spp.","Ceftazidime avibactam","J01D","9","0","0"
"KWT","2016","Morganella spp.","Ceftazidime avibactam","J01D","10","0","0"
"KWT","2017","Morganella spp.","Ceftazidime avibactam","J01D","10","0","0"
"KWT","2018","Morganella spp.","Ceftazidime avibactam","J01D","8","0","0"
"LVA","2018","Morganella spp.","Ceftazidime avibactam","J01D","2","0","0"
"LTU","2018","Morganella spp.","Ceftazidime avibactam","J01D","6","0","0"
"MYS","2013","Morganella spp.","Ceftazidime avibactam","J01D","6","0","0"
"MYS","2014","Morganella spp.","Ceftazidime avibactam","J01D","5","0","0"
"MYS","2015","Morganella spp.","Ceftazidime avibactam","J01D","4","0","0"
"MYS","2018","Morganella spp.","Ceftazidime avibactam","J01D","5","0","0"
"MEX","2012","Morganella spp.","Ceftazidime avibactam","J01D","7","0","0"
"MEX","2013","Morganella spp.","Ceftazidime avibactam","J01D","10","0","0"
"MEX","2014","Morganella spp.","Ceftazidime avibactam","J01D","12","0","0"
"MEX","2015","Morganella spp.","Ceftazidime avibactam","J01D","16","0","0"
"MEX","2016","Morganella spp.","Ceftazidime avibactam","J01D","21","0","0"
"MEX","2017","Morganella spp.","Ceftazidime avibactam","J01D","12","0","0"
"MEX","2018","Morganella spp.","Ceftazidime avibactam","J01D","13","1","7.69"
"MAR","2018","Morganella spp.","Ceftazidime avibactam","J01D","11","1","9.09"
"NLD","2012","Morganella spp.","Ceftazidime avibactam","J01D","8","0","0"
"NLD","2013","Morganella spp.","Ceftazidime avibactam","J01D","12","0","0"
"NLD","2014","Morganella spp.","Ceftazidime avibactam","J01D","8","0","0"
"NLD","2015","Morganella spp.","Ceftazidime avibactam","J01D","11","0","0"
"NLD","2016","Morganella spp.","Ceftazidime avibactam","J01D","10","0","0"
"NLD","2017","Morganella spp.","Ceftazidime avibactam","J01D","17","0","0"
"NLD","2018","Morganella spp.","Ceftazidime avibactam","J01D","6","0","0"
"NGA","2013","Morganella spp.","Ceftazidime avibactam","J01D","2","0","0"
"NGA","2014","Morganella spp.","Ceftazidime avibactam","J01D","3","0","0"
"NGA","2018","Morganella spp.","Ceftazidime avibactam","J01D","5","0","0"
"PAN","2018","Morganella spp.","Ceftazidime avibactam","J01D","1","0","0"
"PHL","2012","Morganella spp.","Ceftazidime avibactam","J01D","7","0","0"
"PHL","2013","Morganella spp.","Ceftazidime avibactam","J01D","11","0","0"
"PHL","2014","Morganella spp.","Ceftazidime avibactam","J01D","9","0","0"
"PHL","2015","Morganella spp.","Ceftazidime avibactam","J01D","8","0","0"
"PHL","2016","Morganella spp.","Ceftazidime avibactam","J01D","15","0","0"
"PHL","2017","Morganella spp.","Ceftazidime avibactam","J01D","12","0","0"
"PHL","2018","Morganella spp.","Ceftazidime avibactam","J01D","6","0","0"
"POL","2013","Morganella spp.","Ceftazidime avibactam","J01D","9","0","0"
"POL","2014","Morganella spp.","Ceftazidime avibactam","J01D","7","0","0"
"POL","2015","Morganella spp.","Ceftazidime avibactam","J01D","5","0","0"
"POL","2016","Morganella spp.","Ceftazidime avibactam","J01D","6","0","0"
"POL","2017","Morganella spp.","Ceftazidime avibactam","J01D","11","0","0"
"POL","2018","Morganella spp.","Ceftazidime avibactam","J01D","10","1","10"
"PRT","2012","Morganella spp.","Ceftazidime avibactam","J01D","12","0","0"
"PRT","2013","Morganella spp.","Ceftazidime avibactam","J01D","20","0","0"
"PRT","2014","Morganella spp.","Ceftazidime avibactam","J01D","21","0","0"
"PRT","2015","Morganella spp.","Ceftazidime avibactam","J01D","19","0","0"
"PRT","2016","Morganella spp.","Ceftazidime avibactam","J01D","17","0","0"
"PRT","2017","Morganella spp.","Ceftazidime avibactam","J01D","16","0","0"
"PRT","2018","Morganella spp.","Ceftazidime avibactam","J01D","11","0","0"
"ROU","2012","Morganella spp.","Ceftazidime avibactam","J01D","4","0","0"
"ROU","2013","Morganella spp.","Ceftazidime avibactam","J01D","8","1","12.5"
"ROU","2014","Morganella spp.","Ceftazidime avibactam","J01D","3","0","0"
"ROU","2015","Morganella spp.","Ceftazidime avibactam","J01D","3","0","0"
"ROU","2016","Morganella spp.","Ceftazidime avibactam","J01D","3","0","0"
"ROU","2018","Morganella spp.","Ceftazidime avibactam","J01D","13","1","7.69"
"RUS","2012","Morganella spp.","Ceftazidime avibactam","J01D","12","0","0"
"RUS","2013","Morganella spp.","Ceftazidime avibactam","J01D","15","0","0"
"RUS","2014","Morganella spp.","Ceftazidime avibactam","J01D","11","0","0"
"RUS","2015","Morganella spp.","Ceftazidime avibactam","J01D","11","0","0"
"RUS","2016","Morganella spp.","Ceftazidime avibactam","J01D","11","0","0"
"RUS","2017","Morganella spp.","Ceftazidime avibactam","J01D","11","0","0"
"RUS","2018","Morganella spp.","Ceftazidime avibactam","J01D","15","0","0"
"SAU","2018","Morganella spp.","Ceftazidime avibactam","J01D","3","0","0"
"SGP","2018","Morganella spp.","Ceftazidime avibactam","J01D","3","0","0"
"ZAF","2012","Morganella spp.","Ceftazidime avibactam","J01D","8","0","0"
"ZAF","2013","Morganella spp.","Ceftazidime avibactam","J01D","9","0","0"
"ZAF","2014","Morganella spp.","Ceftazidime avibactam","J01D","7","0","0"
"ZAF","2015","Morganella spp.","Ceftazidime avibactam","J01D","5","0","0"
"ZAF","2016","Morganella spp.","Ceftazidime avibactam","J01D","9","0","0"
"ZAF","2017","Morganella spp.","Ceftazidime avibactam","J01D","12","0","0"
"ZAF","2018","Morganella spp.","Ceftazidime avibactam","J01D","13","0","0"
"ESP","2012","Morganella spp.","Ceftazidime avibactam","J01D","11","0","0"
"ESP","2013","Morganella spp.","Ceftazidime avibactam","J01D","17","0","0"
"ESP","2014","Morganella spp.","Ceftazidime avibactam","J01D","14","0","0"
"ESP","2015","Morganella spp.","Ceftazidime avibactam","J01D","15","0","0"
"ESP","2016","Morganella spp.","Ceftazidime avibactam","J01D","14","0","0"
"ESP","2017","Morganella spp.","Ceftazidime avibactam","J01D","17","0","0"
"ESP","2018","Morganella spp.","Ceftazidime avibactam","J01D","31","0","0"
"SWE","2012","Morganella spp.","Ceftazidime avibactam","J01D","5","0","0"
"SWE","2013","Morganella spp.","Ceftazidime avibactam","J01D","13","0","0"
"SWE","2014","Morganella spp.","Ceftazidime avibactam","J01D","4","0","0"
"SWE","2017","Morganella spp.","Ceftazidime avibactam","J01D","3","0","0"
"SWE","2018","Morganella spp.","Ceftazidime avibactam","J01D","1","0","0"
"CHE","2018","Morganella spp.","Ceftazidime avibactam","J01D","6","0","0"
"TWN","2012","Morganella spp.","Ceftazidime avibactam","J01D","11","0","0"
"TWN","2013","Morganella spp.","Ceftazidime avibactam","J01D","9","0","0"
"TWN","2014","Morganella spp.","Ceftazidime avibactam","J01D","10","0","0"
"TWN","2015","Morganella spp.","Ceftazidime avibactam","J01D","9","0","0"
"TWN","2016","Morganella spp.","Ceftazidime avibactam","J01D","10","0","0"
"TWN","2017","Morganella spp.","Ceftazidime avibactam","J01D","9","0","0"
"TWN","2018","Morganella spp.","Ceftazidime avibactam","J01D","12","0","0"
"THA","2012","Morganella spp.","Ceftazidime avibactam","J01D","9","0","0"
"THA","2013","Morganella spp.","Ceftazidime avibactam","J01D","9","0","0"
"THA","2014","Morganella spp.","Ceftazidime avibactam","J01D","12","0","0"
"THA","2015","Morganella spp.","Ceftazidime avibactam","J01D","11","0","0"
"THA","2016","Morganella spp.","Ceftazidime avibactam","J01D","9","0","0"
"THA","2017","Morganella spp.","Ceftazidime avibactam","J01D","12","0","0"
"THA","2018","Morganella spp.","Ceftazidime avibactam","J01D","9","0","0"
"TUR","2012","Morganella spp.","Ceftazidime avibactam","J01D","8","0","0"
"TUR","2013","Morganella spp.","Ceftazidime avibactam","J01D","11","0","0"
"TUR","2014","Morganella spp.","Ceftazidime avibactam","J01D","7","0","0"
"TUR","2015","Morganella spp.","Ceftazidime avibactam","J01D","13","0","0"
"TUR","2016","Morganella spp.","Ceftazidime avibactam","J01D","12","0","0"
"TUR","2017","Morganella spp.","Ceftazidime avibactam","J01D","10","0","0"
"TUR","2018","Morganella spp.","Ceftazidime avibactam","J01D","7","0","0"
"UKR","2018","Morganella spp.","Ceftazidime avibactam","J01D","9","0","0"
"GBR","2012","Morganella spp.","Ceftazidime avibactam","J01D","5","0","0"
"GBR","2013","Morganella spp.","Ceftazidime avibactam","J01D","6","0","0"
"GBR","2014","Morganella spp.","Ceftazidime avibactam","J01D","5","0","0"
"GBR","2015","Morganella spp.","Ceftazidime avibactam","J01D","8","0","0"
"GBR","2016","Morganella spp.","Ceftazidime avibactam","J01D","9","0","0"
"GBR","2017","Morganella spp.","Ceftazidime avibactam","J01D","9","0","0"
"GBR","2018","Morganella spp.","Ceftazidime avibactam","J01D","16","0","0"
"USA","2012","Morganella spp.","Ceftazidime avibactam","J01D","38","0","0"
"USA","2013","Morganella spp.","Ceftazidime avibactam","J01D","28","0","0"
"USA","2014","Morganella spp.","Ceftazidime avibactam","J01D","40","0","0"
"USA","2015","Morganella spp.","Ceftazidime avibactam","J01D","27","0","0"
"USA","2016","Morganella spp.","Ceftazidime avibactam","J01D","38","0","0"
"USA","2018","Morganella spp.","Ceftazidime avibactam","J01D","71","0","0"
"VEN","2012","Morganella spp.","Ceftazidime avibactam","J01D","6","0","0"
"VEN","2013","Morganella spp.","Ceftazidime avibactam","J01D","7","0","0"
"VEN","2014","Morganella spp.","Ceftazidime avibactam","J01D","14","0","0"
"VEN","2015","Morganella spp.","Ceftazidime avibactam","J01D","12","0","0"
"VEN","2016","Morganella spp.","Ceftazidime avibactam","J01D","10","1","10"
"VEN","2017","Morganella spp.","Ceftazidime avibactam","J01D","12","0","0"
"VEN","2018","Morganella spp.","Ceftazidime avibactam","J01D","15","0","0"
"ARG","2017","Morganella spp.","Ceftolozane tazobactam","J01D","9","0","0"
"AUS","2017","Morganella spp.","Ceftolozane tazobactam","J01D","10","0","0"
"BEL","2017","Morganella spp.","Ceftolozane tazobactam","J01D","13","0","0"
"BRA","2017","Morganella spp.","Ceftolozane tazobactam","J01D","19","0","0"
"CHL","2017","Morganella spp.","Ceftolozane tazobactam","J01D","7","0","0"
"COL","2017","Morganella spp.","Ceftolozane tazobactam","J01D","9","0","0"
"CZE","2017","Morganella spp.","Ceftolozane tazobactam","J01D","14","0","0"
"DNK","2017","Morganella spp.","Ceftolozane tazobactam","J01D","3","0","0"
"FRA","2017","Morganella spp.","Ceftolozane tazobactam","J01D","14","0","0"
"DEU","2017","Morganella spp.","Ceftolozane tazobactam","J01D","13","0","0"
"GRC","2017","Morganella spp.","Ceftolozane tazobactam","J01D","15","0","0"
"HUN","2017","Morganella spp.","Ceftolozane tazobactam","J01D","12","0","0"
"ISR","2017","Morganella spp.","Ceftolozane tazobactam","J01D","15","0","0"
"ITA","2017","Morganella spp.","Ceftolozane tazobactam","J01D","11","0","0"
"JPN","2017","Morganella spp.","Ceftolozane tazobactam","J01D","7","0","0"
"KOR","2017","Morganella spp.","Ceftolozane tazobactam","J01D","6","0","0"
"KWT","2017","Morganella spp.","Ceftolozane tazobactam","J01D","10","1","10"
"MEX","2017","Morganella spp.","Ceftolozane tazobactam","J01D","12","0","0"
"NLD","2017","Morganella spp.","Ceftolozane tazobactam","J01D","17","1","5.88"
"PHL","2017","Morganella spp.","Ceftolozane tazobactam","J01D","12","0","0"
"POL","2017","Morganella spp.","Ceftolozane tazobactam","J01D","11","0","0"
"PRT","2017","Morganella spp.","Ceftolozane tazobactam","J01D","16","0","0"
"RUS","2017","Morganella spp.","Ceftolozane tazobactam","J01D","11","0","0"
"ZAF","2017","Morganella spp.","Ceftolozane tazobactam","J01D","12","0","0"
"ESP","2017","Morganella spp.","Ceftolozane tazobactam","J01D","17","1","5.88"
"SWE","2017","Morganella spp.","Ceftolozane tazobactam","J01D","3","0","0"
"TWN","2017","Morganella spp.","Ceftolozane tazobactam","J01D","9","0","0"
"THA","2017","Morganella spp.","Ceftolozane tazobactam","J01D","12","2","16.67"
"TUR","2017","Morganella spp.","Ceftolozane tazobactam","J01D","10","1","10"
"GBR","2017","Morganella spp.","Ceftolozane tazobactam","J01D","9","0","0"
"VEN","2017","Morganella spp.","Ceftolozane tazobactam","J01D","12","0","0"
"ARG","2016","Morganella spp.","Ceftriaxone","J01D","10","2","20"
"ARG","2017","Morganella spp.","Ceftriaxone","J01D","9","3","33.33"
"AUS","2016","Morganella spp.","Ceftriaxone","J01D","10","1","10"
"AUS","2017","Morganella spp.","Ceftriaxone","J01D","10","0","0"
"AUT","2016","Morganella spp.","Ceftriaxone","J01D","9","0","0"
"BEL","2016","Morganella spp.","Ceftriaxone","J01D","13","0","0"
"BEL","2017","Morganella spp.","Ceftriaxone","J01D","13","3","23.08"
"BRA","2016","Morganella spp.","Ceftriaxone","J01D","8","1","12.5"
"BRA","2017","Morganella spp.","Ceftriaxone","J01D","19","3","15.79"
"CHL","2016","Morganella spp.","Ceftriaxone","J01D","7","3","42.86"
"CHL","2017","Morganella spp.","Ceftriaxone","J01D","7","1","14.29"
"CHN","2015","Morganella spp.","Ceftriaxone","J01D","13","3","23.08"
"CHN","2016","Morganella spp.","Ceftriaxone","J01D","19","5","26.32"
"CHN","2017","Morganella spp.","Ceftriaxone","J01D","15","2","13.33"
"COL","2016","Morganella spp.","Ceftriaxone","J01D","10","3","30"
"COL","2017","Morganella spp.","Ceftriaxone","J01D","9","0","0"
"CZE","2016","Morganella spp.","Ceftriaxone","J01D","11","1","9.09"
"CZE","2017","Morganella spp.","Ceftriaxone","J01D","14","2","14.29"
"DNK","2016","Morganella spp.","Ceftriaxone","J01D","3","0","0"
"DNK","2017","Morganella spp.","Ceftriaxone","J01D","3","0","0"
"FRA","2016","Morganella spp.","Ceftriaxone","J01D","19","4","21.05"
"FRA","2017","Morganella spp.","Ceftriaxone","J01D","14","1","7.14"
"DEU","2016","Morganella spp.","Ceftriaxone","J01D","14","1","7.14"
"DEU","2017","Morganella spp.","Ceftriaxone","J01D","13","0","0"
"GRC","2016","Morganella spp.","Ceftriaxone","J01D","21","1","4.76"
"GRC","2017","Morganella spp.","Ceftriaxone","J01D","15","0","0"
"HUN","2016","Morganella spp.","Ceftriaxone","J01D","12","1","8.33"
"HUN","2017","Morganella spp.","Ceftriaxone","J01D","12","0","0"
"ISR","2016","Morganella spp.","Ceftriaxone","J01D","10","1","10"
"ISR","2017","Morganella spp.","Ceftriaxone","J01D","15","2","13.33"
"ITA","2016","Morganella spp.","Ceftriaxone","J01D","13","2","15.38"
"ITA","2017","Morganella spp.","Ceftriaxone","J01D","11","1","9.09"
"JPN","2016","Morganella spp.","Ceftriaxone","J01D","5","2","40"
"JPN","2017","Morganella spp.","Ceftriaxone","J01D","7","0","0"
"KOR","2016","Morganella spp.","Ceftriaxone","J01D","7","2","28.57"
"KOR","2017","Morganella spp.","Ceftriaxone","J01D","6","1","16.67"
"KWT","2016","Morganella spp.","Ceftriaxone","J01D","10","0","0"
"KWT","2017","Morganella spp.","Ceftriaxone","J01D","10","3","30"
"MEX","2016","Morganella spp.","Ceftriaxone","J01D","21","0","0"
"MEX","2017","Morganella spp.","Ceftriaxone","J01D","12","1","8.33"
"NLD","2016","Morganella spp.","Ceftriaxone","J01D","10","1","10"
"NLD","2017","Morganella spp.","Ceftriaxone","J01D","17","2","11.76"
"PHL","2016","Morganella spp.","Ceftriaxone","J01D","15","1","6.67"
"PHL","2017","Morganella spp.","Ceftriaxone","J01D","12","0","0"
"POL","2016","Morganella spp.","Ceftriaxone","J01D","6","0","0"
"POL","2017","Morganella spp.","Ceftriaxone","J01D","11","0","0"
"PRT","2016","Morganella spp.","Ceftriaxone","J01D","17","1","5.88"
"PRT","2017","Morganella spp.","Ceftriaxone","J01D","16","1","6.25"
"ROU","2016","Morganella spp.","Ceftriaxone","J01D","3","0","0"
"RUS","2016","Morganella spp.","Ceftriaxone","J01D","11","1","9.09"
"RUS","2017","Morganella spp.","Ceftriaxone","J01D","11","0","0"
"ZAF","2016","Morganella spp.","Ceftriaxone","J01D","9","0","0"
"ZAF","2017","Morganella spp.","Ceftriaxone","J01D","12","0","0"
"ESP","2016","Morganella spp.","Ceftriaxone","J01D","14","0","0"
"ESP","2017","Morganella spp.","Ceftriaxone","J01D","17","3","17.65"
"SWE","2017","Morganella spp.","Ceftriaxone","J01D","3","0","0"
"TWN","2016","Morganella spp.","Ceftriaxone","J01D","10","0","0"
"TWN","2017","Morganella spp.","Ceftriaxone","J01D","9","0","0"
"THA","2016","Morganella spp.","Ceftriaxone","J01D","9","0","0"
"THA","2017","Morganella spp.","Ceftriaxone","J01D","12","2","16.67"
"TUR","2016","Morganella spp.","Ceftriaxone","J01D","12","5","41.67"
"TUR","2017","Morganella spp.","Ceftriaxone","J01D","10","2","20"
"GBR","2016","Morganella spp.","Ceftriaxone","J01D","9","0","0"
"GBR","2017","Morganella spp.","Ceftriaxone","J01D","9","0","0"
"USA","2016","Morganella spp.","Ceftriaxone","J01D","38","3","7.89"
"VEN","2016","Morganella spp.","Ceftriaxone","J01D","10","1","10"
"VEN","2017","Morganella spp.","Ceftriaxone","J01D","12","0","0"
"ARG","2018","Morganella spp.","Trimethoprim sulfa","J01E","8","3","37.5"
"AUS","2018","Morganella spp.","Trimethoprim sulfa","J01E","13","4","30.77"
"BEL","2018","Morganella spp.","Trimethoprim sulfa","J01E","19","9","47.37"
"BRA","2018","Morganella spp.","Trimethoprim sulfa","J01E","19","5","26.32"
"CAN","2018","Morganella spp.","Trimethoprim sulfa","J01E","26","8","30.77"
"CHL","2018","Morganella spp.","Trimethoprim sulfa","J01E","12","1","8.33"
"CHN","2018","Morganella spp.","Trimethoprim sulfa","J01E","50","33","66"
"COL","2018","Morganella spp.","Trimethoprim sulfa","J01E","16","5","31.25"
"CRI","2018","Morganella spp.","Trimethoprim sulfa","J01E","2","1","50"
"HRV","2018","Morganella spp.","Trimethoprim sulfa","J01E","9","3","33.33"
"CZE","2018","Morganella spp.","Trimethoprim sulfa","J01E","14","0","0"
"DNK","2018","Morganella spp.","Trimethoprim sulfa","J01E","3","0","0"
"DOM","2018","Morganella spp.","Trimethoprim sulfa","J01E","3","3","100"
"FIN","2018","Morganella spp.","Trimethoprim sulfa","J01E","1","0","0"
"FRA","2018","Morganella spp.","Trimethoprim sulfa","J01E","29","4","13.79"
"DEU","2018","Morganella spp.","Trimethoprim sulfa","J01E","30","4","13.33"
"GRC","2018","Morganella spp.","Trimethoprim sulfa","J01E","10","4","40"
"GTM","2018","Morganella spp.","Trimethoprim sulfa","J01E","8","3","37.5"
"HKG","2018","Morganella spp.","Trimethoprim sulfa","J01E","3","2","66.67"
"HUN","2018","Morganella spp.","Trimethoprim sulfa","J01E","12","3","25"
"IND","2018","Morganella spp.","Trimethoprim sulfa","J01E","14","9","64.29"
"IRL","2018","Morganella spp.","Trimethoprim sulfa","J01E","8","3","37.5"
"ISR","2018","Morganella spp.","Trimethoprim sulfa","J01E","12","7","58.33"
"ITA","2018","Morganella spp.","Trimethoprim sulfa","J01E","31","12","38.71"
"JPN","2018","Morganella spp.","Trimethoprim sulfa","J01E","13","0","0"
"JOR","2018","Morganella spp.","Trimethoprim sulfa","J01E","3","1","33.33"
"KOR","2018","Morganella spp.","Trimethoprim sulfa","J01E","9","2","22.22"
"KWT","2018","Morganella spp.","Trimethoprim sulfa","J01E","8","5","62.5"
"LVA","2018","Morganella spp.","Trimethoprim sulfa","J01E","2","0","0"
"LTU","2018","Morganella spp.","Trimethoprim sulfa","J01E","6","0","0"
"MYS","2018","Morganella spp.","Trimethoprim sulfa","J01E","5","1","20"
"MEX","2018","Morganella spp.","Trimethoprim sulfa","J01E","13","12","92.31"
"MAR","2018","Morganella spp.","Trimethoprim sulfa","J01E","11","4","36.36"
"NLD","2018","Morganella spp.","Trimethoprim sulfa","J01E","6","1","16.67"
"NGA","2018","Morganella spp.","Trimethoprim sulfa","J01E","5","5","100"
"PAN","2018","Morganella spp.","Trimethoprim sulfa","J01E","1","0","0"
"PHL","2018","Morganella spp.","Trimethoprim sulfa","J01E","6","2","33.33"
"POL","2018","Morganella spp.","Trimethoprim sulfa","J01E","10","5","50"
"PRT","2018","Morganella spp.","Trimethoprim sulfa","J01E","11","1","9.09"
"ROU","2018","Morganella spp.","Trimethoprim sulfa","J01E","13","5","38.46"
"RUS","2018","Morganella spp.","Trimethoprim sulfa","J01E","15","4","26.67"
"SAU","2018","Morganella spp.","Trimethoprim sulfa","J01E","3","1","33.33"
"SGP","2018","Morganella spp.","Trimethoprim sulfa","J01E","3","2","66.67"
"ZAF","2018","Morganella spp.","Trimethoprim sulfa","J01E","13","4","30.77"
"ESP","2018","Morganella spp.","Trimethoprim sulfa","J01E","31","9","29.03"
"SWE","2018","Morganella spp.","Trimethoprim sulfa","J01E","1","1","100"
"CHE","2018","Morganella spp.","Trimethoprim sulfa","J01E","6","0","0"
"TWN","2018","Morganella spp.","Trimethoprim sulfa","J01E","12","5","41.67"
"THA","2018","Morganella spp.","Trimethoprim sulfa","J01E","9","4","44.44"
"TUR","2018","Morganella spp.","Trimethoprim sulfa","J01E","7","7","100"
"UKR","2018","Morganella spp.","Trimethoprim sulfa","J01E","9","2","22.22"
"GBR","2018","Morganella spp.","Trimethoprim sulfa","J01E","16","5","31.25"
"USA","2018","Morganella spp.","Trimethoprim sulfa","J01E","71","24","33.8"
"VEN","2018","Morganella spp.","Trimethoprim sulfa","J01E","15","7","46.67"
"ARG","2005","H. influenzae","Meropenem","J01D","10","0","0"
"ARG","2006","H. influenzae","Meropenem","J01D","20","0","0"
"ARG","2007","H. influenzae","Meropenem","J01D","90","0","0"
"ARG","2008","H. influenzae","Meropenem","J01D","89","0","0"
"ARG","2009","H. influenzae","Meropenem","J01D","78","0","0"
"ARG","2010","H. influenzae","Meropenem","J01D","60","0","0"
"ARG","2011","H. influenzae","Meropenem","J01D","7","0","0"
"ARG","2012","H. influenzae","Meropenem","J01D","6","0","0"
"ARG","2013","H. influenzae","Meropenem","J01D","9","0","0"
"ARG","2014","H. influenzae","Meropenem","J01D","9","0","0"
"ARG","2015","H. influenzae","Meropenem","J01D","24","0","0"
"ARG","2016","H. influenzae","Meropenem","J01D","17","0","0"
"ARG","2017","H. influenzae","Meropenem","J01D","31","0","0"
"ARG","2018","H. influenzae","Meropenem","J01D","8","0","0"
"AUS","2004","H. influenzae","Meropenem","J01D","1","0","0"
"AUS","2006","H. influenzae","Meropenem","J01D","48","0","0"
"AUS","2007","H. influenzae","Meropenem","J01D","67","0","0"
"AUS","2008","H. influenzae","Meropenem","J01D","40","0","0"
"AUS","2009","H. influenzae","Meropenem","J01D","35","0","0"
"AUS","2010","H. influenzae","Meropenem","J01D","29","0","0"
"AUS","2012","H. influenzae","Meropenem","J01D","12","0","0"
"AUS","2013","H. influenzae","Meropenem","J01D","10","0","0"
"AUS","2014","H. influenzae","Meropenem","J01D","17","0","0"
"AUS","2015","H. influenzae","Meropenem","J01D","27","0","0"
"AUS","2016","H. influenzae","Meropenem","J01D","39","0","0"
"AUS","2017","H. influenzae","Meropenem","J01D","38","0","0"
"AUS","2018","H. influenzae","Meropenem","J01D","38","0","0"
"AUT","2008","H. influenzae","Meropenem","J01D","15","0","0"
"AUT","2009","H. influenzae","Meropenem","J01D","39","0","0"
"AUT","2010","H. influenzae","Meropenem","J01D","9","0","0"
"AUT","2011","H. influenzae","Meropenem","J01D","26","0","0"
"AUT","2012","H. influenzae","Meropenem","J01D","9","0","0"
"AUT","2013","H. influenzae","Meropenem","J01D","9","0","0"
"AUT","2014","H. influenzae","Meropenem","J01D","11","0","0"
"AUT","2015","H. influenzae","Meropenem","J01D","8","0","0"
"AUT","2016","H. influenzae","Meropenem","J01D","23","0","0"
"BEL","2005","H. influenzae","Meropenem","J01D","1","0","0"
"BEL","2007","H. influenzae","Meropenem","J01D","59","0","0"
"BEL","2008","H. influenzae","Meropenem","J01D","33","0","0"
"BEL","2009","H. influenzae","Meropenem","J01D","62","0","0"
"BEL","2010","H. influenzae","Meropenem","J01D","46","0","0"
"BEL","2011","H. influenzae","Meropenem","J01D","51","0","0"
"BEL","2012","H. influenzae","Meropenem","J01D","40","0","0"
"BEL","2013","H. influenzae","Meropenem","J01D","112","0","0"
"BEL","2014","H. influenzae","Meropenem","J01D","115","0","0"
"BEL","2015","H. influenzae","Meropenem","J01D","115","0","0"
"BEL","2016","H. influenzae","Meropenem","J01D","125","0","0"
"BEL","2017","H. influenzae","Meropenem","J01D","91","0","0"
"BEL","2018","H. influenzae","Meropenem","J01D","48","0","0"
"BRA","2007","H. influenzae","Meropenem","J01D","30","0","0"
"BRA","2008","H. influenzae","Meropenem","J01D","15","0","0"
"BRA","2009","H. influenzae","Meropenem","J01D","15","0","0"
"BRA","2014","H. influenzae","Meropenem","J01D","2","0","0"
"BRA","2015","H. influenzae","Meropenem","J01D","6","0","0"
"BRA","2016","H. influenzae","Meropenem","J01D","17","0","0"
"BRA","2017","H. influenzae","Meropenem","J01D","20","0","0"
"BRA","2018","H. influenzae","Meropenem","J01D","18","0","0"
"BGR","2008","H. influenzae","Meropenem","J01D","3","0","0"
"BGR","2009","H. influenzae","Meropenem","J01D","22","0","0"
"BGR","2010","H. influenzae","Meropenem","J01D","27","0","0"
"BGR","2011","H. influenzae","Meropenem","J01D","11","0","0"
"CAN","2006","H. influenzae","Meropenem","J01D","4","0","0"
"CAN","2007","H. influenzae","Meropenem","J01D","69","0","0"
"CAN","2008","H. influenzae","Meropenem","J01D","56","0","0"
"CAN","2009","H. influenzae","Meropenem","J01D","76","0","0"
"CAN","2010","H. influenzae","Meropenem","J01D","65","0","0"
"CAN","2011","H. influenzae","Meropenem","J01D","38","0","0"
"CAN","2012","H. influenzae","Meropenem","J01D","109","0","0"
"CAN","2013","H. influenzae","Meropenem","J01D","96","0","0"
"CAN","2014","H. influenzae","Meropenem","J01D","77","0","0"
"CAN","2015","H. influenzae","Meropenem","J01D","78","0","0"
"CAN","2016","H. influenzae","Meropenem","J01D","83","0","0"
"CAN","2017","H. influenzae","Meropenem","J01D","69","0","0"
"CAN","2018","H. influenzae","Meropenem","J01D","78","0","0"
"CHL","2007","H. influenzae","Meropenem","J01D","39","0","0"
"CHL","2008","H. influenzae","Meropenem","J01D","16","0","0"
"CHL","2009","H. influenzae","Meropenem","J01D","11","0","0"
"CHL","2012","H. influenzae","Meropenem","J01D","3","0","0"
"CHL","2013","H. influenzae","Meropenem","J01D","18","0","0"
"CHL","2014","H. influenzae","Meropenem","J01D","27","0","0"
"CHL","2015","H. influenzae","Meropenem","J01D","29","0","0"
"CHL","2016","H. influenzae","Meropenem","J01D","34","0","0"
"CHL","2017","H. influenzae","Meropenem","J01D","28","0","0"
"CHL","2018","H. influenzae","Meropenem","J01D","20","0","0"
"CHN","2008","H. influenzae","Meropenem","J01D","18","0","0"
"CHN","2009","H. influenzae","Meropenem","J01D","33","0","0"
"CHN","2010","H. influenzae","Meropenem","J01D","35","0","0"
"CHN","2012","H. influenzae","Meropenem","J01D","10","0","0"
"CHN","2013","H. influenzae","Meropenem","J01D","10","0","0"
"CHN","2015","H. influenzae","Meropenem","J01D","80","0","0"
"CHN","2016","H. influenzae","Meropenem","J01D","77","0","0"
"COL","2007","H. influenzae","Meropenem","J01D","4","0","0"
"COL","2008","H. influenzae","Meropenem","J01D","42","0","0"
"COL","2009","H. influenzae","Meropenem","J01D","30","0","0"
"COL","2011","H. influenzae","Meropenem","J01D","49","0","0"
"COL","2013","H. influenzae","Meropenem","J01D","15","0","0"
"COL","2014","H. influenzae","Meropenem","J01D","12","0","0"
"COL","2015","H. influenzae","Meropenem","J01D","12","0","0"
"COL","2016","H. influenzae","Meropenem","J01D","4","0","0"
"COL","2018","H. influenzae","Meropenem","J01D","27","0","0"
"CRI","2018","H. influenzae","Meropenem","J01D","3","0","0"
"HRV","2006","H. influenzae","Meropenem","J01D","11","0","0"
"HRV","2007","H. influenzae","Meropenem","J01D","24","0","0"
"HRV","2008","H. influenzae","Meropenem","J01D","23","0","0"
"HRV","2009","H. influenzae","Meropenem","J01D","19","0","0"
"HRV","2010","H. influenzae","Meropenem","J01D","14","0","0"
"HRV","2013","H. influenzae","Meropenem","J01D","14","0","0"
"HRV","2014","H. influenzae","Meropenem","J01D","14","0","0"
"HRV","2015","H. influenzae","Meropenem","J01D","15","0","0"
"HRV","2016","H. influenzae","Meropenem","J01D","16","0","0"
"HRV","2017","H. influenzae","Meropenem","J01D","13","0","0"
"HRV","2018","H. influenzae","Meropenem","J01D","20","0","0"
"CZE","2006","H. influenzae","Meropenem","J01D","3","0","0"
"CZE","2007","H. influenzae","Meropenem","J01D","21","0","0"
"CZE","2008","H. influenzae","Meropenem","J01D","7","0","0"
"CZE","2009","H. influenzae","Meropenem","J01D","14","0","0"
"CZE","2010","H. influenzae","Meropenem","J01D","12","0","0"
"CZE","2011","H. influenzae","Meropenem","J01D","10","0","0"
"CZE","2013","H. influenzae","Meropenem","J01D","4","0","0"
"CZE","2014","H. influenzae","Meropenem","J01D","21","0","0"
"CZE","2015","H. influenzae","Meropenem","J01D","30","0","0"
"CZE","2016","H. influenzae","Meropenem","J01D","61","0","0"
"CZE","2017","H. influenzae","Meropenem","J01D","67","0","0"
"CZE","2018","H. influenzae","Meropenem","J01D","24","0","0"
"DNK","2006","H. influenzae","Meropenem","J01D","1","0","0"
"DNK","2007","H. influenzae","Meropenem","J01D","44","0","0"
"DNK","2008","H. influenzae","Meropenem","J01D","22","0","0"
"DNK","2009","H. influenzae","Meropenem","J01D","23","0","0"
"DNK","2010","H. influenzae","Meropenem","J01D","17","0","0"
"DNK","2011","H. influenzae","Meropenem","J01D","15","0","0"
"DNK","2012","H. influenzae","Meropenem","J01D","4","0","0"
"DNK","2013","H. influenzae","Meropenem","J01D","16","0","0"
"DNK","2014","H. influenzae","Meropenem","J01D","42","0","0"
"DNK","2015","H. influenzae","Meropenem","J01D","27","0","0"
"DNK","2016","H. influenzae","Meropenem","J01D","23","0","0"
"DNK","2017","H. influenzae","Meropenem","J01D","8","0","0"
"DNK","2018","H. influenzae","Meropenem","J01D","10","0","0"
"DOM","2018","H. influenzae","Meropenem","J01D","7","0","0"
"FIN","2007","H. influenzae","Meropenem","J01D","10","0","0"
"FIN","2008","H. influenzae","Meropenem","J01D","16","0","0"
"FIN","2010","H. influenzae","Meropenem","J01D","12","0","0"
"FIN","2011","H. influenzae","Meropenem","J01D","15","0","0"
"FIN","2013","H. influenzae","Meropenem","J01D","14","0","0"
"FIN","2014","H. influenzae","Meropenem","J01D","30","0","0"
"FIN","2015","H. influenzae","Meropenem","J01D","1","0","0"
"FIN","2016","H. influenzae","Meropenem","J01D","15","0","0"
"FIN","2018","H. influenzae","Meropenem","J01D","2","0","0"
"FRA","2004","H. influenzae","Meropenem","J01D","8","0","0"
"FRA","2005","H. influenzae","Meropenem","J01D","4","0","0"
"FRA","2006","H. influenzae","Meropenem","J01D","24","0","0"
"FRA","2007","H. influenzae","Meropenem","J01D","136","0","0"
"FRA","2008","H. influenzae","Meropenem","J01D","256","0","0"
"FRA","2009","H. influenzae","Meropenem","J01D","225","0","0"
"FRA","2010","H. influenzae","Meropenem","J01D","166","0","0"
"FRA","2011","H. influenzae","Meropenem","J01D","174","0","0"
"FRA","2012","H. influenzae","Meropenem","J01D","149","0","0"
"FRA","2013","H. influenzae","Meropenem","J01D","171","0","0"
"FRA","2014","H. influenzae","Meropenem","J01D","167","0","0"
"FRA","2015","H. influenzae","Meropenem","J01D","184","0","0"
"FRA","2016","H. influenzae","Meropenem","J01D","182","0","0"
"FRA","2017","H. influenzae","Meropenem","J01D","175","0","0"
"FRA","2018","H. influenzae","Meropenem","J01D","99","0","0"
"DEU","2004","H. influenzae","Meropenem","J01D","2","0","0"
"DEU","2005","H. influenzae","Meropenem","J01D","1","0","0"
"DEU","2006","H. influenzae","Meropenem","J01D","6","0","0"
"DEU","2007","H. influenzae","Meropenem","J01D","89","0","0"
"DEU","2008","H. influenzae","Meropenem","J01D","110","0","0"
"DEU","2009","H. influenzae","Meropenem","J01D","169","0","0"
"DEU","2010","H. influenzae","Meropenem","J01D","136","0","0"
"DEU","2011","H. influenzae","Meropenem","J01D","171","0","0"
"DEU","2012","H. influenzae","Meropenem","J01D","114","0","0"
"DEU","2013","H. influenzae","Meropenem","J01D","214","0","0"
"DEU","2014","H. influenzae","Meropenem","J01D","193","0","0"
"DEU","2015","H. influenzae","Meropenem","J01D","162","0","0"
"DEU","2016","H. influenzae","Meropenem","J01D","165","0","0"
"DEU","2017","H. influenzae","Meropenem","J01D","194","0","0"
"DEU","2018","H. influenzae","Meropenem","J01D","84","0","0"
"GRC","2006","H. influenzae","Meropenem","J01D","2","0","0"
"GRC","2007","H. influenzae","Meropenem","J01D","14","0","0"
"GRC","2008","H. influenzae","Meropenem","J01D","11","0","0"
"GRC","2009","H. influenzae","Meropenem","J01D","10","0","0"
"GRC","2010","H. influenzae","Meropenem","J01D","8","0","0"
"GRC","2011","H. influenzae","Meropenem","J01D","6","0","0"
"GRC","2012","H. influenzae","Meropenem","J01D","2","0","0"
"GRC","2013","H. influenzae","Meropenem","J01D","8","0","0"
"GRC","2014","H. influenzae","Meropenem","J01D","19","0","0"
"GRC","2015","H. influenzae","Meropenem","J01D","13","0","0"
"GRC","2016","H. influenzae","Meropenem","J01D","34","0","0"
"GRC","2017","H. influenzae","Meropenem","J01D","6","0","0"
"GRC","2018","H. influenzae","Meropenem","J01D","15","0","0"
"GTM","2007","H. influenzae","Meropenem","J01D","16","0","0"
"GTM","2018","H. influenzae","Meropenem","J01D","10","0","0"
"HND","2007","H. influenzae","Meropenem","J01D","8","0","0"
"HKG","2007","H. influenzae","Meropenem","J01D","31","0","0"
"HKG","2010","H. influenzae","Meropenem","J01D","15","0","0"
"HKG","2013","H. influenzae","Meropenem","J01D","3","0","0"
"HKG","2014","H. influenzae","Meropenem","J01D","3","0","0"
"HKG","2015","H. influenzae","Meropenem","J01D","15","0","0"
"HKG","2016","H. influenzae","Meropenem","J01D","15","0","0"
"HKG","2017","H. influenzae","Meropenem","J01D","14","0","0"
"HKG","2018","H. influenzae","Meropenem","J01D","10","0","0"
"HUN","2007","H. influenzae","Meropenem","J01D","15","0","0"
"HUN","2008","H. influenzae","Meropenem","J01D","44","0","0"
"HUN","2009","H. influenzae","Meropenem","J01D","42","0","0"
"HUN","2010","H. influenzae","Meropenem","J01D","29","0","0"
"HUN","2012","H. influenzae","Meropenem","J01D","8","0","0"
"HUN","2013","H. influenzae","Meropenem","J01D","8","0","0"
"HUN","2014","H. influenzae","Meropenem","J01D","23","0","0"
"HUN","2015","H. influenzae","Meropenem","J01D","26","0","0"
"HUN","2016","H. influenzae","Meropenem","J01D","38","0","0"
"HUN","2017","H. influenzae","Meropenem","J01D","49","0","0"
"HUN","2018","H. influenzae","Meropenem","J01D","26","0","0"
"IND","2004","H. influenzae","Meropenem","J01D","4","0","0"
"IND","2007","H. influenzae","Meropenem","J01D","5","0","0"
"IND","2008","H. influenzae","Meropenem","J01D","7","0","0"
"IND","2015","H. influenzae","Meropenem","J01D","10","0","0"
"IND","2016","H. influenzae","Meropenem","J01D","27","0","0"
"IRL","2006","H. influenzae","Meropenem","J01D","5","0","0"
"IRL","2007","H. influenzae","Meropenem","J01D","31","0","0"
"IRL","2008","H. influenzae","Meropenem","J01D","11","0","0"
"IRL","2009","H. influenzae","Meropenem","J01D","25","0","0"
"IRL","2010","H. influenzae","Meropenem","J01D","32","0","0"
"IRL","2011","H. influenzae","Meropenem","J01D","31","0","0"
"IRL","2012","H. influenzae","Meropenem","J01D","31","0","0"
"IRL","2013","H. influenzae","Meropenem","J01D","43","0","0"
"IRL","2014","H. influenzae","Meropenem","J01D","16","0","0"
"IRL","2015","H. influenzae","Meropenem","J01D","16","0","0"
"IRL","2016","H. influenzae","Meropenem","J01D","29","0","0"
"IRL","2017","H. influenzae","Meropenem","J01D","26","0","0"
"IRL","2018","H. influenzae","Meropenem","J01D","23","0","0"
"ISR","2006","H. influenzae","Meropenem","J01D","29","0","0"
"ISR","2007","H. influenzae","Meropenem","J01D","49","0","0"
"ISR","2008","H. influenzae","Meropenem","J01D","76","0","0"
"ISR","2009","H. influenzae","Meropenem","J01D","82","0","0"
"ISR","2010","H. influenzae","Meropenem","J01D","106","0","0"
"ISR","2011","H. influenzae","Meropenem","J01D","1","0","0"
"ISR","2012","H. influenzae","Meropenem","J01D","13","0","0"
"ISR","2013","H. influenzae","Meropenem","J01D","24","0","0"
"ISR","2014","H. influenzae","Meropenem","J01D","26","0","0"
"ISR","2015","H. influenzae","Meropenem","J01D","28","0","0"
"ISR","2016","H. influenzae","Meropenem","J01D","32","0","0"
"ISR","2017","H. influenzae","Meropenem","J01D","32","0","0"
"ISR","2018","H. influenzae","Meropenem","J01D","36","0","0"
"ITA","2004","H. influenzae","Meropenem","J01D","1","0","0"
"ITA","2005","H. influenzae","Meropenem","J01D","23","0","0"
"ITA","2006","H. influenzae","Meropenem","J01D","46","0","0"
"ITA","2007","H. influenzae","Meropenem","J01D","77","0","0"
"ITA","2008","H. influenzae","Meropenem","J01D","174","0","0"
"ITA","2009","H. influenzae","Meropenem","J01D","119","0","0"
"ITA","2010","H. influenzae","Meropenem","J01D","94","0","0"
"ITA","2011","H. influenzae","Meropenem","J01D","139","0","0"
"ITA","2012","H. influenzae","Meropenem","J01D","99","0","0"
"ITA","2013","H. influenzae","Meropenem","J01D","118","0","0"
"ITA","2014","H. influenzae","Meropenem","J01D","168","0","0"
"ITA","2015","H. influenzae","Meropenem","J01D","140","0","0"
"ITA","2016","H. influenzae","Meropenem","J01D","124","0","0"
"ITA","2017","H. influenzae","Meropenem","J01D","107","0","0"
"ITA","2018","H. influenzae","Meropenem","J01D","58","0","0"
"JAM","2006","H. influenzae","Meropenem","J01D","1","0","0"
"JPN","2012","H. influenzae","Meropenem","J01D","3","0","0"
"JPN","2013","H. influenzae","Meropenem","J01D","8","0","0"
"JPN","2014","H. influenzae","Meropenem","J01D","6","0","0"
"JPN","2015","H. influenzae","Meropenem","J01D","15","0","0"
"JPN","2016","H. influenzae","Meropenem","J01D","27","0","0"
"JPN","2017","H. influenzae","Meropenem","J01D","49","0","0"
"JPN","2018","H. influenzae","Meropenem","J01D","30","0","0"
"JOR","2010","H. influenzae","Meropenem","J01D","8","0","0"
"JOR","2011","H. influenzae","Meropenem","J01D","18","0","0"
"JOR","2012","H. influenzae","Meropenem","J01D","18","0","0"
"JOR","2013","H. influenzae","Meropenem","J01D","15","0","0"
"JOR","2015","H. influenzae","Meropenem","J01D","14","0","0"
"JOR","2016","H. influenzae","Meropenem","J01D","6","0","0"
"JOR","2017","H. influenzae","Meropenem","J01D","3","0","0"
"JOR","2018","H. influenzae","Meropenem","J01D","1","0","0"
"KEN","2014","H. influenzae","Meropenem","J01D","3","0","0"
"KOR","2006","H. influenzae","Meropenem","J01D","10","0","0"
"KOR","2007","H. influenzae","Meropenem","J01D","59","0","0"
"KOR","2008","H. influenzae","Meropenem","J01D","26","0","0"
"KOR","2009","H. influenzae","Meropenem","J01D","43","0","0"
"KOR","2010","H. influenzae","Meropenem","J01D","24","0","0"
"KOR","2012","H. influenzae","Meropenem","J01D","5","0","0"
"KOR","2013","H. influenzae","Meropenem","J01D","10","0","0"
"KOR","2014","H. influenzae","Meropenem","J01D","9","0","0"
"KOR","2015","H. influenzae","Meropenem","J01D","35","0","0"
"KOR","2016","H. influenzae","Meropenem","J01D","33","0","0"
"KOR","2017","H. influenzae","Meropenem","J01D","35","0","0"
"KOR","2018","H. influenzae","Meropenem","J01D","22","0","0"
"KWT","2012","H. influenzae","Meropenem","J01D","29","0","0"
"KWT","2013","H. influenzae","Meropenem","J01D","4","0","0"
"KWT","2014","H. influenzae","Meropenem","J01D","16","0","0"
"KWT","2015","H. influenzae","Meropenem","J01D","42","0","0"
"KWT","2016","H. influenzae","Meropenem","J01D","39","0","0"
"KWT","2017","H. influenzae","Meropenem","J01D","43","0","0"
"KWT","2018","H. influenzae","Meropenem","J01D","30","0","0"
"LVA","2004","H. influenzae","Meropenem","J01D","1","0","0"
"LVA","2008","H. influenzae","Meropenem","J01D","17","0","0"
"LVA","2009","H. influenzae","Meropenem","J01D","11","0","0"
"LVA","2010","H. influenzae","Meropenem","J01D","15","0","0"
"LVA","2016","H. influenzae","Meropenem","J01D","15","0","0"
"LVA","2017","H. influenzae","Meropenem","J01D","15","0","0"
"LVA","2018","H. influenzae","Meropenem","J01D","7","0","0"
"LTU","2006","H. influenzae","Meropenem","J01D","1","0","0"
"LTU","2008","H. influenzae","Meropenem","J01D","30","0","0"
"LTU","2010","H. influenzae","Meropenem","J01D","7","0","0"
"LTU","2016","H. influenzae","Meropenem","J01D","14","0","0"
"LTU","2017","H. influenzae","Meropenem","J01D","15","0","0"
"LTU","2018","H. influenzae","Meropenem","J01D","19","0","0"
"MYS","2008","H. influenzae","Meropenem","J01D","5","0","0"
"MYS","2009","H. influenzae","Meropenem","J01D","8","0","0"
"MYS","2010","H. influenzae","Meropenem","J01D","13","0","0"
"MYS","2013","H. influenzae","Meropenem","J01D","4","0","0"
"MYS","2014","H. influenzae","Meropenem","J01D","4","0","0"
"MYS","2015","H. influenzae","Meropenem","J01D","17","0","0"
"MYS","2016","H. influenzae","Meropenem","J01D","2","0","0"
"MYS","2018","H. influenzae","Meropenem","J01D","4","0","0"
"MUS","2009","H. influenzae","Meropenem","J01D","1","0","0"
"MEX","2006","H. influenzae","Meropenem","J01D","40","0","0"
"MEX","2007","H. influenzae","Meropenem","J01D","62","0","0"
"MEX","2008","H. influenzae","Meropenem","J01D","30","0","0"
"MEX","2009","H. influenzae","Meropenem","J01D","37","0","0"
"MEX","2010","H. influenzae","Meropenem","J01D","30","0","0"
"MEX","2012","H. influenzae","Meropenem","J01D","2","0","0"
"MEX","2013","H. influenzae","Meropenem","J01D","4","0","0"
"MEX","2014","H. influenzae","Meropenem","J01D","9","0","0"
"MEX","2015","H. influenzae","Meropenem","J01D","14","0","0"
"MEX","2016","H. influenzae","Meropenem","J01D","8","0","0"
"MEX","2017","H. influenzae","Meropenem","J01D","18","0","0"
"MEX","2018","H. influenzae","Meropenem","J01D","17","0","0"
"MAR","2011","H. influenzae","Meropenem","J01D","4","0","0"
"MAR","2012","H. influenzae","Meropenem","J01D","27","0","0"
"MAR","2013","H. influenzae","Meropenem","J01D","14","0","0"
"MAR","2015","H. influenzae","Meropenem","J01D","12","0","0"
"MAR","2016","H. influenzae","Meropenem","J01D","12","0","0"
"MAR","2017","H. influenzae","Meropenem","J01D","7","0","0"
"MAR","2018","H. influenzae","Meropenem","J01D","12","0","0"
"NLD","2006","H. influenzae","Meropenem","J01D","14","0","0"
"NLD","2008","H. influenzae","Meropenem","J01D","23","0","0"
"NLD","2009","H. influenzae","Meropenem","J01D","20","0","0"
"NLD","2010","H. influenzae","Meropenem","J01D","15","0","0"
"NLD","2011","H. influenzae","Meropenem","J01D","14","0","0"
"NLD","2012","H. influenzae","Meropenem","J01D","19","0","0"
"NLD","2013","H. influenzae","Meropenem","J01D","22","0","0"
"NLD","2014","H. influenzae","Meropenem","J01D","19","0","0"
"NLD","2015","H. influenzae","Meropenem","J01D","30","0","0"
"NLD","2016","H. influenzae","Meropenem","J01D","32","0","0"
"NLD","2017","H. influenzae","Meropenem","J01D","32","0","0"
"NLD","2018","H. influenzae","Meropenem","J01D","20","0","0"
"NOR","2006","H. influenzae","Meropenem","J01D","2","0","0"
"OMN","2007","H. influenzae","Meropenem","J01D","15","0","0"
"PAK","2015","H. influenzae","Meropenem","J01D","15","0","0"
"PAK","2016","H. influenzae","Meropenem","J01D","10","0","0"
"PAK","2017","H. influenzae","Meropenem","J01D","7","0","0"
"PAN","2008","H. influenzae","Meropenem","J01D","13","0","0"
"PAN","2009","H. influenzae","Meropenem","J01D","13","0","0"
"PAN","2012","H. influenzae","Meropenem","J01D","11","0","0"
"PAN","2013","H. influenzae","Meropenem","J01D","14","0","0"
"PAN","2014","H. influenzae","Meropenem","J01D","17","0","0"
"PAN","2015","H. influenzae","Meropenem","J01D","13","0","0"
"PAN","2016","H. influenzae","Meropenem","J01D","8","0","0"
"PAN","2017","H. influenzae","Meropenem","J01D","4","0","0"
"PAN","2018","H. influenzae","Meropenem","J01D","7","0","0"
"PHL","2007","H. influenzae","Meropenem","J01D","1","0","0"
"PHL","2008","H. influenzae","Meropenem","J01D","6","0","0"
"PHL","2012","H. influenzae","Meropenem","J01D","7","0","0"
"PHL","2013","H. influenzae","Meropenem","J01D","9","0","0"
"PHL","2014","H. influenzae","Meropenem","J01D","11","0","0"
"PHL","2015","H. influenzae","Meropenem","J01D","21","0","0"
"PHL","2016","H. influenzae","Meropenem","J01D","25","0","0"
"PHL","2017","H. influenzae","Meropenem","J01D","19","0","0"
"PHL","2018","H. influenzae","Meropenem","J01D","6","0","0"
"POL","2004","H. influenzae","Meropenem","J01D","2","0","0"
"POL","2008","H. influenzae","Meropenem","J01D","12","0","0"
"POL","2009","H. influenzae","Meropenem","J01D","37","0","0"
"POL","2010","H. influenzae","Meropenem","J01D","27","0","0"
"POL","2013","H. influenzae","Meropenem","J01D","24","0","0"
"POL","2014","H. influenzae","Meropenem","J01D","25","0","0"
"POL","2015","H. influenzae","Meropenem","J01D","15","0","0"
"POL","2016","H. influenzae","Meropenem","J01D","13","0","0"
"POL","2017","H. influenzae","Meropenem","J01D","37","0","0"
"POL","2018","H. influenzae","Meropenem","J01D","21","0","0"
"PRT","2008","H. influenzae","Meropenem","J01D","16","0","0"
"PRT","2009","H. influenzae","Meropenem","J01D","27","0","0"
"PRT","2010","H. influenzae","Meropenem","J01D","28","0","0"
"PRT","2011","H. influenzae","Meropenem","J01D","37","0","0"
"PRT","2012","H. influenzae","Meropenem","J01D","66","0","0"
"PRT","2013","H. influenzae","Meropenem","J01D","72","0","0"
"PRT","2014","H. influenzae","Meropenem","J01D","82","0","0"
"PRT","2015","H. influenzae","Meropenem","J01D","67","0","0"
"PRT","2016","H. influenzae","Meropenem","J01D","61","0","0"
"PRT","2017","H. influenzae","Meropenem","J01D","48","0","0"
"PRT","2018","H. influenzae","Meropenem","J01D","42","0","0"
"ROU","2008","H. influenzae","Meropenem","J01D","10","0","0"
"ROU","2009","H. influenzae","Meropenem","J01D","2","0","0"
"ROU","2010","H. influenzae","Meropenem","J01D","6","0","0"
"ROU","2011","H. influenzae","Meropenem","J01D","5","0","0"
"ROU","2012","H. influenzae","Meropenem","J01D","2","0","0"
"ROU","2013","H. influenzae","Meropenem","J01D","9","0","0"
"ROU","2015","H. influenzae","Meropenem","J01D","8","0","0"
"ROU","2016","H. influenzae","Meropenem","J01D","3","0","0"
"ROU","2018","H. influenzae","Meropenem","J01D","15","0","0"
"RUS","2013","H. influenzae","Meropenem","J01D","4","0","0"
"RUS","2014","H. influenzae","Meropenem","J01D","18","0","0"
"RUS","2015","H. influenzae","Meropenem","J01D","6","0","0"
"RUS","2016","H. influenzae","Meropenem","J01D","5","0","0"
"RUS","2017","H. influenzae","Meropenem","J01D","11","0","0"
"RUS","2018","H. influenzae","Meropenem","J01D","5","0","0"
"SAU","2009","H. influenzae","Meropenem","J01D","14","0","0"
"SAU","2011","H. influenzae","Meropenem","J01D","14","0","0"
"SAU","2012","H. influenzae","Meropenem","J01D","23","0","0"
"SAU","2013","H. influenzae","Meropenem","J01D","7","0","0"
"SAU","2016","H. influenzae","Meropenem","J01D","13","0","0"
"SAU","2018","H. influenzae","Meropenem","J01D","9","0","0"
"SRB","2017","H. influenzae","Meropenem","J01D","15","0","0"
"SGP","2005","H. influenzae","Meropenem","J01D","3","0","0"
"SGP","2006","H. influenzae","Meropenem","J01D","9","0","0"
"SGP","2007","H. influenzae","Meropenem","J01D","35","0","0"
"SGP","2008","H. influenzae","Meropenem","J01D","8","0","0"
"SGP","2009","H. influenzae","Meropenem","J01D","13","0","0"
"SGP","2010","H. influenzae","Meropenem","J01D","11","0","0"
"SGP","2011","H. influenzae","Meropenem","J01D","1","0","0"
"SGP","2014","H. influenzae","Meropenem","J01D","2","0","0"
"SGP","2015","H. influenzae","Meropenem","J01D","13","0","0"
"SGP","2018","H. influenzae","Meropenem","J01D","10","0","0"
"SVK","2007","H. influenzae","Meropenem","J01D","30","0","0"
"SVK","2008","H. influenzae","Meropenem","J01D","3","0","0"
"SVK","2009","H. influenzae","Meropenem","J01D","27","0","0"
"SVK","2011","H. influenzae","Meropenem","J01D","10","0","0"
"SVN","2006","H. influenzae","Meropenem","J01D","15","0","0"
"SVN","2007","H. influenzae","Meropenem","J01D","19","0","0"
"SVN","2008","H. influenzae","Meropenem","J01D","37","0","0"
"SVN","2009","H. influenzae","Meropenem","J01D","22","0","0"
"SVN","2010","H. influenzae","Meropenem","J01D","8","0","0"
"ZAF","2005","H. influenzae","Meropenem","J01D","7","0","0"
"ZAF","2006","H. influenzae","Meropenem","J01D","32","0","0"
"ZAF","2007","H. influenzae","Meropenem","J01D","69","0","0"
"ZAF","2008","H. influenzae","Meropenem","J01D","5","0","0"
"ZAF","2009","H. influenzae","Meropenem","J01D","10","0","0"
"ZAF","2011","H. influenzae","Meropenem","J01D","14","0","0"
"ZAF","2012","H. influenzae","Meropenem","J01D","6","0","0"
"ZAF","2013","H. influenzae","Meropenem","J01D","22","0","0"
"ZAF","2014","H. influenzae","Meropenem","J01D","12","0","0"
"ZAF","2015","H. influenzae","Meropenem","J01D","28","0","0"
"ZAF","2016","H. influenzae","Meropenem","J01D","43","0","0"
"ZAF","2017","H. influenzae","Meropenem","J01D","51","0","0"
"ZAF","2018","H. influenzae","Meropenem","J01D","31","0","0"
"ESP","2004","H. influenzae","Meropenem","J01D","1","0","0"
"ESP","2005","H. influenzae","Meropenem","J01D","3","0","0"
"ESP","2006","H. influenzae","Meropenem","J01D","2","0","0"
"ESP","2007","H. influenzae","Meropenem","J01D","82","0","0"
"ESP","2008","H. influenzae","Meropenem","J01D","227","0","0"
"ESP","2009","H. influenzae","Meropenem","J01D","182","0","0"
"ESP","2010","H. influenzae","Meropenem","J01D","123","0","0"
"ESP","2011","H. influenzae","Meropenem","J01D","208","0","0"
"ESP","2012","H. influenzae","Meropenem","J01D","199","0","0"
"ESP","2013","H. influenzae","Meropenem","J01D","306","0","0"
"ESP","2014","H. influenzae","Meropenem","J01D","232","0","0"
"ESP","2015","H. influenzae","Meropenem","J01D","247","0","0"
"ESP","2016","H. influenzae","Meropenem","J01D","231","0","0"
"ESP","2017","H. influenzae","Meropenem","J01D","225","0","0"
"ESP","2018","H. influenzae","Meropenem","J01D","106","0","0"
"SWE","2005","H. influenzae","Meropenem","J01D","5","0","0"
"SWE","2006","H. influenzae","Meropenem","J01D","4","0","0"
"SWE","2007","H. influenzae","Meropenem","J01D","43","0","0"
"SWE","2008","H. influenzae","Meropenem","J01D","27","0","0"
"SWE","2009","H. influenzae","Meropenem","J01D","40","0","0"
"SWE","2010","H. influenzae","Meropenem","J01D","32","0","0"
"SWE","2011","H. influenzae","Meropenem","J01D","41","0","0"
"SWE","2012","H. influenzae","Meropenem","J01D","23","0","0"
"SWE","2013","H. influenzae","Meropenem","J01D","26","0","0"
"SWE","2014","H. influenzae","Meropenem","J01D","17","0","0"
"SWE","2017","H. influenzae","Meropenem","J01D","9","0","0"
"SWE","2018","H. influenzae","Meropenem","J01D","9","0","0"
"CHE","2008","H. influenzae","Meropenem","J01D","20","0","0"
"CHE","2009","H. influenzae","Meropenem","J01D","13","0","0"
"CHE","2010","H. influenzae","Meropenem","J01D","11","0","0"
"CHE","2011","H. influenzae","Meropenem","J01D","7","0","0"
"CHE","2012","H. influenzae","Meropenem","J01D","36","0","0"
"CHE","2013","H. influenzae","Meropenem","J01D","53","0","0"
"CHE","2014","H. influenzae","Meropenem","J01D","32","0","0"
"CHE","2015","H. influenzae","Meropenem","J01D","23","0","0"
"CHE","2016","H. influenzae","Meropenem","J01D","30","0","0"
"CHE","2017","H. influenzae","Meropenem","J01D","18","0","0"
"CHE","2018","H. influenzae","Meropenem","J01D","19","0","0"
"TWN","2006","H. influenzae","Meropenem","J01D","34","0","0"
"TWN","2007","H. influenzae","Meropenem","J01D","38","0","0"
"TWN","2008","H. influenzae","Meropenem","J01D","5","0","0"
"TWN","2009","H. influenzae","Meropenem","J01D","11","0","0"
"TWN","2012","H. influenzae","Meropenem","J01D","1","0","0"
"TWN","2013","H. influenzae","Meropenem","J01D","3","0","0"
"TWN","2014","H. influenzae","Meropenem","J01D","12","0","0"
"TWN","2015","H. influenzae","Meropenem","J01D","31","0","0"
"TWN","2016","H. influenzae","Meropenem","J01D","46","0","0"
"TWN","2017","H. influenzae","Meropenem","J01D","39","0","0"
"TWN","2018","H. influenzae","Meropenem","J01D","26","0","0"
"THA","2008","H. influenzae","Meropenem","J01D","29","0","0"
"THA","2010","H. influenzae","Meropenem","J01D","7","0","0"
"THA","2012","H. influenzae","Meropenem","J01D","2","0","0"
"THA","2013","H. influenzae","Meropenem","J01D","8","0","0"
"THA","2014","H. influenzae","Meropenem","J01D","11","0","0"
"THA","2015","H. influenzae","Meropenem","J01D","29","0","0"
"THA","2016","H. influenzae","Meropenem","J01D","24","0","0"
"THA","2017","H. influenzae","Meropenem","J01D","42","0","0"
"THA","2018","H. influenzae","Meropenem","J01D","21","0","0"
"TUN","2011","H. influenzae","Meropenem","J01D","16","0","0"
"TUN","2012","H. influenzae","Meropenem","J01D","17","0","0"
"TUN","2013","H. influenzae","Meropenem","J01D","13","0","0"
"TUR","2004","H. influenzae","Meropenem","J01D","1","0","0"
"TUR","2005","H. influenzae","Meropenem","J01D","2","0","0"
"TUR","2008","H. influenzae","Meropenem","J01D","11","0","0"
"TUR","2012","H. influenzae","Meropenem","J01D","4","0","0"
"TUR","2013","H. influenzae","Meropenem","J01D","2","0","0"
"TUR","2014","H. influenzae","Meropenem","J01D","7","0","0"
"TUR","2015","H. influenzae","Meropenem","J01D","10","0","0"
"TUR","2016","H. influenzae","Meropenem","J01D","14","0","0"
"TUR","2017","H. influenzae","Meropenem","J01D","12","0","0"
"TUR","2018","H. influenzae","Meropenem","J01D","4","0","0"
"UKR","2018","H. influenzae","Meropenem","J01D","11","0","0"
"GBR","2004","H. influenzae","Meropenem","J01D","3","0","0"
"GBR","2007","H. influenzae","Meropenem","J01D","15","0","0"
"GBR","2008","H. influenzae","Meropenem","J01D","6","0","0"
"GBR","2009","H. influenzae","Meropenem","J01D","16","0","0"
"GBR","2010","H. influenzae","Meropenem","J01D","28","0","0"
"GBR","2011","H. influenzae","Meropenem","J01D","27","0","0"
"GBR","2012","H. influenzae","Meropenem","J01D","17","0","0"
"GBR","2013","H. influenzae","Meropenem","J01D","52","0","0"
"GBR","2014","H. influenzae","Meropenem","J01D","41","0","0"
"GBR","2015","H. influenzae","Meropenem","J01D","50","0","0"
"GBR","2016","H. influenzae","Meropenem","J01D","71","0","0"
"GBR","2017","H. influenzae","Meropenem","J01D","64","0","0"
"GBR","2018","H. influenzae","Meropenem","J01D","46","0","0"
"USA","2004","H. influenzae","Meropenem","J01D","35","0","0"
"USA","2005","H. influenzae","Meropenem","J01D","73","0","0"
"USA","2006","H. influenzae","Meropenem","J01D","422","0","0"
"USA","2007","H. influenzae","Meropenem","J01D","959","0","0"
"USA","2008","H. influenzae","Meropenem","J01D","336","0","0"
"USA","2009","H. influenzae","Meropenem","J01D","403","0","0"
"USA","2010","H. influenzae","Meropenem","J01D","307","0","0"
"USA","2011","H. influenzae","Meropenem","J01D","378","0","0"
"USA","2012","H. influenzae","Meropenem","J01D","384","0","0"
"USA","2013","H. influenzae","Meropenem","J01D","488","0","0"
"USA","2014","H. influenzae","Meropenem","J01D","323","0","0"
"USA","2015","H. influenzae","Meropenem","J01D","328","0","0"
"USA","2016","H. influenzae","Meropenem","J01D","322","0","0"
"USA","2017","H. influenzae","Meropenem","J01D","117","0","0"
"USA","2018","H. influenzae","Meropenem","J01D","189","0","0"
"VEN","2007","H. influenzae","Meropenem","J01D","24","0","0"
"VEN","2008","H. influenzae","Meropenem","J01D","6","0","0"
"VEN","2009","H. influenzae","Meropenem","J01D","26","0","0"
"VEN","2010","H. influenzae","Meropenem","J01D","1","0","0"
"VEN","2011","H. influenzae","Meropenem","J01D","15","0","0"
"VEN","2012","H. influenzae","Meropenem","J01D","3","0","0"
"VEN","2013","H. influenzae","Meropenem","J01D","6","0","0"
"VEN","2014","H. influenzae","Meropenem","J01D","4","0","0"
"VEN","2015","H. influenzae","Meropenem","J01D","16","0","0"
"VEN","2016","H. influenzae","Meropenem","J01D","17","0","0"
"VEN","2017","H. influenzae","Meropenem","J01D","3","0","0"
"VEN","2018","H. influenzae","Meropenem","J01D","4","0","0"
"VNM","2016","H. influenzae","Meropenem","J01D","8","0","0"
"ARG","2012","Morganella spp.","Tigecycline","J01A","8","2","25"
"ARG","2013","Morganella spp.","Tigecycline","J01A","8","0","0"
"ARG","2014","Morganella spp.","Tigecycline","J01A","9","1","11.11"
"ARG","2015","Morganella spp.","Tigecycline","J01A","9","0","0"
"ARG","2016","Morganella spp.","Tigecycline","J01A","10","0","0"
"ARG","2017","Morganella spp.","Tigecycline","J01A","9","0","0"
"ARG","2018","Morganella spp.","Tigecycline","J01A","8","0","0"
"AUS","2012","Morganella spp.","Tigecycline","J01A","8","1","12.5"
"AUS","2013","Morganella spp.","Tigecycline","J01A","12","0","0"
"AUS","2014","Morganella spp.","Tigecycline","J01A","8","0","0"
"AUS","2015","Morganella spp.","Tigecycline","J01A","9","0","0"
"AUS","2016","Morganella spp.","Tigecycline","J01A","10","0","0"
"AUS","2017","Morganella spp.","Tigecycline","J01A","10","0","0"
"AUS","2018","Morganella spp.","Tigecycline","J01A","13","0","0"
"AUT","2012","Morganella spp.","Tigecycline","J01A","7","0","0"
"AUT","2013","Morganella spp.","Tigecycline","J01A","10","0","0"
"AUT","2014","Morganella spp.","Tigecycline","J01A","10","0","0"
"AUT","2015","Morganella spp.","Tigecycline","J01A","2","0","0"
"AUT","2016","Morganella spp.","Tigecycline","J01A","9","0","0"
"BEL","2012","Morganella spp.","Tigecycline","J01A","6","0","0"
"BEL","2013","Morganella spp.","Tigecycline","J01A","13","0","0"
"BEL","2014","Morganella spp.","Tigecycline","J01A","12","0","0"
"BEL","2015","Morganella spp.","Tigecycline","J01A","12","0","0"
"BEL","2016","Morganella spp.","Tigecycline","J01A","13","1","7.69"
"BEL","2017","Morganella spp.","Tigecycline","J01A","13","0","0"
"BEL","2018","Morganella spp.","Tigecycline","J01A","19","0","0"
"BRA","2013","Morganella spp.","Tigecycline","J01A","10","0","0"
"BRA","2014","Morganella spp.","Tigecycline","J01A","9","0","0"
"BRA","2015","Morganella spp.","Tigecycline","J01A","7","0","0"
"BRA","2016","Morganella spp.","Tigecycline","J01A","8","0","0"
"BRA","2017","Morganella spp.","Tigecycline","J01A","19","0","0"
"BRA","2018","Morganella spp.","Tigecycline","J01A","19","1","5.26"
"CAN","2018","Morganella spp.","Tigecycline","J01A","26","1","3.85"
"CHL","2012","Morganella spp.","Tigecycline","J01A","10","0","0"
"CHL","2013","Morganella spp.","Tigecycline","J01A","8","0","0"
"CHL","2014","Morganella spp.","Tigecycline","J01A","11","0","0"
"CHL","2015","Morganella spp.","Tigecycline","J01A","11","0","0"
"CHL","2016","Morganella spp.","Tigecycline","J01A","7","1","14.29"
"CHL","2017","Morganella spp.","Tigecycline","J01A","7","0","0"
"CHL","2018","Morganella spp.","Tigecycline","J01A","12","1","8.33"
"CHN","2012","Morganella spp.","Tigecycline","J01A","14","1","7.14"
"CHN","2013","Morganella spp.","Tigecycline","J01A","19","1","5.26"
"CHN","2014","Morganella spp.","Tigecycline","J01A","15","2","13.33"
"CHN","2015","Morganella spp.","Tigecycline","J01A","13","0","0"
"CHN","2016","Morganella spp.","Tigecycline","J01A","19","0","0"
"CHN","2017","Morganella spp.","Tigecycline","J01A","15","0","0"
"CHN","2018","Morganella spp.","Tigecycline","J01A","50","2","4"
"COL","2012","Morganella spp.","Tigecycline","J01A","9","0","0"
"COL","2013","Morganella spp.","Tigecycline","J01A","7","0","0"
"COL","2014","Morganella spp.","Tigecycline","J01A","4","0","0"
"COL","2015","Morganella spp.","Tigecycline","J01A","9","0","0"
"COL","2016","Morganella spp.","Tigecycline","J01A","10","0","0"
"COL","2017","Morganella spp.","Tigecycline","J01A","9","0","0"
"COL","2018","Morganella spp.","Tigecycline","J01A","16","0","0"
"CRI","2018","Morganella spp.","Tigecycline","J01A","2","0","0"
"HRV","2018","Morganella spp.","Tigecycline","J01A","9","0","0"
"CZE","2012","Morganella spp.","Tigecycline","J01A","13","5","38.46"
"CZE","2013","Morganella spp.","Tigecycline","J01A","13","0","0"
"CZE","2014","Morganella spp.","Tigecycline","J01A","10","0","0"
"CZE","2015","Morganella spp.","Tigecycline","J01A","8","0","0"
"CZE","2016","Morganella spp.","Tigecycline","J01A","11","0","0"
"CZE","2017","Morganella spp.","Tigecycline","J01A","14","1","7.14"
"CZE","2018","Morganella spp.","Tigecycline","J01A","14","1","7.14"
"DNK","2012","Morganella spp.","Tigecycline","J01A","2","1","50"
"DNK","2013","Morganella spp.","Tigecycline","J01A","5","0","0"
"DNK","2014","Morganella spp.","Tigecycline","J01A","8","0","0"
"DNK","2015","Morganella spp.","Tigecycline","J01A","9","0","0"
"DNK","2016","Morganella spp.","Tigecycline","J01A","3","0","0"
"DNK","2017","Morganella spp.","Tigecycline","J01A","3","0","0"
"DNK","2018","Morganella spp.","Tigecycline","J01A","3","0","0"
"DOM","2018","Morganella spp.","Tigecycline","J01A","3","0","0"
"FIN","2018","Morganella spp.","Tigecycline","J01A","1","0","0"
"FRA","2012","Morganella spp.","Tigecycline","J01A","6","4","66.67"
"FRA","2013","Morganella spp.","Tigecycline","J01A","12","0","0"
"FRA","2014","Morganella spp.","Tigecycline","J01A","15","1","6.67"
"FRA","2015","Morganella spp.","Tigecycline","J01A","13","0","0"
"FRA","2016","Morganella spp.","Tigecycline","J01A","19","0","0"
"FRA","2017","Morganella spp.","Tigecycline","J01A","14","0","0"
"FRA","2018","Morganella spp.","Tigecycline","J01A","29","1","3.45"
"DEU","2012","Morganella spp.","Tigecycline","J01A","7","1","14.29"
"DEU","2013","Morganella spp.","Tigecycline","J01A","16","1","6.25"
"DEU","2014","Morganella spp.","Tigecycline","J01A","15","0","0"
"DEU","2015","Morganella spp.","Tigecycline","J01A","16","0","0"
"DEU","2016","Morganella spp.","Tigecycline","J01A","14","0","0"
"DEU","2017","Morganella spp.","Tigecycline","J01A","13","0","0"
"DEU","2018","Morganella spp.","Tigecycline","J01A","30","1","3.33"
"GRC","2012","Morganella spp.","Tigecycline","J01A","6","0","0"
"GRC","2013","Morganella spp.","Tigecycline","J01A","12","0","0"
"GRC","2014","Morganella spp.","Tigecycline","J01A","13","1","7.69"
"GRC","2015","Morganella spp.","Tigecycline","J01A","7","0","0"
"GRC","2016","Morganella spp.","Tigecycline","J01A","21","0","0"
"GRC","2017","Morganella spp.","Tigecycline","J01A","15","0","0"
"GRC","2018","Morganella spp.","Tigecycline","J01A","10","1","10"
"GTM","2018","Morganella spp.","Tigecycline","J01A","8","0","0"
"HKG","2013","Morganella spp.","Tigecycline","J01A","2","0","0"
"HKG","2014","Morganella spp.","Tigecycline","J01A","2","0","0"
"HKG","2018","Morganella spp.","Tigecycline","J01A","3","0","0"
"HUN","2012","Morganella spp.","Tigecycline","J01A","7","0","0"
"HUN","2013","Morganella spp.","Tigecycline","J01A","12","1","8.33"
"HUN","2014","Morganella spp.","Tigecycline","J01A","9","0","0"
"HUN","2015","Morganella spp.","Tigecycline","J01A","8","0","0"
"HUN","2016","Morganella spp.","Tigecycline","J01A","12","0","0"
"HUN","2017","Morganella spp.","Tigecycline","J01A","12","0","0"
"HUN","2018","Morganella spp.","Tigecycline","J01A","12","0","0"
"IND","2018","Morganella spp.","Tigecycline","J01A","14","0","0"
"IRL","2013","Morganella spp.","Tigecycline","J01A","3","1","33.33"
"IRL","2018","Morganella spp.","Tigecycline","J01A","8","0","0"
"ISR","2012","Morganella spp.","Tigecycline","J01A","9","0","0"
"ISR","2013","Morganella spp.","Tigecycline","J01A","14","2","14.29"
"ISR","2014","Morganella spp.","Tigecycline","J01A","10","2","20"
"ISR","2015","Morganella spp.","Tigecycline","J01A","11","5","45.45"
"ISR","2016","Morganella spp.","Tigecycline","J01A","10","0","0"
"ISR","2017","Morganella spp.","Tigecycline","J01A","15","0","0"
"ISR","2018","Morganella spp.","Tigecycline","J01A","12","1","8.33"
"ITA","2012","Morganella spp.","Tigecycline","J01A","9","2","22.22"
"ITA","2013","Morganella spp.","Tigecycline","J01A","13","0","0"
"ITA","2014","Morganella spp.","Tigecycline","J01A","14","0","0"
"ITA","2015","Morganella spp.","Tigecycline","J01A","10","0","0"
"ITA","2016","Morganella spp.","Tigecycline","J01A","13","1","7.69"
"ITA","2017","Morganella spp.","Tigecycline","J01A","11","0","0"
"ITA","2018","Morganella spp.","Tigecycline","J01A","31","3","9.68"
"JPN","2012","Morganella spp.","Tigecycline","J01A","6","0","0"
"JPN","2013","Morganella spp.","Tigecycline","J01A","8","0","0"
"JPN","2014","Morganella spp.","Tigecycline","J01A","5","0","0"
"JPN","2015","Morganella spp.","Tigecycline","J01A","3","0","0"
"JPN","2016","Morganella spp.","Tigecycline","J01A","5","0","0"
"JPN","2017","Morganella spp.","Tigecycline","J01A","7","0","0"
"JPN","2018","Morganella spp.","Tigecycline","J01A","13","1","7.69"
"JOR","2018","Morganella spp.","Tigecycline","J01A","3","0","0"
"KEN","2013","Morganella spp.","Tigecycline","J01A","4","0","0"
"KEN","2014","Morganella spp.","Tigecycline","J01A","6","0","0"
"KOR","2012","Morganella spp.","Tigecycline","J01A","8","1","12.5"
"KOR","2013","Morganella spp.","Tigecycline","J01A","5","1","20"
"KOR","2014","Morganella spp.","Tigecycline","J01A","6","0","0"
"KOR","2015","Morganella spp.","Tigecycline","J01A","8","0","0"
"KOR","2016","Morganella spp.","Tigecycline","J01A","7","0","0"
"KOR","2017","Morganella spp.","Tigecycline","J01A","6","0","0"
"KOR","2018","Morganella spp.","Tigecycline","J01A","9","0","0"
"KWT","2012","Morganella spp.","Tigecycline","J01A","3","0","0"
"KWT","2013","Morganella spp.","Tigecycline","J01A","10","0","0"
"KWT","2014","Morganella spp.","Tigecycline","J01A","10","1","10"
"KWT","2015","Morganella spp.","Tigecycline","J01A","9","0","0"
"KWT","2016","Morganella spp.","Tigecycline","J01A","10","0","0"
"KWT","2017","Morganella spp.","Tigecycline","J01A","10","0","0"
"KWT","2018","Morganella spp.","Tigecycline","J01A","8","0","0"
"LVA","2018","Morganella spp.","Tigecycline","J01A","2","0","0"
"LTU","2018","Morganella spp.","Tigecycline","J01A","6","0","0"
"MYS","2013","Morganella spp.","Tigecycline","J01A","6","0","0"
"MYS","2014","Morganella spp.","Tigecycline","J01A","5","0","0"
"MYS","2015","Morganella spp.","Tigecycline","J01A","4","0","0"
"MYS","2018","Morganella spp.","Tigecycline","J01A","5","0","0"
"MEX","2012","Morganella spp.","Tigecycline","J01A","7","2","28.57"
"MEX","2013","Morganella spp.","Tigecycline","J01A","10","1","10"
"MEX","2014","Morganella spp.","Tigecycline","J01A","12","1","8.33"
"MEX","2015","Morganella spp.","Tigecycline","J01A","16","0","0"
"MEX","2016","Morganella spp.","Tigecycline","J01A","21","0","0"
"MEX","2017","Morganella spp.","Tigecycline","J01A","12","1","8.33"
"MEX","2018","Morganella spp.","Tigecycline","J01A","13","0","0"
"MAR","2018","Morganella spp.","Tigecycline","J01A","11","0","0"
"NLD","2012","Morganella spp.","Tigecycline","J01A","8","0","0"
"NLD","2013","Morganella spp.","Tigecycline","J01A","12","0","0"
"NLD","2014","Morganella spp.","Tigecycline","J01A","8","0","0"
"NLD","2015","Morganella spp.","Tigecycline","J01A","11","0","0"
"NLD","2016","Morganella spp.","Tigecycline","J01A","10","0","0"
"NLD","2017","Morganella spp.","Tigecycline","J01A","17","0","0"
"NLD","2018","Morganella spp.","Tigecycline","J01A","6","0","0"
"NGA","2013","Morganella spp.","Tigecycline","J01A","2","0","0"
"NGA","2014","Morganella spp.","Tigecycline","J01A","3","0","0"
"NGA","2018","Morganella spp.","Tigecycline","J01A","5","0","0"
"PAN","2018","Morganella spp.","Tigecycline","J01A","1","0","0"
"PHL","2012","Morganella spp.","Tigecycline","J01A","7","0","0"
"PHL","2013","Morganella spp.","Tigecycline","J01A","11","0","0"
"PHL","2014","Morganella spp.","Tigecycline","J01A","9","0","0"
"PHL","2015","Morganella spp.","Tigecycline","J01A","8","0","0"
"PHL","2016","Morganella spp.","Tigecycline","J01A","15","0","0"
"PHL","2017","Morganella spp.","Tigecycline","J01A","12","0","0"
"PHL","2018","Morganella spp.","Tigecycline","J01A","6","0","0"
"POL","2013","Morganella spp.","Tigecycline","J01A","9","0","0"
"POL","2014","Morganella spp.","Tigecycline","J01A","7","0","0"
"POL","2015","Morganella spp.","Tigecycline","J01A","5","0","0"
"POL","2016","Morganella spp.","Tigecycline","J01A","6","0","0"
"POL","2017","Morganella spp.","Tigecycline","J01A","11","0","0"
"POL","2018","Morganella spp.","Tigecycline","J01A","10","0","0"
"PRT","2012","Morganella spp.","Tigecycline","J01A","12","0","0"
"PRT","2013","Morganella spp.","Tigecycline","J01A","20","1","5"
"PRT","2014","Morganella spp.","Tigecycline","J01A","21","0","0"
"PRT","2015","Morganella spp.","Tigecycline","J01A","19","0","0"
"PRT","2016","Morganella spp.","Tigecycline","J01A","17","0","0"
"PRT","2017","Morganella spp.","Tigecycline","J01A","16","0","0"
"PRT","2018","Morganella spp.","Tigecycline","J01A","11","0","0"
"ROU","2012","Morganella spp.","Tigecycline","J01A","4","0","0"
"ROU","2013","Morganella spp.","Tigecycline","J01A","8","0","0"
"ROU","2014","Morganella spp.","Tigecycline","J01A","3","0","0"
"ROU","2015","Morganella spp.","Tigecycline","J01A","3","0","0"
"ROU","2016","Morganella spp.","Tigecycline","J01A","3","0","0"
"ROU","2018","Morganella spp.","Tigecycline","J01A","13","0","0"
"RUS","2012","Morganella spp.","Tigecycline","J01A","12","2","16.67"
"RUS","2013","Morganella spp.","Tigecycline","J01A","15","0","0"
"RUS","2014","Morganella spp.","Tigecycline","J01A","11","0","0"
"RUS","2015","Morganella spp.","Tigecycline","J01A","11","0","0"
"RUS","2016","Morganella spp.","Tigecycline","J01A","11","0","0"
"RUS","2017","Morganella spp.","Tigecycline","J01A","11","0","0"
"RUS","2018","Morganella spp.","Tigecycline","J01A","15","0","0"
"SAU","2018","Morganella spp.","Tigecycline","J01A","3","0","0"
"SGP","2018","Morganella spp.","Tigecycline","J01A","3","0","0"
"ZAF","2012","Morganella spp.","Tigecycline","J01A","8","0","0"
"ZAF","2013","Morganella spp.","Tigecycline","J01A","9","0","0"
"ZAF","2014","Morganella spp.","Tigecycline","J01A","7","0","0"
"ZAF","2015","Morganella spp.","Tigecycline","J01A","5","0","0"
"ZAF","2016","Morganella spp.","Tigecycline","J01A","9","1","11.11"
"ZAF","2017","Morganella spp.","Tigecycline","J01A","12","0","0"
"ZAF","2018","Morganella spp.","Tigecycline","J01A","13","1","7.69"
"ESP","2012","Morganella spp.","Tigecycline","J01A","11","3","27.27"
"ESP","2013","Morganella spp.","Tigecycline","J01A","17","0","0"
"ESP","2014","Morganella spp.","Tigecycline","J01A","14","0","0"
"ESP","2015","Morganella spp.","Tigecycline","J01A","15","1","6.67"
"ESP","2016","Morganella spp.","Tigecycline","J01A","14","0","0"
"ESP","2017","Morganella spp.","Tigecycline","J01A","17","0","0"
"ESP","2018","Morganella spp.","Tigecycline","J01A","31","1","3.23"
"SWE","2012","Morganella spp.","Tigecycline","J01A","5","0","0"
"SWE","2013","Morganella spp.","Tigecycline","J01A","13","2","15.38"
"SWE","2014","Morganella spp.","Tigecycline","J01A","4","0","0"
"SWE","2017","Morganella spp.","Tigecycline","J01A","3","0","0"
"SWE","2018","Morganella spp.","Tigecycline","J01A","1","1","100"
"CHE","2018","Morganella spp.","Tigecycline","J01A","6","0","0"
"TWN","2012","Morganella spp.","Tigecycline","J01A","11","1","9.09"
"TWN","2013","Morganella spp.","Tigecycline","J01A","9","0","0"
"TWN","2014","Morganella spp.","Tigecycline","J01A","10","0","0"
"TWN","2015","Morganella spp.","Tigecycline","J01A","9","0","0"
"TWN","2016","Morganella spp.","Tigecycline","J01A","10","0","0"
"TWN","2017","Morganella spp.","Tigecycline","J01A","9","0","0"
"TWN","2018","Morganella spp.","Tigecycline","J01A","12","0","0"
"THA","2012","Morganella spp.","Tigecycline","J01A","9","2","22.22"
"THA","2013","Morganella spp.","Tigecycline","J01A","9","0","0"
"THA","2014","Morganella spp.","Tigecycline","J01A","12","2","16.67"
"THA","2015","Morganella spp.","Tigecycline","J01A","11","0","0"
"THA","2016","Morganella spp.","Tigecycline","J01A","9","0","0"
"THA","2017","Morganella spp.","Tigecycline","J01A","12","0","0"
"THA","2018","Morganella spp.","Tigecycline","J01A","9","0","0"
"TUR","2012","Morganella spp.","Tigecycline","J01A","8","2","25"
"TUR","2013","Morganella spp.","Tigecycline","J01A","11","0","0"
"TUR","2014","Morganella spp.","Tigecycline","J01A","7","0","0"
"TUR","2015","Morganella spp.","Tigecycline","J01A","13","0","0"
"TUR","2016","Morganella spp.","Tigecycline","J01A","12","1","8.33"
"TUR","2017","Morganella spp.","Tigecycline","J01A","10","1","10"
"TUR","2018","Morganella spp.","Tigecycline","J01A","7","0","0"
"UKR","2018","Morganella spp.","Tigecycline","J01A","9","0","0"
"GBR","2012","Morganella spp.","Tigecycline","J01A","5","0","0"
"GBR","2013","Morganella spp.","Tigecycline","J01A","6","0","0"
"GBR","2014","Morganella spp.","Tigecycline","J01A","5","0","0"
"GBR","2015","Morganella spp.","Tigecycline","J01A","8","0","0"
"GBR","2016","Morganella spp.","Tigecycline","J01A","9","0","0"
"GBR","2017","Morganella spp.","Tigecycline","J01A","9","0","0"
"GBR","2018","Morganella spp.","Tigecycline","J01A","16","0","0"
"USA","2012","Morganella spp.","Tigecycline","J01A","38","3","7.89"
"USA","2013","Morganella spp.","Tigecycline","J01A","28","3","10.71"
"USA","2014","Morganella spp.","Tigecycline","J01A","40","3","7.5"
"USA","2015","Morganella spp.","Tigecycline","J01A","27","0","0"
"USA","2016","Morganella spp.","Tigecycline","J01A","38","2","5.26"
"USA","2018","Morganella spp.","Tigecycline","J01A","71","2","2.82"
"VEN","2012","Morganella spp.","Tigecycline","J01A","6","0","0"
"VEN","2013","Morganella spp.","Tigecycline","J01A","7","2","28.57"
"VEN","2014","Morganella spp.","Tigecycline","J01A","14","1","7.14"
"VEN","2015","Morganella spp.","Tigecycline","J01A","12","1","8.33"
"VEN","2016","Morganella spp.","Tigecycline","J01A","10","1","10"
"VEN","2017","Morganella spp.","Tigecycline","J01A","12","0","0"
"VEN","2018","Morganella spp.","Tigecycline","J01A","15","0","0"
"ARG","2014","Morganella spp.","Colistin","J01X","9","9","100"
"ARG","2015","Morganella spp.","Colistin","J01X","9","9","100"
"ARG","2016","Morganella spp.","Colistin","J01X","10","10","100"
"ARG","2017","Morganella spp.","Colistin","J01X","9","9","100"
"ARG","2018","Morganella spp.","Colistin","J01X","8","8","100"
"AUS","2014","Morganella spp.","Colistin","J01X","8","8","100"
"AUS","2015","Morganella spp.","Colistin","J01X","9","9","100"
"AUS","2016","Morganella spp.","Colistin","J01X","10","10","100"
"AUS","2017","Morganella spp.","Colistin","J01X","10","10","100"
"AUS","2018","Morganella spp.","Colistin","J01X","13","13","100"
"AUT","2014","Morganella spp.","Colistin","J01X","10","10","100"
"AUT","2015","Morganella spp.","Colistin","J01X","2","2","100"
"AUT","2016","Morganella spp.","Colistin","J01X","9","9","100"
"BEL","2014","Morganella spp.","Colistin","J01X","12","12","100"
"BEL","2015","Morganella spp.","Colistin","J01X","12","12","100"
"BEL","2016","Morganella spp.","Colistin","J01X","13","13","100"
"BEL","2017","Morganella spp.","Colistin","J01X","13","12","92.31"
"BEL","2018","Morganella spp.","Colistin","J01X","19","19","100"
"BRA","2014","Morganella spp.","Colistin","J01X","9","9","100"
"BRA","2015","Morganella spp.","Colistin","J01X","7","7","100"
"BRA","2016","Morganella spp.","Colistin","J01X","8","8","100"
"BRA","2017","Morganella spp.","Colistin","J01X","19","19","100"
"BRA","2018","Morganella spp.","Colistin","J01X","19","19","100"
"CAN","2018","Morganella spp.","Colistin","J01X","26","26","100"
"CHL","2014","Morganella spp.","Colistin","J01X","11","11","100"
"CHL","2015","Morganella spp.","Colistin","J01X","11","11","100"
"CHL","2016","Morganella spp.","Colistin","J01X","7","7","100"
"CHL","2017","Morganella spp.","Colistin","J01X","7","6","85.71"
"CHL","2018","Morganella spp.","Colistin","J01X","12","11","91.67"
"CHN","2014","Morganella spp.","Colistin","J01X","15","14","93.33"
"CHN","2015","Morganella spp.","Colistin","J01X","13","12","92.31"
"CHN","2016","Morganella spp.","Colistin","J01X","19","19","100"
"CHN","2017","Morganella spp.","Colistin","J01X","15","15","100"
"CHN","2018","Morganella spp.","Colistin","J01X","50","49","98"
"COL","2014","Morganella spp.","Colistin","J01X","4","4","100"
"COL","2015","Morganella spp.","Colistin","J01X","9","9","100"
"COL","2016","Morganella spp.","Colistin","J01X","10","10","100"
"COL","2017","Morganella spp.","Colistin","J01X","9","9","100"
"COL","2018","Morganella spp.","Colistin","J01X","16","16","100"
"CRI","2018","Morganella spp.","Colistin","J01X","2","2","100"
"HRV","2018","Morganella spp.","Colistin","J01X","9","9","100"
"CZE","2014","Morganella spp.","Colistin","J01X","10","10","100"
"CZE","2015","Morganella spp.","Colistin","J01X","8","8","100"
"CZE","2016","Morganella spp.","Colistin","J01X","11","11","100"
"CZE","2017","Morganella spp.","Colistin","J01X","14","14","100"
"CZE","2018","Morganella spp.","Colistin","J01X","14","14","100"
"DNK","2014","Morganella spp.","Colistin","J01X","8","8","100"
"DNK","2015","Morganella spp.","Colistin","J01X","9","9","100"
"DNK","2016","Morganella spp.","Colistin","J01X","3","3","100"
"DNK","2017","Morganella spp.","Colistin","J01X","3","3","100"
"DNK","2018","Morganella spp.","Colistin","J01X","3","3","100"
"DOM","2018","Morganella spp.","Colistin","J01X","3","3","100"
"FIN","2018","Morganella spp.","Colistin","J01X","1","1","100"
"FRA","2014","Morganella spp.","Colistin","J01X","15","15","100"
"FRA","2015","Morganella spp.","Colistin","J01X","13","13","100"
"FRA","2016","Morganella spp.","Colistin","J01X","19","19","100"
"FRA","2017","Morganella spp.","Colistin","J01X","14","14","100"
"FRA","2018","Morganella spp.","Colistin","J01X","29","29","100"
"DEU","2014","Morganella spp.","Colistin","J01X","15","15","100"
"DEU","2015","Morganella spp.","Colistin","J01X","16","16","100"
"DEU","2016","Morganella spp.","Colistin","J01X","14","14","100"
"DEU","2017","Morganella spp.","Colistin","J01X","13","12","92.31"
"DEU","2018","Morganella spp.","Colistin","J01X","30","29","96.67"
"GRC","2014","Morganella spp.","Colistin","J01X","13","13","100"
"GRC","2015","Morganella spp.","Colistin","J01X","7","7","100"
"GRC","2016","Morganella spp.","Colistin","J01X","21","21","100"
"GRC","2017","Morganella spp.","Colistin","J01X","15","15","100"
"GRC","2018","Morganella spp.","Colistin","J01X","10","10","100"
"GTM","2018","Morganella spp.","Colistin","J01X","8","8","100"
"HKG","2014","Morganella spp.","Colistin","J01X","2","2","100"
"HKG","2018","Morganella spp.","Colistin","J01X","3","3","100"
"HUN","2014","Morganella spp.","Colistin","J01X","9","9","100"
"HUN","2015","Morganella spp.","Colistin","J01X","8","8","100"
"HUN","2016","Morganella spp.","Colistin","J01X","12","12","100"
"HUN","2017","Morganella spp.","Colistin","J01X","12","12","100"
"HUN","2018","Morganella spp.","Colistin","J01X","12","12","100"
"IND","2018","Morganella spp.","Colistin","J01X","14","14","100"
"IRL","2018","Morganella spp.","Colistin","J01X","8","8","100"
"ISR","2014","Morganella spp.","Colistin","J01X","10","10","100"
"ISR","2015","Morganella spp.","Colistin","J01X","11","11","100"
"ISR","2016","Morganella spp.","Colistin","J01X","10","10","100"
"ISR","2017","Morganella spp.","Colistin","J01X","15","15","100"
"ISR","2018","Morganella spp.","Colistin","J01X","12","12","100"
"ITA","2014","Morganella spp.","Colistin","J01X","14","14","100"
"ITA","2015","Morganella spp.","Colistin","J01X","10","10","100"
"ITA","2016","Morganella spp.","Colistin","J01X","13","13","100"
"ITA","2017","Morganella spp.","Colistin","J01X","11","11","100"
"ITA","2018","Morganella spp.","Colistin","J01X","31","28","90.32"
"JPN","2014","Morganella spp.","Colistin","J01X","5","5","100"
"JPN","2015","Morganella spp.","Colistin","J01X","3","3","100"
"JPN","2016","Morganella spp.","Colistin","J01X","5","5","100"
"JPN","2017","Morganella spp.","Colistin","J01X","7","7","100"
"JPN","2018","Morganella spp.","Colistin","J01X","13","13","100"
"JOR","2018","Morganella spp.","Colistin","J01X","3","3","100"
"KEN","2014","Morganella spp.","Colistin","J01X","6","6","100"
"KOR","2014","Morganella spp.","Colistin","J01X","6","6","100"
"KOR","2015","Morganella spp.","Colistin","J01X","8","8","100"
"KOR","2016","Morganella spp.","Colistin","J01X","7","7","100"
"KOR","2017","Morganella spp.","Colistin","J01X","6","6","100"
"KOR","2018","Morganella spp.","Colistin","J01X","9","9","100"
"KWT","2014","Morganella spp.","Colistin","J01X","10","10","100"
"KWT","2015","Morganella spp.","Colistin","J01X","9","9","100"
"KWT","2016","Morganella spp.","Colistin","J01X","10","10","100"
"KWT","2017","Morganella spp.","Colistin","J01X","10","10","100"
"KWT","2018","Morganella spp.","Colistin","J01X","8","8","100"
"LVA","2018","Morganella spp.","Colistin","J01X","2","2","100"
"LTU","2018","Morganella spp.","Colistin","J01X","6","6","100"
"MYS","2014","Morganella spp.","Colistin","J01X","5","5","100"
"MYS","2015","Morganella spp.","Colistin","J01X","4","4","100"
"MYS","2018","Morganella spp.","Colistin","J01X","5","5","100"
"MEX","2014","Morganella spp.","Colistin","J01X","12","12","100"
"MEX","2015","Morganella spp.","Colistin","J01X","16","16","100"
"MEX","2016","Morganella spp.","Colistin","J01X","21","21","100"
"MEX","2017","Morganella spp.","Colistin","J01X","12","12","100"
"MEX","2018","Morganella spp.","Colistin","J01X","13","13","100"
"MAR","2018","Morganella spp.","Colistin","J01X","11","11","100"
"NLD","2014","Morganella spp.","Colistin","J01X","8","8","100"
"NLD","2015","Morganella spp.","Colistin","J01X","11","11","100"
"NLD","2016","Morganella spp.","Colistin","J01X","10","10","100"
"NLD","2017","Morganella spp.","Colistin","J01X","17","17","100"
"NLD","2018","Morganella spp.","Colistin","J01X","6","6","100"
"NGA","2014","Morganella spp.","Colistin","J01X","3","3","100"
"NGA","2018","Morganella spp.","Colistin","J01X","5","5","100"
"PAN","2018","Morganella spp.","Colistin","J01X","1","1","100"
"PHL","2014","Morganella spp.","Colistin","J01X","9","9","100"
"PHL","2015","Morganella spp.","Colistin","J01X","8","8","100"
"PHL","2016","Morganella spp.","Colistin","J01X","15","15","100"
"PHL","2017","Morganella spp.","Colistin","J01X","12","12","100"
"PHL","2018","Morganella spp.","Colistin","J01X","6","6","100"
"POL","2014","Morganella spp.","Colistin","J01X","7","7","100"
"POL","2015","Morganella spp.","Colistin","J01X","5","5","100"
"POL","2016","Morganella spp.","Colistin","J01X","6","6","100"
"POL","2017","Morganella spp.","Colistin","J01X","11","11","100"
"POL","2018","Morganella spp.","Colistin","J01X","10","9","90"
"PRT","2014","Morganella spp.","Colistin","J01X","21","21","100"
"PRT","2015","Morganella spp.","Colistin","J01X","19","19","100"
"PRT","2016","Morganella spp.","Colistin","J01X","17","16","94.12"
"PRT","2017","Morganella spp.","Colistin","J01X","16","16","100"
"PRT","2018","Morganella spp.","Colistin","J01X","11","11","100"
"ROU","2014","Morganella spp.","Colistin","J01X","3","3","100"
"ROU","2015","Morganella spp.","Colistin","J01X","3","3","100"
"ROU","2016","Morganella spp.","Colistin","J01X","3","3","100"
"ROU","2018","Morganella spp.","Colistin","J01X","13","13","100"
"RUS","2014","Morganella spp.","Colistin","J01X","11","11","100"
"RUS","2015","Morganella spp.","Colistin","J01X","11","11","100"
"RUS","2016","Morganella spp.","Colistin","J01X","11","11","100"
"RUS","2017","Morganella spp.","Colistin","J01X","11","11","100"
"RUS","2018","Morganella spp.","Colistin","J01X","15","14","93.33"
"SAU","2018","Morganella spp.","Colistin","J01X","3","3","100"
"SGP","2018","Morganella spp.","Colistin","J01X","3","3","100"
"ZAF","2014","Morganella spp.","Colistin","J01X","7","7","100"
"ZAF","2015","Morganella spp.","Colistin","J01X","5","5","100"
"ZAF","2016","Morganella spp.","Colistin","J01X","9","9","100"
"ZAF","2017","Morganella spp.","Colistin","J01X","12","12","100"
"ZAF","2018","Morganella spp.","Colistin","J01X","13","13","100"
"ESP","2014","Morganella spp.","Colistin","J01X","14","14","100"
"ESP","2015","Morganella spp.","Colistin","J01X","15","15","100"
"ESP","2016","Morganella spp.","Colistin","J01X","14","14","100"
"ESP","2017","Morganella spp.","Colistin","J01X","17","16","94.12"
"ESP","2018","Morganella spp.","Colistin","J01X","31","31","100"
"SWE","2014","Morganella spp.","Colistin","J01X","4","4","100"
"SWE","2017","Morganella spp.","Colistin","J01X","3","3","100"
"SWE","2018","Morganella spp.","Colistin","J01X","1","1","100"
"CHE","2018","Morganella spp.","Colistin","J01X","6","6","100"
"TWN","2014","Morganella spp.","Colistin","J01X","10","10","100"
"TWN","2015","Morganella spp.","Colistin","J01X","9","9","100"
"TWN","2016","Morganella spp.","Colistin","J01X","10","10","100"
"TWN","2017","Morganella spp.","Colistin","J01X","9","9","100"
"TWN","2018","Morganella spp.","Colistin","J01X","12","12","100"
"THA","2014","Morganella spp.","Colistin","J01X","12","12","100"
"THA","2015","Morganella spp.","Colistin","J01X","11","11","100"
"THA","2016","Morganella spp.","Colistin","J01X","9","9","100"
"THA","2017","Morganella spp.","Colistin","J01X","12","12","100"
"THA","2018","Morganella spp.","Colistin","J01X","9","9","100"
"TUR","2014","Morganella spp.","Colistin","J01X","7","7","100"
"TUR","2015","Morganella spp.","Colistin","J01X","13","13","100"
"TUR","2016","Morganella spp.","Colistin","J01X","12","12","100"
"TUR","2017","Morganella spp.","Colistin","J01X","10","10","100"
"TUR","2018","Morganella spp.","Colistin","J01X","7","7","100"
"UKR","2018","Morganella spp.","Colistin","J01X","9","9","100"
"GBR","2014","Morganella spp.","Colistin","J01X","5","5","100"
"GBR","2015","Morganella spp.","Colistin","J01X","8","8","100"
"GBR","2016","Morganella spp.","Colistin","J01X","9","9","100"
"GBR","2017","Morganella spp.","Colistin","J01X","9","9","100"
"GBR","2018","Morganella spp.","Colistin","J01X","16","16","100"
"USA","2014","Morganella spp.","Colistin","J01X","40","39","97.5"
"USA","2015","Morganella spp.","Colistin","J01X","27","27","100"
"USA","2016","Morganella spp.","Colistin","J01X","38","38","100"
"USA","2018","Morganella spp.","Colistin","J01X","71","70","98.59"
"VEN","2014","Morganella spp.","Colistin","J01X","14","12","85.71"
"VEN","2015","Morganella spp.","Colistin","J01X","12","12","100"
"VEN","2016","Morganella spp.","Colistin","J01X","10","10","100"
"VEN","2017","Morganella spp.","Colistin","J01X","12","12","100"
"VEN","2018","Morganella spp.","Colistin","J01X","15","15","100"
"ARG","2012","Morganella spp.","Aztreonam","J01D","8","0","0"
"ARG","2013","Morganella spp.","Aztreonam","J01D","8","0","0"
"ARG","2014","Morganella spp.","Aztreonam","J01D","9","1","11.11"
"ARG","2015","Morganella spp.","Aztreonam","J01D","9","0","0"
"ARG","2016","Morganella spp.","Aztreonam","J01D","10","1","10"
"ARG","2017","Morganella spp.","Aztreonam","J01D","9","1","11.11"
"ARG","2018","Morganella spp.","Aztreonam","J01D","8","1","12.5"
"AUS","2012","Morganella spp.","Aztreonam","J01D","8","0","0"
"AUS","2013","Morganella spp.","Aztreonam","J01D","12","1","8.33"
"AUS","2014","Morganella spp.","Aztreonam","J01D","8","0","0"
"AUS","2015","Morganella spp.","Aztreonam","J01D","9","0","0"
"AUS","2016","Morganella spp.","Aztreonam","J01D","10","0","0"
"AUS","2017","Morganella spp.","Aztreonam","J01D","10","0","0"
"AUS","2018","Morganella spp.","Aztreonam","J01D","13","0","0"
"AUT","2012","Morganella spp.","Aztreonam","J01D","7","0","0"
"AUT","2013","Morganella spp.","Aztreonam","J01D","10","0","0"
"AUT","2014","Morganella spp.","Aztreonam","J01D","10","1","10"
"AUT","2015","Morganella spp.","Aztreonam","J01D","2","0","0"
"AUT","2016","Morganella spp.","Aztreonam","J01D","9","0","0"
"BEL","2012","Morganella spp.","Aztreonam","J01D","6","0","0"
"BEL","2013","Morganella spp.","Aztreonam","J01D","13","0","0"
"BEL","2014","Morganella spp.","Aztreonam","J01D","12","0","0"
"BEL","2015","Morganella spp.","Aztreonam","J01D","12","0","0"
"BEL","2016","Morganella spp.","Aztreonam","J01D","13","0","0"
"BEL","2017","Morganella spp.","Aztreonam","J01D","13","0","0"
"BEL","2018","Morganella spp.","Aztreonam","J01D","19","0","0"
"BRA","2013","Morganella spp.","Aztreonam","J01D","10","0","0"
"BRA","2014","Morganella spp.","Aztreonam","J01D","9","1","11.11"
"BRA","2015","Morganella spp.","Aztreonam","J01D","7","1","14.29"
"BRA","2016","Morganella spp.","Aztreonam","J01D","8","0","0"
"BRA","2017","Morganella spp.","Aztreonam","J01D","19","2","10.53"
"BRA","2018","Morganella spp.","Aztreonam","J01D","19","0","0"
"CAN","2018","Morganella spp.","Aztreonam","J01D","26","1","3.85"
"CHL","2012","Morganella spp.","Aztreonam","J01D","10","1","10"
"CHL","2013","Morganella spp.","Aztreonam","J01D","8","1","12.5"
"CHL","2014","Morganella spp.","Aztreonam","J01D","11","0","0"
"CHL","2015","Morganella spp.","Aztreonam","J01D","11","1","9.09"
"CHL","2016","Morganella spp.","Aztreonam","J01D","7","0","0"
"CHL","2017","Morganella spp.","Aztreonam","J01D","7","0","0"
"CHL","2018","Morganella spp.","Aztreonam","J01D","12","0","0"
"CHN","2012","Morganella spp.","Aztreonam","J01D","14","2","14.29"
"CHN","2013","Morganella spp.","Aztreonam","J01D","19","1","5.26"
"CHN","2014","Morganella spp.","Aztreonam","J01D","15","3","20"
"CHN","2015","Morganella spp.","Aztreonam","J01D","13","2","15.38"
"CHN","2016","Morganella spp.","Aztreonam","J01D","19","0","0"
"CHN","2017","Morganella spp.","Aztreonam","J01D","15","0","0"
"CHN","2018","Morganella spp.","Aztreonam","J01D","50","6","12"
"COL","2012","Morganella spp.","Aztreonam","J01D","9","0","0"
"COL","2013","Morganella spp.","Aztreonam","J01D","7","0","0"
"COL","2014","Morganella spp.","Aztreonam","J01D","4","0","0"
"COL","2015","Morganella spp.","Aztreonam","J01D","9","0","0"
"COL","2016","Morganella spp.","Aztreonam","J01D","10","0","0"
"COL","2017","Morganella spp.","Aztreonam","J01D","9","0","0"
"COL","2018","Morganella spp.","Aztreonam","J01D","16","0","0"
"CRI","2018","Morganella spp.","Aztreonam","J01D","2","1","50"
"HRV","2018","Morganella spp.","Aztreonam","J01D","9","0","0"
"CZE","2012","Morganella spp.","Aztreonam","J01D","13","1","7.69"
"CZE","2013","Morganella spp.","Aztreonam","J01D","13","0","0"
"CZE","2014","Morganella spp.","Aztreonam","J01D","10","0","0"
"CZE","2015","Morganella spp.","Aztreonam","J01D","8","0","0"
"CZE","2016","Morganella spp.","Aztreonam","J01D","11","0","0"
"CZE","2017","Morganella spp.","Aztreonam","J01D","14","0","0"
"CZE","2018","Morganella spp.","Aztreonam","J01D","14","1","7.14"
"DNK","2012","Morganella spp.","Aztreonam","J01D","2","0","0"
"DNK","2013","Morganella spp.","Aztreonam","J01D","5","0","0"
"DNK","2014","Morganella spp.","Aztreonam","J01D","8","0","0"
"DNK","2015","Morganella spp.","Aztreonam","J01D","9","0","0"
"DNK","2016","Morganella spp.","Aztreonam","J01D","3","0","0"
"DNK","2017","Morganella spp.","Aztreonam","J01D","3","0","0"
"DNK","2018","Morganella spp.","Aztreonam","J01D","3","0","0"
"DOM","2018","Morganella spp.","Aztreonam","J01D","3","1","33.33"
"FIN","2018","Morganella spp.","Aztreonam","J01D","1","0","0"
"FRA","2012","Morganella spp.","Aztreonam","J01D","6","1","16.67"
"FRA","2013","Morganella spp.","Aztreonam","J01D","12","0","0"
"FRA","2014","Morganella spp.","Aztreonam","J01D","15","0","0"
"FRA","2015","Morganella spp.","Aztreonam","J01D","13","0","0"
"FRA","2016","Morganella spp.","Aztreonam","J01D","19","0","0"
"FRA","2017","Morganella spp.","Aztreonam","J01D","14","0","0"
"FRA","2018","Morganella spp.","Aztreonam","J01D","29","0","0"
"DEU","2012","Morganella spp.","Aztreonam","J01D","7","0","0"
"DEU","2013","Morganella spp.","Aztreonam","J01D","16","1","6.25"
"DEU","2014","Morganella spp.","Aztreonam","J01D","15","1","6.67"
"DEU","2015","Morganella spp.","Aztreonam","J01D","16","0","0"
"DEU","2016","Morganella spp.","Aztreonam","J01D","14","0","0"
"DEU","2017","Morganella spp.","Aztreonam","J01D","13","0","0"
"DEU","2018","Morganella spp.","Aztreonam","J01D","30","0","0"
"GRC","2012","Morganella spp.","Aztreonam","J01D","6","0","0"
"GRC","2013","Morganella spp.","Aztreonam","J01D","12","0","0"
"GRC","2014","Morganella spp.","Aztreonam","J01D","13","0","0"
"GRC","2015","Morganella spp.","Aztreonam","J01D","7","0","0"
"GRC","2016","Morganella spp.","Aztreonam","J01D","21","0","0"
"GRC","2017","Morganella spp.","Aztreonam","J01D","15","0","0"
"GRC","2018","Morganella spp.","Aztreonam","J01D","10","0","0"
"GTM","2018","Morganella spp.","Aztreonam","J01D","8","0","0"
"HKG","2013","Morganella spp.","Aztreonam","J01D","2","0","0"
"HKG","2014","Morganella spp.","Aztreonam","J01D","2","0","0"
"HKG","2018","Morganella spp.","Aztreonam","J01D","3","0","0"
"HUN","2012","Morganella spp.","Aztreonam","J01D","7","0","0"
"HUN","2013","Morganella spp.","Aztreonam","J01D","12","0","0"
"HUN","2014","Morganella spp.","Aztreonam","J01D","9","0","0"
"HUN","2015","Morganella spp.","Aztreonam","J01D","8","0","0"
"HUN","2016","Morganella spp.","Aztreonam","J01D","12","1","8.33"
"HUN","2017","Morganella spp.","Aztreonam","J01D","12","0","0"
"HUN","2018","Morganella spp.","Aztreonam","J01D","12","0","0"
"IND","2018","Morganella spp.","Aztreonam","J01D","14","4","28.57"
"IRL","2013","Morganella spp.","Aztreonam","J01D","3","1","33.33"
"IRL","2018","Morganella spp.","Aztreonam","J01D","8","1","12.5"
"ISR","2012","Morganella spp.","Aztreonam","J01D","9","0","0"
"ISR","2013","Morganella spp.","Aztreonam","J01D","14","1","7.14"
"ISR","2014","Morganella spp.","Aztreonam","J01D","10","0","0"
"ISR","2015","Morganella spp.","Aztreonam","J01D","11","2","18.18"
"ISR","2016","Morganella spp.","Aztreonam","J01D","10","0","0"
"ISR","2017","Morganella spp.","Aztreonam","J01D","15","0","0"
"ISR","2018","Morganella spp.","Aztreonam","J01D","12","0","0"
"ITA","2012","Morganella spp.","Aztreonam","J01D","9","0","0"
"ITA","2013","Morganella spp.","Aztreonam","J01D","13","0","0"
"ITA","2014","Morganella spp.","Aztreonam","J01D","14","0","0"
"ITA","2015","Morganella spp.","Aztreonam","J01D","10","0","0"
"ITA","2016","Morganella spp.","Aztreonam","J01D","13","0","0"
"ITA","2017","Morganella spp.","Aztreonam","J01D","11","0","0"
"ITA","2018","Morganella spp.","Aztreonam","J01D","31","2","6.45"
"JPN","2012","Morganella spp.","Aztreonam","J01D","6","0","0"
"JPN","2013","Morganella spp.","Aztreonam","J01D","8","0","0"
"JPN","2014","Morganella spp.","Aztreonam","J01D","5","0","0"
"JPN","2015","Morganella spp.","Aztreonam","J01D","3","0","0"
"JPN","2016","Morganella spp.","Aztreonam","J01D","5","0","0"
"JPN","2017","Morganella spp.","Aztreonam","J01D","7","0","0"
"JPN","2018","Morganella spp.","Aztreonam","J01D","13","0","0"
"JOR","2018","Morganella spp.","Aztreonam","J01D","3","0","0"
"KEN","2013","Morganella spp.","Aztreonam","J01D","4","0","0"
"KEN","2014","Morganella spp.","Aztreonam","J01D","6","0","0"
"KOR","2012","Morganella spp.","Aztreonam","J01D","8","0","0"
"KOR","2013","Morganella spp.","Aztreonam","J01D","5","0","0"
"KOR","2014","Morganella spp.","Aztreonam","J01D","6","0","0"
"KOR","2015","Morganella spp.","Aztreonam","J01D","8","0","0"
"KOR","2016","Morganella spp.","Aztreonam","J01D","7","1","14.29"
"KOR","2017","Morganella spp.","Aztreonam","J01D","6","0","0"
"KOR","2018","Morganella spp.","Aztreonam","J01D","9","1","11.11"
"KWT","2012","Morganella spp.","Aztreonam","J01D","3","1","33.33"
"KWT","2013","Morganella spp.","Aztreonam","J01D","10","0","0"
"KWT","2014","Morganella spp.","Aztreonam","J01D","10","0","0"
"KWT","2015","Morganella spp.","Aztreonam","J01D","9","0","0"
"KWT","2016","Morganella spp.","Aztreonam","J01D","10","0","0"
"KWT","2017","Morganella spp.","Aztreonam","J01D","10","1","10"
"KWT","2018","Morganella spp.","Aztreonam","J01D","8","0","0"
"LVA","2018","Morganella spp.","Aztreonam","J01D","2","0","0"
"LTU","2018","Morganella spp.","Aztreonam","J01D","6","0","0"
"MYS","2013","Morganella spp.","Aztreonam","J01D","6","0","0"
"MYS","2014","Morganella spp.","Aztreonam","J01D","5","0","0"
"MYS","2015","Morganella spp.","Aztreonam","J01D","4","0","0"
"MYS","2018","Morganella spp.","Aztreonam","J01D","5","0","0"
"MEX","2012","Morganella spp.","Aztreonam","J01D","7","0","0"
"MEX","2013","Morganella spp.","Aztreonam","J01D","10","0","0"
"MEX","2014","Morganella spp.","Aztreonam","J01D","12","0","0"
"MEX","2015","Morganella spp.","Aztreonam","J01D","16","0","0"
"MEX","2016","Morganella spp.","Aztreonam","J01D","21","0","0"
"MEX","2017","Morganella spp.","Aztreonam","J01D","12","1","8.33"
"MEX","2018","Morganella spp.","Aztreonam","J01D","13","1","7.69"
"MAR","2018","Morganella spp.","Aztreonam","J01D","11","2","18.18"
"NLD","2012","Morganella spp.","Aztreonam","J01D","8","0","0"
"NLD","2013","Morganella spp.","Aztreonam","J01D","12","0","0"
"NLD","2014","Morganella spp.","Aztreonam","J01D","8","0","0"
"NLD","2015","Morganella spp.","Aztreonam","J01D","11","1","9.09"
"NLD","2016","Morganella spp.","Aztreonam","J01D","10","0","0"
"NLD","2017","Morganella spp.","Aztreonam","J01D","17","1","5.88"
"NLD","2018","Morganella spp.","Aztreonam","J01D","6","0","0"
"NGA","2013","Morganella spp.","Aztreonam","J01D","2","2","100"
"NGA","2014","Morganella spp.","Aztreonam","J01D","3","1","33.33"
"NGA","2018","Morganella spp.","Aztreonam","J01D","5","0","0"
"PAN","2018","Morganella spp.","Aztreonam","J01D","1","0","0"
"PHL","2012","Morganella spp.","Aztreonam","J01D","7","1","14.29"
"PHL","2013","Morganella spp.","Aztreonam","J01D","11","1","9.09"
"PHL","2014","Morganella spp.","Aztreonam","J01D","9","0","0"
"PHL","2015","Morganella spp.","Aztreonam","J01D","8","0","0"
"PHL","2016","Morganella spp.","Aztreonam","J01D","15","0","0"
"PHL","2017","Morganella spp.","Aztreonam","J01D","12","0","0"
"PHL","2018","Morganella spp.","Aztreonam","J01D","6","0","0"
"POL","2013","Morganella spp.","Aztreonam","J01D","9","0","0"
"POL","2014","Morganella spp.","Aztreonam","J01D","7","0","0"
"POL","2015","Morganella spp.","Aztreonam","J01D","5","0","0"
"POL","2016","Morganella spp.","Aztreonam","J01D","6","0","0"
"POL","2017","Morganella spp.","Aztreonam","J01D","11","0","0"
"POL","2018","Morganella spp.","Aztreonam","J01D","10","0","0"
"PRT","2012","Morganella spp.","Aztreonam","J01D","12","1","8.33"
"PRT","2013","Morganella spp.","Aztreonam","J01D","20","2","10"
"PRT","2014","Morganella spp.","Aztreonam","J01D","21","0","0"
"PRT","2015","Morganella spp.","Aztreonam","J01D","19","1","5.26"
"PRT","2016","Morganella spp.","Aztreonam","J01D","17","0","0"
"PRT","2017","Morganella spp.","Aztreonam","J01D","16","0","0"
"PRT","2018","Morganella spp.","Aztreonam","J01D","11","0","0"
"ROU","2012","Morganella spp.","Aztreonam","J01D","4","0","0"
"ROU","2013","Morganella spp.","Aztreonam","J01D","8","1","12.5"
"ROU","2014","Morganella spp.","Aztreonam","J01D","3","1","33.33"
"ROU","2015","Morganella spp.","Aztreonam","J01D","3","0","0"
"ROU","2016","Morganella spp.","Aztreonam","J01D","3","0","0"
"ROU","2018","Morganella spp.","Aztreonam","J01D","13","0","0"
"RUS","2012","Morganella spp.","Aztreonam","J01D","12","1","8.33"
"RUS","2013","Morganella spp.","Aztreonam","J01D","15","0","0"
"RUS","2014","Morganella spp.","Aztreonam","J01D","11","0","0"
"RUS","2015","Morganella spp.","Aztreonam","J01D","11","0","0"
"RUS","2016","Morganella spp.","Aztreonam","J01D","11","1","9.09"
"RUS","2017","Morganella spp.","Aztreonam","J01D","11","0","0"
"RUS","2018","Morganella spp.","Aztreonam","J01D","15","1","6.67"
"SAU","2018","Morganella spp.","Aztreonam","J01D","3","0","0"
"SGP","2018","Morganella spp.","Aztreonam","J01D","3","0","0"
"ZAF","2012","Morganella spp.","Aztreonam","J01D","8","0","0"
"ZAF","2013","Morganella spp.","Aztreonam","J01D","9","0","0"
"ZAF","2014","Morganella spp.","Aztreonam","J01D","7","0","0"
"ZAF","2015","Morganella spp.","Aztreonam","J01D","5","0","0"
"ZAF","2016","Morganella spp.","Aztreonam","J01D","9","0","0"
"ZAF","2017","Morganella spp.","Aztreonam","J01D","12","0","0"
"ZAF","2018","Morganella spp.","Aztreonam","J01D","13","1","7.69"
"ESP","2012","Morganella spp.","Aztreonam","J01D","11","0","0"
"ESP","2013","Morganella spp.","Aztreonam","J01D","17","0","0"
"ESP","2014","Morganella spp.","Aztreonam","J01D","14","0","0"
"ESP","2015","Morganella spp.","Aztreonam","J01D","15","1","6.67"
"ESP","2016","Morganella spp.","Aztreonam","J01D","14","0","0"
"ESP","2017","Morganella spp.","Aztreonam","J01D","17","0","0"
"ESP","2018","Morganella spp.","Aztreonam","J01D","31","1","3.23"
"SWE","2012","Morganella spp.","Aztreonam","J01D","5","0","0"
"SWE","2013","Morganella spp.","Aztreonam","J01D","13","1","7.69"
"SWE","2014","Morganella spp.","Aztreonam","J01D","4","0","0"
"SWE","2017","Morganella spp.","Aztreonam","J01D","3","0","0"
"SWE","2018","Morganella spp.","Aztreonam","J01D","1","0","0"
"CHE","2018","Morganella spp.","Aztreonam","J01D","6","0","0"
"TWN","2012","Morganella spp.","Aztreonam","J01D","11","0","0"
"TWN","2013","Morganella spp.","Aztreonam","J01D","9","0","0"
"TWN","2014","Morganella spp.","Aztreonam","J01D","10","0","0"
"TWN","2015","Morganella spp.","Aztreonam","J01D","9","0","0"
"TWN","2016","Morganella spp.","Aztreonam","J01D","10","0","0"
"TWN","2017","Morganella spp.","Aztreonam","J01D","9","0","0"
"TWN","2018","Morganella spp.","Aztreonam","J01D","12","1","8.33"
"THA","2012","Morganella spp.","Aztreonam","J01D","9","0","0"
"THA","2013","Morganella spp.","Aztreonam","J01D","9","0","0"
"THA","2014","Morganella spp.","Aztreonam","J01D","12","0","0"
"THA","2015","Morganella spp.","Aztreonam","J01D","11","0","0"
"THA","2016","Morganella spp.","Aztreonam","J01D","9","0","0"
"THA","2017","Morganella spp.","Aztreonam","J01D","12","1","8.33"
"THA","2018","Morganella spp.","Aztreonam","J01D","9","0","0"
"TUR","2012","Morganella spp.","Aztreonam","J01D","8","1","12.5"
"TUR","2013","Morganella spp.","Aztreonam","J01D","11","0","0"
"TUR","2014","Morganella spp.","Aztreonam","J01D","7","0","0"
"TUR","2015","Morganella spp.","Aztreonam","J01D","13","0","0"
"TUR","2016","Morganella spp.","Aztreonam","J01D","12","0","0"
"TUR","2017","Morganella spp.","Aztreonam","J01D","10","1","10"
"TUR","2018","Morganella spp.","Aztreonam","J01D","7","3","42.86"
"UKR","2018","Morganella spp.","Aztreonam","J01D","9","0","0"
"GBR","2012","Morganella spp.","Aztreonam","J01D","5","0","0"
"GBR","2013","Morganella spp.","Aztreonam","J01D","6","1","16.67"
"GBR","2014","Morganella spp.","Aztreonam","J01D","5","0","0"
"GBR","2015","Morganella spp.","Aztreonam","J01D","8","1","12.5"
"GBR","2016","Morganella spp.","Aztreonam","J01D","9","0","0"
"GBR","2017","Morganella spp.","Aztreonam","J01D","9","0","0"
"GBR","2018","Morganella spp.","Aztreonam","J01D","16","0","0"
"USA","2012","Morganella spp.","Aztreonam","J01D","38","0","0"
"USA","2013","Morganella spp.","Aztreonam","J01D","28","0","0"
"USA","2014","Morganella spp.","Aztreonam","J01D","40","1","2.5"
"USA","2015","Morganella spp.","Aztreonam","J01D","27","2","7.41"
"USA","2016","Morganella spp.","Aztreonam","J01D","38","0","0"
"USA","2018","Morganella spp.","Aztreonam","J01D","71","1","1.41"
"VEN","2012","Morganella spp.","Aztreonam","J01D","6","0","0"
"VEN","2013","Morganella spp.","Aztreonam","J01D","7","0","0"
"VEN","2014","Morganella spp.","Aztreonam","J01D","14","0","0"
"VEN","2015","Morganella spp.","Aztreonam","J01D","12","0","0"
"VEN","2016","Morganella spp.","Aztreonam","J01D","10","1","10"
"VEN","2017","Morganella spp.","Aztreonam","J01D","12","0","0"
"VEN","2018","Morganella spp.","Aztreonam","J01D","15","0","0"
"ARG","2012","Morganella spp.","Amoxy/clav","J01C","8","8","100"
"ARG","2013","Morganella spp.","Amoxy/clav","J01C","8","8","100"
"ARG","2014","Morganella spp.","Amoxy/clav","J01C","9","9","100"
"ARG","2015","Morganella spp.","Amoxy/clav","J01C","9","9","100"
"ARG","2016","Morganella spp.","Amoxy/clav","J01C","10","8","80"
"ARG","2017","Morganella spp.","Amoxy/clav","J01C","9","9","100"
"ARG","2018","Morganella spp.","Amoxy/clav","J01C","8","8","100"
"AUS","2012","Morganella spp.","Amoxy/clav","J01C","8","8","100"
"AUS","2013","Morganella spp.","Amoxy/clav","J01C","12","12","100"
"AUS","2014","Morganella spp.","Amoxy/clav","J01C","8","8","100"
"AUS","2015","Morganella spp.","Amoxy/clav","J01C","9","9","100"
"AUS","2016","Morganella spp.","Amoxy/clav","J01C","10","10","100"
"AUS","2017","Morganella spp.","Amoxy/clav","J01C","10","10","100"
"AUS","2018","Morganella spp.","Amoxy/clav","J01C","13","13","100"
"AUT","2012","Morganella spp.","Amoxy/clav","J01C","7","6","85.71"
"AUT","2013","Morganella spp.","Amoxy/clav","J01C","10","10","100"
"AUT","2014","Morganella spp.","Amoxy/clav","J01C","10","10","100"
"AUT","2015","Morganella spp.","Amoxy/clav","J01C","2","2","100"
"AUT","2016","Morganella spp.","Amoxy/clav","J01C","9","9","100"
"BEL","2012","Morganella spp.","Amoxy/clav","J01C","6","6","100"
"BEL","2013","Morganella spp.","Amoxy/clav","J01C","13","13","100"
"BEL","2014","Morganella spp.","Amoxy/clav","J01C","12","12","100"
"BEL","2015","Morganella spp.","Amoxy/clav","J01C","12","12","100"
"BEL","2016","Morganella spp.","Amoxy/clav","J01C","13","13","100"
"BEL","2017","Morganella spp.","Amoxy/clav","J01C","13","13","100"
"BEL","2018","Morganella spp.","Amoxy/clav","J01C","19","19","100"
"BRA","2013","Morganella spp.","Amoxy/clav","J01C","10","10","100"
"BRA","2014","Morganella spp.","Amoxy/clav","J01C","9","9","100"
"BRA","2015","Morganella spp.","Amoxy/clav","J01C","7","7","100"
"BRA","2016","Morganella spp.","Amoxy/clav","J01C","8","8","100"
"BRA","2017","Morganella spp.","Amoxy/clav","J01C","19","19","100"
"BRA","2018","Morganella spp.","Amoxy/clav","J01C","19","19","100"
"CAN","2018","Morganella spp.","Amoxy/clav","J01C","26","22","84.62"
"CHL","2012","Morganella spp.","Amoxy/clav","J01C","10","8","80"
"CHL","2013","Morganella spp.","Amoxy/clav","J01C","8","8","100"
"CHL","2014","Morganella spp.","Amoxy/clav","J01C","11","11","100"
"CHL","2015","Morganella spp.","Amoxy/clav","J01C","11","11","100"
"CHL","2016","Morganella spp.","Amoxy/clav","J01C","7","7","100"
"CHL","2017","Morganella spp.","Amoxy/clav","J01C","7","7","100"
"CHL","2018","Morganella spp.","Amoxy/clav","J01C","12","12","100"
"CHN","2012","Morganella spp.","Amoxy/clav","J01C","14","11","78.57"
"CHN","2013","Morganella spp.","Amoxy/clav","J01C","19","18","94.74"
"CHN","2014","Morganella spp.","Amoxy/clav","J01C","15","15","100"
"CHN","2015","Morganella spp.","Amoxy/clav","J01C","13","13","100"
"CHN","2016","Morganella spp.","Amoxy/clav","J01C","19","18","94.74"
"CHN","2017","Morganella spp.","Amoxy/clav","J01C","15","15","100"
"CHN","2018","Morganella spp.","Amoxy/clav","J01C","50","45","90"
"COL","2012","Morganella spp.","Amoxy/clav","J01C","9","8","88.89"
"COL","2013","Morganella spp.","Amoxy/clav","J01C","7","7","100"
"COL","2014","Morganella spp.","Amoxy/clav","J01C","4","4","100"
"COL","2015","Morganella spp.","Amoxy/clav","J01C","9","9","100"
"COL","2016","Morganella spp.","Amoxy/clav","J01C","10","9","90"
"COL","2017","Morganella spp.","Amoxy/clav","J01C","9","9","100"
"COL","2018","Morganella spp.","Amoxy/clav","J01C","16","16","100"
"CRI","2018","Morganella spp.","Amoxy/clav","J01C","2","2","100"
"HRV","2018","Morganella spp.","Amoxy/clav","J01C","9","9","100"
"CZE","2012","Morganella spp.","Amoxy/clav","J01C","13","11","84.62"
"CZE","2013","Morganella spp.","Amoxy/clav","J01C","13","13","100"
"CZE","2014","Morganella spp.","Amoxy/clav","J01C","10","10","100"
"CZE","2015","Morganella spp.","Amoxy/clav","J01C","8","8","100"
"CZE","2016","Morganella spp.","Amoxy/clav","J01C","11","11","100"
"CZE","2017","Morganella spp.","Amoxy/clav","J01C","14","14","100"
"CZE","2018","Morganella spp.","Amoxy/clav","J01C","14","13","92.86"
"DNK","2012","Morganella spp.","Amoxy/clav","J01C","2","2","100"
"DNK","2013","Morganella spp.","Amoxy/clav","J01C","5","5","100"
"DNK","2014","Morganella spp.","Amoxy/clav","J01C","8","8","100"
"DNK","2015","Morganella spp.","Amoxy/clav","J01C","9","9","100"
"DNK","2016","Morganella spp.","Amoxy/clav","J01C","3","3","100"
"DNK","2017","Morganella spp.","Amoxy/clav","J01C","3","3","100"
"DNK","2018","Morganella spp.","Amoxy/clav","J01C","3","3","100"
"DOM","2018","Morganella spp.","Amoxy/clav","J01C","3","3","100"
"FIN","2018","Morganella spp.","Amoxy/clav","J01C","1","1","100"
"FRA","2012","Morganella spp.","Amoxy/clav","J01C","6","6","100"
"FRA","2013","Morganella spp.","Amoxy/clav","J01C","12","12","100"
"FRA","2014","Morganella spp.","Amoxy/clav","J01C","15","15","100"
"FRA","2015","Morganella spp.","Amoxy/clav","J01C","13","13","100"
"FRA","2016","Morganella spp.","Amoxy/clav","J01C","19","19","100"
"FRA","2017","Morganella spp.","Amoxy/clav","J01C","14","14","100"
"FRA","2018","Morganella spp.","Amoxy/clav","J01C","29","28","96.55"
"DEU","2012","Morganella spp.","Amoxy/clav","J01C","7","7","100"
"DEU","2013","Morganella spp.","Amoxy/clav","J01C","16","16","100"
"DEU","2014","Morganella spp.","Amoxy/clav","J01C","15","15","100"
"DEU","2015","Morganella spp.","Amoxy/clav","J01C","16","15","93.75"
"DEU","2016","Morganella spp.","Amoxy/clav","J01C","14","14","100"
"DEU","2017","Morganella spp.","Amoxy/clav","J01C","13","12","92.31"
"DEU","2018","Morganella spp.","Amoxy/clav","J01C","30","30","100"
"GRC","2012","Morganella spp.","Amoxy/clav","J01C","6","6","100"
"GRC","2013","Morganella spp.","Amoxy/clav","J01C","12","12","100"
"GRC","2014","Morganella spp.","Amoxy/clav","J01C","13","13","100"
"GRC","2015","Morganella spp.","Amoxy/clav","J01C","7","7","100"
"GRC","2016","Morganella spp.","Amoxy/clav","J01C","21","21","100"
"GRC","2017","Morganella spp.","Amoxy/clav","J01C","15","15","100"
"GRC","2018","Morganella spp.","Amoxy/clav","J01C","10","10","100"
"GTM","2018","Morganella spp.","Amoxy/clav","J01C","8","8","100"
"HKG","2013","Morganella spp.","Amoxy/clav","J01C","2","2","100"
"HKG","2014","Morganella spp.","Amoxy/clav","J01C","2","2","100"
"HKG","2018","Morganella spp.","Amoxy/clav","J01C","3","3","100"
"HUN","2012","Morganella spp.","Amoxy/clav","J01C","7","3","42.86"
"HUN","2013","Morganella spp.","Amoxy/clav","J01C","12","12","100"
"HUN","2014","Morganella spp.","Amoxy/clav","J01C","9","9","100"
"HUN","2015","Morganella spp.","Amoxy/clav","J01C","8","8","100"
"HUN","2016","Morganella spp.","Amoxy/clav","J01C","12","12","100"
"HUN","2017","Morganella spp.","Amoxy/clav","J01C","12","11","91.67"
"HUN","2018","Morganella spp.","Amoxy/clav","J01C","12","12","100"
"IND","2018","Morganella spp.","Amoxy/clav","J01C","14","12","85.71"
"IRL","2013","Morganella spp.","Amoxy/clav","J01C","3","3","100"
"IRL","2018","Morganella spp.","Amoxy/clav","J01C","8","8","100"
"ISR","2012","Morganella spp.","Amoxy/clav","J01C","9","9","100"
"ISR","2013","Morganella spp.","Amoxy/clav","J01C","14","14","100"
"ISR","2014","Morganella spp.","Amoxy/clav","J01C","10","10","100"
"ISR","2015","Morganella spp.","Amoxy/clav","J01C","11","11","100"
"ISR","2016","Morganella spp.","Amoxy/clav","J01C","10","10","100"
"ISR","2017","Morganella spp.","Amoxy/clav","J01C","15","14","93.33"
"ISR","2018","Morganella spp.","Amoxy/clav","J01C","12","12","100"
"ITA","2012","Morganella spp.","Amoxy/clav","J01C","9","9","100"
"ITA","2013","Morganella spp.","Amoxy/clav","J01C","13","13","100"
"ITA","2014","Morganella spp.","Amoxy/clav","J01C","14","14","100"
"ITA","2015","Morganella spp.","Amoxy/clav","J01C","10","9","90"
"ITA","2016","Morganella spp.","Amoxy/clav","J01C","13","13","100"
"ITA","2017","Morganella spp.","Amoxy/clav","J01C","11","11","100"
"ITA","2018","Morganella spp.","Amoxy/clav","J01C","31","29","93.55"
"JPN","2012","Morganella spp.","Amoxy/clav","J01C","6","5","83.33"
"JPN","2013","Morganella spp.","Amoxy/clav","J01C","8","8","100"
"JPN","2014","Morganella spp.","Amoxy/clav","J01C","5","5","100"
"JPN","2015","Morganella spp.","Amoxy/clav","J01C","3","3","100"
"JPN","2016","Morganella spp.","Amoxy/clav","J01C","5","5","100"
"JPN","2017","Morganella spp.","Amoxy/clav","J01C","7","7","100"
"JPN","2018","Morganella spp.","Amoxy/clav","J01C","13","13","100"
"JOR","2018","Morganella spp.","Amoxy/clav","J01C","3","3","100"
"KEN","2013","Morganella spp.","Amoxy/clav","J01C","4","4","100"
"KEN","2014","Morganella spp.","Amoxy/clav","J01C","6","6","100"
"KOR","2012","Morganella spp.","Amoxy/clav","J01C","8","5","62.5"
"KOR","2013","Morganella spp.","Amoxy/clav","J01C","5","5","100"
"KOR","2014","Morganella spp.","Amoxy/clav","J01C","6","6","100"
"KOR","2015","Morganella spp.","Amoxy/clav","J01C","8","8","100"
"KOR","2016","Morganella spp.","Amoxy/clav","J01C","7","7","100"
"KOR","2017","Morganella spp.","Amoxy/clav","J01C","6","6","100"
"KOR","2018","Morganella spp.","Amoxy/clav","J01C","9","9","100"
"KWT","2012","Morganella spp.","Amoxy/clav","J01C","3","3","100"
"KWT","2013","Morganella spp.","Amoxy/clav","J01C","10","10","100"
"KWT","2014","Morganella spp.","Amoxy/clav","J01C","10","10","100"
"KWT","2015","Morganella spp.","Amoxy/clav","J01C","9","9","100"
"KWT","2016","Morganella spp.","Amoxy/clav","J01C","10","10","100"
"KWT","2017","Morganella spp.","Amoxy/clav","J01C","10","10","100"
"KWT","2018","Morganella spp.","Amoxy/clav","J01C","8","8","100"
"LVA","2018","Morganella spp.","Amoxy/clav","J01C","2","2","100"
"LTU","2018","Morganella spp.","Amoxy/clav","J01C","6","6","100"
"MYS","2013","Morganella spp.","Amoxy/clav","J01C","6","6","100"
"MYS","2014","Morganella spp.","Amoxy/clav","J01C","5","5","100"
"MYS","2015","Morganella spp.","Amoxy/clav","J01C","4","4","100"
"MYS","2018","Morganella spp.","Amoxy/clav","J01C","5","5","100"
"MEX","2012","Morganella spp.","Amoxy/clav","J01C","7","7","100"
"MEX","2013","Morganella spp.","Amoxy/clav","J01C","10","9","90"
"MEX","2014","Morganella spp.","Amoxy/clav","J01C","12","12","100"
"MEX","2015","Morganella spp.","Amoxy/clav","J01C","16","16","100"
"MEX","2016","Morganella spp.","Amoxy/clav","J01C","21","20","95.24"
"MEX","2017","Morganella spp.","Amoxy/clav","J01C","12","12","100"
"MEX","2018","Morganella spp.","Amoxy/clav","J01C","13","12","92.31"
"MAR","2018","Morganella spp.","Amoxy/clav","J01C","11","11","100"
"NLD","2012","Morganella spp.","Amoxy/clav","J01C","8","8","100"
"NLD","2013","Morganella spp.","Amoxy/clav","J01C","12","12","100"
"NLD","2014","Morganella spp.","Amoxy/clav","J01C","8","8","100"
"NLD","2015","Morganella spp.","Amoxy/clav","J01C","11","10","90.91"
"NLD","2016","Morganella spp.","Amoxy/clav","J01C","10","10","100"
"NLD","2017","Morganella spp.","Amoxy/clav","J01C","17","17","100"
"NLD","2018","Morganella spp.","Amoxy/clav","J01C","6","6","100"
"NGA","2013","Morganella spp.","Amoxy/clav","J01C","2","2","100"
"NGA","2014","Morganella spp.","Amoxy/clav","J01C","3","3","100"
"NGA","2018","Morganella spp.","Amoxy/clav","J01C","5","5","100"
"PAN","2018","Morganella spp.","Amoxy/clav","J01C","1","1","100"
"PHL","2012","Morganella spp.","Amoxy/clav","J01C","7","7","100"
"PHL","2013","Morganella spp.","Amoxy/clav","J01C","11","11","100"
"PHL","2014","Morganella spp.","Amoxy/clav","J01C","9","9","100"
"PHL","2015","Morganella spp.","Amoxy/clav","J01C","8","7","87.5"
"PHL","2016","Morganella spp.","Amoxy/clav","J01C","15","15","100"
"PHL","2017","Morganella spp.","Amoxy/clav","J01C","12","12","100"
"PHL","2018","Morganella spp.","Amoxy/clav","J01C","6","6","100"
"POL","2013","Morganella spp.","Amoxy/clav","J01C","9","9","100"
"POL","2014","Morganella spp.","Amoxy/clav","J01C","7","7","100"
"POL","2015","Morganella spp.","Amoxy/clav","J01C","5","5","100"
"POL","2016","Morganella spp.","Amoxy/clav","J01C","6","6","100"
"POL","2017","Morganella spp.","Amoxy/clav","J01C","11","11","100"
"POL","2018","Morganella spp.","Amoxy/clav","J01C","10","10","100"
"PRT","2012","Morganella spp.","Amoxy/clav","J01C","12","11","91.67"
"PRT","2013","Morganella spp.","Amoxy/clav","J01C","20","20","100"
"PRT","2014","Morganella spp.","Amoxy/clav","J01C","21","21","100"
"PRT","2015","Morganella spp.","Amoxy/clav","J01C","19","19","100"
"PRT","2016","Morganella spp.","Amoxy/clav","J01C","17","16","94.12"
"PRT","2017","Morganella spp.","Amoxy/clav","J01C","16","16","100"
"PRT","2018","Morganella spp.","Amoxy/clav","J01C","11","11","100"
"ROU","2012","Morganella spp.","Amoxy/clav","J01C","4","4","100"
"ROU","2013","Morganella spp.","Amoxy/clav","J01C","8","8","100"
"ROU","2014","Morganella spp.","Amoxy/clav","J01C","3","3","100"
"ROU","2015","Morganella spp.","Amoxy/clav","J01C","3","2","66.67"
"ROU","2016","Morganella spp.","Amoxy/clav","J01C","3","3","100"
"ROU","2018","Morganella spp.","Amoxy/clav","J01C","13","13","100"
"RUS","2012","Morganella spp.","Amoxy/clav","J01C","12","12","100"
"RUS","2013","Morganella spp.","Amoxy/clav","J01C","15","15","100"
"RUS","2014","Morganella spp.","Amoxy/clav","J01C","11","10","90.91"
"RUS","2015","Morganella spp.","Amoxy/clav","J01C","11","11","100"
"RUS","2016","Morganella spp.","Amoxy/clav","J01C","11","11","100"
"RUS","2017","Morganella spp.","Amoxy/clav","J01C","11","11","100"
"RUS","2018","Morganella spp.","Amoxy/clav","J01C","15","15","100"
"SAU","2018","Morganella spp.","Amoxy/clav","J01C","3","3","100"
"SGP","2018","Morganella spp.","Amoxy/clav","J01C","3","3","100"
"ZAF","2012","Morganella spp.","Amoxy/clav","J01C","8","8","100"
"ZAF","2013","Morganella spp.","Amoxy/clav","J01C","9","9","100"
"ZAF","2014","Morganella spp.","Amoxy/clav","J01C","7","7","100"
"ZAF","2015","Morganella spp.","Amoxy/clav","J01C","5","4","80"
"ZAF","2016","Morganella spp.","Amoxy/clav","J01C","9","9","100"
"ZAF","2017","Morganella spp.","Amoxy/clav","J01C","12","12","100"
"ZAF","2018","Morganella spp.","Amoxy/clav","J01C","13","13","100"
"ESP","2012","Morganella spp.","Amoxy/clav","J01C","11","11","100"
"ESP","2013","Morganella spp.","Amoxy/clav","J01C","17","17","100"
"ESP","2014","Morganella spp.","Amoxy/clav","J01C","14","14","100"
"ESP","2015","Morganella spp.","Amoxy/clav","J01C","15","15","100"
"ESP","2016","Morganella spp.","Amoxy/clav","J01C","14","14","100"
"ESP","2017","Morganella spp.","Amoxy/clav","J01C","17","16","94.12"
"ESP","2018","Morganella spp.","Amoxy/clav","J01C","31","30","96.77"
"SWE","2012","Morganella spp.","Amoxy/clav","J01C","5","0","0"
"SWE","2013","Morganella spp.","Amoxy/clav","J01C","13","13","100"
"SWE","2014","Morganella spp.","Amoxy/clav","J01C","4","4","100"
"SWE","2017","Morganella spp.","Amoxy/clav","J01C","3","3","100"
"SWE","2018","Morganella spp.","Amoxy/clav","J01C","1","1","100"
"CHE","2018","Morganella spp.","Amoxy/clav","J01C","6","6","100"
"TWN","2012","Morganella spp.","Amoxy/clav","J01C","11","11","100"
"TWN","2013","Morganella spp.","Amoxy/clav","J01C","9","9","100"
"TWN","2014","Morganella spp.","Amoxy/clav","J01C","10","10","100"
"TWN","2015","Morganella spp.","Amoxy/clav","J01C","9","9","100"
"TWN","2016","Morganella spp.","Amoxy/clav","J01C","10","10","100"
"TWN","2017","Morganella spp.","Amoxy/clav","J01C","9","9","100"
"TWN","2018","Morganella spp.","Amoxy/clav","J01C","12","12","100"
"THA","2012","Morganella spp.","Amoxy/clav","J01C","9","9","100"
"THA","2013","Morganella spp.","Amoxy/clav","J01C","9","9","100"
"THA","2014","Morganella spp.","Amoxy/clav","J01C","12","12","100"
"THA","2015","Morganella spp.","Amoxy/clav","J01C","11","10","90.91"
"THA","2016","Morganella spp.","Amoxy/clav","J01C","9","9","100"
"THA","2017","Morganella spp.","Amoxy/clav","J01C","12","12","100"
"THA","2018","Morganella spp.","Amoxy/clav","J01C","9","9","100"
"TUR","2012","Morganella spp.","Amoxy/clav","J01C","8","8","100"
"TUR","2013","Morganella spp.","Amoxy/clav","J01C","11","11","100"
"TUR","2014","Morganella spp.","Amoxy/clav","J01C","7","7","100"
"TUR","2015","Morganella spp.","Amoxy/clav","J01C","13","13","100"
"TUR","2016","Morganella spp.","Amoxy/clav","J01C","12","11","91.67"
"TUR","2017","Morganella spp.","Amoxy/clav","J01C","10","10","100"
"TUR","2018","Morganella spp.","Amoxy/clav","J01C","7","7","100"
"UKR","2018","Morganella spp.","Amoxy/clav","J01C","9","9","100"
"GBR","2012","Morganella spp.","Amoxy/clav","J01C","5","5","100"
"GBR","2013","Morganella spp.","Amoxy/clav","J01C","6","5","83.33"
"GBR","2014","Morganella spp.","Amoxy/clav","J01C","5","5","100"
"GBR","2015","Morganella spp.","Amoxy/clav","J01C","8","8","100"
"GBR","2016","Morganella spp.","Amoxy/clav","J01C","9","9","100"
"GBR","2017","Morganella spp.","Amoxy/clav","J01C","9","9","100"
"GBR","2018","Morganella spp.","Amoxy/clav","J01C","16","16","100"
"USA","2012","Morganella spp.","Amoxy/clav","J01C","38","34","89.47"
"USA","2013","Morganella spp.","Amoxy/clav","J01C","28","27","96.43"
"USA","2014","Morganella spp.","Amoxy/clav","J01C","40","36","90"
"USA","2015","Morganella spp.","Amoxy/clav","J01C","27","27","100"
"USA","2016","Morganella spp.","Amoxy/clav","J01C","38","36","94.74"
"USA","2018","Morganella spp.","Amoxy/clav","J01C","71","67","94.37"
"VEN","2012","Morganella spp.","Amoxy/clav","J01C","6","5","83.33"
"VEN","2013","Morganella spp.","Amoxy/clav","J01C","7","7","100"
"VEN","2014","Morganella spp.","Amoxy/clav","J01C","14","14","100"
"VEN","2015","Morganella spp.","Amoxy/clav","J01C","12","12","100"
"VEN","2016","Morganella spp.","Amoxy/clav","J01C","10","10","100"
"VEN","2017","Morganella spp.","Amoxy/clav","J01C","12","12","100"
"VEN","2018","Morganella spp.","Amoxy/clav","J01C","15","15","100"
"ARG","2012","Morganella spp.","Ampicillin","J01C","8","8","100"
"ARG","2013","Morganella spp.","Ampicillin","J01C","8","8","100"
"ARG","2014","Morganella spp.","Ampicillin","J01C","9","9","100"
"ARG","2015","Morganella spp.","Ampicillin","J01C","9","9","100"
"ARG","2016","Morganella spp.","Ampicillin","J01C","10","9","90"
"ARG","2017","Morganella spp.","Ampicillin","J01C","9","9","100"
"ARG","2018","Morganella spp.","Ampicillin","J01C","8","8","100"
"AUS","2012","Morganella spp.","Ampicillin","J01C","8","8","100"
"AUS","2013","Morganella spp.","Ampicillin","J01C","12","12","100"
"AUS","2014","Morganella spp.","Ampicillin","J01C","8","8","100"
"AUS","2015","Morganella spp.","Ampicillin","J01C","9","9","100"
"AUS","2016","Morganella spp.","Ampicillin","J01C","10","10","100"
"AUS","2017","Morganella spp.","Ampicillin","J01C","10","10","100"
"AUS","2018","Morganella spp.","Ampicillin","J01C","13","13","100"
"AUT","2012","Morganella spp.","Ampicillin","J01C","7","7","100"
"AUT","2013","Morganella spp.","Ampicillin","J01C","10","10","100"
"AUT","2014","Morganella spp.","Ampicillin","J01C","10","10","100"
"AUT","2015","Morganella spp.","Ampicillin","J01C","2","2","100"
"AUT","2016","Morganella spp.","Ampicillin","J01C","9","9","100"
"BEL","2012","Morganella spp.","Ampicillin","J01C","6","6","100"
"BEL","2013","Morganella spp.","Ampicillin","J01C","13","13","100"
"BEL","2014","Morganella spp.","Ampicillin","J01C","12","12","100"
"BEL","2015","Morganella spp.","Ampicillin","J01C","12","12","100"
"BEL","2016","Morganella spp.","Ampicillin","J01C","13","13","100"
"BEL","2017","Morganella spp.","Ampicillin","J01C","13","13","100"
"BEL","2018","Morganella spp.","Ampicillin","J01C","19","19","100"
"BRA","2013","Morganella spp.","Ampicillin","J01C","10","10","100"
"BRA","2014","Morganella spp.","Ampicillin","J01C","9","9","100"
"BRA","2015","Morganella spp.","Ampicillin","J01C","7","7","100"
"BRA","2016","Morganella spp.","Ampicillin","J01C","8","8","100"
"BRA","2017","Morganella spp.","Ampicillin","J01C","19","19","100"
"BRA","2018","Morganella spp.","Ampicillin","J01C","19","18","94.74"
"CAN","2018","Morganella spp.","Ampicillin","J01C","26","26","100"
"CHL","2012","Morganella spp.","Ampicillin","J01C","10","10","100"
"CHL","2013","Morganella spp.","Ampicillin","J01C","8","8","100"
"CHL","2014","Morganella spp.","Ampicillin","J01C","11","11","100"
"CHL","2015","Morganella spp.","Ampicillin","J01C","11","11","100"
"CHL","2016","Morganella spp.","Ampicillin","J01C","7","7","100"
"CHL","2017","Morganella spp.","Ampicillin","J01C","7","7","100"
"CHL","2018","Morganella spp.","Ampicillin","J01C","12","12","100"
"CHN","2012","Morganella spp.","Ampicillin","J01C","14","14","100"
"CHN","2013","Morganella spp.","Ampicillin","J01C","19","18","94.74"
"CHN","2014","Morganella spp.","Ampicillin","J01C","15","15","100"
"CHN","2015","Morganella spp.","Ampicillin","J01C","13","13","100"
"CHN","2016","Morganella spp.","Ampicillin","J01C","19","18","94.74"
"CHN","2017","Morganella spp.","Ampicillin","J01C","15","15","100"
"CHN","2018","Morganella spp.","Ampicillin","J01C","50","44","88"
"COL","2012","Morganella spp.","Ampicillin","J01C","9","9","100"
"COL","2013","Morganella spp.","Ampicillin","J01C","7","7","100"
"COL","2014","Morganella spp.","Ampicillin","J01C","4","4","100"
"COL","2015","Morganella spp.","Ampicillin","J01C","9","9","100"
"COL","2016","Morganella spp.","Ampicillin","J01C","10","9","90"
"COL","2017","Morganella spp.","Ampicillin","J01C","9","9","100"
"COL","2018","Morganella spp.","Ampicillin","J01C","16","16","100"
"CRI","2018","Morganella spp.","Ampicillin","J01C","2","2","100"
"HRV","2018","Morganella spp.","Ampicillin","J01C","9","9","100"
"CZE","2012","Morganella spp.","Ampicillin","J01C","13","12","92.31"
"CZE","2013","Morganella spp.","Ampicillin","J01C","13","13","100"
"CZE","2014","Morganella spp.","Ampicillin","J01C","10","10","100"
"CZE","2015","Morganella spp.","Ampicillin","J01C","8","8","100"
"CZE","2016","Morganella spp.","Ampicillin","J01C","11","11","100"
"CZE","2017","Morganella spp.","Ampicillin","J01C","14","14","100"
"CZE","2018","Morganella spp.","Ampicillin","J01C","14","14","100"
"DNK","2012","Morganella spp.","Ampicillin","J01C","2","2","100"
"DNK","2013","Morganella spp.","Ampicillin","J01C","5","5","100"
"DNK","2014","Morganella spp.","Ampicillin","J01C","8","8","100"
"DNK","2015","Morganella spp.","Ampicillin","J01C","9","8","88.89"
"DNK","2016","Morganella spp.","Ampicillin","J01C","3","3","100"
"DNK","2017","Morganella spp.","Ampicillin","J01C","3","3","100"
"DNK","2018","Morganella spp.","Ampicillin","J01C","3","3","100"
"DOM","2018","Morganella spp.","Ampicillin","J01C","3","3","100"
"FIN","2018","Morganella spp.","Ampicillin","J01C","1","1","100"
"FRA","2012","Morganella spp.","Ampicillin","J01C","6","6","100"
"FRA","2013","Morganella spp.","Ampicillin","J01C","12","12","100"
"FRA","2014","Morganella spp.","Ampicillin","J01C","15","15","100"
"FRA","2015","Morganella spp.","Ampicillin","J01C","13","13","100"
"FRA","2016","Morganella spp.","Ampicillin","J01C","19","18","94.74"
"FRA","2017","Morganella spp.","Ampicillin","J01C","14","14","100"
"FRA","2018","Morganella spp.","Ampicillin","J01C","29","29","100"
"DEU","2012","Morganella spp.","Ampicillin","J01C","7","7","100"
"DEU","2013","Morganella spp.","Ampicillin","J01C","16","16","100"
"DEU","2014","Morganella spp.","Ampicillin","J01C","15","14","93.33"
"DEU","2015","Morganella spp.","Ampicillin","J01C","16","15","93.75"
"DEU","2016","Morganella spp.","Ampicillin","J01C","14","14","100"
"DEU","2017","Morganella spp.","Ampicillin","J01C","13","12","92.31"
"DEU","2018","Morganella spp.","Ampicillin","J01C","30","30","100"
"GRC","2012","Morganella spp.","Ampicillin","J01C","6","6","100"
"GRC","2013","Morganella spp.","Ampicillin","J01C","12","12","100"
"GRC","2014","Morganella spp.","Ampicillin","J01C","13","13","100"
"GRC","2015","Morganella spp.","Ampicillin","J01C","7","7","100"
"GRC","2016","Morganella spp.","Ampicillin","J01C","21","21","100"
"GRC","2017","Morganella spp.","Ampicillin","J01C","15","15","100"
"GRC","2018","Morganella spp.","Ampicillin","J01C","10","10","100"
"GTM","2018","Morganella spp.","Ampicillin","J01C","8","8","100"
"HKG","2013","Morganella spp.","Ampicillin","J01C","2","2","100"
"HKG","2014","Morganella spp.","Ampicillin","J01C","2","2","100"
"HKG","2018","Morganella spp.","Ampicillin","J01C","3","3","100"
"HUN","2012","Morganella spp.","Ampicillin","J01C","7","7","100"
"HUN","2013","Morganella spp.","Ampicillin","J01C","12","12","100"
"HUN","2014","Morganella spp.","Ampicillin","J01C","9","9","100"
"HUN","2015","Morganella spp.","Ampicillin","J01C","8","8","100"
"HUN","2016","Morganella spp.","Ampicillin","J01C","12","12","100"
"HUN","2017","Morganella spp.","Ampicillin","J01C","12","12","100"
"HUN","2018","Morganella spp.","Ampicillin","J01C","12","12","100"
"IND","2018","Morganella spp.","Ampicillin","J01C","14","14","100"
"IRL","2013","Morganella spp.","Ampicillin","J01C","3","3","100"
"IRL","2018","Morganella spp.","Ampicillin","J01C","8","8","100"
"ISR","2012","Morganella spp.","Ampicillin","J01C","9","9","100"
"ISR","2013","Morganella spp.","Ampicillin","J01C","14","14","100"
"ISR","2014","Morganella spp.","Ampicillin","J01C","10","10","100"
"ISR","2015","Morganella spp.","Ampicillin","J01C","11","11","100"
"ISR","2016","Morganella spp.","Ampicillin","J01C","10","10","100"
"ISR","2017","Morganella spp.","Ampicillin","J01C","15","15","100"
"ISR","2018","Morganella spp.","Ampicillin","J01C","12","12","100"
"ITA","2012","Morganella spp.","Ampicillin","J01C","9","9","100"
"ITA","2013","Morganella spp.","Ampicillin","J01C","13","13","100"
"ITA","2014","Morganella spp.","Ampicillin","J01C","14","14","100"
"ITA","2015","Morganella spp.","Ampicillin","J01C","10","10","100"
"ITA","2016","Morganella spp.","Ampicillin","J01C","13","13","100"
"ITA","2017","Morganella spp.","Ampicillin","J01C","11","11","100"
"ITA","2018","Morganella spp.","Ampicillin","J01C","31","31","100"
"JPN","2012","Morganella spp.","Ampicillin","J01C","6","6","100"
"JPN","2013","Morganella spp.","Ampicillin","J01C","8","8","100"
"JPN","2014","Morganella spp.","Ampicillin","J01C","5","5","100"
"JPN","2015","Morganella spp.","Ampicillin","J01C","3","3","100"
"JPN","2016","Morganella spp.","Ampicillin","J01C","5","5","100"
"JPN","2017","Morganella spp.","Ampicillin","J01C","7","7","100"
"JPN","2018","Morganella spp.","Ampicillin","J01C","13","13","100"
"JOR","2018","Morganella spp.","Ampicillin","J01C","3","3","100"
"KEN","2013","Morganella spp.","Ampicillin","J01C","4","4","100"
"KEN","2014","Morganella spp.","Ampicillin","J01C","6","6","100"
"KOR","2012","Morganella spp.","Ampicillin","J01C","8","8","100"
"KOR","2013","Morganella spp.","Ampicillin","J01C","5","5","100"
"KOR","2014","Morganella spp.","Ampicillin","J01C","6","6","100"
"KOR","2015","Morganella spp.","Ampicillin","J01C","8","8","100"
"KOR","2016","Morganella spp.","Ampicillin","J01C","7","7","100"
"KOR","2017","Morganella spp.","Ampicillin","J01C","6","6","100"
"KOR","2018","Morganella spp.","Ampicillin","J01C","9","9","100"
"KWT","2012","Morganella spp.","Ampicillin","J01C","3","3","100"
"KWT","2013","Morganella spp.","Ampicillin","J01C","10","10","100"
"KWT","2014","Morganella spp.","Ampicillin","J01C","10","10","100"
"KWT","2015","Morganella spp.","Ampicillin","J01C","9","9","100"
"KWT","2016","Morganella spp.","Ampicillin","J01C","10","10","100"
"KWT","2017","Morganella spp.","Ampicillin","J01C","10","10","100"
"KWT","2018","Morganella spp.","Ampicillin","J01C","8","8","100"
"LVA","2018","Morganella spp.","Ampicillin","J01C","2","2","100"
"LTU","2018","Morganella spp.","Ampicillin","J01C","6","6","100"
"MYS","2013","Morganella spp.","Ampicillin","J01C","6","6","100"
"MYS","2014","Morganella spp.","Ampicillin","J01C","5","5","100"
"MYS","2015","Morganella spp.","Ampicillin","J01C","4","4","100"
"MYS","2018","Morganella spp.","Ampicillin","J01C","5","5","100"
"MEX","2012","Morganella spp.","Ampicillin","J01C","7","7","100"
"MEX","2013","Morganella spp.","Ampicillin","J01C","10","10","100"
"MEX","2014","Morganella spp.","Ampicillin","J01C","12","12","100"
"MEX","2015","Morganella spp.","Ampicillin","J01C","16","16","100"
"MEX","2016","Morganella spp.","Ampicillin","J01C","21","20","95.24"
"MEX","2017","Morganella spp.","Ampicillin","J01C","12","12","100"
"MEX","2018","Morganella spp.","Ampicillin","J01C","13","13","100"
"MAR","2018","Morganella spp.","Ampicillin","J01C","11","11","100"
"NLD","2012","Morganella spp.","Ampicillin","J01C","8","8","100"
"NLD","2013","Morganella spp.","Ampicillin","J01C","12","12","100"
"NLD","2014","Morganella spp.","Ampicillin","J01C","8","8","100"
"NLD","2015","Morganella spp.","Ampicillin","J01C","11","10","90.91"
"NLD","2016","Morganella spp.","Ampicillin","J01C","10","10","100"
"NLD","2017","Morganella spp.","Ampicillin","J01C","17","17","100"
"NLD","2018","Morganella spp.","Ampicillin","J01C","6","6","100"
"NGA","2013","Morganella spp.","Ampicillin","J01C","2","2","100"
"NGA","2014","Morganella spp.","Ampicillin","J01C","3","3","100"
"NGA","2018","Morganella spp.","Ampicillin","J01C","5","5","100"
"PAN","2018","Morganella spp.","Ampicillin","J01C","1","1","100"
"PHL","2012","Morganella spp.","Ampicillin","J01C","7","7","100"
"PHL","2013","Morganella spp.","Ampicillin","J01C","11","11","100"
"PHL","2014","Morganella spp.","Ampicillin","J01C","9","9","100"
"PHL","2015","Morganella spp.","Ampicillin","J01C","8","7","87.5"
"PHL","2016","Morganella spp.","Ampicillin","J01C","15","15","100"
"PHL","2017","Morganella spp.","Ampicillin","J01C","12","12","100"
"PHL","2018","Morganella spp.","Ampicillin","J01C","6","6","100"
"POL","2013","Morganella spp.","Ampicillin","J01C","9","9","100"
"POL","2014","Morganella spp.","Ampicillin","J01C","7","7","100"
"POL","2015","Morganella spp.","Ampicillin","J01C","5","5","100"
"POL","2016","Morganella spp.","Ampicillin","J01C","6","6","100"
"POL","2017","Morganella spp.","Ampicillin","J01C","11","11","100"
"POL","2018","Morganella spp.","Ampicillin","J01C","10","10","100"
"PRT","2012","Morganella spp.","Ampicillin","J01C","12","12","100"
"PRT","2013","Morganella spp.","Ampicillin","J01C","20","19","95"
"PRT","2014","Morganella spp.","Ampicillin","J01C","21","21","100"
"PRT","2015","Morganella spp.","Ampicillin","J01C","19","19","100"
"PRT","2016","Morganella spp.","Ampicillin","J01C","17","17","100"
"PRT","2017","Morganella spp.","Ampicillin","J01C","16","16","100"
"PRT","2018","Morganella spp.","Ampicillin","J01C","11","11","100"
"ROU","2012","Morganella spp.","Ampicillin","J01C","4","4","100"
"ROU","2013","Morganella spp.","Ampicillin","J01C","8","8","100"
"ROU","2014","Morganella spp.","Ampicillin","J01C","3","3","100"
"ROU","2015","Morganella spp.","Ampicillin","J01C","3","2","66.67"
"ROU","2016","Morganella spp.","Ampicillin","J01C","3","3","100"
"ROU","2018","Morganella spp.","Ampicillin","J01C","13","13","100"
"RUS","2012","Morganella spp.","Ampicillin","J01C","12","12","100"
"RUS","2013","Morganella spp.","Ampicillin","J01C","15","15","100"
"RUS","2014","Morganella spp.","Ampicillin","J01C","11","10","90.91"
"RUS","2015","Morganella spp.","Ampicillin","J01C","11","11","100"
"RUS","2016","Morganella spp.","Ampicillin","J01C","11","11","100"
"RUS","2017","Morganella spp.","Ampicillin","J01C","11","11","100"
"RUS","2018","Morganella spp.","Ampicillin","J01C","15","15","100"
"SAU","2018","Morganella spp.","Ampicillin","J01C","3","3","100"
"SGP","2018","Morganella spp.","Ampicillin","J01C","3","3","100"
"ZAF","2012","Morganella spp.","Ampicillin","J01C","8","8","100"
"ZAF","2013","Morganella spp.","Ampicillin","J01C","9","9","100"
"ZAF","2014","Morganella spp.","Ampicillin","J01C","7","7","100"
"ZAF","2015","Morganella spp.","Ampicillin","J01C","5","5","100"
"ZAF","2016","Morganella spp.","Ampicillin","J01C","9","9","100"
"ZAF","2017","Morganella spp.","Ampicillin","J01C","12","12","100"
"ZAF","2018","Morganella spp.","Ampicillin","J01C","13","13","100"
"ESP","2012","Morganella spp.","Ampicillin","J01C","11","11","100"
"ESP","2013","Morganella spp.","Ampicillin","J01C","17","16","94.12"
"ESP","2014","Morganella spp.","Ampicillin","J01C","14","14","100"
"ESP","2015","Morganella spp.","Ampicillin","J01C","15","15","100"
"ESP","2016","Morganella spp.","Ampicillin","J01C","14","14","100"
"ESP","2017","Morganella spp.","Ampicillin","J01C","17","16","94.12"
"ESP","2018","Morganella spp.","Ampicillin","J01C","31","31","100"
"SWE","2012","Morganella spp.","Ampicillin","J01C","5","5","100"
"SWE","2013","Morganella spp.","Ampicillin","J01C","13","13","100"
"SWE","2014","Morganella spp.","Ampicillin","J01C","4","4","100"
"SWE","2017","Morganella spp.","Ampicillin","J01C","3","3","100"
"SWE","2018","Morganella spp.","Ampicillin","J01C","1","1","100"
"CHE","2018","Morganella spp.","Ampicillin","J01C","6","6","100"
"TWN","2012","Morganella spp.","Ampicillin","J01C","11","10","90.91"
"TWN","2013","Morganella spp.","Ampicillin","J01C","9","9","100"
"TWN","2014","Morganella spp.","Ampicillin","J01C","10","10","100"
"TWN","2015","Morganella spp.","Ampicillin","J01C","9","9","100"
"TWN","2016","Morganella spp.","Ampicillin","J01C","10","10","100"
"TWN","2017","Morganella spp.","Ampicillin","J01C","9","8","88.89"
"TWN","2018","Morganella spp.","Ampicillin","J01C","12","11","91.67"
"THA","2012","Morganella spp.","Ampicillin","J01C","9","9","100"
"THA","2013","Morganella spp.","Ampicillin","J01C","9","9","100"
"THA","2014","Morganella spp.","Ampicillin","J01C","12","12","100"
"THA","2015","Morganella spp.","Ampicillin","J01C","11","10","90.91"
"THA","2016","Morganella spp.","Ampicillin","J01C","9","9","100"
"THA","2017","Morganella spp.","Ampicillin","J01C","12","12","100"
"THA","2018","Morganella spp.","Ampicillin","J01C","9","9","100"
"TUR","2012","Morganella spp.","Ampicillin","J01C","8","7","87.5"
"TUR","2013","Morganella spp.","Ampicillin","J01C","11","11","100"
"TUR","2014","Morganella spp.","Ampicillin","J01C","7","7","100"
"TUR","2015","Morganella spp.","Ampicillin","J01C","13","13","100"
"TUR","2016","Morganella spp.","Ampicillin","J01C","12","12","100"
"TUR","2017","Morganella spp.","Ampicillin","J01C","10","10","100"
"TUR","2018","Morganella spp.","Ampicillin","J01C","7","7","100"
"UKR","2018","Morganella spp.","Ampicillin","J01C","9","9","100"
"GBR","2012","Morganella spp.","Ampicillin","J01C","5","5","100"
"GBR","2013","Morganella spp.","Ampicillin","J01C","6","5","83.33"
"GBR","2014","Morganella spp.","Ampicillin","J01C","5","5","100"
"GBR","2015","Morganella spp.","Ampicillin","J01C","8","8","100"
"GBR","2016","Morganella spp.","Ampicillin","J01C","9","9","100"
"GBR","2017","Morganella spp.","Ampicillin","J01C","9","9","100"
"GBR","2018","Morganella spp.","Ampicillin","J01C","16","16","100"
"USA","2012","Morganella spp.","Ampicillin","J01C","38","38","100"
"USA","2013","Morganella spp.","Ampicillin","J01C","28","27","96.43"
"USA","2014","Morganella spp.","Ampicillin","J01C","40","36","90"
"USA","2015","Morganella spp.","Ampicillin","J01C","27","26","96.3"
"USA","2016","Morganella spp.","Ampicillin","J01C","38","38","100"
"USA","2018","Morganella spp.","Ampicillin","J01C","71","67","94.37"
"VEN","2012","Morganella spp.","Ampicillin","J01C","6","6","100"
"VEN","2013","Morganella spp.","Ampicillin","J01C","7","7","100"
"VEN","2014","Morganella spp.","Ampicillin","J01C","14","14","100"
"VEN","2015","Morganella spp.","Ampicillin","J01C","12","12","100"
"VEN","2016","Morganella spp.","Ampicillin","J01C","10","10","100"
"VEN","2017","Morganella spp.","Ampicillin","J01C","12","12","100"
"VEN","2018","Morganella spp.","Ampicillin","J01C","15","15","100"
"ARG","2018","Morganella spp.","Ampicillin sulbactam","J01C","8","5","62.5"
"AUS","2018","Morganella spp.","Ampicillin sulbactam","J01C","13","8","61.54"
"BEL","2018","Morganella spp.","Ampicillin sulbactam","J01C","19","13","68.42"
"BRA","2018","Morganella spp.","Ampicillin sulbactam","J01C","19","11","57.89"
"CAN","2018","Morganella spp.","Ampicillin sulbactam","J01C","26","12","46.15"
"CHL","2018","Morganella spp.","Ampicillin sulbactam","J01C","12","2","16.67"
"CHN","2018","Morganella spp.","Ampicillin sulbactam","J01C","50","29","58"
"COL","2018","Morganella spp.","Ampicillin sulbactam","J01C","16","10","62.5"
"CRI","2018","Morganella spp.","Ampicillin sulbactam","J01C","2","2","100"
"HRV","2018","Morganella spp.","Ampicillin sulbactam","J01C","9","0","0"
"CZE","2018","Morganella spp.","Ampicillin sulbactam","J01C","14","8","57.14"
"DNK","2018","Morganella spp.","Ampicillin sulbactam","J01C","3","2","66.67"
"DOM","2018","Morganella spp.","Ampicillin sulbactam","J01C","3","2","66.67"
"FIN","2018","Morganella spp.","Ampicillin sulbactam","J01C","1","0","0"
"FRA","2018","Morganella spp.","Ampicillin sulbactam","J01C","29","13","44.83"
"DEU","2018","Morganella spp.","Ampicillin sulbactam","J01C","30","14","46.67"
"GRC","2018","Morganella spp.","Ampicillin sulbactam","J01C","10","6","60"
"GTM","2018","Morganella spp.","Ampicillin sulbactam","J01C","8","3","37.5"
"HKG","2018","Morganella spp.","Ampicillin sulbactam","J01C","3","3","100"
"HUN","2018","Morganella spp.","Ampicillin sulbactam","J01C","12","5","41.67"
"IND","2018","Morganella spp.","Ampicillin sulbactam","J01C","14","9","64.29"
"IRL","2018","Morganella spp.","Ampicillin sulbactam","J01C","8","5","62.5"
"ISR","2018","Morganella spp.","Ampicillin sulbactam","J01C","12","7","58.33"
"ITA","2018","Morganella spp.","Ampicillin sulbactam","J01C","31","17","54.84"
"JPN","2018","Morganella spp.","Ampicillin sulbactam","J01C","13","4","30.77"
"JOR","2018","Morganella spp.","Ampicillin sulbactam","J01C","3","2","66.67"
"KOR","2018","Morganella spp.","Ampicillin sulbactam","J01C","9","6","66.67"
"KWT","2018","Morganella spp.","Ampicillin sulbactam","J01C","8","2","25"
"LVA","2018","Morganella spp.","Ampicillin sulbactam","J01C","2","0","0"
"LTU","2018","Morganella spp.","Ampicillin sulbactam","J01C","6","3","50"
"MYS","2018","Morganella spp.","Ampicillin sulbactam","J01C","5","1","20"
"MEX","2018","Morganella spp.","Ampicillin sulbactam","J01C","13","11","84.62"
"MAR","2018","Morganella spp.","Ampicillin sulbactam","J01C","11","8","72.73"
"NLD","2018","Morganella spp.","Ampicillin sulbactam","J01C","6","4","66.67"
"NGA","2018","Morganella spp.","Ampicillin sulbactam","J01C","5","3","60"
"PAN","2018","Morganella spp.","Ampicillin sulbactam","J01C","1","0","0"
"PHL","2018","Morganella spp.","Ampicillin sulbactam","J01C","6","3","50"
"POL","2018","Morganella spp.","Ampicillin sulbactam","J01C","10","8","80"
"PRT","2018","Morganella spp.","Ampicillin sulbactam","J01C","11","4","36.36"
"ROU","2018","Morganella spp.","Ampicillin sulbactam","J01C","13","7","53.85"
"RUS","2018","Morganella spp.","Ampicillin sulbactam","J01C","15","9","60"
"SAU","2018","Morganella spp.","Ampicillin sulbactam","J01C","3","2","66.67"
"SGP","2018","Morganella spp.","Ampicillin sulbactam","J01C","3","3","100"
"ZAF","2018","Morganella spp.","Ampicillin sulbactam","J01C","13","9","69.23"
"ESP","2018","Morganella spp.","Ampicillin sulbactam","J01C","31","14","45.16"
"SWE","2018","Morganella spp.","Ampicillin sulbactam","J01C","1","0","0"
"CHE","2018","Morganella spp.","Ampicillin sulbactam","J01C","6","4","66.67"
"TWN","2018","Morganella spp.","Ampicillin sulbactam","J01C","12","5","41.67"
"THA","2018","Morganella spp.","Ampicillin sulbactam","J01C","9","6","66.67"
"TUR","2018","Morganella spp.","Ampicillin sulbactam","J01C","7","7","100"
"UKR","2018","Morganella spp.","Ampicillin sulbactam","J01C","9","2","22.22"
"GBR","2018","Morganella spp.","Ampicillin sulbactam","J01C","16","6","37.5"
"USA","2018","Morganella spp.","Ampicillin sulbactam","J01C","71","33","46.48"
"VEN","2018","Morganella spp.","Ampicillin sulbactam","J01C","15","11","73.33"
"ARG","2012","Morganella spp.","Pip/taz","J01C","8","0","0"
"ARG","2013","Morganella spp.","Pip/taz","J01C","8","0","0"
"ARG","2014","Morganella spp.","Pip/taz","J01C","9","1","11.11"
"ARG","2015","Morganella spp.","Pip/taz","J01C","9","0","0"
"ARG","2016","Morganella spp.","Pip/taz","J01C","10","1","10"
"ARG","2017","Morganella spp.","Pip/taz","J01C","9","0","0"
"ARG","2018","Morganella spp.","Pip/taz","J01C","8","0","0"
"AUS","2012","Morganella spp.","Pip/taz","J01C","8","0","0"
"AUS","2013","Morganella spp.","Pip/taz","J01C","12","0","0"
"AUS","2014","Morganella spp.","Pip/taz","J01C","8","0","0"
"AUS","2015","Morganella spp.","Pip/taz","J01C","9","0","0"
"AUS","2016","Morganella spp.","Pip/taz","J01C","10","0","0"
"AUS","2017","Morganella spp.","Pip/taz","J01C","10","0","0"
"AUS","2018","Morganella spp.","Pip/taz","J01C","13","0","0"
"AUT","2012","Morganella spp.","Pip/taz","J01C","7","0","0"
"AUT","2013","Morganella spp.","Pip/taz","J01C","10","0","0"
"AUT","2014","Morganella spp.","Pip/taz","J01C","10","1","10"
"AUT","2015","Morganella spp.","Pip/taz","J01C","2","0","0"
"AUT","2016","Morganella spp.","Pip/taz","J01C","9","0","0"
"BEL","2012","Morganella spp.","Pip/taz","J01C","6","0","0"
"BEL","2013","Morganella spp.","Pip/taz","J01C","13","0","0"
"BEL","2014","Morganella spp.","Pip/taz","J01C","12","0","0"
"BEL","2015","Morganella spp.","Pip/taz","J01C","12","0","0"
"BEL","2016","Morganella spp.","Pip/taz","J01C","13","0","0"
"BEL","2017","Morganella spp.","Pip/taz","J01C","13","0","0"
"BEL","2018","Morganella spp.","Pip/taz","J01C","19","0","0"
"BRA","2013","Morganella spp.","Pip/taz","J01C","10","0","0"
"BRA","2014","Morganella spp.","Pip/taz","J01C","9","0","0"
"BRA","2015","Morganella spp.","Pip/taz","J01C","7","0","0"
"BRA","2016","Morganella spp.","Pip/taz","J01C","8","0","0"
"BRA","2017","Morganella spp.","Pip/taz","J01C","19","0","0"
"BRA","2018","Morganella spp.","Pip/taz","J01C","19","0","0"
"CAN","2018","Morganella spp.","Pip/taz","J01C","26","1","3.85"
"CHL","2012","Morganella spp.","Pip/taz","J01C","10","0","0"
"CHL","2013","Morganella spp.","Pip/taz","J01C","8","0","0"
"CHL","2014","Morganella spp.","Pip/taz","J01C","11","0","0"
"CHL","2015","Morganella spp.","Pip/taz","J01C","11","0","0"
"CHL","2016","Morganella spp.","Pip/taz","J01C","7","0","0"
"CHL","2017","Morganella spp.","Pip/taz","J01C","7","0","0"
"CHL","2018","Morganella spp.","Pip/taz","J01C","12","0","0"
"CHN","2012","Morganella spp.","Pip/taz","J01C","14","0","0"
"CHN","2013","Morganella spp.","Pip/taz","J01C","19","0","0"
"CHN","2014","Morganella spp.","Pip/taz","J01C","15","1","6.67"
"CHN","2015","Morganella spp.","Pip/taz","J01C","13","0","0"
"CHN","2016","Morganella spp.","Pip/taz","J01C","19","2","10.53"
"CHN","2017","Morganella spp.","Pip/taz","J01C","15","1","6.67"
"CHN","2018","Morganella spp.","Pip/taz","J01C","50","3","6"
"COL","2012","Morganella spp.","Pip/taz","J01C","9","0","0"
"COL","2013","Morganella spp.","Pip/taz","J01C","7","0","0"
"COL","2014","Morganella spp.","Pip/taz","J01C","4","0","0"
"COL","2015","Morganella spp.","Pip/taz","J01C","9","0","0"
"COL","2016","Morganella spp.","Pip/taz","J01C","10","0","0"
"COL","2017","Morganella spp.","Pip/taz","J01C","9","0","0"
"COL","2018","Morganella spp.","Pip/taz","J01C","16","0","0"
"CRI","2018","Morganella spp.","Pip/taz","J01C","2","1","50"
"HRV","2018","Morganella spp.","Pip/taz","J01C","9","0","0"
"CZE","2012","Morganella spp.","Pip/taz","J01C","13","2","15.38"
"CZE","2013","Morganella spp.","Pip/taz","J01C","13","0","0"
"CZE","2014","Morganella spp.","Pip/taz","J01C","10","0","0"
"CZE","2015","Morganella spp.","Pip/taz","J01C","8","0","0"
"CZE","2016","Morganella spp.","Pip/taz","J01C","11","0","0"
"CZE","2017","Morganella spp.","Pip/taz","J01C","14","0","0"
"CZE","2018","Morganella spp.","Pip/taz","J01C","14","0","0"
"DNK","2012","Morganella spp.","Pip/taz","J01C","2","0","0"
"DNK","2013","Morganella spp.","Pip/taz","J01C","5","0","0"
"DNK","2014","Morganella spp.","Pip/taz","J01C","8","0","0"
"DNK","2015","Morganella spp.","Pip/taz","J01C","9","0","0"
"DNK","2016","Morganella spp.","Pip/taz","J01C","3","0","0"
"DNK","2017","Morganella spp.","Pip/taz","J01C","3","0","0"
"DNK","2018","Morganella spp.","Pip/taz","J01C","3","0","0"
"DOM","2018","Morganella spp.","Pip/taz","J01C","3","1","33.33"
"FIN","2018","Morganella spp.","Pip/taz","J01C","1","0","0"
"FRA","2012","Morganella spp.","Pip/taz","J01C","6","1","16.67"
"FRA","2013","Morganella spp.","Pip/taz","J01C","12","0","0"
"FRA","2014","Morganella spp.","Pip/taz","J01C","15","0","0"
"FRA","2015","Morganella spp.","Pip/taz","J01C","13","0","0"
"FRA","2016","Morganella spp.","Pip/taz","J01C","19","0","0"
"FRA","2017","Morganella spp.","Pip/taz","J01C","14","0","0"
"FRA","2018","Morganella spp.","Pip/taz","J01C","29","2","6.9"
"DEU","2012","Morganella spp.","Pip/taz","J01C","7","1","14.29"
"DEU","2013","Morganella spp.","Pip/taz","J01C","16","0","0"
"DEU","2014","Morganella spp.","Pip/taz","J01C","15","1","6.67"
"DEU","2015","Morganella spp.","Pip/taz","J01C","16","1","6.25"
"DEU","2016","Morganella spp.","Pip/taz","J01C","14","0","0"
"DEU","2017","Morganella spp.","Pip/taz","J01C","13","0","0"
"DEU","2018","Morganella spp.","Pip/taz","J01C","30","0","0"
"GRC","2012","Morganella spp.","Pip/taz","J01C","6","0","0"
"GRC","2013","Morganella spp.","Pip/taz","J01C","12","0","0"
"GRC","2014","Morganella spp.","Pip/taz","J01C","13","0","0"
"GRC","2015","Morganella spp.","Pip/taz","J01C","7","0","0"
"GRC","2016","Morganella spp.","Pip/taz","J01C","21","0","0"
"GRC","2017","Morganella spp.","Pip/taz","J01C","15","0","0"
"GRC","2018","Morganella spp.","Pip/taz","J01C","10","0","0"
"GTM","2018","Morganella spp.","Pip/taz","J01C","8","0","0"
"HKG","2013","Morganella spp.","Pip/taz","J01C","2","0","0"
"HKG","2014","Morganella spp.","Pip/taz","J01C","2","0","0"
"HKG","2018","Morganella spp.","Pip/taz","J01C","3","0","0"
"HUN","2012","Morganella spp.","Pip/taz","J01C","7","0","0"
"HUN","2013","Morganella spp.","Pip/taz","J01C","12","0","0"
"HUN","2014","Morganella spp.","Pip/taz","J01C","9","0","0"
"HUN","2015","Morganella spp.","Pip/taz","J01C","8","0","0"
"HUN","2016","Morganella spp.","Pip/taz","J01C","12","1","8.33"
"HUN","2017","Morganella spp.","Pip/taz","J01C","12","0","0"
"HUN","2018","Morganella spp.","Pip/taz","J01C","12","0","0"
"IND","2018","Morganella spp.","Pip/taz","J01C","14","2","14.29"
"IRL","2013","Morganella spp.","Pip/taz","J01C","3","0","0"
"IRL","2018","Morganella spp.","Pip/taz","J01C","8","0","0"
"ISR","2012","Morganella spp.","Pip/taz","J01C","9","0","0"
"ISR","2013","Morganella spp.","Pip/taz","J01C","14","0","0"
"ISR","2014","Morganella spp.","Pip/taz","J01C","10","0","0"
"ISR","2015","Morganella spp.","Pip/taz","J01C","11","0","0"
"ISR","2016","Morganella spp.","Pip/taz","J01C","10","0","0"
"ISR","2017","Morganella spp.","Pip/taz","J01C","15","0","0"
"ISR","2018","Morganella spp.","Pip/taz","J01C","12","0","0"
"ITA","2012","Morganella spp.","Pip/taz","J01C","9","0","0"
"ITA","2013","Morganella spp.","Pip/taz","J01C","13","0","0"
"ITA","2014","Morganella spp.","Pip/taz","J01C","14","0","0"
"ITA","2015","Morganella spp.","Pip/taz","J01C","10","0","0"
"ITA","2016","Morganella spp.","Pip/taz","J01C","13","1","7.69"
"ITA","2017","Morganella spp.","Pip/taz","J01C","11","0","0"
"ITA","2018","Morganella spp.","Pip/taz","J01C","31","2","6.45"
"JPN","2012","Morganella spp.","Pip/taz","J01C","6","0","0"
"JPN","2013","Morganella spp.","Pip/taz","J01C","8","0","0"
"JPN","2014","Morganella spp.","Pip/taz","J01C","5","0","0"
"JPN","2015","Morganella spp.","Pip/taz","J01C","3","0","0"
"JPN","2016","Morganella spp.","Pip/taz","J01C","5","0","0"
"JPN","2017","Morganella spp.","Pip/taz","J01C","7","0","0"
"JPN","2018","Morganella spp.","Pip/taz","J01C","13","1","7.69"
"JOR","2018","Morganella spp.","Pip/taz","J01C","3","0","0"
"KEN","2013","Morganella spp.","Pip/taz","J01C","4","0","0"
"KEN","2014","Morganella spp.","Pip/taz","J01C","6","0","0"
"KOR","2012","Morganella spp.","Pip/taz","J01C","8","1","12.5"
"KOR","2013","Morganella spp.","Pip/taz","J01C","5","0","0"
"KOR","2014","Morganella spp.","Pip/taz","J01C","6","0","0"
"KOR","2015","Morganella spp.","Pip/taz","J01C","8","0","0"
"KOR","2016","Morganella spp.","Pip/taz","J01C","7","1","14.29"
"KOR","2017","Morganella spp.","Pip/taz","J01C","6","0","0"
"KOR","2018","Morganella spp.","Pip/taz","J01C","9","0","0"
"KWT","2012","Morganella spp.","Pip/taz","J01C","3","0","0"
"KWT","2013","Morganella spp.","Pip/taz","J01C","10","1","10"
"KWT","2014","Morganella spp.","Pip/taz","J01C","10","0","0"
"KWT","2015","Morganella spp.","Pip/taz","J01C","9","0","0"
"KWT","2016","Morganella spp.","Pip/taz","J01C","10","0","0"
"KWT","2017","Morganella spp.","Pip/taz","J01C","10","1","10"
"KWT","2018","Morganella spp.","Pip/taz","J01C","8","0","0"
"LVA","2018","Morganella spp.","Pip/taz","J01C","2","0","0"
"LTU","2018","Morganella spp.","Pip/taz","J01C","6","0","0"
"MYS","2013","Morganella spp.","Pip/taz","J01C","6","0","0"
"MYS","2014","Morganella spp.","Pip/taz","J01C","5","0","0"
"MYS","2015","Morganella spp.","Pip/taz","J01C","4","0","0"
"MYS","2018","Morganella spp.","Pip/taz","J01C","5","0","0"
"MEX","2012","Morganella spp.","Pip/taz","J01C","7","0","0"
"MEX","2013","Morganella spp.","Pip/taz","J01C","10","0","0"
"MEX","2014","Morganella spp.","Pip/taz","J01C","12","0","0"
"MEX","2015","Morganella spp.","Pip/taz","J01C","16","0","0"
"MEX","2016","Morganella spp.","Pip/taz","J01C","21","0","0"
"MEX","2017","Morganella spp.","Pip/taz","J01C","12","0","0"
"MEX","2018","Morganella spp.","Pip/taz","J01C","13","0","0"
"MAR","2018","Morganella spp.","Pip/taz","J01C","11","2","18.18"
"NLD","2012","Morganella spp.","Pip/taz","J01C","8","0","0"
"NLD","2013","Morganella spp.","Pip/taz","J01C","12","0","0"
"NLD","2014","Morganella spp.","Pip/taz","J01C","8","0","0"
"NLD","2015","Morganella spp.","Pip/taz","J01C","11","0","0"
"NLD","2016","Morganella spp.","Pip/taz","J01C","10","0","0"
"NLD","2017","Morganella spp.","Pip/taz","J01C","17","1","5.88"
"NLD","2018","Morganella spp.","Pip/taz","J01C","6","0","0"
"NGA","2013","Morganella spp.","Pip/taz","J01C","2","0","0"
"NGA","2014","Morganella spp.","Pip/taz","J01C","3","0","0"
"NGA","2018","Morganella spp.","Pip/taz","J01C","5","0","0"
"PAN","2018","Morganella spp.","Pip/taz","J01C","1","0","0"
"PHL","2012","Morganella spp.","Pip/taz","J01C","7","1","14.29"
"PHL","2013","Morganella spp.","Pip/taz","J01C","11","1","9.09"
"PHL","2014","Morganella spp.","Pip/taz","J01C","9","0","0"
"PHL","2015","Morganella spp.","Pip/taz","J01C","8","0","0"
"PHL","2016","Morganella spp.","Pip/taz","J01C","15","0","0"
"PHL","2017","Morganella spp.","Pip/taz","J01C","12","0","0"
"PHL","2018","Morganella spp.","Pip/taz","J01C","6","0","0"
"POL","2013","Morganella spp.","Pip/taz","J01C","9","0","0"
"POL","2014","Morganella spp.","Pip/taz","J01C","7","0","0"
"POL","2015","Morganella spp.","Pip/taz","J01C","5","0","0"
"POL","2016","Morganella spp.","Pip/taz","J01C","6","0","0"
"POL","2017","Morganella spp.","Pip/taz","J01C","11","0","0"
"POL","2018","Morganella spp.","Pip/taz","J01C","10","1","10"
"PRT","2012","Morganella spp.","Pip/taz","J01C","12","1","8.33"
"PRT","2013","Morganella spp.","Pip/taz","J01C","20","0","0"
"PRT","2014","Morganella spp.","Pip/taz","J01C","21","0","0"
"PRT","2015","Morganella spp.","Pip/taz","J01C","19","1","5.26"
"PRT","2016","Morganella spp.","Pip/taz","J01C","17","0","0"
"PRT","2017","Morganella spp.","Pip/taz","J01C","16","0","0"
"PRT","2018","Morganella spp.","Pip/taz","J01C","11","0","0"
"ROU","2012","Morganella spp.","Pip/taz","J01C","4","0","0"
"ROU","2013","Morganella spp.","Pip/taz","J01C","8","1","12.5"
"ROU","2014","Morganella spp.","Pip/taz","J01C","3","0","0"
"ROU","2015","Morganella spp.","Pip/taz","J01C","3","0","0"
"ROU","2016","Morganella spp.","Pip/taz","J01C","3","0","0"
"ROU","2018","Morganella spp.","Pip/taz","J01C","13","1","7.69"
"RUS","2012","Morganella spp.","Pip/taz","J01C","12","1","8.33"
"RUS","2013","Morganella spp.","Pip/taz","J01C","15","0","0"
"RUS","2014","Morganella spp.","Pip/taz","J01C","11","0","0"
"RUS","2015","Morganella spp.","Pip/taz","J01C","11","0","0"
"RUS","2016","Morganella spp.","Pip/taz","J01C","11","0","0"
"RUS","2017","Morganella spp.","Pip/taz","J01C","11","1","9.09"
"RUS","2018","Morganella spp.","Pip/taz","J01C","15","1","6.67"
"SAU","2018","Morganella spp.","Pip/taz","J01C","3","0","0"
"SGP","2018","Morganella spp.","Pip/taz","J01C","3","1","33.33"
"ZAF","2012","Morganella spp.","Pip/taz","J01C","8","0","0"
"ZAF","2013","Morganella spp.","Pip/taz","J01C","9","0","0"
"ZAF","2014","Morganella spp.","Pip/taz","J01C","7","0","0"
"ZAF","2015","Morganella spp.","Pip/taz","J01C","5","1","20"
"ZAF","2016","Morganella spp.","Pip/taz","J01C","9","0","0"
"ZAF","2017","Morganella spp.","Pip/taz","J01C","12","0","0"
"ZAF","2018","Morganella spp.","Pip/taz","J01C","13","0","0"
"ESP","2012","Morganella spp.","Pip/taz","J01C","11","0","0"
"ESP","2013","Morganella spp.","Pip/taz","J01C","17","1","5.88"
"ESP","2014","Morganella spp.","Pip/taz","J01C","14","0","0"
"ESP","2015","Morganella spp.","Pip/taz","J01C","15","1","6.67"
"ESP","2016","Morganella spp.","Pip/taz","J01C","14","0","0"
"ESP","2017","Morganella spp.","Pip/taz","J01C","17","1","5.88"
"ESP","2018","Morganella spp.","Pip/taz","J01C","31","1","3.23"
"SWE","2012","Morganella spp.","Pip/taz","J01C","5","0","0"
"SWE","2013","Morganella spp.","Pip/taz","J01C","13","0","0"
"SWE","2014","Morganella spp.","Pip/taz","J01C","4","0","0"
"SWE","2017","Morganella spp.","Pip/taz","J01C","3","0","0"
"SWE","2018","Morganella spp.","Pip/taz","J01C","1","0","0"
"CHE","2018","Morganella spp.","Pip/taz","J01C","6","0","0"
"TWN","2012","Morganella spp.","Pip/taz","J01C","11","0","0"
"TWN","2013","Morganella spp.","Pip/taz","J01C","9","0","0"
"TWN","2014","Morganella spp.","Pip/taz","J01C","10","0","0"
"TWN","2015","Morganella spp.","Pip/taz","J01C","9","0","0"
"TWN","2016","Morganella spp.","Pip/taz","J01C","10","0","0"
"TWN","2017","Morganella spp.","Pip/taz","J01C","9","0","0"
"TWN","2018","Morganella spp.","Pip/taz","J01C","12","2","16.67"
"THA","2012","Morganella spp.","Pip/taz","J01C","9","0","0"
"THA","2013","Morganella spp.","Pip/taz","J01C","9","0","0"
"THA","2014","Morganella spp.","Pip/taz","J01C","12","0","0"
"THA","2015","Morganella spp.","Pip/taz","J01C","11","0","0"
"THA","2016","Morganella spp.","Pip/taz","J01C","9","0","0"
"THA","2017","Morganella spp.","Pip/taz","J01C","12","1","8.33"
"THA","2018","Morganella spp.","Pip/taz","J01C","9","0","0"
"TUR","2012","Morganella spp.","Pip/taz","J01C","8","1","12.5"
"TUR","2013","Morganella spp.","Pip/taz","J01C","11","2","18.18"
"TUR","2014","Morganella spp.","Pip/taz","J01C","7","0","0"
"TUR","2015","Morganella spp.","Pip/taz","J01C","13","2","15.38"
"TUR","2016","Morganella spp.","Pip/taz","J01C","12","0","0"
"TUR","2017","Morganella spp.","Pip/taz","J01C","10","0","0"
"TUR","2018","Morganella spp.","Pip/taz","J01C","7","3","42.86"
"UKR","2018","Morganella spp.","Pip/taz","J01C","9","0","0"
"GBR","2012","Morganella spp.","Pip/taz","J01C","5","0","0"
"GBR","2013","Morganella spp.","Pip/taz","J01C","6","1","16.67"
"GBR","2014","Morganella spp.","Pip/taz","J01C","5","0","0"
"GBR","2015","Morganella spp.","Pip/taz","J01C","8","2","25"
"GBR","2016","Morganella spp.","Pip/taz","J01C","9","0","0"
"GBR","2017","Morganella spp.","Pip/taz","J01C","9","0","0"
"GBR","2018","Morganella spp.","Pip/taz","J01C","16","0","0"
"USA","2012","Morganella spp.","Pip/taz","J01C","38","0","0"
"USA","2013","Morganella spp.","Pip/taz","J01C","28","0","0"
"USA","2014","Morganella spp.","Pip/taz","J01C","40","1","2.5"
"USA","2015","Morganella spp.","Pip/taz","J01C","27","2","7.41"
"USA","2016","Morganella spp.","Pip/taz","J01C","38","0","0"
"USA","2018","Morganella spp.","Pip/taz","J01C","71","0","0"
"VEN","2012","Morganella spp.","Pip/taz","J01C","6","0","0"
"VEN","2013","Morganella spp.","Pip/taz","J01C","7","0","0"
"VEN","2014","Morganella spp.","Pip/taz","J01C","14","0","0"
"VEN","2015","Morganella spp.","Pip/taz","J01C","12","0","0"
"VEN","2016","Morganella spp.","Pip/taz","J01C","10","0","0"
"VEN","2017","Morganella spp.","Pip/taz","J01C","12","0","0"
"VEN","2018","Morganella spp.","Pip/taz","J01C","15","0","0"
"ARG","2018","Morganella spp.","Ciprofloxacin","J01M","8","4","50"
"AUS","2018","Morganella spp.","Ciprofloxacin","J01M","13","2","15.38"
"BEL","2018","Morganella spp.","Ciprofloxacin","J01M","19","7","36.84"
"BRA","2018","Morganella spp.","Ciprofloxacin","J01M","19","6","31.58"
"CAN","2018","Morganella spp.","Ciprofloxacin","J01M","26","9","34.62"
"CHL","2018","Morganella spp.","Ciprofloxacin","J01M","12","1","8.33"
"CHN","2018","Morganella spp.","Ciprofloxacin","J01M","50","32","64"
"COL","2018","Morganella spp.","Ciprofloxacin","J01M","16","3","18.75"
"CRI","2018","Morganella spp.","Ciprofloxacin","J01M","2","1","50"
"HRV","2018","Morganella spp.","Ciprofloxacin","J01M","9","2","22.22"
"CZE","2018","Morganella spp.","Ciprofloxacin","J01M","14","2","14.29"
"DNK","2018","Morganella spp.","Ciprofloxacin","J01M","3","0","0"
"DOM","2018","Morganella spp.","Ciprofloxacin","J01M","3","2","66.67"
"FIN","2018","Morganella spp.","Ciprofloxacin","J01M","1","0","0"
"FRA","2018","Morganella spp.","Ciprofloxacin","J01M","29","3","10.34"
"DEU","2018","Morganella spp.","Ciprofloxacin","J01M","30","3","10"
"GRC","2018","Morganella spp.","Ciprofloxacin","J01M","10","4","40"
"GTM","2018","Morganella spp.","Ciprofloxacin","J01M","8","3","37.5"
"HKG","2018","Morganella spp.","Ciprofloxacin","J01M","3","0","0"
"HUN","2018","Morganella spp.","Ciprofloxacin","J01M","12","3","25"
"IND","2018","Morganella spp.","Ciprofloxacin","J01M","14","8","57.14"
"IRL","2018","Morganella spp.","Ciprofloxacin","J01M","8","2","25"
"ISR","2018","Morganella spp.","Ciprofloxacin","J01M","12","9","75"
"ITA","2018","Morganella spp.","Ciprofloxacin","J01M","31","11","35.48"
"JPN","2018","Morganella spp.","Ciprofloxacin","J01M","13","0","0"
"JOR","2018","Morganella spp.","Ciprofloxacin","J01M","3","2","66.67"
"KOR","2018","Morganella spp.","Ciprofloxacin","J01M","9","3","33.33"
"KWT","2018","Morganella spp.","Ciprofloxacin","J01M","8","7","87.5"
"LVA","2018","Morganella spp.","Ciprofloxacin","J01M","2","0","0"
"LTU","2018","Morganella spp.","Ciprofloxacin","J01M","6","0","0"
"MYS","2018","Morganella spp.","Ciprofloxacin","J01M","5","0","0"
"MEX","2018","Morganella spp.","Ciprofloxacin","J01M","13","12","92.31"
"MAR","2018","Morganella spp.","Ciprofloxacin","J01M","11","7","63.64"
"NLD","2018","Morganella spp.","Ciprofloxacin","J01M","6","1","16.67"
"NGA","2018","Morganella spp.","Ciprofloxacin","J01M","5","2","40"
"PAN","2018","Morganella spp.","Ciprofloxacin","J01M","1","0","0"
"PHL","2018","Morganella spp.","Ciprofloxacin","J01M","6","3","50"
"POL","2018","Morganella spp.","Ciprofloxacin","J01M","10","4","40"
"PRT","2018","Morganella spp.","Ciprofloxacin","J01M","11","2","18.18"
"ROU","2018","Morganella spp.","Ciprofloxacin","J01M","13","4","30.77"
"RUS","2018","Morganella spp.","Ciprofloxacin","J01M","15","5","33.33"
"SAU","2018","Morganella spp.","Ciprofloxacin","J01M","3","1","33.33"
"SGP","2018","Morganella spp.","Ciprofloxacin","J01M","3","1","33.33"
"ZAF","2018","Morganella spp.","Ciprofloxacin","J01M","13","2","15.38"
"ESP","2018","Morganella spp.","Ciprofloxacin","J01M","31","8","25.81"
"SWE","2018","Morganella spp.","Ciprofloxacin","J01M","1","0","0"
"CHE","2018","Morganella spp.","Ciprofloxacin","J01M","6","0","0"
"TWN","2018","Morganella spp.","Ciprofloxacin","J01M","12","3","25"
"THA","2018","Morganella spp.","Ciprofloxacin","J01M","9","4","44.44"
"TUR","2018","Morganella spp.","Ciprofloxacin","J01M","7","7","100"
"UKR","2018","Morganella spp.","Ciprofloxacin","J01M","9","3","33.33"
"GBR","2018","Morganella spp.","Ciprofloxacin","J01M","16","5","31.25"
"USA","2018","Morganella spp.","Ciprofloxacin","J01M","71","25","35.21"
"VEN","2018","Morganella spp.","Ciprofloxacin","J01M","15","9","60"
"ARG","2012","Morganella spp.","Levofloxacin","J01M","8","3","37.5"
"ARG","2013","Morganella spp.","Levofloxacin","J01M","8","2","25"
"ARG","2014","Morganella spp.","Levofloxacin","J01M","9","3","33.33"
"ARG","2015","Morganella spp.","Levofloxacin","J01M","9","2","22.22"
"ARG","2016","Morganella spp.","Levofloxacin","J01M","10","6","60"
"ARG","2017","Morganella spp.","Levofloxacin","J01M","9","4","44.44"
"ARG","2018","Morganella spp.","Levofloxacin","J01M","8","4","50"
"AUS","2012","Morganella spp.","Levofloxacin","J01M","8","0","0"
"AUS","2013","Morganella spp.","Levofloxacin","J01M","12","1","8.33"
"AUS","2014","Morganella spp.","Levofloxacin","J01M","8","2","25"
"AUS","2015","Morganella spp.","Levofloxacin","J01M","9","1","11.11"
"AUS","2016","Morganella spp.","Levofloxacin","J01M","10","2","20"
"AUS","2017","Morganella spp.","Levofloxacin","J01M","10","1","10"
"AUS","2018","Morganella spp.","Levofloxacin","J01M","13","2","15.38"
"AUT","2012","Morganella spp.","Levofloxacin","J01M","7","2","28.57"
"AUT","2013","Morganella spp.","Levofloxacin","J01M","10","1","10"
"AUT","2014","Morganella spp.","Levofloxacin","J01M","10","1","10"
"AUT","2015","Morganella spp.","Levofloxacin","J01M","2","0","0"
"AUT","2016","Morganella spp.","Levofloxacin","J01M","9","1","11.11"
"BEL","2012","Morganella spp.","Levofloxacin","J01M","6","2","33.33"
"BEL","2013","Morganella spp.","Levofloxacin","J01M","13","2","15.38"
"BEL","2014","Morganella spp.","Levofloxacin","J01M","12","4","33.33"
"BEL","2015","Morganella spp.","Levofloxacin","J01M","12","4","33.33"
"BEL","2016","Morganella spp.","Levofloxacin","J01M","13","5","38.46"
"BEL","2017","Morganella spp.","Levofloxacin","J01M","13","5","38.46"
"BEL","2018","Morganella spp.","Levofloxacin","J01M","19","5","26.32"
"BRA","2013","Morganella spp.","Levofloxacin","J01M","10","4","40"
"BRA","2014","Morganella spp.","Levofloxacin","J01M","9","1","11.11"
"BRA","2015","Morganella spp.","Levofloxacin","J01M","7","1","14.29"
"BRA","2016","Morganella spp.","Levofloxacin","J01M","8","5","62.5"
"BRA","2017","Morganella spp.","Levofloxacin","J01M","19","8","42.11"
"BRA","2018","Morganella spp.","Levofloxacin","J01M","19","5","26.32"
"CAN","2018","Morganella spp.","Levofloxacin","J01M","26","8","30.77"
"CHL","2012","Morganella spp.","Levofloxacin","J01M","10","5","50"
"CHL","2013","Morganella spp.","Levofloxacin","J01M","8","4","50"
"CHL","2014","Morganella spp.","Levofloxacin","J01M","11","3","27.27"
"CHL","2015","Morganella spp.","Levofloxacin","J01M","11","3","27.27"
"CHL","2016","Morganella spp.","Levofloxacin","J01M","7","3","42.86"
"CHL","2017","Morganella spp.","Levofloxacin","J01M","7","0","0"
"CHL","2018","Morganella spp.","Levofloxacin","J01M","12","1","8.33"
"CHN","2012","Morganella spp.","Levofloxacin","J01M","14","5","35.71"
"CHN","2013","Morganella spp.","Levofloxacin","J01M","19","10","52.63"
"CHN","2014","Morganella spp.","Levofloxacin","J01M","15","6","40"
"CHN","2015","Morganella spp.","Levofloxacin","J01M","13","4","30.77"
"CHN","2016","Morganella spp.","Levofloxacin","J01M","19","6","31.58"
"CHN","2017","Morganella spp.","Levofloxacin","J01M","15","6","40"
"CHN","2018","Morganella spp.","Levofloxacin","J01M","50","24","48"
"COL","2012","Morganella spp.","Levofloxacin","J01M","9","3","33.33"
"COL","2013","Morganella spp.","Levofloxacin","J01M","7","2","28.57"
"COL","2014","Morganella spp.","Levofloxacin","J01M","4","0","0"
"COL","2015","Morganella spp.","Levofloxacin","J01M","9","3","33.33"
"COL","2016","Morganella spp.","Levofloxacin","J01M","10","3","30"
"COL","2017","Morganella spp.","Levofloxacin","J01M","9","0","0"
"COL","2018","Morganella spp.","Levofloxacin","J01M","16","0","0"
"CRI","2018","Morganella spp.","Levofloxacin","J01M","2","1","50"
"HRV","2018","Morganella spp.","Levofloxacin","J01M","9","2","22.22"
"CZE","2012","Morganella spp.","Levofloxacin","J01M","13","1","7.69"
"CZE","2013","Morganella spp.","Levofloxacin","J01M","13","0","0"
"CZE","2014","Morganella spp.","Levofloxacin","J01M","10","2","20"
"CZE","2015","Morganella spp.","Levofloxacin","J01M","8","2","25"
"CZE","2016","Morganella spp.","Levofloxacin","J01M","11","3","27.27"
"CZE","2017","Morganella spp.","Levofloxacin","J01M","14","4","28.57"
"CZE","2018","Morganella spp.","Levofloxacin","J01M","14","1","7.14"
"DNK","2012","Morganella spp.","Levofloxacin","J01M","2","2","100"
"DNK","2013","Morganella spp.","Levofloxacin","J01M","5","1","20"
"DNK","2014","Morganella spp.","Levofloxacin","J01M","8","0","0"
"DNK","2015","Morganella spp.","Levofloxacin","J01M","9","1","11.11"
"DNK","2016","Morganella spp.","Levofloxacin","J01M","3","0","0"
"DNK","2017","Morganella spp.","Levofloxacin","J01M","3","0","0"
"DNK","2018","Morganella spp.","Levofloxacin","J01M","3","0","0"
"DOM","2018","Morganella spp.","Levofloxacin","J01M","3","2","66.67"
"FIN","2018","Morganella spp.","Levofloxacin","J01M","1","0","0"
"FRA","2012","Morganella spp.","Levofloxacin","J01M","6","1","16.67"
"FRA","2013","Morganella spp.","Levofloxacin","J01M","12","0","0"
"FRA","2014","Morganella spp.","Levofloxacin","J01M","15","2","13.33"
"FRA","2015","Morganella spp.","Levofloxacin","J01M","13","0","0"
"FRA","2016","Morganella spp.","Levofloxacin","J01M","19","0","0"
"FRA","2017","Morganella spp.","Levofloxacin","J01M","14","2","14.29"
"FRA","2018","Morganella spp.","Levofloxacin","J01M","29","3","10.34"
"DEU","2012","Morganella spp.","Levofloxacin","J01M","7","3","42.86"
"DEU","2013","Morganella spp.","Levofloxacin","J01M","16","3","18.75"
"DEU","2014","Morganella spp.","Levofloxacin","J01M","15","5","33.33"
"DEU","2015","Morganella spp.","Levofloxacin","J01M","16","3","18.75"
"DEU","2016","Morganella spp.","Levofloxacin","J01M","14","0","0"
"DEU","2017","Morganella spp.","Levofloxacin","J01M","13","1","7.69"
"DEU","2018","Morganella spp.","Levofloxacin","J01M","30","2","6.67"
"GRC","2012","Morganella spp.","Levofloxacin","J01M","6","3","50"
"GRC","2013","Morganella spp.","Levofloxacin","J01M","12","2","16.67"
"GRC","2014","Morganella spp.","Levofloxacin","J01M","13","4","30.77"
"GRC","2015","Morganella spp.","Levofloxacin","J01M","7","1","14.29"
"GRC","2016","Morganella spp.","Levofloxacin","J01M","21","5","23.81"
"GRC","2017","Morganella spp.","Levofloxacin","J01M","15","2","13.33"
"GRC","2018","Morganella spp.","Levofloxacin","J01M","10","2","20"
"GTM","2018","Morganella spp.","Levofloxacin","J01M","8","2","25"
"HKG","2013","Morganella spp.","Levofloxacin","J01M","2","0","0"
"HKG","2014","Morganella spp.","Levofloxacin","J01M","2","1","50"
"HKG","2018","Morganella spp.","Levofloxacin","J01M","3","0","0"
"HUN","2012","Morganella spp.","Levofloxacin","J01M","7","1","14.29"
"HUN","2013","Morganella spp.","Levofloxacin","J01M","12","1","8.33"
"HUN","2014","Morganella spp.","Levofloxacin","J01M","9","1","11.11"
"HUN","2015","Morganella spp.","Levofloxacin","J01M","8","1","12.5"
"HUN","2016","Morganella spp.","Levofloxacin","J01M","12","4","33.33"
"HUN","2017","Morganella spp.","Levofloxacin","J01M","12","1","8.33"
"HUN","2018","Morganella spp.","Levofloxacin","J01M","12","3","25"
"IND","2018","Morganella spp.","Levofloxacin","J01M","14","7","50"
"IRL","2013","Morganella spp.","Levofloxacin","J01M","3","2","66.67"
"IRL","2018","Morganella spp.","Levofloxacin","J01M","8","2","25"
"ISR","2012","Morganella spp.","Levofloxacin","J01M","9","1","11.11"
"ISR","2013","Morganella spp.","Levofloxacin","J01M","14","4","28.57"
"ISR","2014","Morganella spp.","Levofloxacin","J01M","10","4","40"
"ISR","2015","Morganella spp.","Levofloxacin","J01M","11","9","81.82"
"ISR","2016","Morganella spp.","Levofloxacin","J01M","10","5","50"
"ISR","2017","Morganella spp.","Levofloxacin","J01M","15","3","20"
"ISR","2018","Morganella spp.","Levofloxacin","J01M","12","4","33.33"
"ITA","2012","Morganella spp.","Levofloxacin","J01M","9","0","0"
"ITA","2013","Morganella spp.","Levofloxacin","J01M","13","3","23.08"
"ITA","2014","Morganella spp.","Levofloxacin","J01M","14","3","21.43"
"ITA","2015","Morganella spp.","Levofloxacin","J01M","10","3","30"
"ITA","2016","Morganella spp.","Levofloxacin","J01M","13","4","30.77"
"ITA","2017","Morganella spp.","Levofloxacin","J01M","11","4","36.36"
"ITA","2018","Morganella spp.","Levofloxacin","J01M","31","10","32.26"
"JPN","2012","Morganella spp.","Levofloxacin","J01M","6","1","16.67"
"JPN","2013","Morganella spp.","Levofloxacin","J01M","8","1","12.5"
"JPN","2014","Morganella spp.","Levofloxacin","J01M","5","0","0"
"JPN","2015","Morganella spp.","Levofloxacin","J01M","3","0","0"
"JPN","2016","Morganella spp.","Levofloxacin","J01M","5","0","0"
"JPN","2017","Morganella spp.","Levofloxacin","J01M","7","0","0"
"JPN","2018","Morganella spp.","Levofloxacin","J01M","13","0","0"
"JOR","2018","Morganella spp.","Levofloxacin","J01M","3","1","33.33"
"KEN","2013","Morganella spp.","Levofloxacin","J01M","4","2","50"
"KEN","2014","Morganella spp.","Levofloxacin","J01M","6","2","33.33"
"KOR","2012","Morganella spp.","Levofloxacin","J01M","8","2","25"
"KOR","2013","Morganella spp.","Levofloxacin","J01M","5","2","40"
"KOR","2014","Morganella spp.","Levofloxacin","J01M","6","1","16.67"
"KOR","2015","Morganella spp.","Levofloxacin","J01M","8","1","12.5"
"KOR","2016","Morganella spp.","Levofloxacin","J01M","7","2","28.57"
"KOR","2017","Morganella spp.","Levofloxacin","J01M","6","1","16.67"
"KOR","2018","Morganella spp.","Levofloxacin","J01M","9","2","22.22"
"KWT","2012","Morganella spp.","Levofloxacin","J01M","3","0","0"
"KWT","2013","Morganella spp.","Levofloxacin","J01M","10","3","30"
"KWT","2014","Morganella spp.","Levofloxacin","J01M","10","4","40"
"KWT","2015","Morganella spp.","Levofloxacin","J01M","9","2","22.22"
"KWT","2016","Morganella spp.","Levofloxacin","J01M","10","6","60"
"KWT","2017","Morganella spp.","Levofloxacin","J01M","10","6","60"
"KWT","2018","Morganella spp.","Levofloxacin","J01M","8","5","62.5"
"LVA","2018","Morganella spp.","Levofloxacin","J01M","2","0","0"
"LTU","2018","Morganella spp.","Levofloxacin","J01M","6","0","0"
"MYS","2013","Morganella spp.","Levofloxacin","J01M","6","2","33.33"
"MYS","2014","Morganella spp.","Levofloxacin","J01M","5","1","20"
"MYS","2015","Morganella spp.","Levofloxacin","J01M","4","0","0"
"MYS","2018","Morganella spp.","Levofloxacin","J01M","5","0","0"
"MEX","2012","Morganella spp.","Levofloxacin","J01M","7","5","71.43"
"MEX","2013","Morganella spp.","Levofloxacin","J01M","10","7","70"
"MEX","2014","Morganella spp.","Levofloxacin","J01M","12","6","50"
"MEX","2015","Morganella spp.","Levofloxacin","J01M","16","6","37.5"
"MEX","2016","Morganella spp.","Levofloxacin","J01M","21","16","76.19"
"MEX","2017","Morganella spp.","Levofloxacin","J01M","12","5","41.67"
"MEX","2018","Morganella spp.","Levofloxacin","J01M","13","6","46.15"
"MAR","2018","Morganella spp.","Levofloxacin","J01M","11","7","63.64"
"NLD","2012","Morganella spp.","Levofloxacin","J01M","8","1","12.5"
"NLD","2013","Morganella spp.","Levofloxacin","J01M","12","3","25"
"NLD","2014","Morganella spp.","Levofloxacin","J01M","8","0","0"
"NLD","2015","Morganella spp.","Levofloxacin","J01M","11","1","9.09"
"NLD","2016","Morganella spp.","Levofloxacin","J01M","10","1","10"
"NLD","2017","Morganella spp.","Levofloxacin","J01M","17","0","0"
"NLD","2018","Morganella spp.","Levofloxacin","J01M","6","0","0"
"NGA","2013","Morganella spp.","Levofloxacin","J01M","2","2","100"
"NGA","2014","Morganella spp.","Levofloxacin","J01M","3","1","33.33"
"NGA","2018","Morganella spp.","Levofloxacin","J01M","5","2","40"
"PAN","2018","Morganella spp.","Levofloxacin","J01M","1","0","0"
"PHL","2012","Morganella spp.","Levofloxacin","J01M","7","3","42.86"
"PHL","2013","Morganella spp.","Levofloxacin","J01M","11","5","45.45"
"PHL","2014","Morganella spp.","Levofloxacin","J01M","9","2","22.22"
"PHL","2015","Morganella spp.","Levofloxacin","J01M","8","2","25"
"PHL","2016","Morganella spp.","Levofloxacin","J01M","15","6","40"
"PHL","2017","Morganella spp.","Levofloxacin","J01M","12","3","25"
"PHL","2018","Morganella spp.","Levofloxacin","J01M","6","3","50"
"POL","2013","Morganella spp.","Levofloxacin","J01M","9","1","11.11"
"POL","2014","Morganella spp.","Levofloxacin","J01M","7","0","0"
"POL","2015","Morganella spp.","Levofloxacin","J01M","5","1","20"
"POL","2016","Morganella spp.","Levofloxacin","J01M","6","3","50"
"POL","2017","Morganella spp.","Levofloxacin","J01M","11","2","18.18"
"POL","2018","Morganella spp.","Levofloxacin","J01M","10","3","30"
"PRT","2012","Morganella spp.","Levofloxacin","J01M","12","3","25"
"PRT","2013","Morganella spp.","Levofloxacin","J01M","20","9","45"
"PRT","2014","Morganella spp.","Levofloxacin","J01M","21","10","47.62"
"PRT","2015","Morganella spp.","Levofloxacin","J01M","19","4","21.05"
"PRT","2016","Morganella spp.","Levofloxacin","J01M","17","4","23.53"
"PRT","2017","Morganella spp.","Levofloxacin","J01M","16","2","12.5"
"PRT","2018","Morganella spp.","Levofloxacin","J01M","11","1","9.09"
"ROU","2012","Morganella spp.","Levofloxacin","J01M","4","2","50"
"ROU","2013","Morganella spp.","Levofloxacin","J01M","8","5","62.5"
"ROU","2014","Morganella spp.","Levofloxacin","J01M","3","2","66.67"
"ROU","2015","Morganella spp.","Levofloxacin","J01M","3","1","33.33"
"ROU","2016","Morganella spp.","Levofloxacin","J01M","3","0","0"
"ROU","2018","Morganella spp.","Levofloxacin","J01M","13","4","30.77"
"RUS","2012","Morganella spp.","Levofloxacin","J01M","12","2","16.67"
"RUS","2013","Morganella spp.","Levofloxacin","J01M","15","5","33.33"
"RUS","2014","Morganella spp.","Levofloxacin","J01M","11","2","18.18"
"RUS","2015","Morganella spp.","Levofloxacin","J01M","11","1","9.09"
"RUS","2016","Morganella spp.","Levofloxacin","J01M","11","4","36.36"
"RUS","2017","Morganella spp.","Levofloxacin","J01M","11","0","0"
"RUS","2018","Morganella spp.","Levofloxacin","J01M","15","5","33.33"
"SAU","2018","Morganella spp.","Levofloxacin","J01M","3","0","0"
"SGP","2018","Morganella spp.","Levofloxacin","J01M","3","0","0"
"ZAF","2012","Morganella spp.","Levofloxacin","J01M","8","3","37.5"
"ZAF","2013","Morganella spp.","Levofloxacin","J01M","9","2","22.22"
"ZAF","2014","Morganella spp.","Levofloxacin","J01M","7","0","0"
"ZAF","2015","Morganella spp.","Levofloxacin","J01M","5","3","60"
"ZAF","2016","Morganella spp.","Levofloxacin","J01M","9","0","0"
"ZAF","2017","Morganella spp.","Levofloxacin","J01M","12","1","8.33"
"ZAF","2018","Morganella spp.","Levofloxacin","J01M","13","2","15.38"
"ESP","2012","Morganella spp.","Levofloxacin","J01M","11","2","18.18"
"ESP","2013","Morganella spp.","Levofloxacin","J01M","17","4","23.53"
"ESP","2014","Morganella spp.","Levofloxacin","J01M","14","5","35.71"
"ESP","2015","Morganella spp.","Levofloxacin","J01M","15","3","20"
"ESP","2016","Morganella spp.","Levofloxacin","J01M","14","6","42.86"
"ESP","2017","Morganella spp.","Levofloxacin","J01M","17","5","29.41"
"ESP","2018","Morganella spp.","Levofloxacin","J01M","31","7","22.58"
"SWE","2012","Morganella spp.","Levofloxacin","J01M","5","1","20"
"SWE","2013","Morganella spp.","Levofloxacin","J01M","13","1","7.69"
"SWE","2014","Morganella spp.","Levofloxacin","J01M","4","0","0"
"SWE","2017","Morganella spp.","Levofloxacin","J01M","3","0","0"
"SWE","2018","Morganella spp.","Levofloxacin","J01M","1","0","0"
"CHE","2018","Morganella spp.","Levofloxacin","J01M","6","0","0"
"TWN","2012","Morganella spp.","Levofloxacin","J01M","11","2","18.18"
"TWN","2013","Morganella spp.","Levofloxacin","J01M","9","0","0"
"TWN","2014","Morganella spp.","Levofloxacin","J01M","10","3","30"
"TWN","2015","Morganella spp.","Levofloxacin","J01M","9","5","55.56"
"TWN","2016","Morganella spp.","Levofloxacin","J01M","10","1","10"
"TWN","2017","Morganella spp.","Levofloxacin","J01M","9","3","33.33"
"TWN","2018","Morganella spp.","Levofloxacin","J01M","12","2","16.67"
"THA","2012","Morganella spp.","Levofloxacin","J01M","9","2","22.22"
"THA","2013","Morganella spp.","Levofloxacin","J01M","9","1","11.11"
"THA","2014","Morganella spp.","Levofloxacin","J01M","12","7","58.33"
"THA","2015","Morganella spp.","Levofloxacin","J01M","11","3","27.27"
"THA","2016","Morganella spp.","Levofloxacin","J01M","9","5","55.56"
"THA","2017","Morganella spp.","Levofloxacin","J01M","12","1","8.33"
"THA","2018","Morganella spp.","Levofloxacin","J01M","9","4","44.44"
"TUR","2012","Morganella spp.","Levofloxacin","J01M","8","3","37.5"
"TUR","2013","Morganella spp.","Levofloxacin","J01M","11","2","18.18"
"TUR","2014","Morganella spp.","Levofloxacin","J01M","7","0","0"
"TUR","2015","Morganella spp.","Levofloxacin","J01M","13","8","61.54"
"TUR","2016","Morganella spp.","Levofloxacin","J01M","12","8","66.67"
"TUR","2017","Morganella spp.","Levofloxacin","J01M","10","2","20"
"TUR","2018","Morganella spp.","Levofloxacin","J01M","7","6","85.71"
"UKR","2018","Morganella spp.","Levofloxacin","J01M","9","1","11.11"
"GBR","2012","Morganella spp.","Levofloxacin","J01M","5","1","20"
"GBR","2013","Morganella spp.","Levofloxacin","J01M","6","0","0"
"GBR","2014","Morganella spp.","Levofloxacin","J01M","5","0","0"
"GBR","2015","Morganella spp.","Levofloxacin","J01M","8","1","12.5"
"GBR","2016","Morganella spp.","Levofloxacin","J01M","9","0","0"
"GBR","2017","Morganella spp.","Levofloxacin","J01M","9","1","11.11"
"GBR","2018","Morganella spp.","Levofloxacin","J01M","16","5","31.25"
"USA","2012","Morganella spp.","Levofloxacin","J01M","38","14","36.84"
"USA","2013","Morganella spp.","Levofloxacin","J01M","28","9","32.14"
"USA","2014","Morganella spp.","Levofloxacin","J01M","40","7","17.5"
"USA","2015","Morganella spp.","Levofloxacin","J01M","27","6","22.22"
"USA","2016","Morganella spp.","Levofloxacin","J01M","38","13","34.21"
"USA","2018","Morganella spp.","Levofloxacin","J01M","71","23","32.39"
"VEN","2012","Morganella spp.","Levofloxacin","J01M","6","2","33.33"
"VEN","2013","Morganella spp.","Levofloxacin","J01M","7","3","42.86"
"VEN","2014","Morganella spp.","Levofloxacin","J01M","14","8","57.14"
"VEN","2015","Morganella spp.","Levofloxacin","J01M","12","4","33.33"
"VEN","2016","Morganella spp.","Levofloxacin","J01M","10","4","40"
"VEN","2017","Morganella spp.","Levofloxacin","J01M","12","4","33.33"
"VEN","2018","Morganella spp.","Levofloxacin","J01M","15","8","53.33"
"ARG","2004","H. influenzae","Cefepime","J01D","20","0","0"
"ARG","2005","H. influenzae","Cefepime","J01D","93","0","0"
"ARG","2006","H. influenzae","Cefepime","J01D","28","0","0"
"ARG","2007","H. influenzae","Cefepime","J01D","90","0","0"
"ARG","2008","H. influenzae","Cefepime","J01D","89","0","0"
"ARG","2009","H. influenzae","Cefepime","J01D","78","0","0"
"ARG","2010","H. influenzae","Cefepime","J01D","60","0","0"
"ARG","2011","H. influenzae","Cefepime","J01D","7","0","0"
"ARG","2012","H. influenzae","Cefepime","J01D","1","0","0"
"ARG","2015","H. influenzae","Cefepime","J01D","3","0","0"
"ARG","2016","H. influenzae","Cefepime","J01D","10","0","0"
"ARG","2017","H. influenzae","Cefepime","J01D","13","0","0"
"AUS","2004","H. influenzae","Cefepime","J01D","14","0","0"
"AUS","2005","H. influenzae","Cefepime","J01D","15","0","0"
"AUS","2006","H. influenzae","Cefepime","J01D","48","0","0"
"AUS","2007","H. influenzae","Cefepime","J01D","67","0","0"
"AUS","2008","H. influenzae","Cefepime","J01D","40","0","0"
"AUS","2009","H. influenzae","Cefepime","J01D","35","0","0"
"AUS","2010","H. influenzae","Cefepime","J01D","29","0","0"
"AUT","2004","H. influenzae","Cefepime","J01D","15","0","0"
"AUT","2006","H. influenzae","Cefepime","J01D","10","0","0"
"AUT","2008","H. influenzae","Cefepime","J01D","15","0","0"
"AUT","2009","H. influenzae","Cefepime","J01D","39","0","0"
"AUT","2010","H. influenzae","Cefepime","J01D","9","0","0"
"AUT","2011","H. influenzae","Cefepime","J01D","26","0","0"
"AUT","2016","H. influenzae","Cefepime","J01D","6","0","0"
"BEL","2004","H. influenzae","Cefepime","J01D","15","0","0"
"BEL","2005","H. influenzae","Cefepime","J01D","22","0","0"
"BEL","2006","H. influenzae","Cefepime","J01D","30","0","0"
"BEL","2007","H. influenzae","Cefepime","J01D","59","0","0"
"BEL","2008","H. influenzae","Cefepime","J01D","33","0","0"
"BEL","2009","H. influenzae","Cefepime","J01D","62","0","0"
"BEL","2010","H. influenzae","Cefepime","J01D","46","0","0"
"BEL","2011","H. influenzae","Cefepime","J01D","51","0","0"
"BEL","2012","H. influenzae","Cefepime","J01D","37","0","0"
"BEL","2013","H. influenzae","Cefepime","J01D","98","0","0"
"BEL","2014","H. influenzae","Cefepime","J01D","98","0","0"
"BEL","2015","H. influenzae","Cefepime","J01D","73","0","0"
"BEL","2016","H. influenzae","Cefepime","J01D","86","0","0"
"BEL","2017","H. influenzae","Cefepime","J01D","59","0","0"
"BRA","2004","H. influenzae","Cefepime","J01D","12","0","0"
"BRA","2005","H. influenzae","Cefepime","J01D","15","0","0"
"BRA","2006","H. influenzae","Cefepime","J01D","3","0","0"
"BRA","2007","H. influenzae","Cefepime","J01D","30","0","0"
"BRA","2008","H. influenzae","Cefepime","J01D","15","0","0"
"BRA","2009","H. influenzae","Cefepime","J01D","15","0","0"
"BRA","2015","H. influenzae","Cefepime","J01D","6","0","0"
"BRA","2016","H. influenzae","Cefepime","J01D","14","0","0"
"BRA","2017","H. influenzae","Cefepime","J01D","17","0","0"
"BGR","2008","H. influenzae","Cefepime","J01D","3","0","0"
"BGR","2009","H. influenzae","Cefepime","J01D","22","0","0"
"BGR","2010","H. influenzae","Cefepime","J01D","27","0","0"
"BGR","2011","H. influenzae","Cefepime","J01D","11","0","0"
"CAN","2004","H. influenzae","Cefepime","J01D","19","0","0"
"CAN","2005","H. influenzae","Cefepime","J01D","40","0","0"
"CAN","2006","H. influenzae","Cefepime","J01D","55","0","0"
"CAN","2007","H. influenzae","Cefepime","J01D","69","0","0"
"CAN","2008","H. influenzae","Cefepime","J01D","56","0","0"
"CAN","2009","H. influenzae","Cefepime","J01D","76","0","0"
"CAN","2010","H. influenzae","Cefepime","J01D","65","0","0"
"CAN","2011","H. influenzae","Cefepime","J01D","38","0","0"
"CAN","2012","H. influenzae","Cefepime","J01D","109","0","0"
"CAN","2013","H. influenzae","Cefepime","J01D","96","0","0"
"CAN","2014","H. influenzae","Cefepime","J01D","77","0","0"
"CAN","2015","H. influenzae","Cefepime","J01D","78","0","0"
"CAN","2016","H. influenzae","Cefepime","J01D","83","0","0"
"CAN","2017","H. influenzae","Cefepime","J01D","69","0","0"
"CHL","2005","H. influenzae","Cefepime","J01D","12","0","0"
"CHL","2006","H. influenzae","Cefepime","J01D","3","0","0"
"CHL","2007","H. influenzae","Cefepime","J01D","39","0","0"
"CHL","2008","H. influenzae","Cefepime","J01D","16","0","0"
"CHL","2009","H. influenzae","Cefepime","J01D","11","0","0"
"CHL","2013","H. influenzae","Cefepime","J01D","15","0","0"
"CHL","2014","H. influenzae","Cefepime","J01D","20","0","0"
"CHL","2015","H. influenzae","Cefepime","J01D","13","0","0"
"CHL","2016","H. influenzae","Cefepime","J01D","15","0","0"
"CHL","2017","H. influenzae","Cefepime","J01D","9","0","0"
"CHN","2004","H. influenzae","Cefepime","J01D","15","0","0"
"CHN","2005","H. influenzae","Cefepime","J01D","15","0","0"
"CHN","2006","H. influenzae","Cefepime","J01D","14","0","0"
"CHN","2008","H. influenzae","Cefepime","J01D","18","0","0"
"CHN","2009","H. influenzae","Cefepime","J01D","33","0","0"
"CHN","2010","H. influenzae","Cefepime","J01D","35","0","0"
"CHN","2015","H. influenzae","Cefepime","J01D","80","0","0"
"CHN","2016","H. influenzae","Cefepime","J01D","77","0","0"
"COL","2006","H. influenzae","Cefepime","J01D","15","0","0"
"COL","2007","H. influenzae","Cefepime","J01D","4","0","0"
"COL","2008","H. influenzae","Cefepime","J01D","42","0","0"
"COL","2009","H. influenzae","Cefepime","J01D","30","0","0"
"COL","2011","H. influenzae","Cefepime","J01D","49","0","0"
"COL","2013","H. influenzae","Cefepime","J01D","13","0","0"
"COL","2014","H. influenzae","Cefepime","J01D","8","0","0"
"COL","2015","H. influenzae","Cefepime","J01D","7","0","0"
"HRV","2006","H. influenzae","Cefepime","J01D","11","0","0"
"HRV","2007","H. influenzae","Cefepime","J01D","24","0","0"
"HRV","2008","H. influenzae","Cefepime","J01D","23","0","0"
"HRV","2009","H. influenzae","Cefepime","J01D","19","0","0"
"HRV","2010","H. influenzae","Cefepime","J01D","14","0","0"
"HRV","2013","H. influenzae","Cefepime","J01D","14","0","0"
"HRV","2014","H. influenzae","Cefepime","J01D","14","0","0"
"HRV","2015","H. influenzae","Cefepime","J01D","15","0","0"
"HRV","2016","H. influenzae","Cefepime","J01D","16","0","0"
"HRV","2017","H. influenzae","Cefepime","J01D","13","0","0"
"CZE","2006","H. influenzae","Cefepime","J01D","15","0","0"
"CZE","2007","H. influenzae","Cefepime","J01D","21","0","0"
"CZE","2008","H. influenzae","Cefepime","J01D","7","0","0"
"CZE","2009","H. influenzae","Cefepime","J01D","14","0","0"
"CZE","2010","H. influenzae","Cefepime","J01D","12","0","0"
"CZE","2011","H. influenzae","Cefepime","J01D","10","0","0"
"CZE","2014","H. influenzae","Cefepime","J01D","15","0","0"
"CZE","2015","H. influenzae","Cefepime","J01D","10","0","0"
"CZE","2016","H. influenzae","Cefepime","J01D","43","0","0"
"CZE","2017","H. influenzae","Cefepime","J01D","40","0","0"
"DNK","2006","H. influenzae","Cefepime","J01D","30","0","0"
"DNK","2007","H. influenzae","Cefepime","J01D","59","0","0"
"DNK","2008","H. influenzae","Cefepime","J01D","22","0","0"
"DNK","2009","H. influenzae","Cefepime","J01D","23","0","0"
"DNK","2010","H. influenzae","Cefepime","J01D","17","0","0"
"DNK","2011","H. influenzae","Cefepime","J01D","15","0","0"
"DNK","2012","H. influenzae","Cefepime","J01D","4","0","0"
"DNK","2013","H. influenzae","Cefepime","J01D","15","0","0"
"DNK","2014","H. influenzae","Cefepime","J01D","30","0","0"
"DNK","2016","H. influenzae","Cefepime","J01D","14","0","0"
"FIN","2006","H. influenzae","Cefepime","J01D","15","0","0"
"FIN","2007","H. influenzae","Cefepime","J01D","10","0","0"
"FIN","2008","H. influenzae","Cefepime","J01D","16","0","0"
"FIN","2010","H. influenzae","Cefepime","J01D","12","0","0"
"FIN","2011","H. influenzae","Cefepime","J01D","15","0","0"
"FIN","2013","H. influenzae","Cefepime","J01D","14","0","0"
"FIN","2014","H. influenzae","Cefepime","J01D","30","0","0"
"FIN","2015","H. influenzae","Cefepime","J01D","1","0","0"
"FIN","2016","H. influenzae","Cefepime","J01D","15","0","0"
"FRA","2004","H. influenzae","Cefepime","J01D","56","0","0"
"FRA","2005","H. influenzae","Cefepime","J01D","29","0","0"
"FRA","2006","H. influenzae","Cefepime","J01D","78","0","0"
"FRA","2007","H. influenzae","Cefepime","J01D","166","0","0"
"FRA","2008","H. influenzae","Cefepime","J01D","256","0","0"
"FRA","2009","H. influenzae","Cefepime","J01D","225","0","0"
"FRA","2010","H. influenzae","Cefepime","J01D","166","0","0"
"FRA","2011","H. influenzae","Cefepime","J01D","174","0","0"
"FRA","2012","H. influenzae","Cefepime","J01D","142","0","0"
"FRA","2013","H. influenzae","Cefepime","J01D","154","0","0"
"FRA","2014","H. influenzae","Cefepime","J01D","143","0","0"
"FRA","2015","H. influenzae","Cefepime","J01D","141","0","0"
"FRA","2016","H. influenzae","Cefepime","J01D","124","0","0"
"FRA","2017","H. influenzae","Cefepime","J01D","129","0","0"
"DEU","2004","H. influenzae","Cefepime","J01D","74","0","0"
"DEU","2005","H. influenzae","Cefepime","J01D","15","0","0"
"DEU","2006","H. influenzae","Cefepime","J01D","59","0","0"
"DEU","2007","H. influenzae","Cefepime","J01D","89","0","0"
"DEU","2008","H. influenzae","Cefepime","J01D","110","0","0"
"DEU","2009","H. influenzae","Cefepime","J01D","169","0","0"
"DEU","2010","H. influenzae","Cefepime","J01D","136","0","0"
"DEU","2011","H. influenzae","Cefepime","J01D","171","0","0"
"DEU","2012","H. influenzae","Cefepime","J01D","114","0","0"
"DEU","2013","H. influenzae","Cefepime","J01D","191","0","0"
"DEU","2014","H. influenzae","Cefepime","J01D","175","0","0"
"DEU","2015","H. influenzae","Cefepime","J01D","116","0","0"
"DEU","2016","H. influenzae","Cefepime","J01D","128","0","0"
"DEU","2017","H. influenzae","Cefepime","J01D","161","0","0"
"GRC","2004","H. influenzae","Cefepime","J01D","13","0","0"
"GRC","2005","H. influenzae","Cefepime","J01D","2","0","0"
"GRC","2006","H. influenzae","Cefepime","J01D","59","0","0"
"GRC","2007","H. influenzae","Cefepime","J01D","14","0","0"
"GRC","2008","H. influenzae","Cefepime","J01D","11","0","0"
"GRC","2009","H. influenzae","Cefepime","J01D","10","0","0"
"GRC","2010","H. influenzae","Cefepime","J01D","8","0","0"
"GRC","2011","H. influenzae","Cefepime","J01D","6","0","0"
"GRC","2014","H. influenzae","Cefepime","J01D","13","0","0"
"GRC","2015","H. influenzae","Cefepime","J01D","5","0","0"
"GRC","2016","H. influenzae","Cefepime","J01D","27","0","0"
"GRC","2017","H. influenzae","Cefepime","J01D","3","0","0"
"GTM","2007","H. influenzae","Cefepime","J01D","16","0","0"
"HND","2007","H. influenzae","Cefepime","J01D","8","0","0"
"HKG","2006","H. influenzae","Cefepime","J01D","13","0","0"
"HKG","2007","H. influenzae","Cefepime","J01D","31","0","0"
"HKG","2010","H. influenzae","Cefepime","J01D","15","0","0"
"HKG","2014","H. influenzae","Cefepime","J01D","1","0","0"
"HKG","2015","H. influenzae","Cefepime","J01D","15","0","0"
"HKG","2016","H. influenzae","Cefepime","J01D","15","0","0"
"HKG","2017","H. influenzae","Cefepime","J01D","14","0","0"
"HUN","2004","H. influenzae","Cefepime","J01D","14","0","0"
"HUN","2005","H. influenzae","Cefepime","J01D","3","0","0"
"HUN","2007","H. influenzae","Cefepime","J01D","15","0","0"
"HUN","2008","H. influenzae","Cefepime","J01D","44","0","0"
"HUN","2009","H. influenzae","Cefepime","J01D","42","0","0"
"HUN","2010","H. influenzae","Cefepime","J01D","29","0","0"
"HUN","2014","H. influenzae","Cefepime","J01D","14","0","0"
"HUN","2016","H. influenzae","Cefepime","J01D","13","0","0"
"HUN","2017","H. influenzae","Cefepime","J01D","23","0","0"
"IND","2004","H. influenzae","Cefepime","J01D","11","0","0"
"IND","2007","H. influenzae","Cefepime","J01D","5","0","0"
"IND","2008","H. influenzae","Cefepime","J01D","7","0","0"
"IND","2015","H. influenzae","Cefepime","J01D","10","0","0"
"IND","2016","H. influenzae","Cefepime","J01D","27","0","0"
"IRL","2004","H. influenzae","Cefepime","J01D","15","0","0"
"IRL","2006","H. influenzae","Cefepime","J01D","28","0","0"
"IRL","2007","H. influenzae","Cefepime","J01D","31","0","0"
"IRL","2008","H. influenzae","Cefepime","J01D","11","0","0"
"IRL","2009","H. influenzae","Cefepime","J01D","25","0","0"
"IRL","2010","H. influenzae","Cefepime","J01D","32","0","0"
"IRL","2011","H. influenzae","Cefepime","J01D","31","0","0"
"IRL","2012","H. influenzae","Cefepime","J01D","31","0","0"
"IRL","2013","H. influenzae","Cefepime","J01D","40","0","0"
"IRL","2014","H. influenzae","Cefepime","J01D","16","0","0"
"IRL","2015","H. influenzae","Cefepime","J01D","16","0","0"
"IRL","2016","H. influenzae","Cefepime","J01D","29","0","0"
"IRL","2017","H. influenzae","Cefepime","J01D","26","0","0"
"ISR","2006","H. influenzae","Cefepime","J01D","29","0","0"
"ISR","2007","H. influenzae","Cefepime","J01D","49","0","0"
"ISR","2008","H. influenzae","Cefepime","J01D","76","0","0"
"ISR","2009","H. influenzae","Cefepime","J01D","82","0","0"
"ISR","2010","H. influenzae","Cefepime","J01D","106","0","0"
"ISR","2011","H. influenzae","Cefepime","J01D","1","0","0"
"ITA","2004","H. influenzae","Cefepime","J01D","45","0","0"
"ITA","2005","H. influenzae","Cefepime","J01D","71","0","0"
"ITA","2006","H. influenzae","Cefepime","J01D","121","0","0"
"ITA","2007","H. influenzae","Cefepime","J01D","77","0","0"
"ITA","2008","H. influenzae","Cefepime","J01D","174","0","0"
"ITA","2009","H. influenzae","Cefepime","J01D","119","0","0"
"ITA","2010","H. influenzae","Cefepime","J01D","94","0","0"
"ITA","2011","H. influenzae","Cefepime","J01D","139","0","0"
"ITA","2012","H. influenzae","Cefepime","J01D","99","0","0"
"ITA","2013","H. influenzae","Cefepime","J01D","101","0","0"
"ITA","2014","H. influenzae","Cefepime","J01D","149","0","0"
"ITA","2015","H. influenzae","Cefepime","J01D","105","0","0"
"ITA","2016","H. influenzae","Cefepime","J01D","92","0","0"
"ITA","2017","H. influenzae","Cefepime","J01D","76","0","0"
"JAM","2006","H. influenzae","Cefepime","J01D","15","0","0"
"JPN","2016","H. influenzae","Cefepime","J01D","21","0","0"
"JPN","2017","H. influenzae","Cefepime","J01D","29","0","0"
"JOR","2010","H. influenzae","Cefepime","J01D","8","0","0"
"JOR","2011","H. influenzae","Cefepime","J01D","18","0","0"
"JOR","2012","H. influenzae","Cefepime","J01D","18","0","0"
"JOR","2013","H. influenzae","Cefepime","J01D","15","0","0"
"JOR","2015","H. influenzae","Cefepime","J01D","14","0","0"
"JOR","2016","H. influenzae","Cefepime","J01D","6","0","0"
"JOR","2017","H. influenzae","Cefepime","J01D","3","0","0"
"KOR","2005","H. influenzae","Cefepime","J01D","13","0","0"
"KOR","2006","H. influenzae","Cefepime","J01D","36","0","0"
"KOR","2007","H. influenzae","Cefepime","J01D","59","0","0"
"KOR","2008","H. influenzae","Cefepime","J01D","26","0","0"
"KOR","2009","H. influenzae","Cefepime","J01D","43","0","0"
"KOR","2010","H. influenzae","Cefepime","J01D","24","0","0"
"KOR","2015","H. influenzae","Cefepime","J01D","16","0","0"
"KOR","2016","H. influenzae","Cefepime","J01D","13","0","0"
"KOR","2017","H. influenzae","Cefepime","J01D","15","0","0"
"KWT","2012","H. influenzae","Cefepime","J01D","29","0","0"
"KWT","2015","H. influenzae","Cefepime","J01D","15","0","0"
"KWT","2016","H. influenzae","Cefepime","J01D","12","0","0"
"KWT","2017","H. influenzae","Cefepime","J01D","12","0","0"
"LVA","2004","H. influenzae","Cefepime","J01D","15","0","0"
"LVA","2005","H. influenzae","Cefepime","J01D","7","0","0"
"LVA","2008","H. influenzae","Cefepime","J01D","17","0","0"
"LVA","2009","H. influenzae","Cefepime","J01D","11","0","0"
"LVA","2010","H. influenzae","Cefepime","J01D","15","0","0"
"LVA","2016","H. influenzae","Cefepime","J01D","15","0","0"
"LVA","2017","H. influenzae","Cefepime","J01D","15","0","0"
"LBN","2006","H. influenzae","Cefepime","J01D","16","0","0"
"LTU","2006","H. influenzae","Cefepime","J01D","15","0","0"
"LTU","2008","H. influenzae","Cefepime","J01D","30","0","0"
"LTU","2010","H. influenzae","Cefepime","J01D","7","0","0"
"LTU","2016","H. influenzae","Cefepime","J01D","14","0","0"
"LTU","2017","H. influenzae","Cefepime","J01D","15","0","0"
"MYS","2008","H. influenzae","Cefepime","J01D","5","0","0"
"MYS","2009","H. influenzae","Cefepime","J01D","8","0","0"
"MYS","2010","H. influenzae","Cefepime","J01D","13","0","0"
"MYS","2015","H. influenzae","Cefepime","J01D","2","0","0"
"MYS","2016","H. influenzae","Cefepime","J01D","2","0","0"
"MUS","2009","H. influenzae","Cefepime","J01D","1","0","0"
"MEX","2005","H. influenzae","Cefepime","J01D","7","0","0"
"MEX","2006","H. influenzae","Cefepime","J01D","59","0","0"
"MEX","2007","H. influenzae","Cefepime","J01D","65","0","0"
"MEX","2008","H. influenzae","Cefepime","J01D","30","0","0"
"MEX","2009","H. influenzae","Cefepime","J01D","37","0","0"
"MEX","2010","H. influenzae","Cefepime","J01D","30","0","0"
"MEX","2015","H. influenzae","Cefepime","J01D","4","0","0"
"MEX","2016","H. influenzae","Cefepime","J01D","2","0","0"
"MEX","2017","H. influenzae","Cefepime","J01D","2","0","0"
"MAR","2011","H. influenzae","Cefepime","J01D","4","0","0"
"MAR","2012","H. influenzae","Cefepime","J01D","27","0","0"
"MAR","2013","H. influenzae","Cefepime","J01D","14","0","0"
"MAR","2015","H. influenzae","Cefepime","J01D","12","0","0"
"MAR","2016","H. influenzae","Cefepime","J01D","12","0","0"
"MAR","2017","H. influenzae","Cefepime","J01D","7","0","0"
"NLD","2004","H. influenzae","Cefepime","J01D","14","0","0"
"NLD","2006","H. influenzae","Cefepime","J01D","14","0","0"
"NLD","2008","H. influenzae","Cefepime","J01D","23","0","0"
"NLD","2009","H. influenzae","Cefepime","J01D","20","0","0"
"NLD","2010","H. influenzae","Cefepime","J01D","15","0","0"
"NLD","2011","H. influenzae","Cefepime","J01D","14","0","0"
"NLD","2012","H. influenzae","Cefepime","J01D","15","0","0"
"NLD","2013","H. influenzae","Cefepime","J01D","14","0","0"
"NLD","2014","H. influenzae","Cefepime","J01D","15","0","0"
"NLD","2015","H. influenzae","Cefepime","J01D","15","0","0"
"NLD","2016","H. influenzae","Cefepime","J01D","14","0","0"
"NLD","2017","H. influenzae","Cefepime","J01D","15","0","0"
"NOR","2006","H. influenzae","Cefepime","J01D","12","0","0"
"OMN","2007","H. influenzae","Cefepime","J01D","15","0","0"
"PAK","2004","H. influenzae","Cefepime","J01D","8","0","0"
"PAK","2005","H. influenzae","Cefepime","J01D","7","0","0"
"PAK","2006","H. influenzae","Cefepime","J01D","14","0","0"
"PAK","2015","H. influenzae","Cefepime","J01D","15","0","0"
"PAK","2016","H. influenzae","Cefepime","J01D","10","0","0"
"PAK","2017","H. influenzae","Cefepime","J01D","7","0","0"
"PAN","2008","H. influenzae","Cefepime","J01D","13","0","0"
"PAN","2009","H. influenzae","Cefepime","J01D","13","0","0"
"PAN","2012","H. influenzae","Cefepime","J01D","11","0","0"
"PAN","2013","H. influenzae","Cefepime","J01D","14","0","0"
"PAN","2014","H. influenzae","Cefepime","J01D","17","0","0"
"PAN","2015","H. influenzae","Cefepime","J01D","13","0","0"
"PAN","2016","H. influenzae","Cefepime","J01D","8","0","0"
"PAN","2017","H. influenzae","Cefepime","J01D","4","0","0"
"PHL","2004","H. influenzae","Cefepime","J01D","15","0","0"
"PHL","2007","H. influenzae","Cefepime","J01D","1","0","0"
"PHL","2008","H. influenzae","Cefepime","J01D","6","0","0"
"PHL","2015","H. influenzae","Cefepime","J01D","4","0","0"
"POL","2004","H. influenzae","Cefepime","J01D","15","0","0"
"POL","2008","H. influenzae","Cefepime","J01D","12","0","0"
"POL","2009","H. influenzae","Cefepime","J01D","37","0","0"
"POL","2010","H. influenzae","Cefepime","J01D","27","0","0"
"POL","2013","H. influenzae","Cefepime","J01D","19","0","0"
"POL","2014","H. influenzae","Cefepime","J01D","14","0","0"
"POL","2017","H. influenzae","Cefepime","J01D","14","0","0"
"PRT","2004","H. influenzae","Cefepime","J01D","14","0","0"
"PRT","2008","H. influenzae","Cefepime","J01D","16","0","0"
"PRT","2009","H. influenzae","Cefepime","J01D","27","0","0"
"PRT","2010","H. influenzae","Cefepime","J01D","28","0","0"
"PRT","2011","H. influenzae","Cefepime","J01D","37","0","0"
"PRT","2012","H. influenzae","Cefepime","J01D","55","0","0"
"PRT","2013","H. influenzae","Cefepime","J01D","63","0","0"
"PRT","2014","H. influenzae","Cefepime","J01D","48","0","0"
"PRT","2015","H. influenzae","Cefepime","J01D","35","0","0"
"PRT","2016","H. influenzae","Cefepime","J01D","29","0","0"
"PRT","2017","H. influenzae","Cefepime","J01D","14","0","0"
"ROU","2008","H. influenzae","Cefepime","J01D","10","0","0"
"ROU","2009","H. influenzae","Cefepime","J01D","2","0","0"
"ROU","2010","H. influenzae","Cefepime","J01D","6","0","0"
"ROU","2011","H. influenzae","Cefepime","J01D","5","0","0"
"SAU","2009","H. influenzae","Cefepime","J01D","14","0","0"
"SAU","2011","H. influenzae","Cefepime","J01D","14","0","0"
"SAU","2012","H. influenzae","Cefepime","J01D","23","0","0"
"SAU","2013","H. influenzae","Cefepime","J01D","7","0","0"
"SAU","2016","H. influenzae","Cefepime","J01D","13","0","0"
"SRB","2017","H. influenzae","Cefepime","J01D","15","0","0"
"SGP","2004","H. influenzae","Cefepime","J01D","15","0","0"
"SGP","2005","H. influenzae","Cefepime","J01D","10","0","0"
"SGP","2006","H. influenzae","Cefepime","J01D","13","0","0"
"SGP","2007","H. influenzae","Cefepime","J01D","35","0","0"
"SGP","2008","H. influenzae","Cefepime","J01D","8","0","0"
"SGP","2009","H. influenzae","Cefepime","J01D","13","0","0"
"SGP","2010","H. influenzae","Cefepime","J01D","11","0","0"
"SGP","2011","H. influenzae","Cefepime","J01D","1","0","0"
"SGP","2014","H. influenzae","Cefepime","J01D","2","0","0"
"SGP","2015","H. influenzae","Cefepime","J01D","13","0","0"
"SVK","2007","H. influenzae","Cefepime","J01D","30","0","0"
"SVK","2008","H. influenzae","Cefepime","J01D","3","0","0"
"SVK","2009","H. influenzae","Cefepime","J01D","27","0","0"
"SVK","2011","H. influenzae","Cefepime","J01D","10","0","0"
"SVN","2006","H. influenzae","Cefepime","J01D","15","0","0"
"SVN","2007","H. influenzae","Cefepime","J01D","19","0","0"
"SVN","2008","H. influenzae","Cefepime","J01D","37","0","0"
"SVN","2009","H. influenzae","Cefepime","J01D","22","0","0"
"SVN","2010","H. influenzae","Cefepime","J01D","8","0","0"
"ZAF","2005","H. influenzae","Cefepime","J01D","31","0","0"
"ZAF","2006","H. influenzae","Cefepime","J01D","55","0","0"
"ZAF","2007","H. influenzae","Cefepime","J01D","69","0","0"
"ZAF","2008","H. influenzae","Cefepime","J01D","5","0","0"
"ZAF","2009","H. influenzae","Cefepime","J01D","10","0","0"
"ZAF","2011","H. influenzae","Cefepime","J01D","14","0","0"
"ZAF","2012","H. influenzae","Cefepime","J01D","6","0","0"
"ZAF","2013","H. influenzae","Cefepime","J01D","12","0","0"
"ZAF","2014","H. influenzae","Cefepime","J01D","1","0","0"
"ZAF","2015","H. influenzae","Cefepime","J01D","13","0","0"
"ZAF","2016","H. influenzae","Cefepime","J01D","14","0","0"
"ZAF","2017","H. influenzae","Cefepime","J01D","14","0","0"
"ESP","2004","H. influenzae","Cefepime","J01D","60","0","0"
"ESP","2005","H. influenzae","Cefepime","J01D","59","0","0"
"ESP","2006","H. influenzae","Cefepime","J01D","2","0","0"
"ESP","2007","H. influenzae","Cefepime","J01D","82","0","0"
"ESP","2008","H. influenzae","Cefepime","J01D","227","0","0"
"ESP","2009","H. influenzae","Cefepime","J01D","182","0","0"
"ESP","2010","H. influenzae","Cefepime","J01D","123","0","0"
"ESP","2011","H. influenzae","Cefepime","J01D","208","0","0"
"ESP","2012","H. influenzae","Cefepime","J01D","197","0","0"
"ESP","2013","H. influenzae","Cefepime","J01D","284","0","0"
"ESP","2014","H. influenzae","Cefepime","J01D","212","0","0"
"ESP","2015","H. influenzae","Cefepime","J01D","201","0","0"
"ESP","2016","H. influenzae","Cefepime","J01D","186","0","0"
"ESP","2017","H. influenzae","Cefepime","J01D","165","0","0"
"SWE","2005","H. influenzae","Cefepime","J01D","12","0","0"
"SWE","2006","H. influenzae","Cefepime","J01D","32","0","0"
"SWE","2007","H. influenzae","Cefepime","J01D","43","0","0"
"SWE","2008","H. influenzae","Cefepime","J01D","27","0","0"
"SWE","2009","H. influenzae","Cefepime","J01D","40","0","0"
"SWE","2010","H. influenzae","Cefepime","J01D","32","0","0"
"SWE","2011","H. influenzae","Cefepime","J01D","41","0","0"
"SWE","2012","H. influenzae","Cefepime","J01D","19","0","0"
"SWE","2013","H. influenzae","Cefepime","J01D","15","0","0"
"SWE","2014","H. influenzae","Cefepime","J01D","13","0","0"
"CHE","2004","H. influenzae","Cefepime","J01D","7","0","0"
"CHE","2006","H. influenzae","Cefepime","J01D","15","0","0"
"CHE","2008","H. influenzae","Cefepime","J01D","20","0","0"
"CHE","2009","H. influenzae","Cefepime","J01D","13","0","0"
"CHE","2010","H. influenzae","Cefepime","J01D","11","0","0"
"CHE","2011","H. influenzae","Cefepime","J01D","7","0","0"
"CHE","2012","H. influenzae","Cefepime","J01D","36","0","0"
"CHE","2013","H. influenzae","Cefepime","J01D","53","0","0"
"CHE","2014","H. influenzae","Cefepime","J01D","32","0","0"
"CHE","2015","H. influenzae","Cefepime","J01D","23","0","0"
"CHE","2016","H. influenzae","Cefepime","J01D","30","0","0"
"CHE","2017","H. influenzae","Cefepime","J01D","18","0","0"
"TWN","2006","H. influenzae","Cefepime","J01D","57","0","0"
"TWN","2007","H. influenzae","Cefepime","J01D","38","0","0"
"TWN","2008","H. influenzae","Cefepime","J01D","5","0","0"
"TWN","2009","H. influenzae","Cefepime","J01D","11","0","0"
"TWN","2015","H. influenzae","Cefepime","J01D","8","0","0"
"TWN","2016","H. influenzae","Cefepime","J01D","28","0","0"
"TWN","2017","H. influenzae","Cefepime","J01D","21","0","0"
"THA","2008","H. influenzae","Cefepime","J01D","29","0","0"
"THA","2010","H. influenzae","Cefepime","J01D","7","0","0"
"THA","2015","H. influenzae","Cefepime","J01D","4","0","0"
"THA","2017","H. influenzae","Cefepime","J01D","15","0","0"
"TUN","2011","H. influenzae","Cefepime","J01D","16","0","0"
"TUN","2012","H. influenzae","Cefepime","J01D","17","0","0"
"TUN","2013","H. influenzae","Cefepime","J01D","13","0","0"
"TUR","2004","H. influenzae","Cefepime","J01D","5","0","0"
"TUR","2005","H. influenzae","Cefepime","J01D","16","0","0"
"TUR","2008","H. influenzae","Cefepime","J01D","11","0","0"
"GBR","2004","H. influenzae","Cefepime","J01D","65","0","0"
"GBR","2007","H. influenzae","Cefepime","J01D","15","0","0"
"GBR","2008","H. influenzae","Cefepime","J01D","6","0","0"
"GBR","2009","H. influenzae","Cefepime","J01D","16","0","0"
"GBR","2010","H. influenzae","Cefepime","J01D","28","0","0"
"GBR","2011","H. influenzae","Cefepime","J01D","27","0","0"
"GBR","2012","H. influenzae","Cefepime","J01D","13","0","0"
"GBR","2013","H. influenzae","Cefepime","J01D","42","0","0"
"GBR","2014","H. influenzae","Cefepime","J01D","29","0","0"
"GBR","2015","H. influenzae","Cefepime","J01D","20","0","0"
"GBR","2016","H. influenzae","Cefepime","J01D","39","0","0"
"GBR","2017","H. influenzae","Cefepime","J01D","32","0","0"
"USA","2004","H. influenzae","Cefepime","J01D","810","0","0"
"USA","2005","H. influenzae","Cefepime","J01D","801","0","0"
"USA","2006","H. influenzae","Cefepime","J01D","852","0","0"
"USA","2007","H. influenzae","Cefepime","J01D","996","0","0"
"USA","2008","H. influenzae","Cefepime","J01D","336","0","0"
"USA","2009","H. influenzae","Cefepime","J01D","403","0","0"
"USA","2010","H. influenzae","Cefepime","J01D","307","0","0"
"USA","2011","H. influenzae","Cefepime","J01D","378","0","0"
"USA","2012","H. influenzae","Cefepime","J01D","345","0","0"
"USA","2013","H. influenzae","Cefepime","J01D","447","0","0"
"USA","2014","H. influenzae","Cefepime","J01D","272","0","0"
"USA","2015","H. influenzae","Cefepime","J01D","220","0","0"
"USA","2016","H. influenzae","Cefepime","J01D","176","0","0"
"USA","2017","H. influenzae","Cefepime","J01D","117","0","0"
"VEN","2006","H. influenzae","Cefepime","J01D","11","0","0"
"VEN","2007","H. influenzae","Cefepime","J01D","24","0","0"
"VEN","2008","H. influenzae","Cefepime","J01D","6","0","0"
"VEN","2009","H. influenzae","Cefepime","J01D","26","0","0"
"VEN","2010","H. influenzae","Cefepime","J01D","1","0","0"
"VEN","2011","H. influenzae","Cefepime","J01D","15","0","0"
"VEN","2015","H. influenzae","Cefepime","J01D","6","0","0"
"VEN","2016","H. influenzae","Cefepime","J01D","9","0","0"
"VNM","2016","H. influenzae","Cefepime","J01D","8","0","0"
"ARG","2005","Enterococcus spp.","Vancomycin","J01X","1","0","0"
"ARG","2007","Enterococcus spp.","Vancomycin","J01X","1","0","0"
"ARG","2010","Enterococcus spp.","Vancomycin","J01X","12","8","66.67"
"ARG","2011","Enterococcus spp.","Vancomycin","J01X","1","1","100"
"BGR","2011","Enterococcus spp.","Vancomycin","J01X","8","0","0"
"CAN","2012","Enterococcus spp.","Vancomycin","J01X","9","0","0"
"CAN","2013","Enterococcus spp.","Vancomycin","J01X","9","0","0"
"HRV","2009","Enterococcus spp.","Vancomycin","J01X","1","0","0"
"GRC","2007","Enterococcus spp.","Vancomycin","J01X","1","0","0"
"GTM","2008","Enterococcus spp.","Vancomycin","J01X","1","0","0"
"IND","2007","Enterococcus spp.","Vancomycin","J01X","31","0","0"
"IND","2008","Enterococcus spp.","Vancomycin","J01X","8","2","25"
"IND","2009","Enterococcus spp.","Vancomycin","J01X","6","1","16.67"
"IND","2015","Enterococcus spp.","Vancomycin","J01X","7","0","0"
"IND","2016","Enterococcus spp.","Vancomycin","J01X","10","0","0"
"ISR","2009","Enterococcus spp.","Vancomycin","J01X","1","0","0"
"ISR","2010","Enterococcus spp.","Vancomycin","J01X","1","0","0"
"ITA","2008","Enterococcus spp.","Vancomycin","J01X","2","0","0"
"LBN","2006","Enterococcus spp.","Vancomycin","J01X","14","0","0"
"PHL","2006","Enterococcus spp.","Vancomycin","J01X","1","0","0"
"ZAF","2007","Enterococcus spp.","Vancomycin","J01X","5","0","0"
"USA","2005","Enterococcus spp.","Vancomycin","J01X","2","0","0"
"USA","2006","Enterococcus spp.","Vancomycin","J01X","2","1","50"
"USA","2008","Enterococcus spp.","Vancomycin","J01X","3","0","0"
"USA","2011","Enterococcus spp.","Vancomycin","J01X","12","1","8.33"
"USA","2012","Enterococcus spp.","Vancomycin","J01X","7","0","0"
"USA","2015","Enterococcus spp.","Vancomycin","J01X","4","2","50"
"ARG","2005","Enterococcus spp.","Tigecycline","J01A","1","0","0"
"ARG","2007","Enterococcus spp.","Tigecycline","J01A","1","0","0"
"ARG","2010","Enterococcus spp.","Tigecycline","J01A","12","0","0"
"ARG","2011","Enterococcus spp.","Tigecycline","J01A","1","0","0"
"BGR","2011","Enterococcus spp.","Tigecycline","J01A","8","0","0"
"CAN","2012","Enterococcus spp.","Tigecycline","J01A","9","0","0"
"CAN","2013","Enterococcus spp.","Tigecycline","J01A","9","0","0"
"HRV","2009","Enterococcus spp.","Tigecycline","J01A","1","0","0"
"GRC","2007","Enterococcus spp.","Tigecycline","J01A","1","0","0"
"GTM","2008","Enterococcus spp.","Tigecycline","J01A","1","0","0"
"IND","2007","Enterococcus spp.","Tigecycline","J01A","31","0","0"
"IND","2008","Enterococcus spp.","Tigecycline","J01A","8","0","0"
"IND","2009","Enterococcus spp.","Tigecycline","J01A","6","0","0"
"IND","2015","Enterococcus spp.","Tigecycline","J01A","7","0","0"
"IND","2016","Enterococcus spp.","Tigecycline","J01A","10","0","0"
"ISR","2009","Enterococcus spp.","Tigecycline","J01A","1","0","0"
"ISR","2010","Enterococcus spp.","Tigecycline","J01A","1","0","0"
"ITA","2008","Enterococcus spp.","Tigecycline","J01A","2","0","0"
"LBN","2006","Enterococcus spp.","Tigecycline","J01A","14","0","0"
"PHL","2006","Enterococcus spp.","Tigecycline","J01A","1","0","0"
"ZAF","2007","Enterococcus spp.","Tigecycline","J01A","5","0","0"
"USA","2005","Enterococcus spp.","Tigecycline","J01A","2","0","0"
"USA","2006","Enterococcus spp.","Tigecycline","J01A","2","0","0"
"USA","2008","Enterococcus spp.","Tigecycline","J01A","3","0","0"
"USA","2011","Enterococcus spp.","Tigecycline","J01A","12","0","0"
"USA","2012","Enterococcus spp.","Tigecycline","J01A","7","0","0"
"USA","2015","Enterococcus spp.","Tigecycline","J01A","4","0","0"
"ARG","2005","Enterococcus spp.","Linezolid","J01X","1","0","0"
"ARG","2007","Enterococcus spp.","Linezolid","J01X","1","0","0"
"ARG","2010","Enterococcus spp.","Linezolid","J01X","12","0","0"
"ARG","2011","Enterococcus spp.","Linezolid","J01X","1","0","0"
"BGR","2011","Enterococcus spp.","Linezolid","J01X","8","0","0"
"CAN","2012","Enterococcus spp.","Linezolid","J01X","9","0","0"
"CAN","2013","Enterococcus spp.","Linezolid","J01X","9","0","0"
"HRV","2009","Enterococcus spp.","Linezolid","J01X","1","0","0"
"GRC","2007","Enterococcus spp.","Linezolid","J01X","1","0","0"
"GTM","2008","Enterococcus spp.","Linezolid","J01X","1","0","0"
"IND","2007","Enterococcus spp.","Linezolid","J01X","31","0","0"
"IND","2008","Enterococcus spp.","Linezolid","J01X","8","0","0"
"IND","2009","Enterococcus spp.","Linezolid","J01X","6","0","0"
"IND","2015","Enterococcus spp.","Linezolid","J01X","7","0","0"
"IND","2016","Enterococcus spp.","Linezolid","J01X","10","0","0"
"ISR","2009","Enterococcus spp.","Linezolid","J01X","1","0","0"
"ISR","2010","Enterococcus spp.","Linezolid","J01X","1","0","0"
"ITA","2008","Enterococcus spp.","Linezolid","J01X","2","0","0"
"LBN","2006","Enterococcus spp.","Linezolid","J01X","14","0","0"
"PHL","2006","Enterococcus spp.","Linezolid","J01X","1","0","0"
"ZAF","2007","Enterococcus spp.","Linezolid","J01X","5","0","0"
"USA","2005","Enterococcus spp.","Linezolid","J01X","2","0","0"
"USA","2006","Enterococcus spp.","Linezolid","J01X","2","0","0"
"USA","2008","Enterococcus spp.","Linezolid","J01X","3","0","0"
"USA","2011","Enterococcus spp.","Linezolid","J01X","12","0","0"
"USA","2012","Enterococcus spp.","Linezolid","J01X","7","0","0"
"USA","2015","Enterococcus spp.","Linezolid","J01X","4","0","0"
"ARG","2005","Enterococcus spp.","Ampicillin","J01C","1","0","0"
"ARG","2007","Enterococcus spp.","Ampicillin","J01C","1","0","0"
"ARG","2010","Enterococcus spp.","Ampicillin","J01C","12","9","75"
"ARG","2011","Enterococcus spp.","Ampicillin","J01C","1","0","0"
"BGR","2011","Enterococcus spp.","Ampicillin","J01C","8","2","25"
"CAN","2012","Enterococcus spp.","Ampicillin","J01C","9","4","44.44"
"CAN","2013","Enterococcus spp.","Ampicillin","J01C","9","0","0"
"HRV","2009","Enterococcus spp.","Ampicillin","J01C","1","0","0"
"GRC","2007","Enterococcus spp.","Ampicillin","J01C","1","1","100"
"GTM","2008","Enterococcus spp.","Ampicillin","J01C","1","0","0"
"IND","2007","Enterococcus spp.","Ampicillin","J01C","31","13","41.94"
"IND","2008","Enterococcus spp.","Ampicillin","J01C","8","3","37.5"
"IND","2009","Enterococcus spp.","Ampicillin","J01C","6","5","83.33"
"IND","2015","Enterococcus spp.","Ampicillin","J01C","7","4","57.14"
"IND","2016","Enterococcus spp.","Ampicillin","J01C","10","2","20"
"ISR","2009","Enterococcus spp.","Ampicillin","J01C","1","0","0"
"ISR","2010","Enterococcus spp.","Ampicillin","J01C","1","0","0"
"ITA","2008","Enterococcus spp.","Ampicillin","J01C","2","1","50"
"LBN","2006","Enterococcus spp.","Ampicillin","J01C","14","2","14.29"
"PHL","2006","Enterococcus spp.","Ampicillin","J01C","1","0","0"
"ZAF","2007","Enterococcus spp.","Ampicillin","J01C","5","0","0"
"USA","2005","Enterococcus spp.","Ampicillin","J01C","2","0","0"
"USA","2006","Enterococcus spp.","Ampicillin","J01C","2","1","50"
"USA","2008","Enterococcus spp.","Ampicillin","J01C","3","0","0"
"USA","2011","Enterococcus spp.","Ampicillin","J01C","12","1","8.33"
"USA","2012","Enterococcus spp.","Ampicillin","J01C","7","0","0"
"USA","2015","Enterococcus spp.","Ampicillin","J01C","4","2","50"
"ARG","2005","Enterococcus spp.","Penicillin","J01C","1","0","0"
"ARG","2007","Enterococcus spp.","Penicillin","J01C","1","0","0"
"ARG","2010","Enterococcus spp.","Penicillin","J01C","12","8","66.67"
"ARG","2011","Enterococcus spp.","Penicillin","J01C","1","1","100"
"BGR","2011","Enterococcus spp.","Penicillin","J01C","8","2","25"
"CAN","2012","Enterococcus spp.","Penicillin","J01C","9","4","44.44"
"CAN","2013","Enterococcus spp.","Penicillin","J01C","9","0","0"
"HRV","2009","Enterococcus spp.","Penicillin","J01C","1","0","0"
"GRC","2007","Enterococcus spp.","Penicillin","J01C","1","1","100"
"GTM","2008","Enterococcus spp.","Penicillin","J01C","1","0","0"
"IND","2007","Enterococcus spp.","Penicillin","J01C","31","15","48.39"
"IND","2008","Enterococcus spp.","Penicillin","J01C","8","3","37.5"
"IND","2009","Enterococcus spp.","Penicillin","J01C","6","5","83.33"
"IND","2015","Enterococcus spp.","Penicillin","J01C","7","5","71.43"
"IND","2016","Enterococcus spp.","Penicillin","J01C","10","3","30"
"ISR","2009","Enterococcus spp.","Penicillin","J01C","1","0","0"
"ISR","2010","Enterococcus spp.","Penicillin","J01C","1","0","0"
"ITA","2008","Enterococcus spp.","Penicillin","J01C","2","1","50"
"LBN","2006","Enterococcus spp.","Penicillin","J01C","14","2","14.29"
"PHL","2006","Enterococcus spp.","Penicillin","J01C","1","0","0"
"ZAF","2007","Enterococcus spp.","Penicillin","J01C","5","0","0"
"USA","2005","Enterococcus spp.","Penicillin","J01C","2","0","0"
"USA","2006","Enterococcus spp.","Penicillin","J01C","2","1","50"
"USA","2008",NA,"Penicillin","J01C","3","0","0"
"USA","2011","Enterococcus spp.","Penicillin","J01C","12","1","8.33"
"USA","2012","Enterococcus spp.","Penicillin","J01C","7","0","0"
"USA","2015","Enterococcus spp.","Penicillin","J01C","4","2","50"
"ARG","2005","Enterococcus spp.","Levofloxacin","J01M","1","1","100"
"ARG","2007","Enterococcus spp.","Levofloxacin","J01M","1","0","0"
"ARG","2010","Enterococcus spp.","Levofloxacin","J01M","12","9","75"
"ARG","2011","Enterococcus spp.","Levofloxacin","J01M","1","1","100"
"BGR","2011","Enterococcus spp.","Levofloxacin","J01M","8","2","25"
"CAN","2012","Enterococcus spp.","Levofloxacin","J01M","9","5","55.56"
"CAN","2013","Enterococcus spp.","Levofloxacin","J01M","9","1","11.11"
"HRV","2009","Enterococcus spp.","Levofloxacin","J01M","1","0","0"
"GRC","2007","Enterococcus spp.","Levofloxacin","J01M","1","1","100"
"GTM","2008","Enterococcus spp.","Levofloxacin","J01M","1","0","0"
"IND","2007","Enterococcus spp.","Levofloxacin","J01M","31","27","87.1"
"IND","2008","Enterococcus spp.","Levofloxacin","J01M","8","7","87.5"
"IND","2009","Enterococcus spp.","Levofloxacin","J01M","6","6","100"
"IND","2015","Enterococcus spp.","Levofloxacin","J01M","7","1","14.29"
"IND","2016","Enterococcus spp.","Levofloxacin","J01M","10","4","40"
"ISR","2009","Enterococcus spp.","Levofloxacin","J01M","1","0","0"
"ISR","2010","Enterococcus spp.","Levofloxacin","J01M","1","1","100"
"ITA","2008","Enterococcus spp.","Levofloxacin","J01M","2","0","0"
"LBN","2006","Enterococcus spp.","Levofloxacin","J01M","14","1","7.14"
"PHL","2006","Enterococcus spp.","Levofloxacin","J01M","1","0","0"
"ZAF","2007","Enterococcus spp.","Levofloxacin","J01M","5","1","20"
"USA","2005","Enterococcus spp.","Levofloxacin","J01M","2","1","50"
"USA","2006","Enterococcus spp.","Levofloxacin","J01M","2","1","50"
"USA","2008","Enterococcus spp.","Levofloxacin","J01M","3","2","66.67"
"USA","2011","Enterococcus spp.","Levofloxacin","J01M","12","3","25"
"USA","2012","Enterococcus spp.","Levofloxacin","J01M","7","1","14.29"
"USA","2015","Enterococcus spp.","Levofloxacin","J01M","4","2","50"
"ARG","2005","Enterococcus spp.","Minocycline","J01A","1","0","0"
"ARG","2007","Enterococcus spp.","Minocycline","J01A","1","0","0"
"ARG","2010","Enterococcus spp.","Minocycline","J01A","12","4","33.33"
"ARG","2011","Enterococcus spp.","Minocycline","J01A","1","1","100"
"BGR","2011","Enterococcus spp.","Minocycline","J01A","8","3","37.5"
"CAN","2012","Enterococcus spp.","Minocycline","J01A","9","3","33.33"
"CAN","2013","Enterococcus spp.","Minocycline","J01A","9","0","0"
"HRV","2009","Enterococcus spp.","Minocycline","J01A","1","0","0"
"GRC","2007","Enterococcus spp.","Minocycline","J01A","1","0","0"
"GTM","2008","Enterococcus spp.","Minocycline","J01A","1","0","0"
"IND","2007","Enterococcus spp.","Minocycline","J01A","31","15","48.39"
"IND","2008","Enterococcus spp.","Minocycline","J01A","8","0","0"
"IND","2009","Enterococcus spp.","Minocycline","J01A","6","0","0"
"IND","2015","Enterococcus spp.","Minocycline","J01A","7","0","0"
"IND","2016","Enterococcus spp.","Minocycline","J01A","10","0","0"
"ISR","2009","Enterococcus spp.","Minocycline","J01A","1","0","0"
"ISR","2010","Enterococcus spp.","Minocycline","J01A","1","1","100"
"ITA","2008","Enterococcus spp.","Minocycline","J01A","2","2","100"
"LBN","2006","Enterococcus spp.","Minocycline","J01A","14","2","14.29"
"PHL","2006","Enterococcus spp.","Minocycline","J01A","1","0","0"
"ZAF","2007","Enterococcus spp.","Minocycline","J01A","5","0","0"
"USA","2005","Enterococcus spp.","Minocycline","J01A","2","0","0"
"USA","2006","Enterococcus spp.","Minocycline","J01A","2","0","0"
"USA","2008","Enterococcus spp.","Minocycline","J01A","3","0","0"
"USA","2011","Enterococcus spp.","Minocycline","J01A","12","0","0"
"USA","2012","Enterococcus spp.","Minocycline","J01A","7","0","0"
"USA","2015","Enterococcus spp.","Minocycline","J01A","4","0","0"
"ARG","2014","N. gonorrhoeae","Cefixime","J01D","9","0","0"
"AUS","2014","N. gonorrhoeae","Cefixime","J01D","4","0","0"
"BEL","2014","N. gonorrhoeae","Cefixime","J01D","5","0","0"
"CHL","2014","N. gonorrhoeae","Cefixime","J01D","8","0","0"
"DNK","2014","N. gonorrhoeae","Cefixime","J01D","2","0","0"
"FRA","2014","N. gonorrhoeae","Cefixime","J01D","5","0","0"
"DEU","2014","N. gonorrhoeae","Cefixime","J01D","3","0","0"
"HUN","2014","N. gonorrhoeae","Cefixime","J01D","5","0","0"
"ISR","2014","N. gonorrhoeae","Cefixime","J01D","4","0","0"
"ITA","2014","N. gonorrhoeae","Cefixime","J01D","8","0","0"
"KEN","2014","N. gonorrhoeae","Cefixime","J01D","2","0","0"
"KWT","2014","N. gonorrhoeae","Cefixime","J01D","1","0","0"
"PRT","2014","N. gonorrhoeae","Cefixime","J01D","2","0","0"
"TWN","2014","N. gonorrhoeae","Cefixime","J01D","4","0","0"
"THA","2014","N. gonorrhoeae","Cefixime","J01D","5","0","0"
"USA","2014","N. gonorrhoeae","Cefixime","J01D","5","0","0"
"VEN","2014","N. gonorrhoeae","Cefixime","J01D","1","0","0"
"ARG","2014","N. gonorrhoeae","Ceftazidime","J01D","9","0","0"
"AUS","2014","N. gonorrhoeae","Ceftazidime","J01D","4","0","0"
"BEL","2014","N. gonorrhoeae","Ceftazidime","J01D","5","0","0"
"CHL","2014","N. gonorrhoeae","Ceftazidime","J01D","8","0","0"
"DNK","2014","N. gonorrhoeae","Ceftazidime","J01D","2","0","0"
"FRA","2014","N. gonorrhoeae","Ceftazidime","J01D","5","0","0"
"DEU","2014","N. gonorrhoeae","Ceftazidime","J01D","3","0","0"
"HUN","2014","N. gonorrhoeae","Ceftazidime","J01D","5","0","0"
"ISR","2014","N. gonorrhoeae","Ceftazidime","J01D","4","0","0"
"ITA","2014","N. gonorrhoeae","Ceftazidime","J01D","8","0","0"
"KEN","2014","N. gonorrhoeae","Ceftazidime","J01D","2","0","0"
"KWT","2014","N. gonorrhoeae","Ceftazidime","J01D","1","0","0"
"PRT","2014","N. gonorrhoeae","Ceftazidime","J01D","2","0","0"
"TWN","2014","N. gonorrhoeae","Ceftazidime","J01D","4","0","0"
"THA","2014","N. gonorrhoeae","Ceftazidime","J01D","5","0","0"
"USA","2014","N. gonorrhoeae","Ceftazidime","J01D","5","0","0"
"VEN","2014","N. gonorrhoeae","Ceftazidime","J01D","1","0","0"
"ARG","2014","N. gonorrhoeae","Ceftriaxone","J01D","9","0","0"
"AUS","2014","N. gonorrhoeae","Ceftriaxone","J01D","4","0","0"
"BEL","2014","N. gonorrhoeae","Ceftriaxone","J01D","5","0","0"
"CHL","2014","N. gonorrhoeae","Ceftriaxone","J01D","8","0","0"
"DNK","2014","N. gonorrhoeae","Ceftriaxone","J01D","2","0","0"
"FRA","2014","N. gonorrhoeae","Ceftriaxone","J01D","5","0","0"
"DEU","2014","N. gonorrhoeae","Ceftriaxone","J01D","3","0","0"
"HUN","2014","N. gonorrhoeae","Ceftriaxone","J01D","5","0","0"
"ISR","2014","N. gonorrhoeae","Ceftriaxone","J01D","4","0","0"
"ITA","2014","N. gonorrhoeae","Ceftriaxone","J01D","8","0","0"
"KEN","2014","N. gonorrhoeae","Ceftriaxone","J01D","2","0","0"
"KWT","2014","N. gonorrhoeae","Ceftriaxone","J01D","1","0","0"
"PRT","2014","N. gonorrhoeae","Ceftriaxone","J01D","2","0","0"
"TWN","2014","N. gonorrhoeae","Ceftriaxone","J01D","4","0","0"
"THA","2014","N. gonorrhoeae","Ceftriaxone","J01D","5","0","0"
"USA","2014","N. gonorrhoeae","Ceftriaxone","J01D","5","0","0"
"VEN","2014","N. gonorrhoeae","Ceftriaxone","J01D","1","0","0"
"ARG","2012","H. influenzae","Ceftaroline","J01D","5","0","0"
"ARG","2013","H. influenzae","Ceftaroline","J01D","9","0","0"
"ARG","2014","H. influenzae","Ceftaroline","J01D","9","0","0"
"ARG","2015","H. influenzae","Ceftaroline","J01D","21","0","0"
"ARG","2016","H. influenzae","Ceftaroline","J01D","7","0","0"
"ARG","2017","H. influenzae","Ceftaroline","J01D","18","0","0"
"ARG","2018","H. influenzae","Ceftaroline","J01D","8","0","0"
"AUS","2012","H. influenzae","Ceftaroline","J01D","12","0","0"
"AUS","2013","H. influenzae","Ceftaroline","J01D","10","0","0"
"AUS","2014","H. influenzae","Ceftaroline","J01D","17","0","0"
"AUS","2015","H. influenzae","Ceftaroline","J01D","27","0","0"
"AUS","2016","H. influenzae","Ceftaroline","J01D","39","0","0"
"AUS","2017","H. influenzae","Ceftaroline","J01D","38","0","0"
"AUS","2018","H. influenzae","Ceftaroline","J01D","38","0","0"
"AUT","2012","H. influenzae","Ceftaroline","J01D","9","0","0"
"AUT","2013","H. influenzae","Ceftaroline","J01D","9","0","0"
"AUT","2014","H. influenzae","Ceftaroline","J01D","11","0","0"
"AUT","2015","H. influenzae","Ceftaroline","J01D","8","0","0"
"AUT","2016","H. influenzae","Ceftaroline","J01D","17","0","0"
"BEL","2012","H. influenzae","Ceftaroline","J01D","3","0","0"
"BEL","2013","H. influenzae","Ceftaroline","J01D","14","0","0"
"BEL","2014","H. influenzae","Ceftaroline","J01D","17","0","0"
"BEL","2015","H. influenzae","Ceftaroline","J01D","42","0","0"
"BEL","2016","H. influenzae","Ceftaroline","J01D","39","0","0"
"BEL","2017","H. influenzae","Ceftaroline","J01D","32","0","0"
"BEL","2018","H. influenzae","Ceftaroline","J01D","48","0","0"
"BRA","2014","H. influenzae","Ceftaroline","J01D","2","0","0"
"BRA","2016","H. influenzae","Ceftaroline","J01D","3","0","0"
"BRA","2017","H. influenzae","Ceftaroline","J01D","3","0","0"
"BRA","2018","H. influenzae","Ceftaroline","J01D","18","0","0"
"CAN","2018","H. influenzae","Ceftaroline","J01D","78","0","0"
"CHL","2012","H. influenzae","Ceftaroline","J01D","3","0","0"
"CHL","2013","H. influenzae","Ceftaroline","J01D","3","0","0"
"CHL","2014","H. influenzae","Ceftaroline","J01D","7","0","0"
"CHL","2015","H. influenzae","Ceftaroline","J01D","16","0","0"
"CHL","2016","H. influenzae","Ceftaroline","J01D","19","0","0"
"CHL","2017","H. influenzae","Ceftaroline","J01D","19","0","0"
"CHL","2018","H. influenzae","Ceftaroline","J01D","20","0","0"
"CHN","2012","H. influenzae","Ceftaroline","J01D","10","0","0"
"CHN","2013","H. influenzae","Ceftaroline","J01D","10","0","0"
"COL","2013","H. influenzae","Ceftaroline","J01D","2","0","0"
"COL","2014","H. influenzae","Ceftaroline","J01D","4","0","0"
"COL","2015","H. influenzae","Ceftaroline","J01D","5","0","0"
"COL","2016","H. influenzae","Ceftaroline","J01D","4","0","0"
"COL","2018","H. influenzae","Ceftaroline","J01D","27","0","0"
"CRI","2018","H. influenzae","Ceftaroline","J01D","3","0","0"
"HRV","2018","H. influenzae","Ceftaroline","J01D","20","0","0"
"CZE","2013","H. influenzae","Ceftaroline","J01D","4","0","0"
"CZE","2014","H. influenzae","Ceftaroline","J01D","6","0","0"
"CZE","2015","H. influenzae","Ceftaroline","J01D","20","0","0"
"CZE","2016","H. influenzae","Ceftaroline","J01D","18","0","0"
"CZE","2017","H. influenzae","Ceftaroline","J01D","27","0","0"
"CZE","2018","H. influenzae","Ceftaroline","J01D","24","0","0"
"DNK","2013","H. influenzae","Ceftaroline","J01D","1","0","0"
"DNK","2014","H. influenzae","Ceftaroline","J01D","12","0","0"
"DNK","2015","H. influenzae","Ceftaroline","J01D","27","0","0"
"DNK","2016","H. influenzae","Ceftaroline","J01D","9","0","0"
"DNK","2017","H. influenzae","Ceftaroline","J01D","8","0","0"
"DNK","2018","H. influenzae","Ceftaroline","J01D","10","0","0"
"DOM","2018","H. influenzae","Ceftaroline","J01D","7","0","0"
"FIN","2018","H. influenzae","Ceftaroline","J01D","2","0","0"
"FRA","2012","H. influenzae","Ceftaroline","J01D","7","0","0"
"FRA","2013","H. influenzae","Ceftaroline","J01D","17","0","0"
"FRA","2014","H. influenzae","Ceftaroline","J01D","24","0","0"
"FRA","2015","H. influenzae","Ceftaroline","J01D","43","0","0"
"FRA","2016","H. influenzae","Ceftaroline","J01D","58","0","0"
"FRA","2017","H. influenzae","Ceftaroline","J01D","46","0","0"
"FRA","2018","H. influenzae","Ceftaroline","J01D","99","0","0"
"DEU","2013","H. influenzae","Ceftaroline","J01D","23","0","0"
"DEU","2014","H. influenzae","Ceftaroline","J01D","18","0","0"
"DEU","2015","H. influenzae","Ceftaroline","J01D","46","0","0"
"DEU","2016","H. influenzae","Ceftaroline","J01D","37","0","0"
"DEU","2017","H. influenzae","Ceftaroline","J01D","33","0","0"
"DEU","2018","H. influenzae","Ceftaroline","J01D","84","0","0"
"GRC","2012","H. influenzae","Ceftaroline","J01D","2","0","0"
"GRC","2013","H. influenzae","Ceftaroline","J01D","8","0","0"
"GRC","2014","H. influenzae","Ceftaroline","J01D","6","0","0"
"GRC","2015","H. influenzae","Ceftaroline","J01D","8","0","0"
"GRC","2016","H. influenzae","Ceftaroline","J01D","7","0","0"
"GRC","2017","H. influenzae","Ceftaroline","J01D","3","0","0"
"GRC","2018","H. influenzae","Ceftaroline","J01D","15","0","0"
"GTM","2018","H. influenzae","Ceftaroline","J01D","10","0","0"
"HKG","2013","H. influenzae","Ceftaroline","J01D","3","0","0"
"HKG","2014","H. influenzae","Ceftaroline","J01D","2","0","0"
"HKG","2018","H. influenzae","Ceftaroline","J01D","10","0","0"
"HUN","2012","H. influenzae","Ceftaroline","J01D","8","0","0"
"HUN","2013","H. influenzae","Ceftaroline","J01D","8","0","0"
"HUN","2014","H. influenzae","Ceftaroline","J01D","9","0","0"
"HUN","2015","H. influenzae","Ceftaroline","J01D","26","0","0"
"HUN","2016","H. influenzae","Ceftaroline","J01D","25","0","0"
"HUN","2017","H. influenzae","Ceftaroline","J01D","26","0","0"
"HUN","2018","H. influenzae","Ceftaroline","J01D","26","0","0"
"IRL","2013","H. influenzae","Ceftaroline","J01D","3","0","0"
"IRL","2018","H. influenzae","Ceftaroline","J01D","23","0","0"
"ISR","2012","H. influenzae","Ceftaroline","J01D","13","0","0"
"ISR","2013","H. influenzae","Ceftaroline","J01D","24","0","0"
"ISR","2014","H. influenzae","Ceftaroline","J01D","26","0","0"
"ISR","2015","H. influenzae","Ceftaroline","J01D","28","0","0"
"ISR","2016","H. influenzae","Ceftaroline","J01D","32","0","0"
"ISR","2017","H. influenzae","Ceftaroline","J01D","32","0","0"
"ISR","2018","H. influenzae","Ceftaroline","J01D","36","0","0"
"ITA","2013","H. influenzae","Ceftaroline","J01D","17","0","0"
"ITA","2014","H. influenzae","Ceftaroline","J01D","19","0","0"
"ITA","2015","H. influenzae","Ceftaroline","J01D","35","0","0"
"ITA","2016","H. influenzae","Ceftaroline","J01D","32","0","0"
"ITA","2017","H. influenzae","Ceftaroline","J01D","31","0","0"
"ITA","2018","H. influenzae","Ceftaroline","J01D","58","0","0"
"JPN","2012","H. influenzae","Ceftaroline","J01D","3","0","0"
"JPN","2013","H. influenzae","Ceftaroline","J01D","8","0","0"
"JPN","2014","H. influenzae","Ceftaroline","J01D","6","0","0"
"JPN","2015","H. influenzae","Ceftaroline","J01D","15","0","0"
"JPN","2016","H. influenzae","Ceftaroline","J01D","6","0","0"
"JPN","2017","H. influenzae","Ceftaroline","J01D","20","0","0"
"JPN","2018","H. influenzae","Ceftaroline","J01D","30","0","0"
"JOR","2018","H. influenzae","Ceftaroline","J01D","1","0","0"
"KEN","2014","H. influenzae","Ceftaroline","J01D","3","0","0"
"KOR","2012","H. influenzae","Ceftaroline","J01D","5","0","0"
"KOR","2013","H. influenzae","Ceftaroline","J01D","10","0","0"
"KOR","2014","H. influenzae","Ceftaroline","J01D","9","0","0"
"KOR","2015","H. influenzae","Ceftaroline","J01D","19","0","0"
"KOR","2016","H. influenzae","Ceftaroline","J01D","20","0","0"
"KOR","2017","H. influenzae","Ceftaroline","J01D","20","0","0"
"KOR","2018","H. influenzae","Ceftaroline","J01D","22","0","0"
"KWT","2013","H. influenzae","Ceftaroline","J01D","4","0","0"
"KWT","2014","H. influenzae","Ceftaroline","J01D","16","0","0"
"KWT","2015","H. influenzae","Ceftaroline","J01D","27","0","0"
"KWT","2016","H. influenzae","Ceftaroline","J01D","27","0","0"
"KWT","2017","H. influenzae","Ceftaroline","J01D","31","0","0"
"KWT","2018","H. influenzae","Ceftaroline","J01D","30","0","0"
"LVA","2018","H. influenzae","Ceftaroline","J01D","7","0","0"
"LTU","2018","H. influenzae","Ceftaroline","J01D","19","0","0"
"MYS","2013","H. influenzae","Ceftaroline","J01D","4","0","0"
"MYS","2014","H. influenzae","Ceftaroline","J01D","4","0","0"
"MYS","2015","H. influenzae","Ceftaroline","J01D","15","0","0"
"MYS","2018","H. influenzae","Ceftaroline","J01D","4","0","0"
"MEX","2012","H. influenzae","Ceftaroline","J01D","2","0","0"
"MEX","2013","H. influenzae","Ceftaroline","J01D","4","0","0"
"MEX","2014","H. influenzae","Ceftaroline","J01D","9","0","0"
"MEX","2015","H. influenzae","Ceftaroline","J01D","10","0","0"
"MEX","2016","H. influenzae","Ceftaroline","J01D","6","0","0"
"MEX","2017","H. influenzae","Ceftaroline","J01D","16","0","0"
"MEX","2018","H. influenzae","Ceftaroline","J01D","17","0","0"
"MAR","2018","H. influenzae","Ceftaroline","J01D","12","0","0"
"NLD","2012","H. influenzae","Ceftaroline","J01D","4","0","0"
"NLD","2013","H. influenzae","Ceftaroline","J01D","8","0","0"
"NLD","2014","H. influenzae","Ceftaroline","J01D","4","0","0"
"NLD","2015","H. influenzae","Ceftaroline","J01D","15","0","0"
"NLD","2016","H. influenzae","Ceftaroline","J01D","18","0","0"
"NLD","2017","H. influenzae","Ceftaroline","J01D","17","0","0"
"NLD","2018","H. influenzae","Ceftaroline","J01D","20","0","0"
"PAN","2018","H. influenzae","Ceftaroline","J01D","7","0","0"
"PHL","2012","H. influenzae","Ceftaroline","J01D","7","0","0"
"PHL","2013","H. influenzae","Ceftaroline","J01D","9","0","0"
"PHL","2014","H. influenzae","Ceftaroline","J01D","11","0","0"
"PHL","2015","H. influenzae","Ceftaroline","J01D","17","0","0"
"PHL","2016","H. influenzae","Ceftaroline","J01D","25","0","0"
"PHL","2017","H. influenzae","Ceftaroline","J01D","19","0","0"
"PHL","2018","H. influenzae","Ceftaroline","J01D","6","0","0"
"POL","2013","H. influenzae","Ceftaroline","J01D","5","0","0"
"POL","2014","H. influenzae","Ceftaroline","J01D","11","0","0"
"POL","2015","H. influenzae","Ceftaroline","J01D","15","0","0"
"POL","2016","H. influenzae","Ceftaroline","J01D","13","0","0"
"POL","2017","H. influenzae","Ceftaroline","J01D","23","0","0"
"POL","2018","H. influenzae","Ceftaroline","J01D","21","0","0"
"PRT","2012","H. influenzae","Ceftaroline","J01D","11","0","0"
"PRT","2013","H. influenzae","Ceftaroline","J01D","9","0","0"
"PRT","2014","H. influenzae","Ceftaroline","J01D","34","0","0"
"PRT","2015","H. influenzae","Ceftaroline","J01D","32","0","0"
"PRT","2016","H. influenzae","Ceftaroline","J01D","32","0","0"
"PRT","2017","H. influenzae","Ceftaroline","J01D","34","0","0"
"PRT","2018","H. influenzae","Ceftaroline","J01D","42","0","0"
"ROU","2012","H. influenzae","Ceftaroline","J01D","2","0","0"
"ROU","2013","H. influenzae","Ceftaroline","J01D","9","0","0"
"ROU","2015","H. influenzae","Ceftaroline","J01D","8","0","0"
"ROU","2016","H. influenzae","Ceftaroline","J01D","3","0","0"
"ROU","2018","H. influenzae","Ceftaroline","J01D","15","0","0"
"RUS","2013","H. influenzae","Ceftaroline","J01D","4","0","0"
"RUS","2014","H. influenzae","Ceftaroline","J01D","18","0","0"
"RUS","2015","H. influenzae","Ceftaroline","J01D","6","0","0"
"RUS","2016","H. influenzae","Ceftaroline","J01D","5","0","0"
"RUS","2017","H. influenzae","Ceftaroline","J01D","11","0","0"
"RUS","2018","H. influenzae","Ceftaroline","J01D","5","0","0"
"SAU","2018","H. influenzae","Ceftaroline","J01D","9","0","0"
"SGP","2018","H. influenzae","Ceftaroline","J01D","10","0","0"
"ZAF","2013","H. influenzae","Ceftaroline","J01D","10","0","0"
"ZAF","2014","H. influenzae","Ceftaroline","J01D","11","0","0"
"ZAF","2015","H. influenzae","Ceftaroline","J01D","15","0","0"
"ZAF","2016","H. influenzae","Ceftaroline","J01D","29","0","0"
"ZAF","2017","H. influenzae","Ceftaroline","J01D","37","0","0"
"ZAF","2018","H. influenzae","Ceftaroline","J01D","31","0","0"
"ESP","2012","H. influenzae","Ceftaroline","J01D","2","0","0"
"ESP","2013","H. influenzae","Ceftaroline","J01D","22","0","0"
"ESP","2014","H. influenzae","Ceftaroline","J01D","20","0","0"
"ESP","2015","H. influenzae","Ceftaroline","J01D","46","0","0"
"ESP","2016","H. influenzae","Ceftaroline","J01D","45","0","0"
"ESP","2017","H. influenzae","Ceftaroline","J01D","60","0","0"
"ESP","2018","H. influenzae","Ceftaroline","J01D","106","0","0"
"SWE","2012","H. influenzae","Ceftaroline","J01D","4","0","0"
"SWE","2013","H. influenzae","Ceftaroline","J01D","11","0","0"
"SWE","2014","H. influenzae","Ceftaroline","J01D","4","0","0"
"SWE","2017","H. influenzae","Ceftaroline","J01D","9","0","0"
"SWE","2018","H. influenzae","Ceftaroline","J01D","9","0","0"
"CHE","2018","H. influenzae","Ceftaroline","J01D","19","0","0"
"TWN","2012","H. influenzae","Ceftaroline","J01D","1","0","0"
"TWN","2013","H. influenzae","Ceftaroline","J01D","3","0","0"
"TWN","2014","H. influenzae","Ceftaroline","J01D","12","0","0"
"TWN","2015","H. influenzae","Ceftaroline","J01D","23","0","0"
"TWN","2016","H. influenzae","Ceftaroline","J01D","18","0","0"
"TWN","2017","H. influenzae","Ceftaroline","J01D","18","0","0"
"TWN","2018","H. influenzae","Ceftaroline","J01D","26","0","0"
"THA","2012","H. influenzae","Ceftaroline","J01D","2","0","0"
"THA","2013","H. influenzae","Ceftaroline","J01D","8","0","0"
"THA","2014","H. influenzae","Ceftaroline","J01D","11","0","0"
"THA","2015","H. influenzae","Ceftaroline","J01D","25","0","0"
"THA","2016","H. influenzae","Ceftaroline","J01D","24","0","0"
"THA","2017","H. influenzae","Ceftaroline","J01D","27","0","0"
"THA","2018","H. influenzae","Ceftaroline","J01D","21","0","0"
"TUR","2012","H. influenzae","Ceftaroline","J01D","4","0","0"
"TUR","2013","H. influenzae","Ceftaroline","J01D","2","0","0"
"TUR","2014","H. influenzae","Ceftaroline","J01D","7","0","0"
"TUR","2015","H. influenzae","Ceftaroline","J01D","10","0","0"
"TUR","2016","H. influenzae","Ceftaroline","J01D","14","0","0"
"TUR","2017","H. influenzae","Ceftaroline","J01D","12","0","0"
"TUR","2018","H. influenzae","Ceftaroline","J01D","4","0","0"
"UKR","2018","H. influenzae","Ceftaroline","J01D","11","0","0"
"GBR","2012","H. influenzae","Ceftaroline","J01D","4","0","0"
"GBR","2013","H. influenzae","Ceftaroline","J01D","10","0","0"
"GBR","2014","H. influenzae","Ceftaroline","J01D","12","0","0"
"GBR","2015","H. influenzae","Ceftaroline","J01D","30","0","0"
"GBR","2016","H. influenzae","Ceftaroline","J01D","32","0","0"
"GBR","2017","H. influenzae","Ceftaroline","J01D","32","0","0"
"GBR","2018","H. influenzae","Ceftaroline","J01D","46","0","0"
"USA","2012","H. influenzae","Ceftaroline","J01D","39","0","0"
"USA","2013","H. influenzae","Ceftaroline","J01D","41","0","0"
"USA","2014","H. influenzae","Ceftaroline","J01D","51","0","0"
"USA","2015","H. influenzae","Ceftaroline","J01D","108","0","0"
"USA","2016","H. influenzae","Ceftaroline","J01D","146","0","0"
"USA","2018","H. influenzae","Ceftaroline","J01D","189","0","0"
"VEN","2012","H. influenzae","Ceftaroline","J01D","3","0","0"
"VEN","2013","H. influenzae","Ceftaroline","J01D","6","0","0"
"VEN","2014","H. influenzae","Ceftaroline","J01D","4","0","0"
"VEN","2015","H. influenzae","Ceftaroline","J01D","10","0","0"
"VEN","2016","H. influenzae","Ceftaroline","J01D","8","0","0"
"VEN","2017","H. influenzae","Ceftaroline","J01D","3","0","0"
"VEN","2018","H. influenzae","Ceftaroline","J01D","4","0","0"
"ARG","2014","N. gonorrhoeae","Ciprofloxacin","J01M","9","7","77.78"
"AUS","2014","N. gonorrhoeae","Ciprofloxacin","J01M","4","1","25"
"BEL","2014","N. gonorrhoeae","Ciprofloxacin","J01M","5","3","60"
"CHL","2014","N. gonorrhoeae","Ciprofloxacin","J01M","8","3","37.5"
"DNK","2014","N. gonorrhoeae","Ciprofloxacin","J01M","2","1","50"
"FRA","2014","N. gonorrhoeae","Ciprofloxacin","J01M","5","3","60"
"DEU","2014","N. gonorrhoeae","Ciprofloxacin","J01M","3","1","33.33"
"HUN","2014","N. gonorrhoeae","Ciprofloxacin","J01M","5","4","80"
"ISR","2014","N. gonorrhoeae","Ciprofloxacin","J01M","4","2","50"
"ITA","2014","N. gonorrhoeae","Ciprofloxacin","J01M","8","8","100"
"KEN","2014","N. gonorrhoeae","Ciprofloxacin","J01M","2","1","50"
"KWT","2014","N. gonorrhoeae","Ciprofloxacin","J01M","1","1","100"
"PRT","2014","N. gonorrhoeae","Ciprofloxacin","J01M","2","2","100"
"TWN","2014","N. gonorrhoeae","Ciprofloxacin","J01M","4","4","100"
"THA","2014","N. gonorrhoeae","Ciprofloxacin","J01M","5","4","80"
"USA","2014","N. gonorrhoeae","Ciprofloxacin","J01M","5","1","20"
"VEN","2014","N. gonorrhoeae","Ciprofloxacin","J01M","1","1","100"
"ARG","2014","N. gonorrhoeae","Tetracycline","J01A","9","1","11.11"
"AUS","2014","N. gonorrhoeae","Tetracycline","J01A","4","1","25"
"BEL","2014","N. gonorrhoeae","Tetracycline","J01A","5","3","60"
"CHL","2014","N. gonorrhoeae","Tetracycline","J01A","8","4","50"
"DNK","2014","N. gonorrhoeae","Tetracycline","J01A","2","1","50"
"FRA","2014","N. gonorrhoeae","Tetracycline","J01A","5","1","20"
"DEU","2014","N. gonorrhoeae","Tetracycline","J01A","3","0","0"
"HUN","2014","N. gonorrhoeae","Tetracycline","J01A","5","3","60"
"ISR","2014","N. gonorrhoeae","Tetracycline","J01A","4","1","25"
"ITA","2014","N. gonorrhoeae","Tetracycline","J01A","8","1","12.5"
"KEN","2014","N. gonorrhoeae","Tetracycline","J01A","2","1","50"
"KWT","2014","N. gonorrhoeae","Tetracycline","J01A","1","0","0"
"PRT","2014","N. gonorrhoeae","Tetracycline","J01A","2","0","0"
"TWN","2014","N. gonorrhoeae","Tetracycline","J01A","4","2","50"
"THA","2014","N. gonorrhoeae","Tetracycline","J01A","5","4","80"
"USA","2014","N. gonorrhoeae","Tetracycline","J01A","5","0","0"
"VEN","2014","N. gonorrhoeae","Tetracycline","J01A","1","0","0"
"ARG","2009","H. influenzae","Ceftazidime","J01D","2","0","0"
"ARG","2010","H. influenzae","Ceftazidime","J01D","60","0","0"
"ARG","2011","H. influenzae","Ceftazidime","J01D","7","0","0"
"ARG","2012","H. influenzae","Ceftazidime","J01D","6","0","0"
"ARG","2013","H. influenzae","Ceftazidime","J01D","9","0","0"
"ARG","2014","H. influenzae","Ceftazidime","J01D","9","0","0"
"ARG","2015","H. influenzae","Ceftazidime","J01D","24","0","0"
"ARG","2016","H. influenzae","Ceftazidime","J01D","17","0","0"
"ARG","2017","H. influenzae","Ceftazidime","J01D","31","0","0"
"ARG","2018","H. influenzae","Ceftazidime","J01D","8","0","0"
"AUS","2010","H. influenzae","Ceftazidime","J01D","1","0","0"
"AUS","2012","H. influenzae","Ceftazidime","J01D","12","0","0"
"AUS","2013","H. influenzae","Ceftazidime","J01D","10","0","0"
"AUS","2014","H. influenzae","Ceftazidime","J01D","17","0","0"
"AUS","2015","H. influenzae","Ceftazidime","J01D","27","0","0"
"AUS","2016","H. influenzae","Ceftazidime","J01D","39","0","0"
"AUS","2017","H. influenzae","Ceftazidime","J01D","38","0","0"
"AUS","2018","H. influenzae","Ceftazidime","J01D","38","0","0"
"AUT","2011","H. influenzae","Ceftazidime","J01D","24","0","0"
"AUT","2012","H. influenzae","Ceftazidime","J01D","9","0","0"
"AUT","2013","H. influenzae","Ceftazidime","J01D","9","0","0"
"AUT","2014","H. influenzae","Ceftazidime","J01D","11","0","0"
"AUT","2015","H. influenzae","Ceftazidime","J01D","8","0","0"
"AUT","2016","H. influenzae","Ceftazidime","J01D","23","0","0"
"BEL","2010","H. influenzae","Ceftazidime","J01D","11","0","0"
"BEL","2011","H. influenzae","Ceftazidime","J01D","51","0","0"
"BEL","2012","H. influenzae","Ceftazidime","J01D","40","0","0"
"BEL","2013","H. influenzae","Ceftazidime","J01D","112","0","0"
"BEL","2014","H. influenzae","Ceftazidime","J01D","115","0","0"
"BEL","2015","H. influenzae","Ceftazidime","J01D","115","0","0"
"BEL","2016","H. influenzae","Ceftazidime","J01D","125","0","0"
"BEL","2017","H. influenzae","Ceftazidime","J01D","91","0","0"
"BEL","2018","H. influenzae","Ceftazidime","J01D","48","0","0"
"BRA","2014","H. influenzae","Ceftazidime","J01D","2","0","0"
"BRA","2015","H. influenzae","Ceftazidime","J01D","6","0","0"
"BRA","2016","H. influenzae","Ceftazidime","J01D","17","0","0"
"BRA","2017","H. influenzae","Ceftazidime","J01D","20","0","0"
"BRA","2018","H. influenzae","Ceftazidime","J01D","18","0","0"
"BGR","2009","H. influenzae","Ceftazidime","J01D","1","0","0"
"BGR","2010","H. influenzae","Ceftazidime","J01D","9","0","0"
"BGR","2011","H. influenzae","Ceftazidime","J01D","11","0","0"
"CAN","2010","H. influenzae","Ceftazidime","J01D","24","0","0"
"CAN","2011","H. influenzae","Ceftazidime","J01D","38","0","0"
"CAN","2012","H. influenzae","Ceftazidime","J01D","109","0","0"
"CAN","2013","H. influenzae","Ceftazidime","J01D","96","0","0"
"CAN","2014","H. influenzae","Ceftazidime","J01D","77","0","0"
"CAN","2015","H. influenzae","Ceftazidime","J01D","78","0","0"
"CAN","2016","H. influenzae","Ceftazidime","J01D","83","0","0"
"CAN","2017","H. influenzae","Ceftazidime","J01D","69","0","0"
"CAN","2018","H. influenzae","Ceftazidime","J01D","78","0","0"
"CHL","2012","H. influenzae","Ceftazidime","J01D","3","0","0"
"CHL","2013","H. influenzae","Ceftazidime","J01D","18","0","0"
"CHL","2014","H. influenzae","Ceftazidime","J01D","27","0","0"
"CHL","2015","H. influenzae","Ceftazidime","J01D","29","0","0"
"CHL","2016","H. influenzae","Ceftazidime","J01D","34","0","0"
"CHL","2017","H. influenzae","Ceftazidime","J01D","28","0","0"
"CHL","2018","H. influenzae","Ceftazidime","J01D","20","0","0"
"CHN","2008","H. influenzae","Ceftazidime","J01D","1","0","0"
"CHN","2010","H. influenzae","Ceftazidime","J01D","1","0","0"
"CHN","2012","H. influenzae","Ceftazidime","J01D","10","0","0"
"CHN","2013","H. influenzae","Ceftazidime","J01D","10","0","0"
"CHN","2015","H. influenzae","Ceftazidime","J01D","80","0","0"
"CHN","2016","H. influenzae","Ceftazidime","J01D","77","0","0"
"COL","2009","H. influenzae","Ceftazidime","J01D","1","0","0"
"COL","2011","H. influenzae","Ceftazidime","J01D","49","0","0"
"COL","2013","H. influenzae","Ceftazidime","J01D","15","0","0"
"COL","2014","H. influenzae","Ceftazidime","J01D","12","0","0"
"COL","2015","H. influenzae","Ceftazidime","J01D","12","0","0"
"COL","2016","H. influenzae","Ceftazidime","J01D","4","0","0"
"COL","2018","H. influenzae","Ceftazidime","J01D","27","0","0"
"CRI","2018","H. influenzae","Ceftazidime","J01D","3","0","0"
"HRV","2010","H. influenzae","Ceftazidime","J01D","14","0","0"
"HRV","2013","H. influenzae","Ceftazidime","J01D","14","0","0"
"HRV","2014","H. influenzae","Ceftazidime","J01D","14","0","0"
"HRV","2015","H. influenzae","Ceftazidime","J01D","15","0","0"
"HRV","2016","H. influenzae","Ceftazidime","J01D","16","0","0"
"HRV","2017","H. influenzae","Ceftazidime","J01D","13","0","0"
"HRV","2018","H. influenzae","Ceftazidime","J01D","20","0","0"
"CZE","2010","H. influenzae","Ceftazidime","J01D","2","0","0"
"CZE","2011","H. influenzae","Ceftazidime","J01D","10","0","0"
"CZE","2013","H. influenzae","Ceftazidime","J01D","4","0","0"
"CZE","2014","H. influenzae","Ceftazidime","J01D","21","0","0"
"CZE","2015","H. influenzae","Ceftazidime","J01D","30","0","0"
"CZE","2016","H. influenzae","Ceftazidime","J01D","61","0","0"
"CZE","2017","H. influenzae","Ceftazidime","J01D","67","0","0"
"CZE","2018","H. influenzae","Ceftazidime","J01D","24","0","0"
"DNK","2010","H. influenzae","Ceftazidime","J01D","16","0","0"
"DNK","2011","H. influenzae","Ceftazidime","J01D","15","0","0"
"DNK","2012","H. influenzae","Ceftazidime","J01D","4","0","0"
"DNK","2013","H. influenzae","Ceftazidime","J01D","16","0","0"
"DNK","2014","H. influenzae","Ceftazidime","J01D","42","0","0"
"DNK","2015","H. influenzae","Ceftazidime","J01D","27","0","0"
"DNK","2016","H. influenzae","Ceftazidime","J01D","23","0","0"
"DNK","2017","H. influenzae","Ceftazidime","J01D","8","0","0"
"DNK","2018","H. influenzae","Ceftazidime","J01D","10","0","0"
"DOM","2018","H. influenzae","Ceftazidime","J01D","7","0","0"
"FIN","2010","H. influenzae","Ceftazidime","J01D","12","0","0"
"FIN","2011","H. influenzae","Ceftazidime","J01D","15","0","0"
"FIN","2013","H. influenzae","Ceftazidime","J01D","14","0","0"
"FIN","2014","H. influenzae","Ceftazidime","J01D","30","0","0"
"FIN","2015","H. influenzae","Ceftazidime","J01D","1","0","0"
"FIN","2016","H. influenzae","Ceftazidime","J01D","15","0","0"
"FIN","2018","H. influenzae","Ceftazidime","J01D","2","0","0"
"FRA","2010","H. influenzae","Ceftazidime","J01D","73","0","0"
"FRA","2011","H. influenzae","Ceftazidime","J01D","173","0","0"
"FRA","2012","H. influenzae","Ceftazidime","J01D","149","0","0"
"FRA","2013","H. influenzae","Ceftazidime","J01D","171","0","0"
"FRA","2014","H. influenzae","Ceftazidime","J01D","167","0","0"
"FRA","2015","H. influenzae","Ceftazidime","J01D","184","0","0"
"FRA","2016","H. influenzae","Ceftazidime","J01D","182","0","0"
"FRA","2017","H. influenzae","Ceftazidime","J01D","175","0","0"
"FRA","2018","H. influenzae","Ceftazidime","J01D","99","0","0"
"DEU","2010","H. influenzae","Ceftazidime","J01D","30","0","0"
"DEU","2011","H. influenzae","Ceftazidime","J01D","166","0","0"
"DEU","2012","H. influenzae","Ceftazidime","J01D","114","0","0"
"DEU","2013","H. influenzae","Ceftazidime","J01D","214","0","0"
"DEU","2014","H. influenzae","Ceftazidime","J01D","193","0","0"
"DEU","2015","H. influenzae","Ceftazidime","J01D","162","0","0"
"DEU","2016","H. influenzae","Ceftazidime","J01D","165","0","0"
"DEU","2017","H. influenzae","Ceftazidime","J01D","194","0","0"
"DEU","2018","H. influenzae","Ceftazidime","J01D","84","0","0"
"GRC","2010","H. influenzae","Ceftazidime","J01D","1","0","0"
"GRC","2011","H. influenzae","Ceftazidime","J01D","6","0","0"
"GRC","2012","H. influenzae","Ceftazidime","J01D","2","0","0"
"GRC","2013","H. influenzae","Ceftazidime","J01D","8","0","0"
"GRC","2014","H. influenzae","Ceftazidime","J01D","19","0","0"
"GRC","2015","H. influenzae","Ceftazidime","J01D","13","0","0"
"GRC","2016","H. influenzae","Ceftazidime","J01D","34","0","0"
"GRC","2017","H. influenzae","Ceftazidime","J01D","6","0","0"
"GRC","2018","H. influenzae","Ceftazidime","J01D","15","0","0"
"GTM","2007","H. influenzae","Ceftazidime","J01D","1","0","0"
"GTM","2018","H. influenzae","Ceftazidime","J01D","10","0","0"
"HKG","2013","H. influenzae","Ceftazidime","J01D","3","0","0"
"HKG","2014","H. influenzae","Ceftazidime","J01D","3","0","0"
"HKG","2015","H. influenzae","Ceftazidime","J01D","15","0","0"
"HKG","2016","H. influenzae","Ceftazidime","J01D","15","0","0"
"HKG","2017","H. influenzae","Ceftazidime","J01D","14","0","0"
"HKG","2018","H. influenzae","Ceftazidime","J01D","10","0","0"
"HUN","2010","H. influenzae","Ceftazidime","J01D","6","0","0"
"HUN","2012","H. influenzae","Ceftazidime","J01D","8","0","0"
"HUN","2013","H. influenzae","Ceftazidime","J01D","8","0","0"
"HUN","2014","H. influenzae","Ceftazidime","J01D","23","0","0"
"HUN","2015","H. influenzae","Ceftazidime","J01D","26","0","0"
"HUN","2016","H. influenzae","Ceftazidime","J01D","38","0","0"
"HUN","2017","H. influenzae","Ceftazidime","J01D","49","0","0"
"HUN","2018","H. influenzae","Ceftazidime","J01D","26","0","0"
"IND","2015","H. influenzae","Ceftazidime","J01D","10","0","0"
"IND","2016","H. influenzae","Ceftazidime","J01D","27","0","0"
"IRL","2010","H. influenzae","Ceftazidime","J01D","17","0","0"
"IRL","2011","H. influenzae","Ceftazidime","J01D","31","0","0"
"IRL","2012","H. influenzae","Ceftazidime","J01D","31","0","0"
"IRL","2013","H. influenzae","Ceftazidime","J01D","43","0","0"
"IRL","2014","H. influenzae","Ceftazidime","J01D","16","0","0"
"IRL","2015","H. influenzae","Ceftazidime","J01D","16","0","0"
"IRL","2016","H. influenzae","Ceftazidime","J01D","29","0","0"
"IRL","2017","H. influenzae","Ceftazidime","J01D","26","0","0"
"IRL","2018","H. influenzae","Ceftazidime","J01D","23","0","0"
"ISR","2010","H. influenzae","Ceftazidime","J01D","41","0","0"
"ISR","2011","H. influenzae","Ceftazidime","J01D","1","0","0"
"ISR","2012","H. influenzae","Ceftazidime","J01D","13","0","0"
"ISR","2013","H. influenzae","Ceftazidime","J01D","24","0","0"
"ISR","2014","H. influenzae","Ceftazidime","J01D","26","0","0"
"ISR","2015","H. influenzae","Ceftazidime","J01D","28","0","0"
"ISR","2016","H. influenzae","Ceftazidime","J01D","32","0","0"
"ISR","2017","H. influenzae","Ceftazidime","J01D","32","0","0"
"ISR","2018","H. influenzae","Ceftazidime","J01D","36","0","0"
"ITA","2009","H. influenzae","Ceftazidime","J01D","1","0","0"
"ITA","2010","H. influenzae","Ceftazidime","J01D","27","0","0"
"ITA","2011","H. influenzae","Ceftazidime","J01D","128","0","0"
"ITA","2012","H. influenzae","Ceftazidime","J01D","99","0","0"
"ITA","2013","H. influenzae","Ceftazidime","J01D","118","0","0"
"ITA","2014","H. influenzae","Ceftazidime","J01D","168","0","0"
"ITA","2015","H. influenzae","Ceftazidime","J01D","140","0","0"
"ITA","2016","H. influenzae","Ceftazidime","J01D","124","0","0"
"ITA","2017","H. influenzae","Ceftazidime","J01D","107","0","0"
"ITA","2018","H. influenzae","Ceftazidime","J01D","58","0","0"
"JPN","2012","H. influenzae","Ceftazidime","J01D","3","0","0"
"JPN","2013","H. influenzae","Ceftazidime","J01D","8","0","0"
"JPN","2014","H. influenzae","Ceftazidime","J01D","6","0","0"
"JPN","2015","H. influenzae","Ceftazidime","J01D","15","0","0"
"JPN","2016","H. influenzae","Ceftazidime","J01D","27","0","0"
"JPN","2017","H. influenzae","Ceftazidime","J01D","49","0","0"
"JPN","2018","H. influenzae","Ceftazidime","J01D","30","0","0"
"JOR","2010","H. influenzae","Ceftazidime","J01D","4","0","0"
"JOR","2011","H. influenzae","Ceftazidime","J01D","15","0","0"
"JOR","2012","H. influenzae","Ceftazidime","J01D","18","0","0"
"JOR","2013","H. influenzae","Ceftazidime","J01D","15","0","0"
"JOR","2015","H. influenzae","Ceftazidime","J01D","14","0","0"
"JOR","2016","H. influenzae","Ceftazidime","J01D","6","0","0"
"JOR","2017","H. influenzae","Ceftazidime","J01D","3","0","0"
"JOR","2018","H. influenzae","Ceftazidime","J01D","1","0","0"
"KEN","2014","H. influenzae","Ceftazidime","J01D","3","0","0"
"KOR","2010","H. influenzae","Ceftazidime","J01D","4","0","0"
"KOR","2012","H. influenzae","Ceftazidime","J01D","5","0","0"
"KOR","2013","H. influenzae","Ceftazidime","J01D","10","0","0"
"KOR","2014","H. influenzae","Ceftazidime","J01D","9","0","0"
"KOR","2015","H. influenzae","Ceftazidime","J01D","35","0","0"
"KOR","2016","H. influenzae","Ceftazidime","J01D","33","0","0"
"KOR","2017","H. influenzae","Ceftazidime","J01D","35","0","0"
"KOR","2018","H. influenzae","Ceftazidime","J01D","22","0","0"
"KWT","2012","H. influenzae","Ceftazidime","J01D","29","0","0"
"KWT","2013","H. influenzae","Ceftazidime","J01D","4","0","0"
"KWT","2014","H. influenzae","Ceftazidime","J01D","16","0","0"
"KWT","2015","H. influenzae","Ceftazidime","J01D","42","0","0"
"KWT","2016","H. influenzae","Ceftazidime","J01D","39","0","0"
"KWT","2017","H. influenzae","Ceftazidime","J01D","43","0","0"
"KWT","2018","H. influenzae","Ceftazidime","J01D","30","0","0"
"LVA","2016","H. influenzae","Ceftazidime","J01D","15","0","0"
"LVA","2017","H. influenzae","Ceftazidime","J01D","15","0","0"
"LVA","2018","H. influenzae","Ceftazidime","J01D","7","0","0"
"LTU","2010","H. influenzae","Ceftazidime","J01D","7","0","0"
"LTU","2016","H. influenzae","Ceftazidime","J01D","14","0","0"
"LTU","2017","H. influenzae","Ceftazidime","J01D","15","0","0"
"LTU","2018","H. influenzae","Ceftazidime","J01D","19","0","0"
"MYS","2013","H. influenzae","Ceftazidime","J01D","4","0","0"
"MYS","2014","H. influenzae","Ceftazidime","J01D","4","0","0"
"MYS","2015","H. influenzae","Ceftazidime","J01D","17","0","0"
"MYS","2016","H. influenzae","Ceftazidime","J01D","2","0","0"
"MYS","2018","H. influenzae","Ceftazidime","J01D","4","0","0"
"MEX","2010","H. influenzae","Ceftazidime","J01D","20","0","0"
"MEX","2012","H. influenzae","Ceftazidime","J01D","2","0","0"
"MEX","2013","H. influenzae","Ceftazidime","J01D","4","0","0"
"MEX","2014","H. influenzae","Ceftazidime","J01D","9","0","0"
"MEX","2015","H. influenzae","Ceftazidime","J01D","14","0","0"
"MEX","2016","H. influenzae","Ceftazidime","J01D","8","0","0"
"MEX","2017","H. influenzae","Ceftazidime","J01D","18","0","0"
"MEX","2018","H. influenzae","Ceftazidime","J01D","17","0","0"
"MAR","2011","H. influenzae","Ceftazidime","J01D","4","0","0"
"MAR","2012","H. influenzae","Ceftazidime","J01D","27","0","0"
"MAR","2013","H. influenzae","Ceftazidime","J01D","14","0","0"
"MAR","2015","H. influenzae","Ceftazidime","J01D","12","0","0"
"MAR","2016","H. influenzae","Ceftazidime","J01D","12","0","0"
"MAR","2017","H. influenzae","Ceftazidime","J01D","7","0","0"
"MAR","2018","H. influenzae","Ceftazidime","J01D","12","0","0"
"NLD","2010","H. influenzae","Ceftazidime","J01D","15","0","0"
"NLD","2011","H. influenzae","Ceftazidime","J01D","14","0","0"
"NLD","2012","H. influenzae","Ceftazidime","J01D","19","0","0"
"NLD","2013","H. influenzae","Ceftazidime","J01D","22","0","0"
"NLD","2014","H. influenzae","Ceftazidime","J01D","19","0","0"
"NLD","2015","H. influenzae","Ceftazidime","J01D","30","0","0"
"NLD","2016","H. influenzae","Ceftazidime","J01D","32","0","0"
"NLD","2017","H. influenzae","Ceftazidime","J01D","32","0","0"
"NLD","2018","H. influenzae","Ceftazidime","J01D","20","0","0"
"PAK","2015","H. influenzae","Ceftazidime","J01D","15","0","0"
"PAK","2016","H. influenzae","Ceftazidime","J01D","10","0","0"
"PAK","2017","H. influenzae","Ceftazidime","J01D","7","0","0"
"PAN","2012","H. influenzae","Ceftazidime","J01D","11","0","0"
"PAN","2013","H. influenzae","Ceftazidime","J01D","14","0","0"
"PAN","2014","H. influenzae","Ceftazidime","J01D","17","0","0"
"PAN","2015","H. influenzae","Ceftazidime","J01D","13","0","0"
"PAN","2016","H. influenzae","Ceftazidime","J01D","8","0","0"
"PAN","2017","H. influenzae","Ceftazidime","J01D","4","0","0"
"PAN","2018","H. influenzae","Ceftazidime","J01D","7","0","0"
"PHL","2012","H. influenzae","Ceftazidime","J01D","7","0","0"
"PHL","2013","H. influenzae","Ceftazidime","J01D","9","0","0"
"PHL","2014","H. influenzae","Ceftazidime","J01D","11","0","0"
"PHL","2015","H. influenzae","Ceftazidime","J01D","21","0","0"
"PHL","2016","H. influenzae","Ceftazidime","J01D","25","0","0"
"PHL","2017","H. influenzae","Ceftazidime","J01D","19","0","0"
"PHL","2018","H. influenzae","Ceftazidime","J01D","6","0","0"
"POL","2009","H. influenzae","Ceftazidime","J01D","1","0","0"
"POL","2010","H. influenzae","Ceftazidime","J01D","27","0","0"
"POL","2013","H. influenzae","Ceftazidime","J01D","24","0","0"
"POL","2014","H. influenzae","Ceftazidime","J01D","25","0","0"
"POL","2015","H. influenzae","Ceftazidime","J01D","15","0","0"
"POL","2016","H. influenzae","Ceftazidime","J01D","13","0","0"
"POL","2017","H. influenzae","Ceftazidime","J01D","37","0","0"
"POL","2018","H. influenzae","Ceftazidime","J01D","21","0","0"
"PRT","2010","H. influenzae","Ceftazidime","J01D","13","0","0"
"PRT","2011","H. influenzae","Ceftazidime","J01D","37","0","0"
"PRT","2012","H. influenzae","Ceftazidime","J01D","66","0","0"
"PRT","2013","H. influenzae","Ceftazidime","J01D","72","0","0"
"PRT","2014","H. influenzae","Ceftazidime","J01D","82","0","0"
"PRT","2015","H. influenzae","Ceftazidime","J01D","67","0","0"
"PRT","2016","H. influenzae","Ceftazidime","J01D","61","0","0"
"PRT","2017","H. influenzae","Ceftazidime","J01D","48","0","0"
"PRT","2018","H. influenzae","Ceftazidime","J01D","42","0","0"
"ROU","2010","H. influenzae","Ceftazidime","J01D","4","0","0"
"ROU","2011","H. influenzae","Ceftazidime","J01D","5","0","0"
"ROU","2012","H. influenzae","Ceftazidime","J01D","2","0","0"
"ROU","2013","H. influenzae","Ceftazidime","J01D","9","0","0"
"ROU","2015","H. influenzae","Ceftazidime","J01D","8","0","0"
"ROU","2016","H. influenzae","Ceftazidime","J01D","3","0","0"
"ROU","2018","H. influenzae","Ceftazidime","J01D","15","0","0"
"RUS","2013","H. influenzae","Ceftazidime","J01D","4","0","0"
"RUS","2014","H. influenzae","Ceftazidime","J01D","18","0","0"
"RUS","2015","H. influenzae","Ceftazidime","J01D","6","0","0"
"RUS","2016","H. influenzae","Ceftazidime","J01D","5","0","0"
"RUS","2017","H. influenzae","Ceftazidime","J01D","11","0","0"
"RUS","2018","H. influenzae","Ceftazidime","J01D","5","0","0"
"SAU","2011","H. influenzae","Ceftazidime","J01D","14","0","0"
"SAU","2012","H. influenzae","Ceftazidime","J01D","23","0","0"
"SAU","2013","H. influenzae","Ceftazidime","J01D","7","0","0"
"SAU","2016","H. influenzae","Ceftazidime","J01D","13","0","0"
"SAU","2018","H. influenzae","Ceftazidime","J01D","9","0","0"
"SRB","2017","H. influenzae","Ceftazidime","J01D","15","0","0"
"SGP","2010","H. influenzae","Ceftazidime","J01D","11","0","0"
"SGP","2011","H. influenzae","Ceftazidime","J01D","1","0","0"
"SGP","2014","H. influenzae","Ceftazidime","J01D","2","0","0"
"SGP","2015","H. influenzae","Ceftazidime","J01D","13","0","0"
"SGP","2018","H. influenzae","Ceftazidime","J01D","10","0","0"
"SVK","2009","H. influenzae","Ceftazidime","J01D","1","0","0"
"SVK","2011","H. influenzae","Ceftazidime","J01D","10","0","0"
"ZAF","2011","H. influenzae","Ceftazidime","J01D","14","0","0"
"ZAF","2012","H. influenzae","Ceftazidime","J01D","6","0","0"
"ZAF","2013","H. influenzae","Ceftazidime","J01D","22","0","0"
"ZAF","2014","H. influenzae","Ceftazidime","J01D","12","0","0"
"ZAF","2015","H. influenzae","Ceftazidime","J01D","28","0","0"
"ZAF","2016","H. influenzae","Ceftazidime","J01D","43","0","0"
"ZAF","2017","H. influenzae","Ceftazidime","J01D","51","0","0"
"ZAF","2018","H. influenzae","Ceftazidime","J01D","31","0","0"
"ESP","2009","H. influenzae","Ceftazidime","J01D","1","0","0"
"ESP","2010","H. influenzae","Ceftazidime","J01D","47","0","0"
"ESP","2011","H. influenzae","Ceftazidime","J01D","208","0","0"
"ESP","2012","H. influenzae","Ceftazidime","J01D","199","0","0"
"ESP","2013","H. influenzae","Ceftazidime","J01D","306","0","0"
"ESP","2014","H. influenzae","Ceftazidime","J01D","232","0","0"
"ESP","2015","H. influenzae","Ceftazidime","J01D","247","0","0"
"ESP","2016","H. influenzae","Ceftazidime","J01D","231","0","0"
"ESP","2017","H. influenzae","Ceftazidime","J01D","225","0","0"
"ESP","2018","H. influenzae","Ceftazidime","J01D","106","0","0"
"SWE","2010","H. influenzae","Ceftazidime","J01D","26","0","0"
"SWE","2011","H. influenzae","Ceftazidime","J01D","41","0","0"
"SWE","2012","H. influenzae","Ceftazidime","J01D","23","0","0"
"SWE","2013","H. influenzae","Ceftazidime","J01D","26","0","0"
"SWE","2014","H. influenzae","Ceftazidime","J01D","17","0","0"
"SWE","2017","H. influenzae","Ceftazidime","J01D","9","0","0"
"SWE","2018","H. influenzae","Ceftazidime","J01D","9","0","0"
"CHE","2010","H. influenzae","Ceftazidime","J01D","11","0","0"
"CHE","2011","H. influenzae","Ceftazidime","J01D","7","0","0"
"CHE","2012","H. influenzae","Ceftazidime","J01D","36","0","0"
"CHE","2013","H. influenzae","Ceftazidime","J01D","53","0","0"
"CHE","2014","H. influenzae","Ceftazidime","J01D","32","0","0"
"CHE","2015","H. influenzae","Ceftazidime","J01D","23","0","0"
"CHE","2016","H. influenzae","Ceftazidime","J01D","30","0","0"
"CHE","2017","H. influenzae","Ceftazidime","J01D","18","0","0"
"CHE","2018","H. influenzae","Ceftazidime","J01D","19","0","0"
"TWN","2012","H. influenzae","Ceftazidime","J01D","1","0","0"
"TWN","2013","H. influenzae","Ceftazidime","J01D","3","0","0"
"TWN","2014","H. influenzae","Ceftazidime","J01D","12","0","0"
"TWN","2015","H. influenzae","Ceftazidime","J01D","31","0","0"
"TWN","2016","H. influenzae","Ceftazidime","J01D","46","0","0"
"TWN","2017","H. influenzae","Ceftazidime","J01D","39","0","0"
"TWN","2018","H. influenzae","Ceftazidime","J01D","26","0","0"
"THA","2010","H. influenzae","Ceftazidime","J01D","7","0","0"
"THA","2012","H. influenzae","Ceftazidime","J01D","2","0","0"
"THA","2013","H. influenzae","Ceftazidime","J01D","8","0","0"
"THA","2014","H. influenzae","Ceftazidime","J01D","11","0","0"
"THA","2015","H. influenzae","Ceftazidime","J01D","29","0","0"
"THA","2016","H. influenzae","Ceftazidime","J01D","24","0","0"
"THA","2017","H. influenzae","Ceftazidime","J01D","42","0","0"
"THA","2018","H. influenzae","Ceftazidime","J01D","21","0","0"
"TUN","2011","H. influenzae","Ceftazidime","J01D","16","0","0"
"TUN","2012","H. influenzae","Ceftazidime","J01D","17","0","0"
"TUN","2013","H. influenzae","Ceftazidime","J01D","13","0","0"
"TUR","2012","H. influenzae","Ceftazidime","J01D","4","0","0"
"TUR","2013","H. influenzae","Ceftazidime","J01D","2","0","0"
"TUR","2014","H. influenzae","Ceftazidime","J01D","7","0","0"
"TUR","2015","H. influenzae","Ceftazidime","J01D","10","0","0"
"TUR","2016","H. influenzae","Ceftazidime","J01D","14","0","0"
"TUR","2017","H. influenzae","Ceftazidime","J01D","12","0","0"
"TUR","2018","H. influenzae","Ceftazidime","J01D","4","0","0"
"UKR","2018","H. influenzae","Ceftazidime","J01D","11","0","0"
"GBR","2010","H. influenzae","Ceftazidime","J01D","13","0","0"
"GBR","2011","H. influenzae","Ceftazidime","J01D","27","0","0"
"GBR","2012","H. influenzae","Ceftazidime","J01D","17","0","0"
"GBR","2013","H. influenzae","Ceftazidime","J01D","52","0","0"
"GBR","2014","H. influenzae","Ceftazidime","J01D","41","0","0"
"GBR","2015","H. influenzae","Ceftazidime","J01D","50","0","0"
"GBR","2016","H. influenzae","Ceftazidime","J01D","71","0","0"
"GBR","2017","H. influenzae","Ceftazidime","J01D","64","0","0"
"GBR","2018","H. influenzae","Ceftazidime","J01D","46","0","0"
"USA","2005","H. influenzae","Ceftazidime","J01D","1","0","0"
"USA","2009","H. influenzae","Ceftazidime","J01D","5","0","0"
"USA","2010","H. influenzae","Ceftazidime","J01D","73","0","0"
"USA","2011","H. influenzae","Ceftazidime","J01D","377","0","0"
"USA","2012","H. influenzae","Ceftazidime","J01D","384","0","0"
"USA","2013","H. influenzae","Ceftazidime","J01D","488","0","0"
"USA","2014","H. influenzae","Ceftazidime","J01D","323","0","0"
"USA","2015","H. influenzae","Ceftazidime","J01D","328","0","0"
"USA","2016","H. influenzae","Ceftazidime","J01D","322","0","0"
"USA","2017","H. influenzae","Ceftazidime","J01D","117","0","0"
"USA","2018","H. influenzae","Ceftazidime","J01D","189","0","0"
"VEN","2011","H. influenzae","Ceftazidime","J01D","15","0","0"
"VEN","2012","H. influenzae","Ceftazidime","J01D","3","0","0"
"VEN","2013","H. influenzae","Ceftazidime","J01D","6","0","0"
"VEN","2014","H. influenzae","Ceftazidime","J01D","4","0","0"
"VEN","2015","H. influenzae","Ceftazidime","J01D","16","0","0"
"VEN","2016","H. influenzae","Ceftazidime","J01D","17","0","0"
"VEN","2017","H. influenzae","Ceftazidime","J01D","3","0","0"
"VEN","2018","H. influenzae","Ceftazidime","J01D","4","0","0"
"VNM","2016","H. influenzae","Ceftazidime","J01D","8","0","0"
"ARG","2004","H. influenzae","Ceftriaxone","J01D","20","0","0"
"ARG","2005","H. influenzae","Ceftriaxone","J01D","93","0","0"
"ARG","2006","H. influenzae","Ceftriaxone","J01D","28","0","0"
"ARG","2007","H. influenzae","Ceftriaxone","J01D","90","0","0"
"ARG","2008","H. influenzae","Ceftriaxone","J01D","89","0","0"
"ARG","2009","H. influenzae","Ceftriaxone","J01D","78","0","0"
"ARG","2010","H. influenzae","Ceftriaxone","J01D","60","0","0"
"ARG","2011","H. influenzae","Ceftriaxone","J01D","7","0","0"
"ARG","2012","H. influenzae","Ceftriaxone","J01D","6","0","0"
"ARG","2013","H. influenzae","Ceftriaxone","J01D","9","0","0"
"ARG","2014","H. influenzae","Ceftriaxone","J01D","9","0","0"
"ARG","2015","H. influenzae","Ceftriaxone","J01D","24","0","0"
"ARG","2016","H. influenzae","Ceftriaxone","J01D","17","0","0"
"ARG","2017","H. influenzae","Ceftriaxone","J01D","31","0","0"
"ARG","2018","H. influenzae","Ceftriaxone","J01D","8","0","0"
"AUS","2004","H. influenzae","Ceftriaxone","J01D","14","0","0"
"AUS","2005","H. influenzae","Ceftriaxone","J01D","15","0","0"
"AUS","2006","H. influenzae","Ceftriaxone","J01D","48","0","0"
"AUS","2007","H. influenzae","Ceftriaxone","J01D","67","0","0"
"AUS","2008","H. influenzae","Ceftriaxone","J01D","40","0","0"
"AUS","2009","H. influenzae","Ceftriaxone","J01D","35","0","0"
"AUS","2010","H. influenzae","Ceftriaxone","J01D","29","0","0"
"AUS","2012","H. influenzae","Ceftriaxone","J01D","12","0","0"
"AUS","2013","H. influenzae","Ceftriaxone","J01D","10","0","0"
"AUS","2014","H. influenzae","Ceftriaxone","J01D","17","0","0"
"AUS","2015","H. influenzae","Ceftriaxone","J01D","27","0","0"
"AUS","2016","H. influenzae","Ceftriaxone","J01D","39","0","0"
"AUS","2017","H. influenzae","Ceftriaxone","J01D","38","0","0"
"AUS","2018","H. influenzae","Ceftriaxone","J01D","38","0","0"
"AUT","2004","H. influenzae","Ceftriaxone","J01D","15","0","0"
"AUT","2006","H. influenzae","Ceftriaxone","J01D","10","0","0"
"AUT","2008","H. influenzae","Ceftriaxone","J01D","15","0","0"
"AUT","2009","H. influenzae","Ceftriaxone","J01D","39","0","0"
"AUT","2010","H. influenzae","Ceftriaxone","J01D","9","0","0"
"AUT","2011","H. influenzae","Ceftriaxone","J01D","26","0","0"
"AUT","2012","H. influenzae","Ceftriaxone","J01D","9","0","0"
"AUT","2013","H. influenzae","Ceftriaxone","J01D","9","0","0"
"AUT","2014","H. influenzae","Ceftriaxone","J01D","11","0","0"
"AUT","2015","H. influenzae","Ceftriaxone","J01D","8","0","0"
"AUT","2016","H. influenzae","Ceftriaxone","J01D","23","0","0"
"BEL","2004","H. influenzae","Ceftriaxone","J01D","15","0","0"
"BEL","2005","H. influenzae","Ceftriaxone","J01D","22","0","0"
"BEL","2006","H. influenzae","Ceftriaxone","J01D","30","0","0"
"BEL","2007","H. influenzae","Ceftriaxone","J01D","59","0","0"
"BEL","2008","H. influenzae","Ceftriaxone","J01D","33","0","0"
"BEL","2009","H. influenzae","Ceftriaxone","J01D","62","0","0"
"BEL","2010","H. influenzae","Ceftriaxone","J01D","46","0","0"
"BEL","2011","H. influenzae","Ceftriaxone","J01D","51","0","0"
"BEL","2012","H. influenzae","Ceftriaxone","J01D","40","0","0"
"BEL","2013","H. influenzae","Ceftriaxone","J01D","112","0","0"
"BEL","2014","H. influenzae","Ceftriaxone","J01D","115","0","0"
"BEL","2015","H. influenzae","Ceftriaxone","J01D","115","0","0"
"BEL","2016","H. influenzae","Ceftriaxone","J01D","125","0","0"
"BEL","2017","H. influenzae","Ceftriaxone","J01D","91","0","0"
"BEL","2018","H. influenzae","Ceftriaxone","J01D","48","0","0"
"BRA","2004","H. influenzae","Ceftriaxone","J01D","12","0","0"
"BRA","2005","H. influenzae","Ceftriaxone","J01D","15","0","0"
"BRA","2006","H. influenzae","Ceftriaxone","J01D","3","0","0"
"BRA","2007","H. influenzae","Ceftriaxone","J01D","30","0","0"
"BRA","2008","H. influenzae","Ceftriaxone","J01D","15","0","0"
"BRA","2009","H. influenzae","Ceftriaxone","J01D","15","0","0"
"BRA","2014","H. influenzae","Ceftriaxone","J01D","2","0","0"
"BRA","2015","H. influenzae","Ceftriaxone","J01D","6","0","0"
"BRA","2016","H. influenzae","Ceftriaxone","J01D","17","0","0"
"BRA","2017","H. influenzae","Ceftriaxone","J01D","20","0","0"
"BRA","2018","H. influenzae","Ceftriaxone","J01D","18","0","0"
"BGR","2008","H. influenzae","Ceftriaxone","J01D","3","0","0"
"BGR","2009","H. influenzae","Ceftriaxone","J01D","22","0","0"
"BGR","2010","H. influenzae","Ceftriaxone","J01D","27","0","0"
"BGR","2011","H. influenzae","Ceftriaxone","J01D","11","0","0"
"CAN","2004","H. influenzae","Ceftriaxone","J01D","19","0","0"
"CAN","2005","H. influenzae","Ceftriaxone","J01D","40","0","0"
"CAN","2006","H. influenzae","Ceftriaxone","J01D","55","0","0"
"CAN","2007","H. influenzae","Ceftriaxone","J01D","69","0","0"
"CAN","2008","H. influenzae","Ceftriaxone","J01D","56","0","0"
"CAN","2009","H. influenzae","Ceftriaxone","J01D","76","0","0"
"CAN","2010","H. influenzae","Ceftriaxone","J01D","65","0","0"
"CAN","2011","H. influenzae","Ceftriaxone","J01D","38","0","0"
"CAN","2012","H. influenzae","Ceftriaxone","J01D","109","0","0"
"CAN","2013","H. influenzae","Ceftriaxone","J01D","96","0","0"
"CAN","2014","H. influenzae","Ceftriaxone","J01D","77","0","0"
"CAN","2015","H. influenzae","Ceftriaxone","J01D","78","0","0"
"CAN","2016","H. influenzae","Ceftriaxone","J01D","83","0","0"
"CAN","2017","H. influenzae","Ceftriaxone","J01D","69","0","0"
"CAN","2018","H. influenzae","Ceftriaxone","J01D","78","0","0"
"CHL","2005","H. influenzae","Ceftriaxone","J01D","12","0","0"
"CHL","2006","H. influenzae","Ceftriaxone","J01D","3","0","0"
"CHL","2007","H. influenzae","Ceftriaxone","J01D","39","0","0"
"CHL","2008","H. influenzae","Ceftriaxone","J01D","16","0","0"
"CHL","2009","H. influenzae","Ceftriaxone","J01D","11","0","0"
"CHL","2012","H. influenzae","Ceftriaxone","J01D","3","0","0"
"CHL","2013","H. influenzae","Ceftriaxone","J01D","18","0","0"
"CHL","2014","H. influenzae","Ceftriaxone","J01D","27","0","0"
"CHL","2015","H. influenzae","Ceftriaxone","J01D","29","0","0"
"CHL","2016","H. influenzae","Ceftriaxone","J01D","34","0","0"
"CHL","2017","H. influenzae","Ceftriaxone","J01D","28","0","0"
"CHL","2018","H. influenzae","Ceftriaxone","J01D","20","0","0"
"CHN","2004","H. influenzae","Ceftriaxone","J01D","15","0","0"
"CHN","2005","H. influenzae","Ceftriaxone","J01D","15","0","0"
"CHN","2006","H. influenzae","Ceftriaxone","J01D","14","0","0"
"CHN","2008","H. influenzae","Ceftriaxone","J01D","18","0","0"
"CHN","2009","H. influenzae","Ceftriaxone","J01D","33","0","0"
"CHN","2010","H. influenzae","Ceftriaxone","J01D","35","0","0"
"CHN","2012","H. influenzae","Ceftriaxone","J01D","10","0","0"
"CHN","2013","H. influenzae","Ceftriaxone","J01D","10","0","0"
"CHN","2015","H. influenzae","Ceftriaxone","J01D","80","0","0"
"CHN","2016","H. influenzae","Ceftriaxone","J01D","77","0","0"
"COL","2006","H. influenzae","Ceftriaxone","J01D","15","0","0"
"COL","2007","H. influenzae","Ceftriaxone","J01D","4","0","0"
"COL","2008","H. influenzae","Ceftriaxone","J01D","42","0","0"
"COL","2009","H. influenzae","Ceftriaxone","J01D","30","0","0"
"COL","2011","H. influenzae","Ceftriaxone","J01D","49","0","0"
"COL","2013","H. influenzae","Ceftriaxone","J01D","15","0","0"
"COL","2014","H. influenzae","Ceftriaxone","J01D","12","0","0"
"COL","2015","H. influenzae","Ceftriaxone","J01D","12","0","0"
"COL","2016","H. influenzae","Ceftriaxone","J01D","4","0","0"
"COL","2018","H. influenzae","Ceftriaxone","J01D","27","0","0"
"CRI","2018","H. influenzae","Ceftriaxone","J01D","3","0","0"
"HRV","2006","H. influenzae","Ceftriaxone","J01D","11","0","0"
"HRV","2007","H. influenzae","Ceftriaxone","J01D","24","0","0"
"HRV","2008","H. influenzae","Ceftriaxone","J01D","23","0","0"
"HRV","2009","H. influenzae","Ceftriaxone","J01D","19","0","0"
"HRV","2010","H. influenzae","Ceftriaxone","J01D","14","0","0"
"HRV","2013","H. influenzae","Ceftriaxone","J01D","14","0","0"
"HRV","2014","H. influenzae","Ceftriaxone","J01D","14","0","0"
"HRV","2015","H. influenzae","Ceftriaxone","J01D","15","0","0"
"HRV","2016","H. influenzae","Ceftriaxone","J01D","16","0","0"
"HRV","2017","H. influenzae","Ceftriaxone","J01D","13","0","0"
"HRV","2018","H. influenzae","Ceftriaxone","J01D","20","0","0"
"CZE","2006","H. influenzae","Ceftriaxone","J01D","15","0","0"
"CZE","2007","H. influenzae","Ceftriaxone","J01D","21","0","0"
"CZE","2008","H. influenzae","Ceftriaxone","J01D","7","0","0"
"CZE","2009","H. influenzae","Ceftriaxone","J01D","14","0","0"
"CZE","2010","H. influenzae","Ceftriaxone","J01D","12","0","0"
"CZE","2011","H. influenzae","Ceftriaxone","J01D","10","0","0"
"CZE","2013","H. influenzae","Ceftriaxone","J01D","4","0","0"
"CZE","2014","H. influenzae","Ceftriaxone","J01D","21","0","0"
"CZE","2015","H. influenzae","Ceftriaxone","J01D","30","0","0"
"CZE","2016","H. influenzae","Ceftriaxone","J01D","61","0","0"
"CZE","2017","H. influenzae","Ceftriaxone","J01D","67","0","0"
"CZE","2018","H. influenzae","Ceftriaxone","J01D","24","0","0"
"DNK","2006","H. influenzae","Ceftriaxone","J01D","30","0","0"
"DNK","2007","H. influenzae","Ceftriaxone","J01D","59","0","0"
"DNK","2008","H. influenzae","Ceftriaxone","J01D","22","0","0"
"DNK","2009","H. influenzae","Ceftriaxone","J01D","23","0","0"
"DNK","2010","H. influenzae","Ceftriaxone","J01D","17","0","0"
"DNK","2011","H. influenzae","Ceftriaxone","J01D","15","0","0"
"DNK","2012","H. influenzae","Ceftriaxone","J01D","4","0","0"
"DNK","2013","H. influenzae","Ceftriaxone","J01D","16","0","0"
"DNK","2014","H. influenzae","Ceftriaxone","J01D","42","0","0"
"DNK","2015","H. influenzae","Ceftriaxone","J01D","27","0","0"
"DNK","2016","H. influenzae","Ceftriaxone","J01D","23","0","0"
"DNK","2017","H. influenzae","Ceftriaxone","J01D","8","0","0"
"DNK","2018","H. influenzae","Ceftriaxone","J01D","10","0","0"
"DOM","2018","H. influenzae","Ceftriaxone","J01D","7","0","0"
"FIN","2006","H. influenzae","Ceftriaxone","J01D","15","0","0"
"FIN","2007","H. influenzae","Ceftriaxone","J01D","10","0","0"
"FIN","2008","H. influenzae","Ceftriaxone","J01D","16","0","0"
"FIN","2010","H. influenzae","Ceftriaxone","J01D","12","0","0"
"FIN","2011","H. influenzae","Ceftriaxone","J01D","15","0","0"
"FIN","2013","H. influenzae","Ceftriaxone","J01D","14","0","0"
"FIN","2014","H. influenzae","Ceftriaxone","J01D","30","0","0"
"FIN","2015","H. influenzae","Ceftriaxone","J01D","1","0","0"
"FIN","2016","H. influenzae","Ceftriaxone","J01D","15","0","0"
"FIN","2018","H. influenzae","Ceftriaxone","J01D","2","0","0"
"FRA","2004","H. influenzae","Ceftriaxone","J01D","56","0","0"
"FRA","2005","H. influenzae","Ceftriaxone","J01D","29","0","0"
"FRA","2006","H. influenzae","Ceftriaxone","J01D","78","0","0"
"FRA","2007","H. influenzae","Ceftriaxone","J01D","166","0","0"
"FRA","2008","H. influenzae","Ceftriaxone","J01D","256","0","0"
"FRA","2009","H. influenzae","Ceftriaxone","J01D","225","0","0"
"FRA","2010","H. influenzae","Ceftriaxone","J01D","166","0","0"
"FRA","2011","H. influenzae","Ceftriaxone","J01D","174","0","0"
"FRA","2012","H. influenzae","Ceftriaxone","J01D","149","0","0"
"FRA","2013","H. influenzae","Ceftriaxone","J01D","171","0","0"
"FRA","2014","H. influenzae","Ceftriaxone","J01D","167","0","0"
"FRA","2015","H. influenzae","Ceftriaxone","J01D","184","0","0"
"FRA","2016","H. influenzae","Ceftriaxone","J01D","182","0","0"
"FRA","2017","H. influenzae","Ceftriaxone","J01D","175","0","0"
"FRA","2018","H. influenzae","Ceftriaxone","J01D","99","0","0"
"DEU","2004","H. influenzae","Ceftriaxone","J01D","74","0","0"
"DEU","2005","H. influenzae","Ceftriaxone","J01D","15","0","0"
"DEU","2006","H. influenzae","Ceftriaxone","J01D","59","0","0"
"DEU","2007","H. influenzae","Ceftriaxone","J01D","89","0","0"
"DEU","2008","H. influenzae","Ceftriaxone","J01D","110","0","0"
"DEU","2009","H. influenzae","Ceftriaxone","J01D","169","0","0"
"DEU","2010","H. influenzae","Ceftriaxone","J01D","136","0","0"
"DEU","2011","H. influenzae","Ceftriaxone","J01D","171","0","0"
"DEU","2012","H. influenzae","Ceftriaxone","J01D","114","0","0"
"DEU","2013","H. influenzae","Ceftriaxone","J01D","214","0","0"
"DEU","2014","H. influenzae","Ceftriaxone","J01D","193","0","0"
"DEU","2015","H. influenzae","Ceftriaxone","J01D","162","0","0"
"DEU","2016","H. influenzae","Ceftriaxone","J01D","165","0","0"
"DEU","2017","H. influenzae","Ceftriaxone","J01D","194","0","0"
"DEU","2018","H. influenzae","Ceftriaxone","J01D","84","0","0"
"GRC","2004","H. influenzae","Ceftriaxone","J01D","13","0","0"
"GRC","2005","H. influenzae","Ceftriaxone","J01D","2","0","0"
"GRC","2006","H. influenzae","Ceftriaxone","J01D","59","0","0"
"GRC","2007","H. influenzae","Ceftriaxone","J01D","14","0","0"
"GRC","2008","H. influenzae","Ceftriaxone","J01D","11","0","0"
"GRC","2009","H. influenzae","Ceftriaxone","J01D","10","0","0"
"GRC","2010","H. influenzae","Ceftriaxone","J01D","8","0","0"
"GRC","2011","H. influenzae","Ceftriaxone","J01D","6","0","0"
"GRC","2012","H. influenzae","Ceftriaxone","J01D","2","0","0"
"GRC","2013","H. influenzae","Ceftriaxone","J01D","8","0","0"
"GRC","2014","H. influenzae","Ceftriaxone","J01D","19","0","0"
"GRC","2015","H. influenzae","Ceftriaxone","J01D","13","0","0"
"GRC","2016","H. influenzae","Ceftriaxone","J01D","34","0","0"
"GRC","2017","H. influenzae","Ceftriaxone","J01D","6","0","0"
"GRC","2018","H. influenzae","Ceftriaxone","J01D","15","0","0"
"GTM","2007","H. influenzae","Ceftriaxone","J01D","16","0","0"
"GTM","2018","H. influenzae","Ceftriaxone","J01D","10","0","0"
"HND","2007","H. influenzae","Ceftriaxone","J01D","8","0","0"
"HKG","2006","H. influenzae","Ceftriaxone","J01D","13","0","0"
"HKG","2007","H. influenzae","Ceftriaxone","J01D","31","0","0"
"HKG","2010","H. influenzae","Ceftriaxone","J01D","15","0","0"
"HKG","2013","H. influenzae","Ceftriaxone","J01D","3","0","0"
"HKG","2014","H. influenzae","Ceftriaxone","J01D","3","0","0"
"HKG","2015","H. influenzae","Ceftriaxone","J01D","15","0","0"
"HKG","2016","H. influenzae","Ceftriaxone","J01D","15","0","0"
"HKG","2017","H. influenzae","Ceftriaxone","J01D","14","0","0"
"HKG","2018","H. influenzae","Ceftriaxone","J01D","10","0","0"
"HUN","2004","H. influenzae","Ceftriaxone","J01D","14","0","0"
"HUN","2005","H. influenzae","Ceftriaxone","J01D","3","0","0"
"HUN","2007","H. influenzae","Ceftriaxone","J01D","15","0","0"
"HUN","2008","H. influenzae","Ceftriaxone","J01D","44","0","0"
"HUN","2009","H. influenzae","Ceftriaxone","J01D","42","0","0"
"HUN","2010","H. influenzae","Ceftriaxone","J01D","29","0","0"
"HUN","2012","H. influenzae","Ceftriaxone","J01D","8","0","0"
"HUN","2013","H. influenzae","Ceftriaxone","J01D","8","0","0"
"HUN","2014","H. influenzae","Ceftriaxone","J01D","23","0","0"
"HUN","2015","H. influenzae","Ceftriaxone","J01D","26","0","0"
"HUN","2016","H. influenzae","Ceftriaxone","J01D","38","0","0"
"HUN","2017","H. influenzae","Ceftriaxone","J01D","49","0","0"
"HUN","2018","H. influenzae","Ceftriaxone","J01D","26","0","0"
"IND","2004","H. influenzae","Ceftriaxone","J01D","11","0","0"
"IND","2007","H. influenzae","Ceftriaxone","J01D","5","0","0"
"IND","2008","H. influenzae","Ceftriaxone","J01D","7","0","0"
"IND","2015","H. influenzae","Ceftriaxone","J01D","10","0","0"
"IND","2016","H. influenzae","Ceftriaxone","J01D","27","0","0"
"IRL","2004","H. influenzae","Ceftriaxone","J01D","15","0","0"
"IRL","2006","H. influenzae","Ceftriaxone","J01D","28","0","0"
"IRL","2007","H. influenzae","Ceftriaxone","J01D","31","0","0"
"IRL","2008","H. influenzae","Ceftriaxone","J01D","11","0","0"
"IRL","2009","H. influenzae","Ceftriaxone","J01D","25","0","0"
"IRL","2010","H. influenzae","Ceftriaxone","J01D","32","0","0"
"IRL","2011","H. influenzae","Ceftriaxone","J01D","31","0","0"
"IRL","2012","H. influenzae","Ceftriaxone","J01D","31","0","0"
"IRL","2013","H. influenzae","Ceftriaxone","J01D","43","0","0"
"IRL","2014","H. influenzae","Ceftriaxone","J01D","16","0","0"
"IRL","2015","H. influenzae","Ceftriaxone","J01D","16","0","0"
"IRL","2016","H. influenzae","Ceftriaxone","J01D","29","0","0"
"IRL","2017","H. influenzae","Ceftriaxone","J01D","26","0","0"
"IRL","2018","H. influenzae","Ceftriaxone","J01D","23","0","0"
"ISR","2006","H. influenzae","Ceftriaxone","J01D","29","0","0"
"ISR","2007","H. influenzae","Ceftriaxone","J01D","49","0","0"
"ISR","2008","H. influenzae","Ceftriaxone","J01D","76","0","0"
"ISR","2009","H. influenzae","Ceftriaxone","J01D","82","0","0"
"ISR","2010","H. influenzae","Ceftriaxone","J01D","106","0","0"
"ISR","2011","H. influenzae","Ceftriaxone","J01D","1","0","0"
"ISR","2012","H. influenzae","Ceftriaxone","J01D","13","0","0"
"ISR","2013","H. influenzae","Ceftriaxone","J01D","24","0","0"
"ISR","2014","H. influenzae","Ceftriaxone","J01D","26","0","0"
"ISR","2015","H. influenzae","Ceftriaxone","J01D","28","0","0"
"ISR","2016","H. influenzae","Ceftriaxone","J01D","32","0","0"
"ISR","2017","H. influenzae","Ceftriaxone","J01D","32","0","0"
"ISR","2018","H. influenzae","Ceftriaxone","J01D","36","0","0"
"ITA","2004","H. influenzae","Ceftriaxone","J01D","45","0","0"
"ITA","2005","H. influenzae","Ceftriaxone","J01D","71","0","0"
"ITA","2006","H. influenzae","Ceftriaxone","J01D","121","0","0"
"ITA","2007","H. influenzae","Ceftriaxone","J01D","77","0","0"
"ITA","2008","H. influenzae","Ceftriaxone","J01D","174","0","0"
"ITA","2009","H. influenzae","Ceftriaxone","J01D","119","0","0"
"ITA","2010","H. influenzae","Ceftriaxone","J01D","94","0","0"
"ITA","2011","H. influenzae","Ceftriaxone","J01D","139","0","0"
"ITA","2012","H. influenzae","Ceftriaxone","J01D","99","0","0"
"ITA","2013","H. influenzae","Ceftriaxone","J01D","118","0","0"
"ITA","2014","H. influenzae","Ceftriaxone","J01D","168","0","0"
"ITA","2015","H. influenzae","Ceftriaxone","J01D","140","0","0"
"ITA","2016","H. influenzae","Ceftriaxone","J01D","124","0","0"
"ITA","2017","H. influenzae","Ceftriaxone","J01D","107","0","0"
"ITA","2018","H. influenzae","Ceftriaxone","J01D","58","0","0"
"JAM","2006","H. influenzae","Ceftriaxone","J01D","15","0","0"
"JPN","2012","H. influenzae","Ceftriaxone","J01D","3","0","0"
"JPN","2013","H. influenzae","Ceftriaxone","J01D","8","0","0"
"JPN","2014","H. influenzae","Ceftriaxone","J01D","6","0","0"
"JPN","2015","H. influenzae","Ceftriaxone","J01D","15","0","0"
"JPN","2016","H. influenzae","Ceftriaxone","J01D","27","0","0"
"JPN","2017","H. influenzae","Ceftriaxone","J01D","49","0","0"
"JPN","2018","H. influenzae","Ceftriaxone","J01D","30","0","0"
"JOR","2010","H. influenzae","Ceftriaxone","J01D","8","0","0"
"JOR","2011","H. influenzae","Ceftriaxone","J01D","18","0","0"
"JOR","2012","H. influenzae","Ceftriaxone","J01D","18","0","0"
"JOR","2013","H. influenzae","Ceftriaxone","J01D","15","0","0"
"JOR","2015","H. influenzae","Ceftriaxone","J01D","14","0","0"
"JOR","2016","H. influenzae","Ceftriaxone","J01D","6","0","0"
"JOR","2017","H. influenzae","Ceftriaxone","J01D","3","0","0"
"JOR","2018","H. influenzae","Ceftriaxone","J01D","1","0","0"
"KEN","2014","H. influenzae","Ceftriaxone","J01D","3","0","0"
"KOR","2005","H. influenzae","Ceftriaxone","J01D","13","0","0"
"KOR","2006","H. influenzae","Ceftriaxone","J01D","36","0","0"
"KOR","2007","H. influenzae","Ceftriaxone","J01D","59","0","0"
"KOR","2008","H. influenzae","Ceftriaxone","J01D","26","0","0"
"KOR","2009","H. influenzae","Ceftriaxone","J01D","43","0","0"
"KOR","2010","H. influenzae","Ceftriaxone","J01D","24","0","0"
"KOR","2012","H. influenzae","Ceftriaxone","J01D","5","0","0"
"KOR","2013","H. influenzae","Ceftriaxone","J01D","10","0","0"
"KOR","2014","H. influenzae","Ceftriaxone","J01D","9","0","0"
"KOR","2015","H. influenzae","Ceftriaxone","J01D","35","0","0"
"KOR","2016","H. influenzae","Ceftriaxone","J01D","33","0","0"
"KOR","2017","H. influenzae","Ceftriaxone","J01D","35","0","0"
"KOR","2018","H. influenzae","Ceftriaxone","J01D","22","0","0"
"KWT","2012","H. influenzae","Ceftriaxone","J01D","29","0","0"
"KWT","2013","H. influenzae","Ceftriaxone","J01D","4","0","0"
"KWT","2014","H. influenzae","Ceftriaxone","J01D","16","0","0"
"KWT","2015","H. influenzae","Ceftriaxone","J01D","42","0","0"
"KWT","2016","H. influenzae","Ceftriaxone","J01D","39","0","0"
"KWT","2017","H. influenzae","Ceftriaxone","J01D","43","0","0"
"KWT","2018","H. influenzae","Ceftriaxone","J01D","30","0","0"
"LVA","2004","H. influenzae","Ceftriaxone","J01D","15","0","0"
"LVA","2005","H. influenzae","Ceftriaxone","J01D","7","0","0"
"LVA","2008","H. influenzae","Ceftriaxone","J01D","17","0","0"
"LVA","2009","H. influenzae","Ceftriaxone","J01D","11","0","0"
"LVA","2010","H. influenzae","Ceftriaxone","J01D","15","0","0"
"LVA","2016","H. influenzae","Ceftriaxone","J01D","15","0","0"
"LVA","2017","H. influenzae","Ceftriaxone","J01D","15","0","0"
"LVA","2018","H. influenzae","Ceftriaxone","J01D","7","0","0"
"LBN","2006","H. influenzae","Ceftriaxone","J01D","16","0","0"
"LTU","2006","H. influenzae","Ceftriaxone","J01D","15","0","0"
"LTU","2008","H. influenzae","Ceftriaxone","J01D","30","0","0"
"LTU","2010","H. influenzae","Ceftriaxone","J01D","7","0","0"
"LTU","2016","H. influenzae","Ceftriaxone","J01D","14","0","0"
"LTU","2017","H. influenzae","Ceftriaxone","J01D","15","0","0"
"LTU","2018","H. influenzae","Ceftriaxone","J01D","19","0","0"
"MYS","2008","H. influenzae","Ceftriaxone","J01D","5","0","0"
"MYS","2009","H. influenzae","Ceftriaxone","J01D","8","0","0"
"MYS","2010","H. influenzae","Ceftriaxone","J01D","13","0","0"
"MYS","2013","H. influenzae","Ceftriaxone","J01D","4","0","0"
"MYS","2014","H. influenzae","Ceftriaxone","J01D","4","0","0"
"MYS","2015","H. influenzae","Ceftriaxone","J01D","17","0","0"
"MYS","2016","H. influenzae","Ceftriaxone","J01D","2","0","0"
"MYS","2018","H. influenzae","Ceftriaxone","J01D","4","0","0"
"MUS","2009","H. influenzae","Ceftriaxone","J01D","1","0","0"
"MEX","2005","H. influenzae","Ceftriaxone","J01D","7","0","0"
"MEX","2006","H. influenzae","Ceftriaxone","J01D","59","0","0"
"MEX","2007","H. influenzae","Ceftriaxone","J01D","65","0","0"
"MEX","2008","H. influenzae","Ceftriaxone","J01D","30","0","0"
"MEX","2009","H. influenzae","Ceftriaxone","J01D","37","0","0"
"MEX","2010","H. influenzae","Ceftriaxone","J01D","30","0","0"
"MEX","2012","H. influenzae","Ceftriaxone","J01D","2","0","0"
"MEX","2013","H. influenzae","Ceftriaxone","J01D","4","0","0"
"MEX","2014","H. influenzae","Ceftriaxone","J01D","9","0","0"
"MEX","2015","H. influenzae","Ceftriaxone","J01D","14","0","0"
"MEX","2016","H. influenzae","Ceftriaxone","J01D","8","0","0"
"MEX","2017","H. influenzae","Ceftriaxone","J01D","18","0","0"
"MEX","2018","H. influenzae","Ceftriaxone","J01D","17","0","0"
"MAR","2011","H. influenzae","Ceftriaxone","J01D","4","0","0"
"MAR","2012","H. influenzae","Ceftriaxone","J01D","27","0","0"
"MAR","2013","H. influenzae","Ceftriaxone","J01D","14","0","0"
"MAR","2015","H. influenzae","Ceftriaxone","J01D","12","0","0"
"MAR","2016","H. influenzae","Ceftriaxone","J01D","12","0","0"
"MAR","2017","H. influenzae","Ceftriaxone","J01D","7","0","0"
"MAR","2018","H. influenzae","Ceftriaxone","J01D","12","0","0"
"NLD","2004","H. influenzae","Ceftriaxone","J01D","14","0","0"
"NLD","2006","H. influenzae","Ceftriaxone","J01D","14","0","0"
"NLD","2008","H. influenzae","Ceftriaxone","J01D","23","0","0"
"NLD","2009","H. influenzae","Ceftriaxone","J01D","20","0","0"
"NLD","2010","H. influenzae","Ceftriaxone","J01D","15","0","0"
"NLD","2011","H. influenzae","Ceftriaxone","J01D","14","0","0"
"NLD","2012","H. influenzae","Ceftriaxone","J01D","19","0","0"
"NLD","2013","H. influenzae","Ceftriaxone","J01D","22","0","0"
"NLD","2014","H. influenzae","Ceftriaxone","J01D","19","0","0"
"NLD","2015","H. influenzae","Ceftriaxone","J01D","30","0","0"
"NLD","2016","H. influenzae","Ceftriaxone","J01D","32","0","0"
"NLD","2017","H. influenzae","Ceftriaxone","J01D","32","0","0"
"NLD","2018","H. influenzae","Ceftriaxone","J01D","20","0","0"
"NOR","2006","H. influenzae","Ceftriaxone","J01D","12","0","0"
"OMN","2007","H. influenzae","Ceftriaxone","J01D","15","0","0"
"PAK","2004","H. influenzae","Ceftriaxone","J01D","8","0","0"
"PAK","2005","H. influenzae","Ceftriaxone","J01D","7","0","0"
"PAK","2006","H. influenzae","Ceftriaxone","J01D","14","0","0"
"PAK","2015","H. influenzae","Ceftriaxone","J01D","15","0","0"
"PAK","2016","H. influenzae","Ceftriaxone","J01D","10","0","0"
"PAK","2017","H. influenzae","Ceftriaxone","J01D","7","0","0"
"PAN","2008","H. influenzae","Ceftriaxone","J01D","13","0","0"
"PAN","2009","H. influenzae","Ceftriaxone","J01D","13","0","0"
"PAN","2012","H. influenzae","Ceftriaxone","J01D","11","0","0"
"PAN","2013","H. influenzae","Ceftriaxone","J01D","14","0","0"
"PAN","2014","H. influenzae","Ceftriaxone","J01D","17","0","0"
"PAN","2015","H. influenzae","Ceftriaxone","J01D","13","0","0"
"PAN","2016","H. influenzae","Ceftriaxone","J01D","8","0","0"
"PAN","2017","H. influenzae","Ceftriaxone","J01D","4","0","0"
"PAN","2018","H. influenzae","Ceftriaxone","J01D","7","0","0"
"PHL","2004","H. influenzae","Ceftriaxone","J01D","15","0","0"
"PHL","2007","H. influenzae","Ceftriaxone","J01D","1","0","0"
"PHL","2008","H. influenzae","Ceftriaxone","J01D","6","0","0"
"PHL","2012","H. influenzae","Ceftriaxone","J01D","7","0","0"
"PHL","2013","H. influenzae","Ceftriaxone","J01D","9","0","0"
"PHL","2014","H. influenzae","Ceftriaxone","J01D","11","0","0"
"PHL","2015","H. influenzae","Ceftriaxone","J01D","21","0","0"
"PHL","2016","H. influenzae","Ceftriaxone","J01D","25","0","0"
"PHL","2017","H. influenzae","Ceftriaxone","J01D","19","0","0"
"PHL","2018","H. influenzae","Ceftriaxone","J01D","6","0","0"
"POL","2004","H. influenzae","Ceftriaxone","J01D","15","0","0"
"POL","2008","H. influenzae","Ceftriaxone","J01D","12","0","0"
"POL","2009","H. influenzae","Ceftriaxone","J01D","37","0","0"
"POL","2010","H. influenzae","Ceftriaxone","J01D","27","0","0"
"POL","2013","H. influenzae","Ceftriaxone","J01D","24","0","0"
"POL","2014","H. influenzae","Ceftriaxone","J01D","25","0","0"
"POL","2015","H. influenzae","Ceftriaxone","J01D","15","0","0"
"POL","2016","H. influenzae","Ceftriaxone","J01D","13","0","0"
"POL","2017","H. influenzae","Ceftriaxone","J01D","37","0","0"
"POL","2018","H. influenzae","Ceftriaxone","J01D","21","0","0"
"PRT","2004","H. influenzae","Ceftriaxone","J01D","14","0","0"
"PRT","2008","H. influenzae","Ceftriaxone","J01D","16","0","0"
"PRT","2009","H. influenzae","Ceftriaxone","J01D","27","0","0"
"PRT","2010","H. influenzae","Ceftriaxone","J01D","28","0","0"
"PRT","2011","H. influenzae","Ceftriaxone","J01D","37","0","0"
"PRT","2012","H. influenzae","Ceftriaxone","J01D","66","0","0"
"PRT","2013","H. influenzae","Ceftriaxone","J01D","72","0","0"
"PRT","2014","H. influenzae","Ceftriaxone","J01D","82","0","0"
"PRT","2015","H. influenzae","Ceftriaxone","J01D","67","0","0"
"PRT","2016","H. influenzae","Ceftriaxone","J01D","61","0","0"
"PRT","2017","H. influenzae","Ceftriaxone","J01D","48","0","0"
"PRT","2018","H. influenzae","Ceftriaxone","J01D","42","0","0"
"ROU","2008","H. influenzae","Ceftriaxone","J01D","10","0","0"
"ROU","2009","H. influenzae","Ceftriaxone","J01D","2","0","0"
"ROU","2010","H. influenzae","Ceftriaxone","J01D","6","0","0"
"ROU","2011","H. influenzae","Ceftriaxone","J01D","5","0","0"
"ROU","2012","H. influenzae","Ceftriaxone","J01D","2","0","0"
"ROU","2013","H. influenzae","Ceftriaxone","J01D","9","0","0"
"ROU","2015","H. influenzae","Ceftriaxone","J01D","8","0","0"
"ROU","2016","H. influenzae","Ceftriaxone","J01D","3","0","0"
"ROU","2018","H. influenzae","Ceftriaxone","J01D","15","0","0"
"RUS","2013","H. influenzae","Ceftriaxone","J01D","4","0","0"
"RUS","2014","H. influenzae","Ceftriaxone","J01D","18","0","0"
"RUS","2015","H. influenzae","Ceftriaxone","J01D","6","0","0"
"RUS","2016","H. influenzae","Ceftriaxone","J01D","5","0","0"
"RUS","2017","H. influenzae","Ceftriaxone","J01D","11","0","0"
"RUS","2018","H. influenzae","Ceftriaxone","J01D","5","0","0"
"SAU","2009","H. influenzae","Ceftriaxone","J01D","14","0","0"
"SAU","2011","H. influenzae","Ceftriaxone","J01D","14","0","0"
"SAU","2012","H. influenzae","Ceftriaxone","J01D","23","0","0"
"SAU","2013","H. influenzae","Ceftriaxone","J01D","7","0","0"
"SAU","2016","H. influenzae","Ceftriaxone","J01D","13","0","0"
"SAU","2018","H. influenzae","Ceftriaxone","J01D","9","0","0"
"SRB","2017","H. influenzae","Ceftriaxone","J01D","15","0","0"
"SGP","2004","H. influenzae","Ceftriaxone","J01D","15","0","0"
"SGP","2005","H. influenzae","Ceftriaxone","J01D","10","0","0"
"SGP","2006","H. influenzae","Ceftriaxone","J01D","13","0","0"
"SGP","2007","H. influenzae","Ceftriaxone","J01D","35","0","0"
"SGP","2008","H. influenzae","Ceftriaxone","J01D","8","0","0"
"SGP","2009","H. influenzae","Ceftriaxone","J01D","13","0","0"
"SGP","2010","H. influenzae","Ceftriaxone","J01D","11","0","0"
"SGP","2011","H. influenzae","Ceftriaxone","J01D","1","0","0"
"SGP","2014","H. influenzae","Ceftriaxone","J01D","2","0","0"
"SGP","2015","H. influenzae","Ceftriaxone","J01D","13","0","0"
"SGP","2018","H. influenzae","Ceftriaxone","J01D","10","0","0"
"SVK","2007","H. influenzae","Ceftriaxone","J01D","30","0","0"
"SVK","2008","H. influenzae","Ceftriaxone","J01D","3","0","0"
"SVK","2009","H. influenzae","Ceftriaxone","J01D","27","0","0"
"SVK","2011","H. influenzae","Ceftriaxone","J01D","10","0","0"
"SVN","2006","H. influenzae","Ceftriaxone","J01D","15","0","0"
"SVN","2007","H. influenzae","Ceftriaxone","J01D","19","0","0"
"SVN","2008","H. influenzae","Ceftriaxone","J01D","37","0","0"
"SVN","2009","H. influenzae","Ceftriaxone","J01D","22","0","0"
"SVN","2010","H. influenzae","Ceftriaxone","J01D","8","0","0"
"ZAF","2005","H. influenzae","Ceftriaxone","J01D","31","0","0"
"ZAF","2006","H. influenzae","Ceftriaxone","J01D","55","0","0"
"ZAF","2007","H. influenzae","Ceftriaxone","J01D","69","0","0"
"ZAF","2008","H. influenzae","Ceftriaxone","J01D","5","0","0"
"ZAF","2009","H. influenzae","Ceftriaxone","J01D","10","0","0"
"ZAF","2011","H. influenzae","Ceftriaxone","J01D","14","0","0"
"ZAF","2012","H. influenzae","Ceftriaxone","J01D","6","0","0"
"ZAF","2013","H. influenzae","Ceftriaxone","J01D","22","0","0"
"ZAF","2014","H. influenzae","Ceftriaxone","J01D","12","0","0"
"ZAF","2015","H. influenzae","Ceftriaxone","J01D","28","0","0"
"ZAF","2016","H. influenzae","Ceftriaxone","J01D","43","0","0"
"ZAF","2017","H. influenzae","Ceftriaxone","J01D","51","0","0"
"ZAF","2018","H. influenzae","Ceftriaxone","J01D","31","0","0"
"ESP","2004","H. influenzae","Ceftriaxone","J01D","60","0","0"
"ESP","2005","H. influenzae","Ceftriaxone","J01D","59","0","0"
"ESP","2006","H. influenzae","Ceftriaxone","J01D","2","0","0"
"ESP","2007","H. influenzae","Ceftriaxone","J01D","82","0","0"
"ESP","2008","H. influenzae","Ceftriaxone","J01D","227","0","0"
"ESP","2009","H. influenzae","Ceftriaxone","J01D","182","0","0"
"ESP","2010","H. influenzae","Ceftriaxone","J01D","123","0","0"
"ESP","2011","H. influenzae","Ceftriaxone","J01D","208","0","0"
"ESP","2012","H. influenzae","Ceftriaxone","J01D","199","0","0"
"ESP","2013","H. influenzae","Ceftriaxone","J01D","306","0","0"
"ESP","2014","H. influenzae","Ceftriaxone","J01D","232","0","0"
"ESP","2015","H. influenzae","Ceftriaxone","J01D","247","0","0"
"ESP","2016","H. influenzae","Ceftriaxone","J01D","231","0","0"
"ESP","2017","H. influenzae","Ceftriaxone","J01D","225","0","0"
"ESP","2018","H. influenzae","Ceftriaxone","J01D","106","0","0"
"SWE","2005","H. influenzae","Ceftriaxone","J01D","12","0","0"
"SWE","2006","H. influenzae","Ceftriaxone","J01D","32","0","0"
"SWE","2007","H. influenzae","Ceftriaxone","J01D","43","0","0"
"SWE","2008","H. influenzae","Ceftriaxone","J01D","27","0","0"
"SWE","2009","H. influenzae","Ceftriaxone","J01D","40","0","0"
"SWE","2010","H. influenzae","Ceftriaxone","J01D","32","0","0"
"SWE","2011","H. influenzae","Ceftriaxone","J01D","41","0","0"
"SWE","2012","H. influenzae","Ceftriaxone","J01D","23","0","0"
"SWE","2013","H. influenzae","Ceftriaxone","J01D","26","0","0"
"SWE","2014","H. influenzae","Ceftriaxone","J01D","17","0","0"
"SWE","2017","H. influenzae","Ceftriaxone","J01D","9","0","0"
"SWE","2018","H. influenzae","Ceftriaxone","J01D","9","0","0"
"CHE","2004","H. influenzae","Ceftriaxone","J01D","7","0","0"
"CHE","2006","H. influenzae","Ceftriaxone","J01D","15","0","0"
"CHE","2008","H. influenzae","Ceftriaxone","J01D","20","0","0"
"CHE","2009","H. influenzae","Ceftriaxone","J01D","13","0","0"
"CHE","2010","H. influenzae","Ceftriaxone","J01D","11","0","0"
"CHE","2011","H. influenzae","Ceftriaxone","J01D","7","0","0"
"CHE","2012","H. influenzae","Ceftriaxone","J01D","36","0","0"
"CHE","2013","H. influenzae","Ceftriaxone","J01D","53","0","0"
"CHE","2014","H. influenzae","Ceftriaxone","J01D","32","0","0"
"CHE","2015","H. influenzae","Ceftriaxone","J01D","23","0","0"
"CHE","2016","H. influenzae","Ceftriaxone","J01D","30","0","0"
"CHE","2017","H. influenzae","Ceftriaxone","J01D","18","0","0"
"CHE","2018","H. influenzae","Ceftriaxone","J01D","19","0","0"
"TWN","2006","H. influenzae","Ceftriaxone","J01D","57","0","0"
"TWN","2007","H. influenzae","Ceftriaxone","J01D","38","0","0"
"TWN","2008","H. influenzae","Ceftriaxone","J01D","5","0","0"
"TWN","2009","H. influenzae","Ceftriaxone","J01D","11","0","0"
"TWN","2012","H. influenzae","Ceftriaxone","J01D","1","0","0"
"TWN","2013","H. influenzae","Ceftriaxone","J01D","3","0","0"
"TWN","2014","H. influenzae","Ceftriaxone","J01D","12","0","0"
"TWN","2015","H. influenzae","Ceftriaxone","J01D","31","0","0"
"TWN","2016","H. influenzae","Ceftriaxone","J01D","46","0","0"
"TWN","2017","H. influenzae","Ceftriaxone","J01D","39","0","0"
"TWN","2018","H. influenzae","Ceftriaxone","J01D","26","0","0"
"THA","2008","H. influenzae","Ceftriaxone","J01D","29","0","0"
"THA","2010","H. influenzae","Ceftriaxone","J01D","7","0","0"
"THA","2012","H. influenzae","Ceftriaxone","J01D","2","0","0"
"THA","2013","H. influenzae","Ceftriaxone","J01D","8","0","0"
"THA","2014","H. influenzae","Ceftriaxone","J01D","11","0","0"
"THA","2015","H. influenzae","Ceftriaxone","J01D","29","0","0"
"THA","2016","H. influenzae","Ceftriaxone","J01D","24","0","0"
"THA","2017","H. influenzae","Ceftriaxone","J01D","42","0","0"
"THA","2018","H. influenzae","Ceftriaxone","J01D","21","0","0"
"TUN","2011","H. influenzae","Ceftriaxone","J01D","16","0","0"
"TUN","2012","H. influenzae","Ceftriaxone","J01D","17","0","0"
"TUN","2013","H. influenzae","Ceftriaxone","J01D","13","0","0"
"TUR","2004","H. influenzae","Ceftriaxone","J01D","5","0","0"
"TUR","2005","H. influenzae","Ceftriaxone","J01D","16","0","0"
"TUR","2008","H. influenzae","Ceftriaxone","J01D","11","0","0"
"TUR","2012","H. influenzae","Ceftriaxone","J01D","4","0","0"
"TUR","2013","H. influenzae","Ceftriaxone","J01D","2","0","0"
"TUR","2014","H. influenzae","Ceftriaxone","J01D","7","0","0"
"TUR","2015","H. influenzae","Ceftriaxone","J01D","10","0","0"
"TUR","2016","H. influenzae","Ceftriaxone","J01D","14","0","0"
"TUR","2017","H. influenzae","Ceftriaxone","J01D","12","0","0"
"TUR","2018","H. influenzae","Ceftriaxone","J01D","4","0","0"
"UKR","2018","H. influenzae","Ceftriaxone","J01D","11","0","0"
"GBR","2004","H. influenzae","Ceftriaxone","J01D","65","0","0"
"GBR","2007","H. influenzae","Ceftriaxone","J01D","15","0","0"
"GBR","2008","H. influenzae","Ceftriaxone","J01D","6","0","0"
"GBR","2009","H. influenzae","Ceftriaxone","J01D","16","0","0"
"GBR","2010","H. influenzae","Ceftriaxone","J01D","28","0","0"
"GBR","2011","H. influenzae","Ceftriaxone","J01D","27","0","0"
"GBR","2012","H. influenzae","Ceftriaxone","J01D","17","0","0"
"GBR","2013","H. influenzae","Ceftriaxone","J01D","52","0","0"
"GBR","2014","H. influenzae","Ceftriaxone","J01D","41","0","0"
"GBR","2015","H. influenzae","Ceftriaxone","J01D","50","0","0"
"GBR","2016","H. influenzae","Ceftriaxone","J01D","71","0","0"
"GBR","2017","H. influenzae","Ceftriaxone","J01D","64","0","0"
"GBR","2018","H. influenzae","Ceftriaxone","J01D","46","0","0"
"USA","2004","H. influenzae","Ceftriaxone","J01D","810","0","0"
"USA","2005","H. influenzae","Ceftriaxone","J01D","801","0","0"
"USA","2006","H. influenzae","Ceftriaxone","J01D","852","0","0"
"USA","2007","H. influenzae","Ceftriaxone","J01D","996","0","0"
"USA","2008","H. influenzae","Ceftriaxone","J01D","336","0","0"
"USA","2009","H. influenzae","Ceftriaxone","J01D","403","0","0"
"USA","2010","H. influenzae","Ceftriaxone","J01D","307","0","0"
"USA","2011","H. influenzae","Ceftriaxone","J01D","378","0","0"
"USA","2012","H. influenzae","Ceftriaxone","J01D","384","0","0"
"USA","2013","H. influenzae","Ceftriaxone","J01D","488","0","0"
"USA","2014","H. influenzae","Ceftriaxone","J01D","323","0","0"
"USA","2015","H. influenzae","Ceftriaxone","J01D","328","0","0"
"USA","2016","H. influenzae","Ceftriaxone","J01D","322","0","0"
"USA","2017","H. influenzae","Ceftriaxone","J01D","117","0","0"
"USA","2018","H. influenzae","Ceftriaxone","J01D","189","0","0"
"VEN","2006","H. influenzae","Ceftriaxone","J01D","11","0","0"
"VEN","2007","H. influenzae","Ceftriaxone","J01D","24","0","0"
"VEN","2008","H. influenzae","Ceftriaxone","J01D","6","0","0"
"VEN","2009","H. influenzae","Ceftriaxone","J01D","26","0","0"
"VEN","2010","H. influenzae","Ceftriaxone","J01D","1","0","0"
"VEN","2011","H. influenzae","Ceftriaxone","J01D","15","0","0"
"VEN","2012","H. influenzae","Ceftriaxone","J01D","3","0","0"
"VEN","2013","H. influenzae","Ceftriaxone","J01D","6","0","0"
"VEN","2014","H. influenzae","Ceftriaxone","J01D","4","0","0"
"VEN","2015","H. influenzae","Ceftriaxone","J01D","16","0","0"
"VEN","2016","H. influenzae","Ceftriaxone","J01D","17","0","0"
"VEN","2017","H. influenzae","Ceftriaxone","J01D","3","0","0"
"VEN","2018","H. influenzae","Ceftriaxone","J01D","4","0","0"
"VNM","2016","H. influenzae","Ceftriaxone","J01D","8","0","0"
"ARG","2004","H. influenzae","Tigecycline","J01A","20","0","0"
"ARG","2005","H. influenzae","Tigecycline","J01A","93","0","0"
"ARG","2006","H. influenzae","Tigecycline","J01A","28","0","0"
"ARG","2007","H. influenzae","Tigecycline","J01A","90","0","0"
"ARG","2008","H. influenzae","Tigecycline","J01A","89","0","0"
"ARG","2009","H. influenzae","Tigecycline","J01A","78","0","0"
"ARG","2010","H. influenzae","Tigecycline","J01A","60","0","0"
"ARG","2011","H. influenzae","Tigecycline","J01A","7","0","0"
"ARG","2012","H. influenzae","Tigecycline","J01A","6","0","0"
"ARG","2013","H. influenzae","Tigecycline","J01A","9","0","0"
"ARG","2014","H. influenzae","Tigecycline","J01A","9","0","0"
"ARG","2015","H. influenzae","Tigecycline","J01A","24","0","0"
"ARG","2016","H. influenzae","Tigecycline","J01A","17","0","0"
"ARG","2017","H. influenzae","Tigecycline","J01A","31","0","0"
"ARG","2018","H. influenzae","Tigecycline","J01A","8","0","0"
"AUS","2004","H. influenzae","Tigecycline","J01A","14","0","0"
"AUS","2005","H. influenzae","Tigecycline","J01A","15","0","0"
"AUS","2006","H. influenzae","Tigecycline","J01A","48","0","0"
"AUS","2007","H. influenzae","Tigecycline","J01A","67","0","0"
"AUS","2008","H. influenzae","Tigecycline","J01A","40","0","0"
"AUS","2009","H. influenzae","Tigecycline","J01A","35","0","0"
"AUS","2010","H. influenzae","Tigecycline","J01A","29","0","0"
"AUS","2012","H. influenzae","Tigecycline","J01A","12","0","0"
"AUS","2013","H. influenzae","Tigecycline","J01A","10","0","0"
"AUS","2014","H. influenzae","Tigecycline","J01A","17","0","0"
"AUS","2015","H. influenzae","Tigecycline","J01A","27","0","0"
"AUS","2016","H. influenzae","Tigecycline","J01A","39","0","0"
"AUS","2017","H. influenzae","Tigecycline","J01A","38","0","0"
"AUS","2018","H. influenzae","Tigecycline","J01A","38","0","0"
"AUT","2004","H. influenzae","Tigecycline","J01A","15","0","0"
"AUT","2006","H. influenzae","Tigecycline","J01A","10","0","0"
"AUT","2008","H. influenzae","Tigecycline","J01A","15","0","0"
"AUT","2009","H. influenzae","Tigecycline","J01A","39","0","0"
"AUT","2010","H. influenzae","Tigecycline","J01A","9","0","0"
"AUT","2011","H. influenzae","Tigecycline","J01A","26","0","0"
"AUT","2012","H. influenzae","Tigecycline","J01A","9","0","0"
"AUT","2013","H. influenzae","Tigecycline","J01A","9","0","0"
"AUT","2014","H. influenzae","Tigecycline","J01A","11","0","0"
"AUT","2015","H. influenzae","Tigecycline","J01A","8","0","0"
"AUT","2016","H. influenzae","Tigecycline","J01A","23","0","0"
"BEL","2004","H. influenzae","Tigecycline","J01A","15","0","0"
"BEL","2005","H. influenzae","Tigecycline","J01A","22","0","0"
"BEL","2006","H. influenzae","Tigecycline","J01A","30","0","0"
"BEL","2007","H. influenzae","Tigecycline","J01A","59","0","0"
"BEL","2008","H. influenzae","Tigecycline","J01A","33","0","0"
"BEL","2009","H. influenzae","Tigecycline","J01A","62","0","0"
"BEL","2010","H. influenzae","Tigecycline","J01A","46","0","0"
"BEL","2011","H. influenzae","Tigecycline","J01A","51","0","0"
"BEL","2012","H. influenzae","Tigecycline","J01A","40","0","0"
"BEL","2013","H. influenzae","Tigecycline","J01A","112","0","0"
"BEL","2014","H. influenzae","Tigecycline","J01A","115","0","0"
"BEL","2015","H. influenzae","Tigecycline","J01A","115","0","0"
"BEL","2016","H. influenzae","Tigecycline","J01A","125","0","0"
"BEL","2017","H. influenzae","Tigecycline","J01A","91","0","0"
"BEL","2018","H. influenzae","Tigecycline","J01A","48","0","0"
"BRA","2004","H. influenzae","Tigecycline","J01A","12","0","0"
"BRA","2005","H. influenzae","Tigecycline","J01A","15","0","0"
"BRA","2006","H. influenzae","Tigecycline","J01A","3","0","0"
"BRA","2007","H. influenzae","Tigecycline","J01A","30","0","0"
"BRA","2008","H. influenzae","Tigecycline","J01A","15","0","0"
"BRA","2009","H. influenzae","Tigecycline","J01A","15","0","0"
"BRA","2014","H. influenzae","Tigecycline","J01A","2","0","0"
"BRA","2015","H. influenzae","Tigecycline","J01A","6","0","0"
"BRA","2016","H. influenzae","Tigecycline","J01A","17","0","0"
"BRA","2017","H. influenzae","Tigecycline","J01A","20","0","0"
"BRA","2018","H. influenzae","Tigecycline","J01A","18","0","0"
"BGR","2008","H. influenzae","Tigecycline","J01A","3","0","0"
"BGR","2009","H. influenzae","Tigecycline","J01A","22","0","0"
"BGR","2010","H. influenzae","Tigecycline","J01A","27","0","0"
"BGR","2011","H. influenzae","Tigecycline","J01A","11","0","0"
"CAN","2004","H. influenzae","Tigecycline","J01A","19","0","0"
"CAN","2005","H. influenzae","Tigecycline","J01A","40","0","0"
"CAN","2006","H. influenzae","Tigecycline","J01A","55","0","0"
"CAN","2007","H. influenzae","Tigecycline","J01A","69","0","0"
"CAN","2008","H. influenzae","Tigecycline","J01A","56","0","0"
"CAN","2009","H. influenzae","Tigecycline","J01A","76","0","0"
"CAN","2010","H. influenzae","Tigecycline","J01A","65","0","0"
"CAN","2011","H. influenzae","Tigecycline","J01A","38","0","0"
"CAN","2012","H. influenzae","Tigecycline","J01A","109","0","0"
"CAN","2013","H. influenzae","Tigecycline","J01A","96","0","0"
"CAN","2014","H. influenzae","Tigecycline","J01A","77","0","0"
"CAN","2015","H. influenzae","Tigecycline","J01A","78","0","0"
"CAN","2016","H. influenzae","Tigecycline","J01A","83","0","0"
"CAN","2017","H. influenzae","Tigecycline","J01A","69","0","0"
"CAN","2018","H. influenzae","Tigecycline","J01A","78","0","0"
"CHL","2005","H. influenzae","Tigecycline","J01A","12","0","0"
"CHL","2006","H. influenzae","Tigecycline","J01A","3","0","0"
"CHL","2007","H. influenzae","Tigecycline","J01A","39","0","0"
"CHL","2008","H. influenzae","Tigecycline","J01A","16","0","0"
"CHL","2009","H. influenzae","Tigecycline","J01A","11","0","0"
"CHL","2012","H. influenzae","Tigecycline","J01A","3","0","0"
"CHL","2013","H. influenzae","Tigecycline","J01A","18","0","0"
"CHL","2014","H. influenzae","Tigecycline","J01A","27","0","0"
"CHL","2015","H. influenzae","Tigecycline","J01A","29","0","0"
"CHL","2016","H. influenzae","Tigecycline","J01A","34","0","0"
"CHL","2017","H. influenzae","Tigecycline","J01A","28","0","0"
"CHL","2018","H. influenzae","Tigecycline","J01A","20","0","0"
"CHN","2004","H. influenzae","Tigecycline","J01A","15","0","0"
"CHN","2005","H. influenzae","Tigecycline","J01A","15","0","0"
"CHN","2006","H. influenzae","Tigecycline","J01A","14","0","0"
"CHN","2008","H. influenzae","Tigecycline","J01A","18","0","0"
"CHN","2009","H. influenzae","Tigecycline","J01A","33","0","0"
"CHN","2010","H. influenzae","Tigecycline","J01A","35","0","0"
"CHN","2012","H. influenzae","Tigecycline","J01A","10","0","0"
"CHN","2013","H. influenzae","Tigecycline","J01A","10","0","0"
"CHN","2015","H. influenzae","Tigecycline","J01A","80","0","0"
"CHN","2016","H. influenzae","Tigecycline","J01A","77","0","0"
"COL","2006","H. influenzae","Tigecycline","J01A","15","0","0"
"COL","2007","H. influenzae","Tigecycline","J01A","4","0","0"
"COL","2008","H. influenzae","Tigecycline","J01A","42","0","0"
"COL","2009","H. influenzae","Tigecycline","J01A","30","0","0"
"COL","2011","H. influenzae","Tigecycline","J01A","49","0","0"
"COL","2013","H. influenzae","Tigecycline","J01A","15","0","0"
"COL","2014","H. influenzae","Tigecycline","J01A","12","0","0"
"COL","2015","H. influenzae","Tigecycline","J01A","12","0","0"
"COL","2016","H. influenzae","Tigecycline","J01A","4","0","0"
"COL","2018","H. influenzae","Tigecycline","J01A","27","0","0"
"CRI","2018","H. influenzae","Tigecycline","J01A","3","0","0"
"HRV","2006","H. influenzae","Tigecycline","J01A","11","0","0"
"HRV","2007","H. influenzae","Tigecycline","J01A","24","0","0"
"HRV","2008","H. influenzae","Tigecycline","J01A","23","0","0"
"HRV","2009","H. influenzae","Tigecycline","J01A","19","0","0"
"HRV","2010","H. influenzae","Tigecycline","J01A","14","0","0"
"HRV","2013","H. influenzae","Tigecycline","J01A","14","0","0"
"HRV","2014","H. influenzae","Tigecycline","J01A","14","0","0"
"HRV","2015","H. influenzae","Tigecycline","J01A","15","0","0"
"HRV","2016","H. influenzae","Tigecycline","J01A","16","0","0"
"HRV","2017","H. influenzae","Tigecycline","J01A","13","0","0"
"HRV","2018","H. influenzae","Tigecycline","J01A","20","0","0"
"CZE","2006","H. influenzae","Tigecycline","J01A","15","0","0"
"CZE","2007","H. influenzae","Tigecycline","J01A","21","0","0"
"CZE","2008","H. influenzae","Tigecycline","J01A","7","0","0"
"CZE","2009","H. influenzae","Tigecycline","J01A","14","0","0"
"CZE","2010","H. influenzae","Tigecycline","J01A","12","0","0"
"CZE","2011","H. influenzae","Tigecycline","J01A","10","0","0"
"CZE","2013","H. influenzae","Tigecycline","J01A","4","0","0"
"CZE","2014","H. influenzae","Tigecycline","J01A","21","0","0"
"CZE","2015","H. influenzae","Tigecycline","J01A","30","0","0"
"CZE","2016","H. influenzae","Tigecycline","J01A","61","0","0"
"CZE","2017","H. influenzae","Tigecycline","J01A","67","0","0"
"CZE","2018","H. influenzae","Tigecycline","J01A","24","0","0"
"DNK","2006","H. influenzae","Tigecycline","J01A","30","0","0"
"DNK","2007","H. influenzae","Tigecycline","J01A","59","0","0"
"DNK","2008","H. influenzae","Tigecycline","J01A","22","0","0"
"DNK","2009","H. influenzae","Tigecycline","J01A","23","0","0"
"DNK","2010","H. influenzae","Tigecycline","J01A","17","0","0"
"DNK","2011","H. influenzae","Tigecycline","J01A","15","0","0"
"DNK","2012","H. influenzae","Tigecycline","J01A","4","0","0"
"DNK","2013","H. influenzae","Tigecycline","J01A","16","0","0"
"DNK","2014","H. influenzae","Tigecycline","J01A","42","0","0"
"DNK","2015","H. influenzae","Tigecycline","J01A","27","0","0"
"DNK","2016","H. influenzae","Tigecycline","J01A","23","0","0"
"DNK","2017","H. influenzae","Tigecycline","J01A","8","0","0"
"DNK","2018","H. influenzae","Tigecycline","J01A","10","0","0"
"DOM","2018","H. influenzae","Tigecycline","J01A","7","0","0"
"FIN","2006","H. influenzae","Tigecycline","J01A","15","0","0"
"FIN","2007","H. influenzae","Tigecycline","J01A","10","0","0"
"FIN","2008","H. influenzae","Tigecycline","J01A","16","0","0"
"FIN","2010","H. influenzae","Tigecycline","J01A","12","0","0"
"FIN","2011","H. influenzae","Tigecycline","J01A","15","0","0"
"FIN","2013","H. influenzae","Tigecycline","J01A","14","0","0"
"FIN","2014","H. influenzae","Tigecycline","J01A","30","0","0"
"FIN","2015","H. influenzae","Tigecycline","J01A","1","0","0"
"FIN","2016","H. influenzae","Tigecycline","J01A","15","0","0"
"FIN","2018","H. influenzae","Tigecycline","J01A","2","0","0"
"FRA","2004","H. influenzae","Tigecycline","J01A","56","0","0"
"FRA","2005","H. influenzae","Tigecycline","J01A","29","0","0"
"FRA","2006","H. influenzae","Tigecycline","J01A","78","0","0"
"FRA","2007","H. influenzae","Tigecycline","J01A","166","0","0"
"FRA","2008","H. influenzae","Tigecycline","J01A","256","0","0"
"FRA","2009","H. influenzae","Tigecycline","J01A","225","0","0"
"FRA","2010","H. influenzae","Tigecycline","J01A","166","0","0"
"FRA","2011","H. influenzae","Tigecycline","J01A","174","0","0"
"FRA","2012","H. influenzae","Tigecycline","J01A","149","0","0"
"FRA","2013","H. influenzae","Tigecycline","J01A","171","0","0"
"FRA","2014","H. influenzae","Tigecycline","J01A","167","0","0"
"FRA","2015","H. influenzae","Tigecycline","J01A","184","0","0"
"FRA","2016","H. influenzae","Tigecycline","J01A","182","0","0"
"FRA","2017","H. influenzae","Tigecycline","J01A","175","0","0"
"FRA","2018","H. influenzae","Tigecycline","J01A","99","0","0"
"DEU","2004","H. influenzae","Tigecycline","J01A","74","0","0"
"DEU","2005","H. influenzae","Tigecycline","J01A","15","0","0"
"DEU","2006","H. influenzae","Tigecycline","J01A","59","0","0"
"DEU","2007","H. influenzae","Tigecycline","J01A","89","0","0"
"DEU","2008","H. influenzae","Tigecycline","J01A","110","0","0"
"DEU","2009","H. influenzae","Tigecycline","J01A","169","0","0"
"DEU","2010","H. influenzae","Tigecycline","J01A","136","0","0"
"DEU","2011","H. influenzae","Tigecycline","J01A","171","0","0"
"DEU","2012","H. influenzae","Tigecycline","J01A","114","0","0"
"DEU","2013","H. influenzae","Tigecycline","J01A","214","0","0"
"DEU","2014","H. influenzae","Tigecycline","J01A","193","0","0"
"DEU","2015","H. influenzae","Tigecycline","J01A","162","0","0"
"DEU","2016","H. influenzae","Tigecycline","J01A","165","0","0"
"DEU","2017","H. influenzae","Tigecycline","J01A","194","0","0"
"DEU","2018","H. influenzae","Tigecycline","J01A","84","0","0"
"GRC","2004","H. influenzae","Tigecycline","J01A","13","0","0"
"GRC","2005","H. influenzae","Tigecycline","J01A","2","0","0"
"GRC","2006","H. influenzae","Tigecycline","J01A","59","0","0"
"GRC","2007","H. influenzae","Tigecycline","J01A","14","0","0"
"GRC","2008","H. influenzae","Tigecycline","J01A","11","0","0"
"GRC","2009","H. influenzae","Tigecycline","J01A","10","0","0"
"GRC","2010","H. influenzae","Tigecycline","J01A","8","0","0"
"GRC","2011","H. influenzae","Tigecycline","J01A","6","0","0"
"GRC","2012","H. influenzae","Tigecycline","J01A","2","0","0"
"GRC","2013","H. influenzae","Tigecycline","J01A","8","0","0"
"GRC","2014","H. influenzae","Tigecycline","J01A","19","0","0"
"GRC","2015","H. influenzae","Tigecycline","J01A","13","0","0"
"GRC","2016","H. influenzae","Tigecycline","J01A","34","0","0"
"GRC","2017","H. influenzae","Tigecycline","J01A","6","0","0"
"GRC","2018","H. influenzae","Tigecycline","J01A","15","0","0"
"GTM","2007","H. influenzae","Tigecycline","J01A","16","0","0"
"GTM","2018","H. influenzae","Tigecycline","J01A","10","0","0"
"HND","2007","H. influenzae","Tigecycline","J01A","8","0","0"
"HKG","2006","H. influenzae","Tigecycline","J01A","13","0","0"
"HKG","2007","H. influenzae","Tigecycline","J01A","31","0","0"
"HKG","2010","H. influenzae","Tigecycline","J01A","15","0","0"
"HKG","2013","H. influenzae","Tigecycline","J01A","3","0","0"
"HKG","2014","H. influenzae","Tigecycline","J01A","3","0","0"
"HKG","2015","H. influenzae","Tigecycline","J01A","15","0","0"
"HKG","2016","H. influenzae","Tigecycline","J01A","15","0","0"
"HKG","2017","H. influenzae","Tigecycline","J01A","14","0","0"
"HKG","2018","H. influenzae","Tigecycline","J01A","10","0","0"
"HUN","2004","H. influenzae","Tigecycline","J01A","14","0","0"
"HUN","2005","H. influenzae","Tigecycline","J01A","3","0","0"
"HUN","2007","H. influenzae","Tigecycline","J01A","15","0","0"
"HUN","2008","H. influenzae","Tigecycline","J01A","44","0","0"
"HUN","2009","H. influenzae","Tigecycline","J01A","42","0","0"
"HUN","2010","H. influenzae","Tigecycline","J01A","29","0","0"
"HUN","2012","H. influenzae","Tigecycline","J01A","8","0","0"
"HUN","2013","H. influenzae","Tigecycline","J01A","8","0","0"
"HUN","2014","H. influenzae","Tigecycline","J01A","23","0","0"
"HUN","2015","H. influenzae","Tigecycline","J01A","26","0","0"
"HUN","2016","H. influenzae","Tigecycline","J01A","38","0","0"
"HUN","2017","H. influenzae","Tigecycline","J01A","49","0","0"
"HUN","2018","H. influenzae","Tigecycline","J01A","26","0","0"
"IND","2004","H. influenzae","Tigecycline","J01A","11","0","0"
"IND","2007","H. influenzae","Tigecycline","J01A","5","0","0"
"IND","2008","H. influenzae","Tigecycline","J01A","7","0","0"
"IND","2015","H. influenzae","Tigecycline","J01A","10","0","0"
"IND","2016","H. influenzae","Tigecycline","J01A","27","0","0"
"IRL","2004","H. influenzae","Tigecycline","J01A","15","0","0"
"IRL","2006","H. influenzae","Tigecycline","J01A","28","0","0"
"IRL","2007","H. influenzae","Tigecycline","J01A","31","0","0"
"IRL","2008","H. influenzae","Tigecycline","J01A","11","0","0"
"IRL","2009","H. influenzae","Tigecycline","J01A","25","0","0"
"IRL","2010","H. influenzae","Tigecycline","J01A","32","0","0"
"IRL","2011","H. influenzae","Tigecycline","J01A","31","0","0"
"IRL","2012","H. influenzae","Tigecycline","J01A","31","0","0"
"IRL","2013","H. influenzae","Tigecycline","J01A","43","0","0"
"IRL","2014","H. influenzae","Tigecycline","J01A","16","0","0"
"IRL","2015","H. influenzae","Tigecycline","J01A","16","0","0"
"IRL","2016","H. influenzae","Tigecycline","J01A","29","0","0"
"IRL","2017","H. influenzae","Tigecycline","J01A","26","0","0"
"IRL","2018","H. influenzae","Tigecycline","J01A","23","0","0"
"ISR","2006","H. influenzae","Tigecycline","J01A","29","0","0"
"ISR","2007","H. influenzae","Tigecycline","J01A","49","0","0"
"ISR","2008","H. influenzae","Tigecycline","J01A","76","0","0"
"ISR","2009","H. influenzae","Tigecycline","J01A","82","0","0"
"ISR","2010","H. influenzae","Tigecycline","J01A","106","0","0"
"ISR","2011","H. influenzae","Tigecycline","J01A","1","0","0"
"ISR","2012","H. influenzae","Tigecycline","J01A","13","0","0"
"ISR","2013","H. influenzae","Tigecycline","J01A","24","0","0"
"ISR","2014","H. influenzae","Tigecycline","J01A","26","0","0"
"ISR","2015","H. influenzae","Tigecycline","J01A","28","0","0"
"ISR","2016","H. influenzae","Tigecycline","J01A","32","0","0"
"ISR","2017","H. influenzae","Tigecycline","J01A","32","0","0"
"ISR","2018","H. influenzae","Tigecycline","J01A","36","0","0"
"ITA","2004","H. influenzae","Tigecycline","J01A","45","0","0"
"ITA","2005","H. influenzae","Tigecycline","J01A","71","0","0"
"ITA","2006","H. influenzae","Tigecycline","J01A","121","0","0"
"ITA","2007","H. influenzae","Tigecycline","J01A","77","0","0"
"ITA","2008","H. influenzae","Tigecycline","J01A","174","0","0"
"ITA","2009","H. influenzae","Tigecycline","J01A","119","0","0"
"ITA","2010","H. influenzae","Tigecycline","J01A","94","0","0"
"ITA","2011","H. influenzae","Tigecycline","J01A","139","0","0"
"ITA","2012","H. influenzae","Tigecycline","J01A","99","0","0"
"ITA","2013","H. influenzae","Tigecycline","J01A","118","0","0"
"ITA","2014","H. influenzae","Tigecycline","J01A","168","0","0"
"ITA","2015","H. influenzae","Tigecycline","J01A","140","0","0"
"ITA","2016","H. influenzae","Tigecycline","J01A","124","0","0"
"ITA","2017","H. influenzae","Tigecycline","J01A","107","0","0"
"ITA","2018","H. influenzae","Tigecycline","J01A","58","0","0"
"JAM","2006","H. influenzae","Tigecycline","J01A","15","0","0"
"JPN","2012","H. influenzae","Tigecycline","J01A","3","0","0"
"JPN","2013","H. influenzae","Tigecycline","J01A","8","0","0"
"JPN","2014","H. influenzae","Tigecycline","J01A","6","0","0"
"JPN","2015","H. influenzae","Tigecycline","J01A","15","0","0"
"JPN","2016","H. influenzae","Tigecycline","J01A","27","0","0"
"JPN","2017","H. influenzae","Tigecycline","J01A","49","0","0"
"JPN","2018","H. influenzae","Tigecycline","J01A","30","0","0"
"JOR","2010","H. influenzae","Tigecycline","J01A","8","0","0"
"JOR","2011","H. influenzae","Tigecycline","J01A","18","0","0"
"JOR","2012","H. influenzae","Tigecycline","J01A","18","0","0"
"JOR","2013","H. influenzae","Tigecycline","J01A","15","0","0"
"JOR","2015","H. influenzae","Tigecycline","J01A","14","0","0"
"JOR","2016","H. influenzae","Tigecycline","J01A","6","0","0"
"JOR","2017","H. influenzae","Tigecycline","J01A","3","0","0"
"JOR","2018","H. influenzae","Tigecycline","J01A","1","0","0"
"KEN","2014","H. influenzae","Tigecycline","J01A","3","0","0"
"KOR","2005","H. influenzae","Tigecycline","J01A","13","0","0"
"KOR","2006","H. influenzae","Tigecycline","J01A","36","0","0"
"KOR","2007","H. influenzae","Tigecycline","J01A","59","0","0"
"KOR","2008","H. influenzae","Tigecycline","J01A","26","0","0"
"KOR","2009","H. influenzae","Tigecycline","J01A","43","0","0"
"KOR","2010","H. influenzae","Tigecycline","J01A","24","0","0"
"KOR","2012","H. influenzae","Tigecycline","J01A","5","0","0"
"KOR","2013","H. influenzae","Tigecycline","J01A","10","0","0"
"KOR","2014","H. influenzae","Tigecycline","J01A","9","0","0"
"KOR","2015","H. influenzae","Tigecycline","J01A","35","0","0"
"KOR","2016","H. influenzae","Tigecycline","J01A","33","0","0"
"KOR","2017","H. influenzae","Tigecycline","J01A","35","0","0"
"KOR","2018","H. influenzae","Tigecycline","J01A","22","0","0"
"KWT","2012","H. influenzae","Tigecycline","J01A","29","0","0"
"KWT","2013","H. influenzae","Tigecycline","J01A","4","0","0"
"KWT","2014","H. influenzae","Tigecycline","J01A","16","0","0"
"KWT","2015","H. influenzae","Tigecycline","J01A","42","0","0"
"KWT","2016","H. influenzae","Tigecycline","J01A","39","0","0"
"KWT","2017","H. influenzae","Tigecycline","J01A","43","0","0"
"KWT","2018","H. influenzae","Tigecycline","J01A","30","0","0"
"LVA","2004","H. influenzae","Tigecycline","J01A","15","0","0"
"LVA","2005","H. influenzae","Tigecycline","J01A","7","0","0"
"LVA","2008","H. influenzae","Tigecycline","J01A","17","0","0"
"LVA","2009","H. influenzae","Tigecycline","J01A","11","0","0"
"LVA","2010","H. influenzae","Tigecycline","J01A","15","0","0"
"LVA","2016","H. influenzae","Tigecycline","J01A","15","0","0"
"LVA","2017","H. influenzae","Tigecycline","J01A","15","0","0"
"LVA","2018","H. influenzae","Tigecycline","J01A","7","0","0"
"LBN","2006","H. influenzae","Tigecycline","J01A","16","0","0"
"LTU","2006","H. influenzae","Tigecycline","J01A","15","0","0"
"LTU","2008","H. influenzae","Tigecycline","J01A","30","0","0"
"LTU","2010","H. influenzae","Tigecycline","J01A","7","0","0"
"LTU","2016","H. influenzae","Tigecycline","J01A","14","0","0"
"LTU","2017","H. influenzae","Tigecycline","J01A","15","0","0"
"LTU","2018","H. influenzae","Tigecycline","J01A","19","0","0"
"MYS","2008","H. influenzae","Tigecycline","J01A","5","0","0"
"MYS","2009","H. influenzae","Tigecycline","J01A","8","0","0"
"MYS","2010","H. influenzae","Tigecycline","J01A","13","0","0"
"MYS","2013","H. influenzae","Tigecycline","J01A","4","0","0"
"MYS","2014","H. influenzae","Tigecycline","J01A","4","0","0"
"MYS","2015","H. influenzae","Tigecycline","J01A","17","0","0"
"MYS","2016","H. influenzae","Tigecycline","J01A","2","0","0"
"MYS","2018","H. influenzae","Tigecycline","J01A","4","0","0"
"MUS","2009","H. influenzae","Tigecycline","J01A","1","0","0"
"MEX","2005","H. influenzae","Tigecycline","J01A","7","0","0"
"MEX","2006","H. influenzae","Tigecycline","J01A","59","0","0"
"MEX","2007","H. influenzae","Tigecycline","J01A","65","0","0"
"MEX","2008","H. influenzae","Tigecycline","J01A","30","0","0"
"MEX","2009","H. influenzae","Tigecycline","J01A","37","0","0"
"MEX","2010","H. influenzae","Tigecycline","J01A","30","0","0"
"MEX","2012","H. influenzae","Tigecycline","J01A","2","0","0"
"MEX","2013","H. influenzae","Tigecycline","J01A","4","0","0"
"MEX","2014","H. influenzae","Tigecycline","J01A","9","0","0"
"MEX","2015","H. influenzae","Tigecycline","J01A","14","0","0"
"MEX","2016","H. influenzae","Tigecycline","J01A","8","0","0"
"MEX","2017","H. influenzae","Tigecycline","J01A","18","0","0"
"MEX","2018","H. influenzae","Tigecycline","J01A","17","0","0"
"MAR","2011","H. influenzae","Tigecycline","J01A","4","0","0"
"MAR","2012","H. influenzae","Tigecycline","J01A","27","0","0"
"MAR","2013","H. influenzae","Tigecycline","J01A","14","0","0"
"MAR","2015","H. influenzae","Tigecycline","J01A","12","0","0"
"MAR","2016","H. influenzae","Tigecycline","J01A","12","0","0"
"MAR","2017","H. influenzae","Tigecycline","J01A","7","0","0"
"MAR","2018","H. influenzae","Tigecycline","J01A","12","0","0"
"NLD","2004","H. influenzae","Tigecycline","J01A","14","0","0"
"NLD","2006","H. influenzae","Tigecycline","J01A","14","0","0"
"NLD","2008","H. influenzae","Tigecycline","J01A","23","0","0"
"NLD","2009","H. influenzae","Tigecycline","J01A","20","0","0"
"NLD","2010","H. influenzae","Tigecycline","J01A","15","0","0"
"NLD","2011","H. influenzae","Tigecycline","J01A","14","0","0"
"NLD","2012","H. influenzae","Tigecycline","J01A","19","0","0"
"NLD","2013","H. influenzae","Tigecycline","J01A","22","0","0"
"NLD","2014","H. influenzae","Tigecycline","J01A","19","0","0"
"NLD","2015","H. influenzae","Tigecycline","J01A","30","0","0"
"NLD","2016","H. influenzae","Tigecycline","J01A","32","0","0"
"NLD","2017","H. influenzae","Tigecycline","J01A","32","0","0"
"NLD","2018","H. influenzae","Tigecycline","J01A","20","0","0"
"NOR","2006","H. influenzae","Tigecycline","J01A","12","0","0"
"OMN","2007","H. influenzae","Tigecycline","J01A","15","0","0"
"PAK","2004","H. influenzae","Tigecycline","J01A","8","0","0"
"PAK","2005","H. influenzae","Tigecycline","J01A","7","0","0"
"PAK","2006","H. influenzae","Tigecycline","J01A","14","0","0"
"PAK","2015","H. influenzae","Tigecycline","J01A","15","0","0"
"PAK","2016","H. influenzae","Tigecycline","J01A","10","0","0"
"PAK","2017","H. influenzae","Tigecycline","J01A","7","0","0"
"PAN","2008","H. influenzae","Tigecycline","J01A","13","0","0"
"PAN","2009","H. influenzae","Tigecycline","J01A","13","0","0"
"PAN","2012","H. influenzae","Tigecycline","J01A","11","0","0"
"PAN","2013","H. influenzae","Tigecycline","J01A","14","0","0"
"PAN","2014","H. influenzae","Tigecycline","J01A","17","0","0"
"PAN","2015","H. influenzae","Tigecycline","J01A","13","0","0"
"PAN","2016","H. influenzae","Tigecycline","J01A","8","0","0"
"PAN","2017","H. influenzae","Tigecycline","J01A","4","0","0"
"PAN","2018","H. influenzae","Tigecycline","J01A","7","0","0"
"PHL","2004","H. influenzae","Tigecycline","J01A","15","0","0"
"PHL","2007","H. influenzae","Tigecycline","J01A","1","0","0"
"PHL","2008","H. influenzae","Tigecycline","J01A","6","0","0"
"PHL","2012","H. influenzae","Tigecycline","J01A","7","0","0"
"PHL","2013","H. influenzae","Tigecycline","J01A","9","0","0"
"PHL","2014","H. influenzae","Tigecycline","J01A","11","0","0"
"PHL","2015","H. influenzae","Tigecycline","J01A","21","0","0"
"PHL","2016","H. influenzae","Tigecycline","J01A","25","0","0"
"PHL","2017","H. influenzae","Tigecycline","J01A","19","0","0"
"PHL","2018","H. influenzae","Tigecycline","J01A","6","0","0"
"POL","2004","H. influenzae","Tigecycline","J01A","15","0","0"
"POL","2008","H. influenzae","Tigecycline","J01A","12","0","0"
"POL","2009","H. influenzae","Tigecycline","J01A","37","0","0"
"POL","2010","H. influenzae","Tigecycline","J01A","27","0","0"
"POL","2013","H. influenzae","Tigecycline","J01A","24","0","0"
"POL","2014","H. influenzae","Tigecycline","J01A","25","0","0"
"POL","2015","H. influenzae","Tigecycline","J01A","15","0","0"
"POL","2016","H. influenzae","Tigecycline","J01A","13","0","0"
"POL","2017","H. influenzae","Tigecycline","J01A","37","0","0"
"POL","2018","H. influenzae","Tigecycline","J01A","21","0","0"
"PRT","2004","H. influenzae","Tigecycline","J01A","14","0","0"
"PRT","2008","H. influenzae","Tigecycline","J01A","16","0","0"
"PRT","2009","H. influenzae","Tigecycline","J01A","27","0","0"
"PRT","2010","H. influenzae","Tigecycline","J01A","28","0","0"
"PRT","2011","H. influenzae","Tigecycline","J01A","37","0","0"
"PRT","2012","H. influenzae","Tigecycline","J01A","66","0","0"
"PRT","2013","H. influenzae","Tigecycline","J01A","72","0","0"
"PRT","2014","H. influenzae","Tigecycline","J01A","82","0","0"
"PRT","2015","H. influenzae","Tigecycline","J01A","67","0","0"
"PRT","2016","H. influenzae","Tigecycline","J01A","61","0","0"
"PRT","2017","H. influenzae","Tigecycline","J01A","48","0","0"
"PRT","2018","H. influenzae","Tigecycline","J01A","42","0","0"
"ROU","2008","H. influenzae","Tigecycline","J01A","10","0","0"
"ROU","2009","H. influenzae","Tigecycline","J01A","2","0","0"
"ROU","2010","H. influenzae","Tigecycline","J01A","6","0","0"
"ROU","2011","H. influenzae","Tigecycline","J01A","5","0","0"
"ROU","2012","H. influenzae","Tigecycline","J01A","2","0","0"
"ROU","2013","H. influenzae","Tigecycline","J01A","9","0","0"
"ROU","2015","H. influenzae","Tigecycline","J01A","8","0","0"
"ROU","2016","H. influenzae","Tigecycline","J01A","3","0","0"
"ROU","2018","H. influenzae","Tigecycline","J01A","15","0","0"
"RUS","2013","H. influenzae","Tigecycline","J01A","4","0","0"
"RUS","2014","H. influenzae","Tigecycline","J01A","18","0","0"
"RUS","2015","H. influenzae","Tigecycline","J01A","6","0","0"
"RUS","2016","H. influenzae","Tigecycline","J01A","5","0","0"
"RUS","2017","H. influenzae","Tigecycline","J01A","11","0","0"
"RUS","2018","H. influenzae","Tigecycline","J01A","5","0","0"
"SAU","2009","H. influenzae","Tigecycline","J01A","14","0","0"
"SAU","2011","H. influenzae","Tigecycline","J01A","14","0","0"
"SAU","2012","H. influenzae","Tigecycline","J01A","23","0","0"
"SAU","2013","H. influenzae","Tigecycline","J01A","7","0","0"
"SAU","2016","H. influenzae","Tigecycline","J01A","13","0","0"
"SAU","2018","H. influenzae","Tigecycline","J01A","9","0","0"
"SRB","2017","H. influenzae","Tigecycline","J01A","15","0","0"
"SGP","2004","H. influenzae","Tigecycline","J01A","15","0","0"
"SGP","2005","H. influenzae","Tigecycline","J01A","10","0","0"
"SGP","2006","H. influenzae","Tigecycline","J01A","13","0","0"
"SGP","2007","H. influenzae","Tigecycline","J01A","35","0","0"
"SGP","2008","H. influenzae","Tigecycline","J01A","8","0","0"
"SGP","2009","H. influenzae","Tigecycline","J01A","13","0","0"
"SGP","2010","H. influenzae","Tigecycline","J01A","11","0","0"
"SGP","2011","H. influenzae","Tigecycline","J01A","1","0","0"
"SGP","2014","H. influenzae","Tigecycline","J01A","2","0","0"
"SGP","2015","H. influenzae","Tigecycline","J01A","13","0","0"
"SGP","2018","H. influenzae","Tigecycline","J01A","10","0","0"
"SVK","2007","H. influenzae","Tigecycline","J01A","30","0","0"
"SVK","2008","H. influenzae","Tigecycline","J01A","3","0","0"
"SVK","2009","H. influenzae","Tigecycline","J01A","27","0","0"
"SVK","2011","H. influenzae","Tigecycline","J01A","10","0","0"
"SVN","2006","H. influenzae","Tigecycline","J01A","15","0","0"
"SVN","2007","H. influenzae","Tigecycline","J01A","19","0","0"
"SVN","2008","H. influenzae","Tigecycline","J01A","37","0","0"
"SVN","2009","H. influenzae","Tigecycline","J01A","22","0","0"
"SVN","2010","H. influenzae","Tigecycline","J01A","8","0","0"
"ZAF","2005","H. influenzae","Tigecycline","J01A","31","0","0"
"ZAF","2006","H. influenzae","Tigecycline","J01A","55","0","0"
"ZAF","2007","H. influenzae","Tigecycline","J01A","69","0","0"
"ZAF","2008","H. influenzae","Tigecycline","J01A","5","0","0"
"ZAF","2009","H. influenzae","Tigecycline","J01A","10","0","0"
"ZAF","2011","H. influenzae","Tigecycline","J01A","14","0","0"
"ZAF","2012","H. influenzae","Tigecycline","J01A","6","0","0"
"ZAF","2013","H. influenzae","Tigecycline","J01A","22","0","0"
"ZAF","2014","H. influenzae","Tigecycline","J01A","12","0","0"
"ZAF","2015","H. influenzae","Tigecycline","J01A","28","0","0"
"ZAF","2016","H. influenzae","Tigecycline","J01A","43","0","0"
"ZAF","2017","H. influenzae","Tigecycline","J01A","51","0","0"
"ZAF","2018","H. influenzae","Tigecycline","J01A","31","0","0"
"ESP","2004","H. influenzae","Tigecycline","J01A","60","0","0"
"ESP","2005","H. influenzae","Tigecycline","J01A","59","0","0"
"ESP","2006","H. influenzae","Tigecycline","J01A","2","0","0"
"ESP","2007","H. influenzae","Tigecycline","J01A","82","0","0"
"ESP","2008","H. influenzae","Tigecycline","J01A","227","0","0"
"ESP","2009","H. influenzae","Tigecycline","J01A","182","0","0"
"ESP","2010","H. influenzae","Tigecycline","J01A","123","0","0"
"ESP","2011","H. influenzae","Tigecycline","J01A","208","0","0"
"ESP","2012","H. influenzae","Tigecycline","J01A","199","0","0"
"ESP","2013","H. influenzae","Tigecycline","J01A","306","0","0"
"ESP","2014","H. influenzae","Tigecycline","J01A","232","0","0"
"ESP","2015","H. influenzae","Tigecycline","J01A","247","0","0"
"ESP","2016","H. influenzae","Tigecycline","J01A","231","0","0"
"ESP","2017","H. influenzae","Tigecycline","J01A","225","0","0"
"ESP","2018","H. influenzae","Tigecycline","J01A","106","0","0"
"SWE","2005","H. influenzae","Tigecycline","J01A","12","0","0"
"SWE","2006","H. influenzae","Tigecycline","J01A","32","0","0"
"SWE","2007","H. influenzae","Tigecycline","J01A","43","0","0"
"SWE","2008","H. influenzae","Tigecycline","J01A","27","0","0"
"SWE","2009","H. influenzae","Tigecycline","J01A","40","0","0"
"SWE","2010","H. influenzae","Tigecycline","J01A","32","0","0"
"SWE","2011","H. influenzae","Tigecycline","J01A","41","0","0"
"SWE","2012","H. influenzae","Tigecycline","J01A","23","0","0"
"SWE","2013","H. influenzae","Tigecycline","J01A","26","0","0"
"SWE","2014","H. influenzae","Tigecycline","J01A","17","0","0"
"SWE","2017","H. influenzae","Tigecycline","J01A","9","0","0"
"SWE","2018","H. influenzae","Tigecycline","J01A","9","0","0"
"CHE","2004","H. influenzae","Tigecycline","J01A","7","0","0"
"CHE","2006","H. influenzae","Tigecycline","J01A","15","0","0"
"CHE","2008","H. influenzae","Tigecycline","J01A","20","0","0"
"CHE","2009","H. influenzae","Tigecycline","J01A","13","0","0"
"CHE","2010","H. influenzae","Tigecycline","J01A","11","0","0"
"CHE","2011","H. influenzae","Tigecycline","J01A","7","0","0"
"CHE","2012","H. influenzae","Tigecycline","J01A","36","0","0"
"CHE","2013","H. influenzae","Tigecycline","J01A","53","0","0"
"CHE","2014","H. influenzae","Tigecycline","J01A","32","0","0"
"CHE","2015","H. influenzae","Tigecycline","J01A","23","0","0"
"CHE","2016","H. influenzae","Tigecycline","J01A","30","0","0"
"CHE","2017","H. influenzae","Tigecycline","J01A","18","0","0"
"CHE","2018","H. influenzae","Tigecycline","J01A","19","0","0"
"TWN","2006","H. influenzae","Tigecycline","J01A","57","0","0"
"TWN","2007","H. influenzae","Tigecycline","J01A","38","0","0"
"TWN","2008","H. influenzae","Tigecycline","J01A","5","0","0"
"TWN","2009","H. influenzae","Tigecycline","J01A","11","0","0"
"TWN","2012","H. influenzae","Tigecycline","J01A","1","0","0"
"TWN","2013","H. influenzae","Tigecycline","J01A","3","0","0"
"TWN","2014","H. influenzae","Tigecycline","J01A","12","0","0"
"TWN","2015","H. influenzae","Tigecycline","J01A","31","0","0"
"TWN","2016","H. influenzae","Tigecycline","J01A","46","0","0"
"TWN","2017","H. influenzae","Tigecycline","J01A","39","0","0"
"TWN","2018","H. influenzae","Tigecycline","J01A","26","0","0"
"THA","2008","H. influenzae","Tigecycline","J01A","29","0","0"
"THA","2010","H. influenzae","Tigecycline","J01A","7","0","0"
"THA","2012","H. influenzae","Tigecycline","J01A","2","0","0"
"THA","2013","H. influenzae","Tigecycline","J01A","8","0","0"
"THA","2014","H. influenzae","Tigecycline","J01A","11","0","0"
"THA","2015","H. influenzae","Tigecycline","J01A","29","0","0"
"THA","2016","H. influenzae","Tigecycline","J01A","24","0","0"
"THA","2017","H. influenzae","Tigecycline","J01A","42","0","0"
"THA","2018","H. influenzae","Tigecycline","J01A","21","0","0"
"TUN","2011","H. influenzae","Tigecycline","J01A","16","0","0"
"TUN","2012","H. influenzae","Tigecycline","J01A","17","0","0"
"TUN","2013","H. influenzae","Tigecycline","J01A","13","0","0"
"TUR","2004","H. influenzae","Tigecycline","J01A","5","0","0"
"TUR","2005","H. influenzae","Tigecycline","J01A","16","0","0"
"TUR","2008","H. influenzae","Tigecycline","J01A","11","0","0"
"TUR","2012","H. influenzae","Tigecycline","J01A","4","0","0"
"TUR","2013","H. influenzae","Tigecycline","J01A","2","0","0"
"TUR","2014","H. influenzae","Tigecycline","J01A","7","0","0"
"TUR","2015","H. influenzae","Tigecycline","J01A","10","0","0"
"TUR","2016","H. influenzae","Tigecycline","J01A","14","0","0"
"TUR","2017","H. influenzae","Tigecycline","J01A","12","0","0"
"TUR","2018","H. influenzae","Tigecycline","J01A","4","0","0"
"UKR","2018","H. influenzae","Tigecycline","J01A","11","0","0"
"GBR","2004","H. influenzae","Tigecycline","J01A","65","0","0"
"GBR","2007","H. influenzae","Tigecycline","J01A","15","0","0"
"GBR","2008","H. influenzae","Tigecycline","J01A","6","0","0"
"GBR","2009","H. influenzae","Tigecycline","J01A","16","0","0"
"GBR","2010","H. influenzae","Tigecycline","J01A","28","0","0"
"GBR","2011","H. influenzae","Tigecycline","J01A","27","0","0"
"GBR","2012","H. influenzae","Tigecycline","J01A","17","0","0"
"GBR","2013","H. influenzae","Tigecycline","J01A","52","0","0"
"GBR","2014","H. influenzae","Tigecycline","J01A","41","0","0"
"GBR","2015","H. influenzae","Tigecycline","J01A","50","0","0"
"GBR","2016","H. influenzae","Tigecycline","J01A","71","0","0"
"GBR","2017","H. influenzae","Tigecycline","J01A","64","0","0"
"GBR","2018","H. influenzae","Tigecycline","J01A","46","0","0"
"USA","2004","H. influenzae","Tigecycline","J01A","810","0","0"
"USA","2005","H. influenzae","Tigecycline","J01A","801","0","0"
"USA","2006","H. influenzae","Tigecycline","J01A","852","0","0"
"USA","2007","H. influenzae","Tigecycline","J01A","996","0","0"
"USA","2008","H. influenzae","Tigecycline","J01A","336","0","0"
"USA","2009","H. influenzae","Tigecycline","J01A","403","0","0"
"USA","2010","H. influenzae","Tigecycline","J01A","307","0","0"
"USA","2011","H. influenzae","Tigecycline","J01A","378","0","0"
"USA","2012","H. influenzae","Tigecycline","J01A","384","0","0"
"USA","2013","H. influenzae","Tigecycline","J01A","488","0","0"
"USA","2014","H. influenzae","Tigecycline","J01A","323","0","0"
"USA","2015","H. influenzae","Tigecycline","J01A","328","0","0"
"USA","2016","H. influenzae","Tigecycline","J01A","322","0","0"
"USA","2017","H. influenzae","Tigecycline","J01A","117","0","0"
"USA","2018","H. influenzae","Tigecycline","J01A","189","0","0"
"VEN","2006","H. influenzae","Tigecycline","J01A","11","0","0"
"VEN","2007","H. influenzae","Tigecycline","J01A","24","0","0"
"VEN","2008","H. influenzae","Tigecycline","J01A","6","0","0"
"VEN","2009","H. influenzae","Tigecycline","J01A","26","0","0"
"VEN","2010","H. influenzae","Tigecycline","J01A","1","0","0"
"VEN","2011","H. influenzae","Tigecycline","J01A","15","0","0"
"VEN","2012","H. influenzae","Tigecycline","J01A","3","0","0"
"VEN","2013","H. influenzae","Tigecycline","J01A","6","0","0"
"VEN","2014","H. influenzae","Tigecycline","J01A","4","0","0"
"VEN","2015","H. influenzae","Tigecycline","J01A","16","0","0"
"VEN","2016","H. influenzae","Tigecycline","J01A","17","0","0"
"VEN","2017","H. influenzae","Tigecycline","J01A","3","0","0"
"VEN","2018","H. influenzae","Tigecycline","J01A","4","0","0"
"VNM","2016","H. influenzae","Tigecycline","J01A","8","0","0"
"ARG","2012","H. influenzae","Azithromycin","J01F","1","0","0"
"ARG","2015","H. influenzae","Azithromycin","J01F","3","0","0"
"ARG","2016","H. influenzae","Azithromycin","J01F","10","0","0"
"ARG","2017","H. influenzae","Azithromycin","J01F","13","0","0"
"ARG","2018","H. influenzae","Azithromycin","J01F","8","0","0"
"AUS","2018","H. influenzae","Azithromycin","J01F","38","0","0"
"BEL","2018","H. influenzae","Azithromycin","J01F","48","0","0"
"BRA","2015","H. influenzae","Azithromycin","J01F","6","0","0"
"BRA","2016","H. influenzae","Azithromycin","J01F","14","0","0"
"BRA","2017","H. influenzae","Azithromycin","J01F","7","0","0"
"BRA","2018","H. influenzae","Azithromycin","J01F","18","0","0"
"CAN","2018","H. influenzae","Azithromycin","J01F","78","0","0"
"CHL","2014","H. influenzae","Azithromycin","J01F","3","0","0"
"CHL","2015","H. influenzae","Azithromycin","J01F","12","0","0"
"CHL","2016","H. influenzae","Azithromycin","J01F","14","0","0"
"CHL","2017","H. influenzae","Azithromycin","J01F","7","0","0"
"CHL","2018","H. influenzae","Azithromycin","J01F","20","0","0"
"COL","2015","H. influenzae","Azithromycin","J01F","6","0","0"
"COL","2018","H. influenzae","Azithromycin","J01F","27","0","0"
"CRI","2018","H. influenzae","Azithromycin","J01F","3","0","0"
"HRV","2018","H. influenzae","Azithromycin","J01F","20","0","0"
"CZE","2018","H. influenzae","Azithromycin","J01F","24","0","0"
"DNK","2018","H. influenzae","Azithromycin","J01F","10","0","0"
"DOM","2018","H. influenzae","Azithromycin","J01F","7","0","0"
"FIN","2018","H. influenzae","Azithromycin","J01F","2","0","0"
"FRA","2018","H. influenzae","Azithromycin","J01F","99","0","0"
"DEU","2018","H. influenzae","Azithromycin","J01F","84","0","0"
"GRC","2018","H. influenzae","Azithromycin","J01F","15","0","0"
"GTM","2018","H. influenzae","Azithromycin","J01F","10","0","0"
"HKG","2017","H. influenzae","Azithromycin","J01F","5","0","0"
"HKG","2018","H. influenzae","Azithromycin","J01F","10","0","0"
"HUN","2018","H. influenzae","Azithromycin","J01F","26","0","0"
"IRL","2018","H. influenzae","Azithromycin","J01F","23","0","0"
"ISR","2018","H. influenzae","Azithromycin","J01F","36","0","0"
"ITA","2018","H. influenzae","Azithromycin","J01F","58","0","0"
"JPN","2018","H. influenzae","Azithromycin","J01F","30","0","0"
"JOR","2018","H. influenzae","Azithromycin","J01F","1","0","0"
"KOR","2018","H. influenzae","Azithromycin","J01F","22","0","0"
"KWT","2018","H. influenzae","Azithromycin","J01F","30","0","0"
"LVA","2018","H. influenzae","Azithromycin","J01F","7","0","0"
"LTU","2018","H. influenzae","Azithromycin","J01F","19","0","0"
"MYS","2018","H. influenzae","Azithromycin","J01F","4","0","0"
"MEX","2015","H. influenzae","Azithromycin","J01F","4","0","0"
"MEX","2016","H. influenzae","Azithromycin","J01F","2","0","0"
"MEX","2017","H. influenzae","Azithromycin","J01F","2","0","0"
"MEX","2018","H. influenzae","Azithromycin","J01F","17","0","0"
"MAR","2018","H. influenzae","Azithromycin","J01F","12","0","0"
"NLD","2018","H. influenzae","Azithromycin","J01F","20","0","0"
"PAN","2014","H. influenzae","Azithromycin","J01F","3","0","0"
"PAN","2015","H. influenzae","Azithromycin","J01F","13","0","0"
"PAN","2016","H. influenzae","Azithromycin","J01F","8","0","0"
"PAN","2017","H. influenzae","Azithromycin","J01F","4","0","0"
"PAN","2018","H. influenzae","Azithromycin","J01F","7","0","0"
"PHL","2018","H. influenzae","Azithromycin","J01F","6","0","0"
"POL","2018","H. influenzae","Azithromycin","J01F","21","0","0"
"PRT","2018","H. influenzae","Azithromycin","J01F","42","0","0"
"ROU","2018","H. influenzae","Azithromycin","J01F","15","0","0"
"RUS","2018","H. influenzae","Azithromycin","J01F","5","0","0"
"SAU","2018","H. influenzae","Azithromycin","J01F","9","0","0"
"SGP","2018","H. influenzae","Azithromycin","J01F","10","0","0"
"ZAF","2018","H. influenzae","Azithromycin","J01F","31","0","0"
"ESP","2018","H. influenzae","Azithromycin","J01F","106","0","0"
"SWE","2018","H. influenzae","Azithromycin","J01F","9","0","0"
"CHE","2018","H. influenzae","Azithromycin","J01F","19","0","0"
"TWN","2018","H. influenzae","Azithromycin","J01F","26","0","0"
"THA","2018","H. influenzae","Azithromycin","J01F","21","0","0"
"TUR","2018","H. influenzae","Azithromycin","J01F","4","0","0"
"UKR","2018","H. influenzae","Azithromycin","J01F","11","0","0"
"GBR","2018","H. influenzae","Azithromycin","J01F","46","0","0"
"USA","2018","H. influenzae","Azithromycin","J01F","189","0","0"
"VEN","2015","H. influenzae","Azithromycin","J01F","6","0","0"
"VEN","2016","H. influenzae","Azithromycin","J01F","9","0","0"
"VEN","2018","H. influenzae","Azithromycin","J01F","4","0","0"
