"","Antibiotic","Gradient"
"1","J01A",0.010125074854778
"2","J01A",0.0138628859495015
"3","J01A",-0.0925323538041917
"4","J01A",0.00176986312404846
"5","J01A",0.0147024565816355
"6","J01A",-0.0202387841894434
"7","J01A",-0.00477232347073206
"8","J01A",-0.00143614620469082
"9","J01A",0.0168529140068858
"10","J01A",-0.011044035974213
"11","J01A",0.0145379247233897
"12","J01A",-0.0368872595163383
"13","J01A",0.0581737834593868
"14","J01A",0.041630498520715
"15","J01A",-0.00603235079869134
"16","J01A",0.02234679931201
"17","J01A",0.0391480558097181
"18","J01A",-0.0279379395840133
"19","J01A",-0.0518213938859822
"20","J01A",0.0151223678497856
"21","J01A",0.0364866510019803
"22","J01A",-0.00889671336078206
"23","J01A",0.0443466717161239
"24","J01A",0.026266617600137
"25","J01A",-0.0280464059206809
"26","J01A",0.102589884367719
"27","J01A",0.00252709167989832
"28","J01A",0.0066838581095024
"29","J01A",0.0648786089133238
"30","J01A",-0.105202765470053
"31","J01A",-0.02417638264446
"32","J01A",0.0432679071258204
"33","J01A",0.0177902357339876
"34","J01A",0.029097497245745
"35","J01A",0.00504397241046976
"36","J01A",0.00806549570789656
"37","J01A",0.00035716415367772
"38","J01A",0.0209599121277504
"39","J01A",0.0323345586088174
"40","J01A",0.0851289611377811
"41","J01A",0.029387671619621
"42","J01A",-0.013348669572009
"43","J01A",-0.0106863956669733
"44","J01A",-0.0164641635770349
"45","J01A",0.039416646735052
"46","J01A",-0.0246986414836861
"47","J01A",0.0624047379674535
"48","J01A",-0.0146300630079799
"49","J01A",-0.0104884910464833
"50","J01A",0.0691749465029911
"51","J01A",-0.013819307903144
"52","J01A",0.0579336842434968
"53","J01A",-0.0398385655380773
"54","J01A",0.0118035441250031
"55","J01A",0.0584706608420242
"56","J01A",0.0285542311231358
"57","J01A",0.032813030786377
"58","J01A",0.019440434449183
"59","J01A",0.0354688283236118
"60","J01A",0.0458074184406738
"61","J01A",0.00422315010666776
"62","J01A",0.0283952684266077
"63","J01A",0.0444746200119034
"64","J01A",-0.000156815410815699
"65","J01A",0.00133149499565796
"66","J01A",0.0341802845735925
"67","J01A",0.00585412836216216
"68","J01A",0.0011193488834983
"69","J01A",-0.00627417880216047
"70","J01A",-0.0205107536010581
"71","J01A",0.0411713550260754
"72","J01A",-0.0335572809147814
"73","J01A",0.0253425400391082
"74","J01A",-0.00141011032110505
"75","J01A",0.0226280634271625
"76","J01A",-0.00739470383017366
"77","J01A",0.0107479463026008
"78","J01A",0.0366708029981505
"79","J01A",-0.0675790376247507
"80","J01A",0.0176879570096799
"81","J01A",0.0625607890535421
"82","J01A",-0.0166976924400265
"83","J01A",0.0391078500546445
"84","J01A",0.00383268035617872
"85","J01A",-0.0388911671059309
"86","J01A",-0.0344443003871648
"87","J01A",0.0181847261641751
"88","J01A",0.00734519860938199
"89","J01A",-0.0354633804565431
"90","J01A",0.0410460875466102
"91","J01A",-0.0146979233305467
"92","J01A",0.00810237539785755
"93","J01A",0.00224549181867333
"94","J01A",-0.00499190536507855
"95","J01A",-0.0373001590518418
"96","J01A",0.000775415215691473
"97","J01A",0.0412660720074714
"98","J01A",0.0612300633093151
"99","J01A",0.0160265163227085
"100","J01A",0.00979618394615187
"101","J01A",-0.0239896646285586
"102","J01A",0.0377782777098785
"103","J01A",0.0100595387605552
"104","J01A",-0.0017041559411666
"105","J01A",0.0229207446874945
"106","J01A",0.0995932808823565
"107","J01A",-0.00883535613341674
"108","J01A",-0.00279517721535714
"109","J01A",0.0375238460575698
"110","J01A",0.114316693209251
"111","J01A",0.0124128311040979
"112","J01A",0.0160528485087767
"113","J01A",0.0570232904663433
"114","J01A",-0.0215376354412647
"115","J01A",0.0058795989045198
"116","J01A",-0.0330882369479086
"117","J01A",0.0102714191120199
"118","J01A",0.0275623628797387
"119","J01A",0.0206094199546612
"120","J01A",0.0226760234604664
"121","J01A",-0.102799836810027
"122","J01A",0.0773265696027964
"123","J01A",0.0105636251613429
"124","J01A",0.0688015150656049
"125","J01A",-0.0168634091140146
"126","J01A",-0.0187359859972034
"127","J01A",-0.0206404031185685
"128","J01A",-0.0200892227753615
"129","J01A",6.59715211611729e-05
"130","J01A",0.00051405914552223
"131","J01A",-0.0181130724404605
"132","J01A",-0.0388895004124085
"133","J01A",-0.00523495256590316
"134","J01A",0.085605405269477
"135","J01A",-0.0441598595321006
"136","J01A",-0.0313808406602617
"137","J01A",-0.0483952083640559
"138","J01A",0.0475182666308777
"139","J01A",0.0464104969417419
"140","J01A",-0.0364924580391597
"141","J01A",-0.0147451233683023
"142","J01A",-0.0278424814007153
"143","J01A",-0.0258649886492875
"144","J01A",-0.00298812589130488
"145","J01A",0.0344582678707017
"146","J01A",0.0707542547866817
"147","J01A",-0.0743295647993531
"148","J01A",0.00954810132456239
"149","J01A",0.034450513872466
"150","J01A",-0.00553005510027028
"151","J01A",-0.0389364944155639
"152","J01A",0.0138286105885036
"153","J01A",-0.00883881091541802
"154","J01A",0.0805595900107687
"155","J01A",-0.0532550563338227
"156","J01A",-0.0114144950724539
"157","J01A",-0.0136790481210039
"158","J01A",0.0228631471815693
"159","J01A",-0.0376147509273225
"160","J01A",0.032455300551846
"161","J01A",0.0559793437506739
"162","J01A",0.0397393158747041
"163","J01A",0.0105875465213912
"164","J01A",0.026212929707783
"165","J01A",0.0894005651274395
"166","J01A",0.00589882346534055
"167","J01A",0.100073166093337
"168","J01A",-0.00709087364233218
"169","J01A",0.0502132209567122
"170","J01A",0.0855786919348643
"171","J01A",0.105106403255607
"172","J01A",-0.034415592570921
"173","J01A",-0.0376673855738778
"174","J01A",-0.0165647116600965
"175","J01A",0.0636953838502258
"176","J01A",-0.0345043567724817
"177","J01A",-0.00148536845537258
"178","J01A",-0.0912501686903233
"179","J01A",0.0106989340268546
"180","J01A",0.0175307687530648
"181","J01A",0.0898043888448294
"182","J01A",-0.0115422646754342
"183","J01A",-0.0214834018118872
"184","J01A",0.00435378045742744
"185","J01A",0.0765729158189224
"186","J01A",-0.0127845554768067
"187","J01A",-0.00207011204984071
"188","J01A",-0.0236053992120148
"189","J01A",0.0235023490345455
"190","J01A",-0.0104493118483787
"191","J01A",-0.00903560677108779
"192","J01A",0.00885554120950188
"193","J01A",-0.0572974115314192
"194","J01A",0.0299890852530241
"195","J01A",-0.00754681375071314
"196","J01A",-0.0532989968959797
"197","J01A",0.0453131187225392
"198","J01A",0.0318790459204711
"199","J01A",0.0622844092469097
"200","J01A",0.00750151905841292
"201","J01A",0.00221717648287251
"202","J01A",-0.00381105133757995
"203","J01A",-0.00320074575992081
"204","J01A",0.0166789018896571
"205","J01A",-0.0214170723942872
"206","J01A",0.0143000615057209
"207","J01A",-0.00670019320247952
"208","J01A",0.0474248988204105
"209","J01A",-0.0544651698781665
"210","J01A",-0.0327617572699636
"211","J01A",0.0356522702561451
"212","J01A",-0.0316638293750514
"213","J01A",0.10140175807688
"214","J01A",-0.0438036283448547
"215","J01A",0.0280591429273359
"216","J01A",0.0134521075913441
"217","J01A",-0.0189270930215701
"218","J01A",0.0385586581395836
"219","J01A",0.0289588723111348
"220","J01A",0.0422666948346852
"221","J01A",0.0411873693058783
"222","J01A",0.041703685513526
"223","J01A",0.110901340106579
"224","J01A",-0.00130635380588481
"225","J01A",0.0197894343908817
"226","J01A",0.0525190085933114
"227","J01A",-0.0457112639236116
"228","J01A",-0.0564891475634285
"229","J01A",-0.0102227756470373
"230","J01A",0.0898850424987384
"231","J01A",0.0030075333031227
"232","J01A",0.0114279930236766
"233","J01A",0.0205228791516518
"234","J01A",0.0410759611709187
"235","J01A",-0.00402838912355333
"236","J01A",0.0118520727812278
"237","J01A",0.00302789128604322
"238","J01A",0.0251642882757965
"239","J01A",-0.0488929572248527
"240","J01A",-0.00414090635956734
"241","J01A",0.0135007733585683
"242","J01A",0.0389041383332041
"243","J01A",-0.00661341190214213
"244","J01A",0.0359543153566198
"245","J01A",0.0358353402855467
"246","J01A",-0.00737824204241359
"247","J01A",0.0220219763393348
"248","J01A",-0.0584044847646046
"249","J01A",-0.0699537352301866
"250","J01A",0.0659813212419099
"251","J01A",0.0750217892739999
"252","J01A",0.0890068145895912
"253","J01A",-0.0562731388663732
"254","J01A",-0.0255072390009878
"255","J01A",0.00674744383156614
"256","J01A",0.0432792271297389
"257","J01A",0.0666115976527193
"258","J01A",1.69131529089069e-05
"259","J01A",0.0419268133895773
"260","J01A",0.0247371310923872
"261","J01A",0.0549373038690717
"262","J01A",0.0179054567972548
"263","J01A",0.0149303743018025
"264","J01A",-0.0130803333657324
"265","J01A",-0.00675483976434243
"266","J01A",0.019847322852796
"267","J01A",-0.0231776118669416
"268","J01A",0.0303485217669243
"269","J01A",0.0571844357909603
"270","J01A",0.0142498872790734
"271","J01A",-0.0241854151048451
"272","J01A",-0.0035797891994782
"273","J01A",-0.0149161527595001
"274","J01A",0.0190922150510722
"275","J01A",0.012046637304633
"276","J01A",0.0245291856770052
"277","J01A",-0.0262046550945571
"278","J01A",-0.0139354860344057
"279","J01A",-0.069106594781951
"280","J01A",0.0307672518219314
"281","J01A",0.00667415029194597
"282","J01A",0.00240298284301768
"283","J01A",0.0642112844606429
"284","J01A",-0.054317601552132
"285","J01A",-0.009265666304375
"286","J01A",-0.0322950024612235
"287","J01A",0.0133502938897248
"288","J01A",-0.0484713544409417
"289","J01A",-0.0602132481729467
"290","J01A",0.0301934817439123
"291","J01A",-0.023344488428509
"292","J01A",-0.0271593976680649
"293","J01A",0.0491567485638256
"294","J01A",0.0343856158627334
"295","J01A",0.0435519354375783
"296","J01A",0.0520013959749244
"297","J01A",0.0663139908332988
"298","J01A",-0.0219434559572417
"299","J01A",0.0246375547460545
"300","J01A",-0.0329212172886536
"301","J01A",-0.0319324477286595
"302","J01A",0.00947285084629121
"303","J01A",-0.050612106304795
"304","J01A",-0.0166387662076272
"305","J01A",0.047322026832204
"306","J01A",-0.0349612144193812
"307","J01A",0.0265544313532541
"308","J01A",0.0252524914879459
"309","J01A",-0.0576415130999975
"310","J01A",-0.00880350591317345
"311","J01A",0.0514009296880983
"312","J01A",0.0131757991075184
"313","J01A",0.0457720493574795
"314","J01A",0.00995880824271149
"315","J01A",0.00408417327663422
"316","J01A",0.0607098813775487
"317","J01A",0.0255119679634967
"318","J01A",-0.0170839465679164
"319","J01A",-0.0317268466972331
"320","J01A",0.0246028859442085
"321","J01A",-0.013635928122318
"322","J01A",-0.0389861396365235
"323","J01A",0.0360177707266129
"324","J01A",-0.0557612093037697
"325","J01A",0.0206821329790587
"326","J01A",0.0470862360906817
"327","J01A",-0.0137810721773486
"328","J01A",0.0230292516273995
"329","J01A",-0.0128108076511498
"330","J01A",0.0158568273679552
"331","J01A",-0.0225596858857013
"332","J01A",0.0230032426801811
"333","J01A",0.0442751083622725
"334","J01A",-0.0356766230595625
"335","J01A",0.0128579563796409
"336","J01A",0.0223580859299579
"337","J01A",-0.00821223659302188
"338","J01A",-0.000170072867670931
"339","J01A",0.0586712648106762
"340","J01A",0.00351058038176311
"341","J01A",0.0249941836710219
"342","J01A",0.0373583080212398
"343","J01A",0.024800012432383
"344","J01A",0.0835887528902976
"345","J01A",-0.0260475136690085
"346","J01A",-0.0724681244647159
"347","J01A",0.00600063018857694
"348","J01A",0.0313410037455486
"349","J01A",-0.0256849477863821
"350","J01A",0.0711128695044647
"351","J01A",0.115106874342698
"352","J01A",-0.0391694363787528
"353","J01A",-0.000736210347568333
"354","J01A",-0.00176961048394194
"355","J01A",-0.0440777603684521
"356","J01A",-0.00816789209140834
"357","J01A",0.0326634592445196
"358","J01A",0.0270821339024917
"359","J01A",0.00457348016655566
"360","J01A",-0.00821387655988105
"361","J01A",0.00188022737330599
"362","J01A",-0.0312789124404408
"363","J01A",0.0273236446678932
"364","J01A",0.0358673716969982
"365","J01A",0.115348487609144
"366","J01A",0.0492455864907744
"367","J01A",-0.0151313499890926
"368","J01A",0.0729306086920434
"369","J01A",0.014859790480325
"370","J01A",0.0148373373081071
"371","J01A",0.00210440026644125
"372","J01A",-0.00307935691594135
"373","J01A",-0.0158383338876515
"374","J01A",-0.0041755686052276
"375","J01A",-0.0089594436669319
"376","J01A",-0.0202294534588453
"377","J01A",-0.0792863856133044
"378","J01A",0.0406286626260157
"379","J01A",-0.0292765179563413
"380","J01A",0.00765870478980015
"381","J01A",0.100091119533212
"382","J01A",-0.087345136631176
"383","J01A",-0.00240010144817165
"384","J01A",0.024380752973847
"385","J01A",-0.0262821998514123
"386","J01A",-0.0698070889263804
"387","J01A",-0.0764171190032447
"388","J01A",-0.0524958655172671
"389","J01A",0.01493254690825
"390","J01A",-0.00406415950194285
"391","J01A",0.0133379080964778
"392","J01A",-0.0139241842376275
"393","J01A",-0.0695143980083992
"394","J01A",0.0319590617136936
"395","J01A",-0.0173569544589449
"396","J01A",0.0771704774952356
"397","J01A",-0.0534668818382733
"398","J01A",0.0425610116877449
"399","J01A",0.00334336604726255
"400","J01A",-0.029706135497736
"401","J01A",0.0661131124707481
"402","J01A",-0.019730253351838
"403","J01A",0.05068923228033
"404","J01A",0.0583737673840536
"405","J01A",0.0310042716945826
"406","J01A",0.0476869328267207
"407","J01A",0.00271418042180015
"408","J01A",0.0230791578150494
"409","J01A",0.0201397809243716
"410","J01A",0.0365577599405097
"411","J01A",0.012882131182686
"412","J01A",0.112035602029841
"413","J01A",0.0326474427766392
"414","J01A",0.0178105970281313
"415","J01A",0.0287259313575963
"416","J01A",0.0439086854324256
"417","J01A",0.015554356510711
"418","J01A",-0.0144505635187485
"419","J01A",-0.000186677946176718
"420","J01A",0.0591217028480464
"421","J01A",-0.0560807336408321
"422","J01A",0.0317760562103547
"423","J01A",0.107144725617525
"424","J01A",0.0136543028586385
"425","J01A",0.0308343756827692
"426","J01A",-0.0194195050673951
"427","J01A",0.0126867004221912
"428","J01A",0.0764939040718159
"429","J01A",0.0771668985300682
"430","J01A",0.0400313041734367
"431","J01A",0.0168385481938714
"432","J01A",0.0523575749503227
"433","J01A",-0.0149468580606229
"434","J01A",-0.00442068111201211
"435","J01A",0.076396021308593
"436","J01A",0.0601574478886624
"437","J01A",0.0893692480023027
"438","J01A",0.0690322704976663
"439","J01A",0.0388302060241241
"440","J01A",0.0506352225970842
"441","J01A",0.042734438661052
"442","J01A",-0.0216905680771652
"443","J01A",-0.0541656591382607
"444","J01A",-0.0124728986856212
"445","J01A",0.067271727129959
"446","J01A",0.0129264447698533
"447","J01A",0.0240802320420132
"448","J01A",0.00800907695053835
"449","J01A",0.0612249955287815
"450","J01A",0.0638986627034836
"451","J01A",-0.064100184511142
"452","J01A",-0.0013202200620326
"453","J01A",-0.0556970824271396
"454","J01A",0.00946846542496227
"455","J01A",0.0789450822292913
"456","J01A",-0.0133207964154215
"457","J01A",0.055573085185167
"458","J01A",0.0372014785544538
"459","J01A",-0.0284664040458492
"460","J01A",-0.0722482437961555
"461","J01A",-0.041739266737881
"462","J01A",-0.0802791527606795
"463","J01A",-0.0324504176286958
"464","J01A",0.0691520762297275
"465","J01A",-0.0440097242184901
"466","J01A",-0.0276505145148318
"467","J01A",0.0426841244800397
"468","J01A",-0.0263138789660353
"469","J01A",0.0192116478876487
"470","J01A",0.0390996481775546
"471","J01A",0.021086357899757
"472","J01A",0.0491339919812757
"473","J01A",0.102471892698875
"474","J01A",-0.0117749505959812
"475","J01A",-0.0109055875758688
"476","J01A",-0.0275494464670053
"477","J01A",0.0333318823185861
"478","J01A",0.0204420631915475
"479","J01A",-0.0327593880740549
"480","J01A",-0.00837004918141028
"481","J01A",-0.0581247492596466
"482","J01A",-0.00142207414866374
"483","J01A",0.0262343489897257
"484","J01A",0.0525914923782686
"485","J01A",0.0485025245749649
"486","J01A",0.0330451233180789
"487","J01A",0.026302221649216
"488","J01A",-0.0442652303124916
"489","J01A",-0.0233817873150411
"490","J01A",0.00806738949911714
"491","J01A",-0.00311319960274722
"492","J01A",0.0179445016875058
"493","J01A",0.0057302580962629
"494","J01A",0.01688065302675
"495","J01A",-0.0196249585369135
"496","J01A",0.0636213374136093
"497","J01A",0.0427662270642482
"498","J01A",-0.0278298572895831
"499","J01A",-0.0246836828925445
"500","J01A",0.0678338098432256
"501","J01A",0.0468014641411498
"502","J01A",0.0271438437578229
"503","J01A",0.00136319241199655
"504","J01A",0.0010996359781784
"505","J01A",0.0109861954260964
"506","J01A",0.0389026833286617
"507","J01A",-0.0728958100681705
"508","J01A",-0.0227707162572833
"509","J01A",-0.0340970387347613
"510","J01A",-0.00740226943445988
"511","J01A",0.051830965044274
"512","J01A",0.0512590365312105
"513","J01A",-0.0279943486411229
"514","J01A",-0.0224178798148296
"515","J01A",0.0276901969935204
"516","J01A",-0.0817465686919704
"517","J01A",-0.0157106314476993
"518","J01A",0.0544504760199383
"519","J01A",0.0127939888476983
"520","J01A",0.0617447947347325
"521","J01A",-0.0211889046889652
"522","J01A",0.0784004484203492
"523","J01A",0.0202873247898183
"524","J01A",0.0678716437406729
"525","J01A",0.0163450348632673
"526","J01A",0.0254072603160589
"527","J01A",0.0560030106597706
"528","J01A",0.0339894420895228
"529","J01A",-0.0402035994901632
"530","J01A",0.0439532352685312
"531","J01A",-0.0005349780643407
"532","J01A",0.00836965246495583
"533","J01A",0.0237555261643898
"534","J01A",-0.0327999123241333
"535","J01A",-0.00935585337217396
"536","J01A",-0.00215492163246274
"537","J01A",-0.00510903620136845
"538","J01A",0.0262944911951408
"539","J01A",0.0236499405627978
"540","J01A",-0.087320984313149
"541","J01A",-0.00448757636933501
"542","J01A",-0.0407534520860367
"543","J01A",0.0460000302154948
"544","J01A",-0.0151558394127461
"545","J01A",-0.028158406492366
"546","J01A",-0.0146810483365241
"547","J01A",-0.0290883417106864
"548","J01A",-0.0163540542476874
"549","J01A",0.032481652203029
"550","J01A",0.00117992635318968
"551","J01A",-0.0235902695837614
"552","J01A",-0.0376057680597374
"553","J01A",0.042604828729061
"554","J01A",0.0622949161690482
"555","J01A",0.0856849761344905
"556","J01A",0.0378255512482986
"557","J01A",-0.00595420798681392
"558","J01A",0.000733143385809177
"559","J01A",-0.0434556651892971
"560","J01A",0.0119142292934237
"561","J01A",-0.000795446103190208
"562","J01A",-0.0440378537067685
"563","J01A",0.022756146815068
"564","J01A",0.0285579604825686
"565","J01A",0.0379204046475818
"566","J01A",-0.0538817930027906
"567","J01A",-0.0380792482466168
"568","J01A",-0.00323632912458794
"569","J01A",0.0163476178040067
"570","J01A",0.0379184167430627
"571","J01A",0.0242910924503482
"572","J01A",0.0156853338790509
"573","J01A",0.0511287477205166
"574","J01A",0.0218860201137452
"575","J01A",-0.0091108187400623
"576","J01A",-0.0322024678018544
"577","J01A",0.0330252158245784
"578","J01A",0.0657573891465492
"579","J01A",0.0524580779887189
"580","J01A",-0.00148389274677766
"581","J01A",0.0422339259260626
"582","J01A",0.0940071790136501
"583","J01A",-0.00320432621398239
"584","J01A",0.00248990451350041
"585","J01A",0.0686007545418046
"586","J01A",0.043425929244498
"587","J01A",0.105825020512162
"588","J01A",-0.00308320489045807
"589","J01A",0.0234740116101724
"590","J01A",0.0191593299375874
"591","J01A",0.019497695647687
"592","J01A",-0.0433386521077995
"593","J01A",0.0371280544299298
"594","J01A",0.00265843862167075
"595","J01A",-0.0404868880806385
"596","J01A",0.0294661213926133
"597","J01A",0.0569161598858513
"598","J01A",0.0159674289731213
"599","J01A",0.0360446433147332
"600","J01A",0.0525281333706013
"601","J01A",-0.0256863643040046
"602","J01A",-0.0126560528930666
"603","J01A",0.0161326751568734
"604","J01A",0.045085918494766
"605","J01A",0.0427362746344085
"606","J01A",0.0072075207157036
"607","J01A",0.0540191964138069
"608","J01A",-0.0672731681334009
"609","J01A",-0.039652433442429
"610","J01A",0.070716026929674
"611","J01A",0.0107511270339748
"612","J01A",0.0243660612047287
"613","J01A",0.057848187245806
"614","J01A",-0.00927110154726895
"615","J01A",-0.00446683613640649
"616","J01A",-0.00408177343300629
"617","J01A",-0.0188657195213863
"618","J01A",-0.0640996673749596
"619","J01A",0.00872910456601842
"620","J01A",-0.0535785205250893
"621","J01A",0.0271916729632666
"622","J01A",0.00610959084909843
"623","J01A",-0.00916133912585742
"624","J01A",0.0276156602700137
"625","J01A",0.00968632876367126
"626","J01A",0.00760526304434955
"627","J01A",0.0208744715609026
"628","J01A",0.00848817298512997
"629","J01A",0.0161954708484693
"630","J01A",0.0281966523992842
"631","J01A",0.021529986626912
"632","J01A",-0.0319992541211858
"633","J01A",0.101906750018536
"634","J01A",0.0512095781216056
"635","J01A",0.00559448633034076
"636","J01A",-0.0525283802273732
"637","J01A",0.0245207861419209
"638","J01A",-0.0349174155429383
"639","J01A",0.0918385511333272
"640","J01A",0.0310059099235948
"641","J01A",-0.0222000401081001
"642","J01A",0.031211655783828
"643","J01A",-0.056940740239284
"644","J01A",-0.010101713321771
"645","J01A",-0.0300517863075226
"646","J01A",0.0260448379079929
"647","J01A",-0.031291626731203
"648","J01A",-0.0591446678698211
"649","J01A",0.0519800799846616
"650","J01A",0.0361592547704166
"651","J01A",0.0185617354079579
"652","J01A",0.00321076626368286
"653","J01A",0.0434137565622877
"654","J01A",0.00110688697338135
"655","J01A",0.0177263444865181
"656","J01A",0.0805992155375275
"657","J01A",-0.0170364615106334
"658","J01A",0.106404065378845
"659","J01A",-0.0103895804112813
"660","J01A",0.0129253072449699
"661","J01A",0.0285067685685041
"662","J01A",-0.00906881685981281
"663","J01A",-0.0577387927066647
"664","J01A",0.102442089143578
"665","J01A",-0.07563895246491
"666","J01A",0.027292059636461
"667","J01A",0.00446754099372966
"668","J01A",-0.0588911541670856
"669","J01A",0.0254902622324928
"670","J01A",0.06864432032104
"671","J01A",0.0201497308195769
"672","J01A",-0.0525893630554705
"673","J01A",0.0672901661127491
"674","J01A",0.0147957643245171
"675","J01A",0.0253260673865621
"676","J01A",-0.00936788449191889
"677","J01A",0.0492433868268018
"678","J01A",0.0222996178682803
"679","J01A",0.0227358989297411
"680","J01A",0.0599315746706093
"681","J01A",0.0100657239052232
"682","J01A",0.0521989333297647
"683","J01A",-0.007545876493659
"684","J01A",0.0526181181811891
"685","J01A",0.0212376531963166
"686","J01A",-0.00107391491788529
"687","J01A",-0.00534677785059054
"688","J01A",-0.0538422413141019
"689","J01A",0.00464463317530658
"690","J01A",0.0266501851881184
"691","J01A",0.00436002446046711
"692","J01A",0.0178707692528266
"693","J01A",-0.0781458506014233
"694","J01A",0.0850015715670101
"695","J01A",-0.00268403717147588
"696","J01A",-0.0188814662803882
"697","J01A",-0.0421171229862633
"698","J01A",-0.0339484806708546
"699","J01A",0.019940921703349
"700","J01A",-0.00924305767116767
"701","J01A",0.0777423439020914
"702","J01A",0.0358370682724898
"703","J01A",0.0659062209151751
"704","J01A",0.0504253677244301
"705","J01A",0.0495183860011166
"706","J01A",-0.0230055293645412
"707","J01A",0.0105333775225121
"708","J01A",0.0375395553767467
"709","J01A",-0.0106706856389491
"710","J01A",0.0717518825146837
"711","J01A",0.0504451777468083
"712","J01A",0.0607689763934707
"713","J01A",0.0713025877010578
"714","J01A",0.0488924253059312
"715","J01A",-0.0128432399229493
"716","J01A",0.0692995070471925
"717","J01A",-0.019535528354766
"718","J01A",0.0629199841247377
"719","J01A",-0.000844874540275819
"720","J01A",0.0433905329977219
"721","J01A",-0.0438510730261749
"722","J01A",-0.00173878600062948
"723","J01A",0.0415979016263669
"724","J01A",0.0367335658370632
"725","J01A",0.0405522311626333
"726","J01A",0.0198547758932117
"727","J01A",-0.00305142677129307
"728","J01A",0.0147819647170573
"729","J01A",-0.00544814658631376
"730","J01A",0.0352087637589652
"731","J01A",0.00465690602205554
"732","J01A",-0.0393187466036628
"733","J01A",-0.00797854094761702
"734","J01A",-0.00362517452720991
"735","J01A",0.0268444761269783
"736","J01A",-0.0678355858715904
"737","J01A",0.0357053433587939
"738","J01A",0.0120020158567959
"739","J01A",0.0765350060518003
"740","J01A",0.0120626876999148
"741","J01A",-0.0514996099687025
"742","J01A",0.0231921728468597
"743","J01A",0.0425036860684794
"744","J01A",0.021421944028293
"745","J01A",0.026829639750927
"746","J01A",0.00829289384222042
"747","J01A",0.0316220473113162
"748","J01A",0.0861538131937705
"749","J01A",-0.00907193976429609
"750","J01A",-0.0340704998740982
"751","J01A",-0.0447298450857795
"752","J01A",-0.0545769814940218
"753","J01A",0.0578520921275008
"754","J01A",-0.0301541063754164
"755","J01A",0.0627678290260948
"756","J01A",0.0277830855635633
"757","J01A",-0.0088219840875342
"758","J01A",0.0459584512766287
"759","J01A",0.0932243012694067
"760","J01A",0.00688994898003756
"761","J01A",-0.0219279962298836
"762","J01A",-0.0388171296417246
"763","J01A",0.0376259085653121
"764","J01A",-0.00444220670221833
"765","J01A",0.0484154884186978
"766","J01A",-0.0258662196048684
"767","J01A",0.00379671406001103
"768","J01A",0.0259990984918487
"769","J01A",0.025094877030557
"770","J01A",0.0405708916039578
"771","J01A",0.0660693237283608
"772","J01A",-0.0109295517195655
"773","J01A",0.0111319854099609
"774","J01A",-0.016262542902672
"775","J01A",-0.0872381751315241
"776","J01A",0.0499292541124473
"777","J01A",-0.0195341051581743
"778","J01A",-0.012536364343888
"779","J01A",0.0426917741786135
"780","J01A",0.0872683940571746
"781","J01A",-0.0115136817960963
"782","J01A",0.00968430182647254
"783","J01A",0.061219278808204
"784","J01A",0.0184154994924264
"785","J01A",0.0517370015811777
"786","J01A",0.0803828514596694
"787","J01A",0.0472194419994238
"788","J01A",0.0609443178143719
"789","J01A",-0.0307282738296151
"790","J01A",0.0163741142443489
"791","J01A",0.0199782583791058
"792","J01A",0.011523304687005
"793","J01A",0.057408194410189
"794","J01A",0.0289434436155999
"795","J01A",0.00393626394768293
"796","J01A",-0.0267322184384367
"797","J01A",0.0320468409178196
"798","J01A",-0.00769104706658389
"799","J01A",0.0575301763488988
"800","J01A",-0.00881913356322914
"801","J01A",0.0491853150057658
"802","J01A",0.0196289074405147
"803","J01A",-0.000482451094468338
"804","J01A",0.00665316012764498
"805","J01A",-0.0256876330922464
"806","J01A",0.0142212381179988
"807","J01A",-0.031051020115239
"808","J01A",0.0524454144084673
"809","J01A",-0.0759520562879461
"810","J01A",0.0818904750633752
"811","J01A",0.058200467645893
"812","J01A",-0.0329320156645685
"813","J01A",0.054105515541264
"814","J01A",0.0142476397025605
"815","J01A",-0.0217237122750438
"816","J01A",-0.00378862626541319
"817","J01A",0.0154655085443511
"818","J01A",0.0349887819858048
"819","J01A",0.00398546592341815
"820","J01A",0.0242242754599278
"821","J01A",-0.0338676596695747
"822","J01A",0.107743476384031
"823","J01A",-0.0312333578654065
"824","J01A",0.00456907910423453
"825","J01A",0.0355567622534494
"826","J01A",0.00891095210698185
"827","J01A",-0.0586989206232023
"828","J01A",-0.0322733648338687
"829","J01A",0.108184488103853
"830","J01A",0.0141784746400926
"831","J01A",0.0189442798767691
"832","J01A",-0.0462066503198284
"833","J01A",0.0122733313277528
"834","J01A",0.0427701307455
"835","J01A",0.0817630306010778
"836","J01A",0.063451174650125
"837","J01A",0.0684559556882557
"838","J01A",0.0263524216446011
"839","J01A",0.0269457896541797
"840","J01A",0.0342030925560583
"841","J01A",0.0170918226760286
"842","J01A",-0.0225916376284558
"843","J01A",0.090242575478938
"844","J01A",0.0143153494399027
"845","J01A",0.0117825937556928
"846","J01A",0.0424826092395146
"847","J01A",0.0248202788137458
"848","J01A",-0.0209845327050195
"849","J01A",0.0131832886494082
"850","J01A",0.0381655908606562
"851","J01A",0.0509822248842638
"852","J01A",0.0256860563410007
"853","J01A",0.0352963256729017
"854","J01A",0.0543106171104777
"855","J01A",0.00306836075408763
"856","J01A",0.0262269029005332
"857","J01A",0.00370744157708712
"858","J01A",-0.0125298146554816
"859","J01A",0.0536747062975417
"860","J01A",0.0833806754347587
"861","J01A",0.0867086867373272
"862","J01A",-0.0247755340708711
"863","J01A",0.0440686404283847
"864","J01A",0.131228339257246
"865","J01A",-0.033687317843679
"866","J01A",-0.0030728290508311
"867","J01A",-0.0405094561814569
"868","J01A",0.00800041312871957
"869","J01A",-0.0547032040387627
"870","J01A",-0.0272904324586818
"871","J01A",0.05642884299148
"872","J01A",0.0409928469274818
"873","J01A",-0.0361348192850589
"874","J01A",-0.00248442458682217
"875","J01A",0.00284953268957272
"876","J01A",-0.00235713211281842
"877","J01A",0.0268962174545068
"878","J01A",-0.00553372921991026
"879","J01A",-0.0546894172698802
"880","J01A",-0.0127918232289519
"881","J01A",0.0562691651178359
"882","J01A",0.0111228682954517
"883","J01A",-0.0154731796980382
"884","J01A",-0.0101957206027149
"885","J01A",0.0120797315513382
"886","J01A",-0.00199015120855887
"887","J01A",0.0412907414843804
"888","J01A",-0.0534850280020888
"889","J01A",0.0419292999707298
"890","J01A",0.0153701234468267
"891","J01A",0.0285877994099102
"892","J01A",0.0159355035272095
"893","J01A",-0.00938575150462338
"894","J01A",0.0658707671338056
"895","J01A",0.0800495771958858
"896","J01A",0.054404466293127
"897","J01A",0.0475566721139094
"898","J01A",0.0393109441441281
"899","J01A",0.0149473026947039
"900","J01A",0.0205467929823188
"901","J01A",0.0883249561263947
"902","J01A",0.0217887151432501
"903","J01A",0.0682489062152623
"904","J01A",0.0125968129195719
"905","J01A",0.0270020897059787
"906","J01A",0.0127902550294932
"907","J01A",0.100299242871084
"908","J01A",0.0709114905249839
"909","J01A",0.0305817392255161
"910","J01A",0.0523526109012955
"911","J01A",0.0267598440746105
"912","J01A",0.0501459647523952
"913","J01A",0.039946315210839
"914","J01A",0.048971326919338
"915","J01A",0.0088068943062656
"916","J01A",-0.0554570674496676
"917","J01A",0.0356859211538134
"918","J01A",0.0217038060965944
"919","J01A",-0.0365863067283124
"920","J01A",0.0459165970973947
"921","J01A",0.0130915643854318
"922","J01A",-0.00216878221439941
"923","J01A",-0.00396630835620533
"924","J01A",0.0645970226962525
"925","J01A",0.0349140636504835
"926","J01A",-0.0538302298395042
"927","J01A",0.0432117557793964
"928","J01A",-0.0785938593359062
"929","J01A",0.0145255288099593
"930","J01A",-0.063231910694388
"931","J01A",0.0312822618757762
"932","J01A",0.00798546068630166
"933","J01A",-0.0184739176119111
"934","J01A",-0.0501789495193636
"935","J01A",0.0619132238101671
"936","J01A",0.00705156313703032
"937","J01A",0.0773399562256701
"938","J01A",-0.065378306702536
"939","J01A",0.00628532974924102
"940","J01A",0.0400785151197324
"941","J01A",0.0558034669905961
"942","J01A",0.0473290277057375
"943","J01A",-0.0289518094397457
"944","J01A",0.00224050758046208
"945","J01A",0.0143348887197922
"946","J01A",-0.00613387217457145
"947","J01A",-0.0131258532043364
"948","J01A",0.03396765287346
"949","J01A",0.0188715044965548
"950","J01A",0.0219008310791487
"951","J01A",-0.00407092344503104
"952","J01A",-0.0322300645407097
"953","J01A",0.0793101628359912
"954","J01A",-0.000374449567825355
"955","J01A",-0.00736610842729593
"956","J01A",-0.0267890226704805
"957","J01A",0.0425006018829867
"958","J01A",0.0700376197122024
"959","J01A",0.0123216031875086
"960","J01A",-0.0627688180408937
"961","J01A",0.0088586809278522
"962","J01A",0.0704069281053202
"963","J01A",-0.03060215231032
"964","J01A",0.0508521995172322
"965","J01A",0.0345895199411894
"966","J01A",0.0210970516322525
"967","J01A",-0.0263031960402791
"968","J01A",0.044392113793699
"969","J01A",-0.0241022899997907
"970","J01A",0.00441267806437378
"971","J01A",0.0247422169598649
"972","J01A",0.104189558125162
"973","J01A",-0.0228916524563269
"974","J01A",0.0136873967727777
"975","J01A",0.000603367847360835
"976","J01A",-0.00385931691510375
"977","J01A",-0.0206439947541739
"978","J01A",0.0182594453108874
"979","J01A",-0.0114773452434448
"980","J01A",-0.0107851779486734
"981","J01A",0.0746533362633076
"982","J01A",0.0313413654815149
"983","J01A",0.0683578287409317
"984","J01A",0.145836116033352
"985","J01A",0.000732191472822008
"986","J01A",0.0304302063759479
"987","J01A",-0.00572300397762766
"988","J01A",0.00562673649233738
"989","J01A",-0.0191144307419144
"990","J01A",-0.133607179519977
"991","J01A",0.0475971479470229
"992","J01A",0.033848764110788
"993","J01A",0.011740703863969
"994","J01A",-0.00380603870116127
"995","J01A",-0.0198878675572483
"996","J01A",9.52276773520072e-05
"997","J01A",-0.0902227874180799
"998","J01A",-0.0311915454674766
"999","J01A",-0.0177737043437257
"1000","J01A",0.00871943927191184
"1001","J01C",0.432269514222809
"1002","J01C",-0.099186131390977
"1003","J01C",0.376350144965358
"1004","J01C",0.406747307726009
"1005","J01C",0.337760337882833
"1006","J01C",0.48464329414114
"1007","J01C",0.359944660137842
"1008","J01C",0.219257760798795
"1009","J01C",0.433944473010132
"1010","J01C",0.546700223049327
"1011","J01C",0.334239769997613
"1012","J01C",0.295351235363765
"1013","J01C",0.431998682708143
"1014","J01C",0.144734638332704
"1015","J01C",0.413438256866916
"1016","J01C",0.433586606378058
"1017","J01C",0.0728778462767738
"1018","J01C",0.267014459037876
"1019","J01C",0.0656003095566763
"1020","J01C",0.240717723165334
"1021","J01C",0.423446352499304
"1022","J01C",0.166699659015431
"1023","J01C",0.250907263017808
"1024","J01C",0.371253158817983
"1025","J01C",0.519230834524099
"1026","J01C",0.252837642549573
"1027","J01C",0.29897580720142
"1028","J01C",0.278503185814824
"1029","J01C",0.498750094296414
"1030","J01C",0.152617478309062
"1031","J01C",0.272998647585775
"1032","J01C",0.195327188124582
"1033","J01C",0.175198506562367
"1034","J01C",0.203315851160967
"1035","J01C",0.223900536374581
"1036","J01C",0.210105507267487
"1037","J01C",0.600917625189966
"1038","J01C",0.132707939670531
"1039","J01C",0.612475470309068
"1040","J01C",0.54502250817592
"1041","J01C",0.239046633646634
"1042","J01C",0.201787369484444
"1043","J01C",0.244045606162593
"1044","J01C",0.00850411748743238
"1045","J01C",0.0877419538462041
"1046","J01C",0.205324215697075
"1047","J01C",0.78022182132694
"1048","J01C",0.412315781794966
"1049","J01C",0.172322956187213
"1050","J01C",0.339857049667235
"1051","J01C",0.326480846151308
"1052","J01C",0.0642327252587649
"1053","J01C",0.145053636159252
"1054","J01C",0.463819446795506
"1055","J01C",0.563471350592874
"1056","J01C",0.359467057525761
"1057","J01C",0.311215216342679
"1058","J01C",0.164096010126985
"1059","J01C",0.297554785954552
"1060","J01C",0.341570626730354
"1061","J01C",0.413023445049795
"1062","J01C",0.20404035264742
"1063","J01C",0.356635656021098
"1064","J01C",0.529827434649564
"1065","J01C",0.373633896937598
"1066","J01C",0.283228382345467
"1067","J01C",0.422074810166987
"1068","J01C",0.49798469794526
"1069","J01C",0.21224101241321
"1070","J01C",0.243397883411316
"1071","J01C",-0.013702225397385
"1072","J01C",0.169259940897265
"1073","J01C",0.236902834791864
"1074","J01C",0.282614411421683
"1075","J01C",0.351933315297546
"1076","J01C",0.168243220062648
"1077","J01C",0.202502663163198
"1078","J01C",0.429703131649719
"1079","J01C",0.255535862308737
"1080","J01C",0.399138883249879
"1081","J01C",0.568102333338814
"1082","J01C",0.298212612432561
"1083","J01C",0.241210252473428
"1084","J01C",0.299689140849627
"1085","J01C",0.155590296578754
"1086","J01C",0.352344717148139
"1087","J01C",0.0664930058614029
"1088","J01C",0.242663516424244
"1089","J01C",0.177712580834849
"1090","J01C",0.202683986897907
"1091","J01C",0.222122474289114
"1092","J01C",0.303220369011361
"1093","J01C",0.64574180931829
"1094","J01C",0.471473911544934
"1095","J01C",0.339671273107418
"1096","J01C",0.272394460940061
"1097","J01C",0.394039147387194
"1098","J01C",0.354425748991234
"1099","J01C",0.378639039468963
"1100","J01C",0.155351702596754
"1101","J01C",0.167060565829844
"1102","J01C",0.205775506526472
"1103","J01C",0.336666087442723
"1104","J01C",0.0883140056341123
"1105","J01C",0.107136776395087
"1106","J01C",0.443776362293217
"1107","J01C",0.386595062218047
"1108","J01C",0.17999176656536
"1109","J01C",0.145954629875362
"1110","J01C",0.247768343087797
"1111","J01C",0.122934341317973
"1112","J01C",0.159838246840441
"1113","J01C",0.117080361446165
"1114","J01C",0.182598317975631
"1115","J01C",0.338148362044842
"1116","J01C",0.365658153402365
"1117","J01C",0.218640960975217
"1118","J01C",0.241098618076212
"1119","J01C",0.565614734170606
"1120","J01C",0.0191807772993794
"1121","J01C",0.473149685774085
"1122","J01C",0.211112176311603
"1123","J01C",0.327902980147901
"1124","J01C",-0.179330243531105
"1125","J01C",0.517170826997593
"1126","J01C",0.366991194080617
"1127","J01C",0.332952300780067
"1128","J01C",0.156390478565916
"1129","J01C",0.263511468664717
"1130","J01C",0.529466038721728
"1131","J01C",0.307911365989072
"1132","J01C",0.436903708939327
"1133","J01C",0.449634682093803
"1134","J01C",0.309869849635928
"1135","J01C",0.213646818985239
"1136","J01C",0.367338054912092
"1137","J01C",0.283209080652136
"1138","J01C",0.113909614927754
"1139","J01C",0.433999369377006
"1140","J01C",0.304683641244883
"1141","J01C",0.384547191256998
"1142","J01C",0.195648728169411
"1143","J01C",-0.191330571583423
"1144","J01C",0.102448846820282
"1145","J01C",0.0924228006521388
"1146","J01C",0.265980051222037
"1147","J01C",0.248047928371471
"1148","J01C",0.0630499788651832
"1149","J01C",0.219876541647301
"1150","J01C",0.313077483212268
"1151","J01C",0.438025588781084
"1152","J01C",0.0512248301046827
"1153","J01C",0.310466853833364
"1154","J01C",0.167410167104798
"1155","J01C",0.230694599080171
"1156","J01C",0.178198128195998
"1157","J01C",0.174863853845541
"1158","J01C",0.213400510559253
"1159","J01C",0.353442850567232
"1160","J01C",0.372482127960801
"1161","J01C",0.261251964975417
"1162","J01C",0.115935747794288
"1163","J01C",0.327268602223092
"1164","J01C",0.249895650164196
"1165","J01C",0.106986716907308
"1166","J01C",0.34700939213486
"1167","J01C",0.433028579304876
"1168","J01C",0.363594039502389
"1169","J01C",0.320979487406084
"1170","J01C",0.173436353529514
"1171","J01C",0.295884743175933
"1172","J01C",0.287123050951969
"1173","J01C",0.320744194936978
"1174","J01C",0.254091873475384
"1175","J01C",0.239579386984908
"1176","J01C",0.218891399491864
"1177","J01C",0.373104771275123
"1178","J01C",0.250116842104754
"1179","J01C",0.27910712855632
"1180","J01C",0.354097190588903
"1181","J01C",0.556096287322368
"1182","J01C",0.444425556943259
"1183","J01C",0.486577010768061
"1184","J01C",0.642848816108336
"1185","J01C",0.301565635886753
"1186","J01C",-0.0651510026071513
"1187","J01C",0.314771625638126
"1188","J01C",0.0809199242261568
"1189","J01C",0.36322080289788
"1190","J01C",0.0952197462500167
"1191","J01C",0.447328459727249
"1192","J01C",0.223414181125785
"1193","J01C",0.218185841646834
"1194","J01C",0.162895989151678
"1195","J01C",0.349086673051249
"1196","J01C",0.146504383044214
"1197","J01C",0.594109908252582
"1198","J01C",0.251980296293023
"1199","J01C",0.211266513356981
"1200","J01C",0.347142502658888
"1201","J01C",0.0559719697153513
"1202","J01C",-0.0248716611653318
"1203","J01C",0.326405778557586
"1204","J01C",0.243644068030727
"1205","J01C",0.101442880543062
"1206","J01C",0.18756206449585
"1207","J01C",0.252546728026642
"1208","J01C",0.251443806132226
"1209","J01C",0.11260751651229
"1210","J01C",0.67139511043763
"1211","J01C",0.296911525507562
"1212","J01C",0.169872847502934
"1213","J01C",0.538526834467745
"1214","J01C",0.459998013504984
"1215","J01C",0.498280936522239
"1216","J01C",-0.0224501382130604
"1217","J01C",0.504724178347486
"1218","J01C",0.0814059938270156
"1219","J01C",0.245083586025997
"1220","J01C",0.340415172614605
"1221","J01C",0.254246942138755
"1222","J01C",0.29120750427202
"1223","J01C",0.265532380079194
"1224","J01C",0.342397617062411
"1225","J01C",0.392827883398513
"1226","J01C",0.357756197795072
"1227","J01C",0.293578800786728
"1228","J01C",0.282509807476795
"1229","J01C",0.134179501072839
"1230","J01C",0.389617772140636
"1231","J01C",0.459931311008093
"1232","J01C",0.143625293887416
"1233","J01C",0.230446943267146
"1234","J01C",0.277795660973693
"1235","J01C",0.690044036960579
"1236","J01C",0.57761456393819
"1237","J01C",0.156074206491678
"1238","J01C",0.153025145247935
"1239","J01C",0.212470686358628
"1240","J01C",0.458883703316739
"1241","J01C",0.0502258286150918
"1242","J01C",0.128170725980161
"1243","J01C",0.429667156899438
"1244","J01C",0.354806222246783
"1245","J01C",0.368788227771025
"1246","J01C",0.17622611780501
"1247","J01C",0.486406547299733
"1248","J01C",0.101838753460042
"1249","J01C",0.160648918136348
"1250","J01C",0.170835764136472
"1251","J01C",0.522296595613892
"1252","J01C",0.457312410069466
"1253","J01C",0.164390368083413
"1254","J01C",0.438388655016878
"1255","J01C",0.216292722848839
"1256","J01C",0.198403947615135
"1257","J01C",0.347051646172486
"1258","J01C",0.137271680387223
"1259","J01C",0.377005182058504
"1260","J01C",0.147638078688126
"1261","J01C",0.238547247491945
"1262","J01C",0.234472952795216
"1263","J01C",0.31447414614019
"1264","J01C",0.196569561658806
"1265","J01C",0.295102930273237
"1266","J01C",0.27583683872039
"1267","J01C",0.264721558175798
"1268","J01C",0.405386644473541
"1269","J01C",0.135941384186707
"1270","J01C",0.336116120585558
"1271","J01C",0.40864306797065
"1272","J01C",0.270938972047383
"1273","J01C",0.272039362305061
"1274","J01C",0.248689947411645
"1275","J01C",0.38349006703482
"1276","J01C",0.249540704829796
"1277","J01C",0.185222566882138
"1278","J01C",0.368932590377893
"1279","J01C",0.575517443936231
"1280","J01C",0.0719385569364316
"1281","J01C",0.114349278669832
"1282","J01C",0.435926477698537
"1283","J01C",0.289760042603568
"1284","J01C",0.305482358897938
"1285","J01C",0.475576375071732
"1286","J01C",0.272667331468975
"1287","J01C",0.408928694587599
"1288","J01C",0.370728213575146
"1289","J01C",0.641631505248455
"1290","J01C",0.0607655903410763
"1291","J01C",0.27680003914979
"1292","J01C",0.382955504993025
"1293","J01C",0.332812055232222
"1294","J01C",0.0980686206555138
"1295","J01C",0.286480754322215
"1296","J01C",0.354156181400853
"1297","J01C",0.268813948877426
"1298","J01C",0.137394601067047
"1299","J01C",0.163544234898131
"1300","J01C",0.46039097503308
"1301","J01C",0.113678000293658
"1302","J01C",0.116356806571328
"1303","J01C",0.237698329842925
"1304","J01C",0.386571422737281
"1305","J01C",0.070348210918817
"1306","J01C",0.435278728753956
"1307","J01C",0.28765620177145
"1308","J01C",0.154345333360744
"1309","J01C",0.103763117926476
"1310","J01C",0.433214977815366
"1311","J01C",0.335657330708362
"1312","J01C",0.352373477412379
"1313","J01C",0.281056091868643
"1314","J01C",0.117936957184458
"1315","J01C",0.370291846920953
"1316","J01C",0.191197638235307
"1317","J01C",0.152168502730217
"1318","J01C",0.467408561164999
"1319","J01C",0.328249427791857
"1320","J01C",0.503053695403135
"1321","J01C",0.249991147322184
"1322","J01C",0.219769749038571
"1323","J01C",0.241039369048095
"1324","J01C",0.479913748756207
"1325","J01C",0.0637460568220018
"1326","J01C",0.382722832860869
"1327","J01C",0.25778543532421
"1328","J01C",0.154917800148278
"1329","J01C",0.228050323507039
"1330","J01C",0.479431265009097
"1331","J01C",0.200037669887082
"1332","J01C",0.247477138311131
"1333","J01C",0.341321164582945
"1334","J01C",0.434752790938034
"1335","J01C",0.29077960850765
"1336","J01C",0.256140994236346
"1337","J01C",-0.0531078726463762
"1338","J01C",0.467751314294482
"1339","J01C",0.306307080243683
"1340","J01C",0.415341107806311
"1341","J01C",0.505962491331849
"1342","J01C",0.218612533851488
"1343","J01C",0.231517366637193
"1344","J01C",0.372429535763329
"1345","J01C",0.500270449168255
"1346","J01C",0.208235312108776
"1347","J01C",0.0411173381251343
"1348","J01C",0.0252721968722961
"1349","J01C",0.0619131130188463
"1350","J01C",0.459249346288847
"1351","J01C",0.380769683888709
"1352","J01C",0.40757524088799
"1353","J01C",0.17003790132549
"1354","J01C",0.224597542671933
"1355","J01C",0.158789380368535
"1356","J01C",0.426466603272965
"1357","J01C",0.137464533735831
"1358","J01C",0.252601308184289
"1359","J01C",0.295836008339642
"1360","J01C",0.273073110622585
"1361","J01C",0.099724274488047
"1362","J01C",0.196343959671614
"1363","J01C",0.0609024062754245
"1364","J01C",0.290502663046831
"1365","J01C",0.404963528759539
"1366","J01C",0.137257644010918
"1367","J01C",0.210988051056158
"1368","J01C",0.259831453590623
"1369","J01C",0.107010224888014
"1370","J01C",0.285409584655814
"1371","J01C",0.396481941241431
"1372","J01C",0.16354526892501
"1373","J01C",0.233433050597178
"1374","J01C",0.28314258322713
"1375","J01C",0.336563630156923
"1376","J01C",0.329847840167936
"1377","J01C",0.386796107692942
"1378","J01C",0.137075705343678
"1379","J01C",0.367673945872116
"1380","J01C",0.114509502575948
"1381","J01C",0.342566812289151
"1382","J01C",0.376003890899495
"1383","J01C",0.40965332850541
"1384","J01C",0.158172046668218
"1385","J01C",0.160897578985854
"1386","J01C",0.181627057940007
"1387","J01C",0.211372454660535
"1388","J01C",0.517476692075859
"1389","J01C",0.399538920446681
"1390","J01C",0.215824292461882
"1391","J01C",0.158879186962257
"1392","J01C",0.398749996060157
"1393","J01C",0.308024816191751
"1394","J01C",0.334761166878487
"1395","J01C",0.187802736239442
"1396","J01C",0.264945516825166
"1397","J01C",0.0190726416491678
"1398","J01C",0.50148382957624
"1399","J01C",0.359845161446904
"1400","J01C",0.138846010811677
"1401","J01C",0.397673345035275
"1402","J01C",0.233395953159145
"1403","J01C",0.238714230753907
"1404","J01C",0.498518581525848
"1405","J01C",0.249905696747813
"1406","J01C",0.445709088015007
"1407","J01C",0.277439345695867
"1408","J01C",0.668995031328958
"1409","J01C",0.281169317844767
"1410","J01C",0.399571998889797
"1411","J01C",0.329070039894433
"1412","J01C",0.322138205724935
"1413","J01C",0.114788636443949
"1414","J01C",0.189194346314019
"1415","J01C",0.466946756674352
"1416","J01C",0.337594643288924
"1417","J01C",0.41672552563997
"1418","J01C",0.128062202647285
"1419","J01C",0.625335965569538
"1420","J01C",0.293125239940322
"1421","J01C",0.236991492666595
"1422","J01C",0.133826531366482
"1423","J01C",0.349212614822261
"1424","J01C",0.465107601246578
"1425","J01C",0.264150133322989
"1426","J01C",0.326605924665371
"1427","J01C",0.547975328590348
"1428","J01C",0.261120378261209
"1429","J01C",0.187626748064797
"1430","J01C",0.0741572786147569
"1431","J01C",0.353344976689735
"1432","J01C",-0.00725883234041816
"1433","J01C",0.0663759958353079
"1434","J01C",0.281402534947475
"1435","J01C",-0.123600135301831
"1436","J01C",0.228013092558887
"1437","J01C",0.36875777461318
"1438","J01C",0.116693037375398
"1439","J01C",0.13922488624196
"1440","J01C",0.296177986445577
"1441","J01C",0.369044876390352
"1442","J01C",0.308253331795924
"1443","J01C",0.112832117389813
"1444","J01C",0.425655103391033
"1445","J01C",0.32281843466619
"1446","J01C",0.267303273417746
"1447","J01C",0.398381873415268
"1448","J01C",0.108142319674711
"1449","J01C",0.118769657942669
"1450","J01C",0.0776386225573268
"1451","J01C",0.24230875179973
"1452","J01C",0.296379261513295
"1453","J01C",0.285968685192351
"1454","J01C",0.406051039371027
"1455","J01C",0.160834016955526
"1456","J01C",0.421235466726234
"1457","J01C",0.101735129125173
"1458","J01C",0.384471632148889
"1459","J01C",0.299880134008476
"1460","J01C",0.512897543128002
"1461","J01C",0.362642397833203
"1462","J01C",0.20894828999621
"1463","J01C",0.422087000484687
"1464","J01C",0.385538470152183
"1465","J01C",0.120378511264666
"1466","J01C",0.369372016408683
"1467","J01C",0.225979813711242
"1468","J01C",0.569640903798502
"1469","J01C",0.0720738914464067
"1470","J01C",0.206592295801737
"1471","J01C",0.425654542719162
"1472","J01C",0.215633990384414
"1473","J01C",0.328040544980164
"1474","J01C",0.292814808701861
"1475","J01C",0.399958080854011
"1476","J01C",0.20540372019339
"1477","J01C",0.0612995006583026
"1478","J01C",0.281735263284004
"1479","J01C",0.224025707344621
"1480","J01C",0.286458219387616
"1481","J01C",0.499208460396434
"1482","J01C",0.319195397573978
"1483","J01C",0.256222241705406
"1484","J01C",0.286110342794668
"1485","J01C",0.26226993047617
"1486","J01C",0.25808876783637
"1487","J01C",0.623999720183414
"1488","J01C",0.410089820845328
"1489","J01C",0.227113831585899
"1490","J01C",0.4215603337494
"1491","J01C",0.0260462120483843
"1492","J01C",0.317152231952936
"1493","J01C",0.24435879578521
"1494","J01C",0.536975047030772
"1495","J01C",0.335816201161502
"1496","J01C",0.362865525632103
"1497","J01C",0.516101841336129
"1498","J01C",0.0466702744413651
"1499","J01C",0.353150390450177
"1500","J01C",0.540214412779732
"1501","J01C",0.427039248949327
"1502","J01C",0.0692219100530093
"1503","J01C",0.773496066579894
"1504","J01C",0.280243510871751
"1505","J01C",0.177805924875295
"1506","J01C",0.313453715757056
"1507","J01C",0.219565811442865
"1508","J01C",0.37125650551151
"1509","J01C",0.297512381542049
"1510","J01C",0.334469286351421
"1511","J01C",0.164268008784729
"1512","J01C",0.159145741386309
"1513","J01C",0.29645415657188
"1514","J01C",-0.142113224334853
"1515","J01C",0.0312107681368534
"1516","J01C",0.363371568860075
"1517","J01C",0.153585955115341
"1518","J01C",0.373622214016198
"1519","J01C",0.40816509686538
"1520","J01C",0.507239620597966
"1521","J01C",0.14535154990076
"1522","J01C",0.29839375998267
"1523","J01C",0.475988295661368
"1524","J01C",0.484533674313957
"1525","J01C",0.410612795115345
"1526","J01C",0.267680240246418
"1527","J01C",0.109855175739522
"1528","J01C",0.425502926869995
"1529","J01C",0.452376149923176
"1530","J01C",0.475104473985431
"1531","J01C",0.181510372995092
"1532","J01C",0.413081227962045
"1533","J01C",0.0789858993057337
"1534","J01C",0.249081398297773
"1535","J01C",0.447759634916175
"1536","J01C",0.314809755383249
"1537","J01C",0.297589879265059
"1538","J01C",0.177158997404305
"1539","J01C",0.327114092930257
"1540","J01C",0.121819108634684
"1541","J01C",0.141189040857645
"1542","J01C",0.25468781793868
"1543","J01C",0.320281982284358
"1544","J01C",0.24825461044437
"1545","J01C",0.423343549576874
"1546","J01C",0.465528889234636
"1547","J01C",0.35301060419014
"1548","J01C",0.395396339398423
"1549","J01C",0.278325953267908
"1550","J01C",0.410487598894104
"1551","J01C",0.342475837734364
"1552","J01C",0.325455492247574
"1553","J01C",-0.0364626410890386
"1554","J01C",0.409822539735681
"1555","J01C",0.315450336182613
"1556","J01C",0.245988224272585
"1557","J01C",0.145227529764297
"1558","J01C",0.367987520553396
"1559","J01C",0.524605779852279
"1560","J01C",0.311842077223504
"1561","J01C",0.760622181710158
"1562","J01C",0.362256065582606
"1563","J01C",0.3866763656843
"1564","J01C",0.335868652188738
"1565","J01C",0.460394295077248
"1566","J01C",0.327404515473712
"1567","J01C",0.393301816039651
"1568","J01C",0.180095882005988
"1569","J01C",0.405613298730515
"1570","J01C",0.210097837257841
"1571","J01C",0.253148192481651
"1572","J01C",0.307308511113835
"1573","J01C",0.428898335057334
"1574","J01C",0.385699303092987
"1575","J01C",0.230717193450395
"1576","J01C",0.166155487721388
"1577","J01C",0.397633226235883
"1578","J01C",0.033126254634279
"1579","J01C",0.214083220459323
"1580","J01C",0.214958491627305
"1581","J01C",0.40550603837218
"1582","J01C",0.191247674205802
"1583","J01C",0.338409936677281
"1584","J01C",0.139341117891954
"1585","J01C",0.307171838154359
"1586","J01C",0.0863389959181944
"1587","J01C",-0.0592243789890885
"1588","J01C",0.223810863126289
"1589","J01C",0.202749189751731
"1590","J01C",0.39025538004551
"1591","J01C",0.147115448746558
"1592","J01C",0.237131451118193
"1593","J01C",0.23112207392378
"1594","J01C",0.394331285512954
"1595","J01C",-0.136883635987842
"1596","J01C",0.0966763074113584
"1597","J01C",0.13268958152423
"1598","J01C",0.601543532004369
"1599","J01C",0.322770714989187
"1600","J01C",0.446260457187845
"1601","J01C",0.169192986680179
"1602","J01C",0.38259374363985
"1603","J01C",0.19142324912977
"1604","J01C",0.181031820010174
"1605","J01C",0.489450746140109
"1606","J01C",0.281118688609559
"1607","J01C",0.372137775508011
"1608","J01C",0.410278658330797
"1609","J01C",0.359962607166921
"1610","J01C",0.557052430245182
"1611","J01C",0.279406554868918
"1612","J01C",0.305520554006101
"1613","J01C",0.461890695579224
"1614","J01C",0.143511040086732
"1615","J01C",0.343284336227482
"1616","J01C",0.0661637872658703
"1617","J01C",0.186415655367581
"1618","J01C",0.357320659069163
"1619","J01C",0.453566202701647
"1620","J01C",0.387453401090357
"1621","J01C",0.506086533524661
"1622","J01C",0.196074974265471
"1623","J01C",0.107177543963221
"1624","J01C",0.0831146844841546
"1625","J01C",0.119289816814373
"1626","J01C",0.223149411616891
"1627","J01C",0.575458270076087
"1628","J01C",0.305611445462032
"1629","J01C",0.21293277785884
"1630","J01C",0.23121715392609
"1631","J01C",0.37103473469804
"1632","J01C",-0.16939027918561
"1633","J01C",0.156567731207731
"1634","J01C",0.314098039233561
"1635","J01C",0.322425711727655
"1636","J01C",0.515598140121738
"1637","J01C",0.312759263845506
"1638","J01C",0.345492224699979
"1639","J01C",0.303696051286322
"1640","J01C",0.259194440821307
"1641","J01C",0.134948654138215
"1642","J01C",0.0900652661202763
"1643","J01C",0.00537240754327483
"1644","J01C",0.471104245633519
"1645","J01C",0.008071265730648
"1646","J01C",0.428010763253453
"1647","J01C",0.0792881016840817
"1648","J01C",-0.0531739838343199
"1649","J01C",0.174560185602366
"1650","J01C",0.334728601467743
"1651","J01C",0.384596384449937
"1652","J01C",0.296262672161376
"1653","J01C",0.219598636650903
"1654","J01C",0.106668516878458
"1655","J01C",0.326555325079192
"1656","J01C",0.26168905262719
"1657","J01C",0.253605943577609
"1658","J01C",0.149380883594291
"1659","J01C",0.523869097038624
"1660","J01C",0.461285920281004
"1661","J01C",0.399882982259049
"1662","J01C",0.182592366476883
"1663","J01C",0.26269617067136
"1664","J01C",0.405511394744023
"1665","J01C",0.301383105031342
"1666","J01C",0.387410781871699
"1667","J01C",0.312604708545413
"1668","J01C",0.303775308748705
"1669","J01C",0.179179235289463
"1670","J01C",0.201048577013722
"1671","J01C",0.417220354962448
"1672","J01C",0.124520928579064
"1673","J01C",0.278774288612831
"1674","J01C",-0.0152820324742814
"1675","J01C",0.50325150059991
"1676","J01C",0.307654269222954
"1677","J01C",0.084221974230357
"1678","J01C",0.396034666705288
"1679","J01C",0.0347139597658324
"1680","J01C",-0.0526367078076592
"1681","J01C",0.433160015540549
"1682","J01C",0.379671946919344
"1683","J01C",0.493266166900829
"1684","J01C",0.109375075569294
"1685","J01C",0.303340370447715
"1686","J01C",0.2382027084675
"1687","J01C",0.318268178204136
"1688","J01C",0.291743900502164
"1689","J01C",0.403911526738017
"1690","J01C",0.471166900652631
"1691","J01C",0.0411213591458755
"1692","J01C",0.441282156523626
"1693","J01C",0.327009722858332
"1694","J01C",0.445130999493572
"1695","J01C",0.0957390079328112
"1696","J01C",0.317451135379231
"1697","J01C",0.314282143522927
"1698","J01C",0.398063081640189
"1699","J01C",0.268651046434894
"1700","J01C",0.379834896319355
"1701","J01C",0.163461245464765
"1702","J01C",0.246868157515254
"1703","J01C",0.252209952734824
"1704","J01C",0.197041565802478
"1705","J01C",0.360051557623295
"1706","J01C",0.375759541510305
"1707","J01C",-0.0572788014099867
"1708","J01C",0.133791252324333
"1709","J01C",0.235001554615048
"1710","J01C",0.374037542200133
"1711","J01C",0.307234263681542
"1712","J01C",0.0723536021101021
"1713","J01C",0.187904198690848
"1714","J01C",0.399246929500241
"1715","J01C",0.622762311024439
"1716","J01C",0.267392979927583
"1717","J01C",0.20306457167408
"1718","J01C",0.297774242579564
"1719","J01C",0.348017104412913
"1720","J01C",0.356990394221424
"1721","J01C",0.427254753736282
"1722","J01C",-0.0633980168593219
"1723","J01C",0.166300138874743
"1724","J01C",0.165363983017929
"1725","J01C",0.332712741738446
"1726","J01C",-0.0177511463567994
"1727","J01C",-0.0883860645479585
"1728","J01C",0.240685779445005
"1729","J01C",0.476601589856327
"1730","J01C",0.0904895047308919
"1731","J01C",0.463027128518663
"1732","J01C",0.236108714134867
"1733","J01C",0.369994251762736
"1734","J01C",0.0909832407250287
"1735","J01C",0.107751238861952
"1736","J01C",0.503699036350985
"1737","J01C",0.286783286675182
"1738","J01C",0.351268497470058
"1739","J01C",0.130752761209466
"1740","J01C",0.270798129842619
"1741","J01C",0.242612882602067
"1742","J01C",0.164021881019945
"1743","J01C",0.490859689834898
"1744","J01C",0.378672191173808
"1745","J01C",0.307123048432357
"1746","J01C",0.170450839921677
"1747","J01C",0.265832740862456
"1748","J01C",0.0511097689226001
"1749","J01C",0.186542332832521
"1750","J01C",0.01542649950682
"1751","J01C",0.386098310936582
"1752","J01C",0.341995809091447
"1753","J01C",0.210069375689737
"1754","J01C",0.319185214440581
"1755","J01C",0.344072418559266
"1756","J01C",0.253888301870092
"1757","J01C",0.132535272950106
"1758","J01C",0.444940318383717
"1759","J01C",0.192529959852773
"1760","J01C",0.364696931266411
"1761","J01C",0.311887188518076
"1762","J01C",0.407727832553313
"1763","J01C",0.218780881779037
"1764","J01C",0.247547280866781
"1765","J01C",0.322372374631117
"1766","J01C",0.148690298808239
"1767","J01C",0.457404399440903
"1768","J01C",0.127313240608337
"1769","J01C",-0.0407263441004022
"1770","J01C",0.158575821312229
"1771","J01C",0.314564448467347
"1772","J01C",0.274457705673987
"1773","J01C",0.244026631146355
"1774","J01C",0.193962564831148
"1775","J01C",0.208264317899247
"1776","J01C",0.343487878303643
"1777","J01C",0.256640958966086
"1778","J01C",0.105527410227539
"1779","J01C",0.315499068276291
"1780","J01C",0.4313533630392
"1781","J01C",0.32420195636143
"1782","J01C",0.296615859786742
"1783","J01C",0.304101872911896
"1784","J01C",0.235881931279406
"1785","J01C",0.434172792141489
"1786","J01C",0.312287115352821
"1787","J01C",0.31394215190182
"1788","J01C",0.166451415661952
"1789","J01C",0.327183611552218
"1790","J01C",0.217114077519221
"1791","J01C",0.207681966065681
"1792","J01C",0.200710566885423
"1793","J01C",0.421957112870696
"1794","J01C",-0.0231230622085076
"1795","J01C",0.354029967145389
"1796","J01C",0.255043676130573
"1797","J01C",0.283447385525008
"1798","J01C",0.322448660508405
"1799","J01C",0.494706028026662
"1800","J01C",0.354091031296207
"1801","J01C",0.0978532570960752
"1802","J01C",0.212224358756116
"1803","J01C",0.448823541098867
"1804","J01C",0.202519241254311
"1805","J01C",0.16022487974541
"1806","J01C",0.299173263251369
"1807","J01C",-0.0249454835921195
"1808","J01C",0.489883712766272
"1809","J01C",0.431997205619652
"1810","J01C",0.278342664933793
"1811","J01C",0.293692969640917
"1812","J01C",0.317666385244382
"1813","J01C",0.29658288878593
"1814","J01C",0.16416615849742
"1815","J01C",0.0831026811520772
"1816","J01C",0.40045310294193
"1817","J01C",0.403507680474681
"1818","J01C",0.416314463823911
"1819","J01C",0.235231028246527
"1820","J01C",0.4445328382423
"1821","J01C",0.365560999758949
"1822","J01C",-0.00259154409157437
"1823","J01C",0.307786563524995
"1824","J01C",0.3760595669631
"1825","J01C",0.0971111596306593
"1826","J01C",0.258799160034885
"1827","J01C",0.528836337680688
"1828","J01C",0.106204561297049
"1829","J01C",0.343994947801435
"1830","J01C",0.25542845981302
"1831","J01C",0.336486955882112
"1832","J01C",0.304243165600716
"1833","J01C",0.362499837824925
"1834","J01C",0.330628873290427
"1835","J01C",0.503590570981433
"1836","J01C",0.0603989262255965
"1837","J01C",0.352294473613167
"1838","J01C",0.186111698492624
"1839","J01C",0.345553777029231
"1840","J01C",0.439503779664428
"1841","J01C",0.255797130692922
"1842","J01C",0.545963156466874
"1843","J01C",0.0881041141341134
"1844","J01C",0.0990468142357411
"1845","J01C",0.0796478075113414
"1846","J01C",0.185307486366508
"1847","J01C",0.307606367059433
"1848","J01C",0.264213024536126
"1849","J01C",0.307551487200773
"1850","J01C",0.165583339254339
"1851","J01C",0.329827795838862
"1852","J01C",0.134198162651771
"1853","J01C",0.314522668207811
"1854","J01C",0.237096050110783
"1855","J01C",0.47000886498769
"1856","J01C",0.0924267544536934
"1857","J01C",0.550490267934636
"1858","J01C",0.238061304091149
"1859","J01C",0.304645165601362
"1860","J01C",0.228475075821703
"1861","J01C",0.229753892870059
"1862","J01C",0.152666399610178
"1863","J01C",0.49781428132047
"1864","J01C",0.246994925843032
"1865","J01C",0.664711026713725
"1866","J01C",0.177027304501086
"1867","J01C",0.245461882872819
"1868","J01C",0.374472984530008
"1869","J01C",-0.0423816530757008
"1870","J01C",0.137282350565486
"1871","J01C",0.348362963838336
"1872","J01C",-0.0538478688329764
"1873","J01C",0.473259337406172
"1874","J01C",0.355854963634423
"1875","J01C",0.0828126605245196
"1876","J01C",-0.0693654557164345
"1877","J01C",0.298968426291195
"1878","J01C",0.550323806330484
"1879","J01C",0.263008529389666
"1880","J01C",0.403279028019593
"1881","J01C",0.559038503618777
"1882","J01C",0.141746996069591
"1883","J01C",0.182958474013334
"1884","J01C",0.390543331202786
"1885","J01C",0.426858400170477
"1886","J01C",0.397466864326563
"1887","J01C",0.127530393375746
"1888","J01C",0.154835635022763
"1889","J01C",0.371552270324036
"1890","J01C",0.199772817790248
"1891","J01C",-0.0407648241225918
"1892","J01C",0.450679349026326
"1893","J01C",0.36956396797446
"1894","J01C",0.193624527226843
"1895","J01C",0.225201366933822
"1896","J01C",0.36531120388926
"1897","J01C",0.263514424826698
"1898","J01C",0.204577481992722
"1899","J01C",0.187383733507018
"1900","J01C",0.275614849543205
"1901","J01C",0.198957164577953
"1902","J01C",-0.0713078144555568
"1903","J01C",0.358689611803623
"1904","J01C",0.186265281390106
"1905","J01C",0.359557931354673
"1906","J01C",0.0578739679764948
"1907","J01C",0.219278014813448
"1908","J01C",0.2297104370621
"1909","J01C",0.45134550971067
"1910","J01C",0.389982264660673
"1911","J01C",0.337341855290561
"1912","J01C",0.564753228921522
"1913","J01C",0.141372943195637
"1914","J01C",0.107618171011075
"1915","J01C",0.538621288413077
"1916","J01C",0.120318613855947
"1917","J01C",0.0369082840903786
"1918","J01C",0.400551179840744
"1919","J01C",0.393589712849106
"1920","J01C",0.0540701436921574
"1921","J01C",0.116493099895703
"1922","J01C",0.158892342662973
"1923","J01C",0.237536735674935
"1924","J01C",0.0371142961294764
"1925","J01C",0.308527835336833
"1926","J01C",0.291805205280317
"1927","J01C",0.283512999878199
"1928","J01C",0.235510590162323
"1929","J01C",0.0744490779223254
"1930","J01C",0.184171305302898
"1931","J01C",0.25599651686489
"1932","J01C",0.330104825096604
"1933","J01C",0.148882003606496
"1934","J01C",0.355100425068972
"1935","J01C",0.109833940500811
"1936","J01C",0.201404221111553
"1937","J01C",0.50013137934076
"1938","J01C",0.0846385035547283
"1939","J01C",0.282638563069154
"1940","J01C",0.317204627713876
"1941","J01C",0.139659575369879
"1942","J01C",0.504333888177384
"1943","J01C",0.128291605046561
"1944","J01C",0.250819959783274
"1945","J01C",0.309361165092851
"1946","J01C",0.248019499584251
"1947","J01C",0.206696516627008
"1948","J01C",0.25192922032757
"1949","J01C",0.150311109686097
"1950","J01C",0.311330987052714
"1951","J01C",0.166689058306782
"1952","J01C",0.351211567688179
"1953","J01C",0.341617156409184
"1954","J01C",0.099142056452839
"1955","J01C",0.239000235154818
"1956","J01C",0.38750947433036
"1957","J01C",0.198691508438323
"1958","J01C",0.0896279918922615
"1959","J01C",0.348469523352607
"1960","J01C",0.423459574680225
"1961","J01C",0.347164131685472
"1962","J01C",0.283620305760303
"1963","J01C",0.573795351123573
"1964","J01C",0.564551349598344
"1965","J01C",0.0132539321118141
"1966","J01C",0.315493529093406
"1967","J01C",0.283890090101175
"1968","J01C",0.268210521041383
"1969","J01C",0.280454510135573
"1970","J01C",0.431552273245795
"1971","J01C",0.252975077378016
"1972","J01C",0.0727429593956912
"1973","J01C",0.206537679648952
"1974","J01C",0.157602005483236
"1975","J01C",0.228787348456497
"1976","J01C",0.0384026325279892
"1977","J01C",0.474968653634882
"1978","J01C",0.444795814347053
"1979","J01C",0.158101369167979
"1980","J01C",-0.0073068073766541
"1981","J01C",0.414558782833007
"1982","J01C",0.395895045773136
"1983","J01C",0.284455633404702
"1984","J01C",0.456326154207921
"1985","J01C",0.218119701216902
"1986","J01C",0.634034585477864
"1987","J01C",0.433857629829658
"1988","J01C",0.200520537484799
"1989","J01C",0.3053886514292
"1990","J01C",0.304664371377032
"1991","J01C",0.217288098406081
"1992","J01C",0.14039616981297
"1993","J01C",0.0273041230328118
"1994","J01C",0.455402918969338
"1995","J01C",0.235596082733911
"1996","J01C",0.451307596241823
"1997","J01C",0.484957573606021
"1998","J01C",0.264804266386168
"1999","J01C",0.23192795396595
"2000","J01C",0.293546000532451
"2001","J01D",0.622337026172048
"2002","J01D",0.456409663185544
"2003","J01D",0.547935359185792
"2004","J01D",0.458725701611863
"2005","J01D",0.545139006406986
"2006","J01D",0.494605781874267
"2007","J01D",0.471545842764434
"2008","J01D",0.649801343230944
"2009","J01D",0.482308341375063
"2010","J01D",0.564431159903544
"2011","J01D",0.513448568454198
"2012","J01D",0.436056015793016
"2013","J01D",0.63658960097917
"2014","J01D",0.403721931879335
"2015","J01D",0.542138686580938
"2016","J01D",0.460031417556967
"2017","J01D",0.576839193391118
"2018","J01D",0.567211471682687
"2019","J01D",0.507472422552816
"2020","J01D",0.534803431639571
"2021","J01D",0.490104775269395
"2022","J01D",0.469601936164508
"2023","J01D",0.532582108171726
"2024","J01D",0.32475391196651
"2025","J01D",0.546160543822926
"2026","J01D",0.473598406575707
"2027","J01D",0.524859817244633
"2028","J01D",0.542372253784925
"2029","J01D",0.441213436609335
"2030","J01D",0.557736504112352
"2031","J01D",0.671948147272523
"2032","J01D",0.637149685919659
"2033","J01D",0.672978348248761
"2034","J01D",0.625399626453725
"2035","J01D",0.62494949389704
"2036","J01D",0.450205349763376
"2037","J01D",0.458467382618061
"2038","J01D",0.506869016683995
"2039","J01D",0.451677190784639
"2040","J01D",0.427378629881155
"2041","J01D",0.538424120375313
"2042","J01D",0.508882970101356
"2043","J01D",0.408671279669301
"2044","J01D",0.463973915256499
"2045","J01D",0.491091296060647
"2046","J01D",0.545523319491188
"2047","J01D",0.593924807455839
"2048","J01D",0.506278226852978
"2049","J01D",0.483110648284113
"2050","J01D",0.500188304464905
"2051","J01D",0.564069522917665
"2052","J01D",0.568148711795136
"2053","J01D",0.590976401412885
"2054","J01D",0.606903682812849
"2055","J01D",0.688331169095591
"2056","J01D",0.468111458384369
"2057","J01D",0.461346637311851
"2058","J01D",0.395355892923625
"2059","J01D",0.389259152308854
"2060","J01D",0.549691856390409
"2061","J01D",0.377819803370176
"2062","J01D",0.612180692543497
"2063","J01D",0.460635569361665
"2064","J01D",0.608277044115931
"2065","J01D",0.493741003490617
"2066","J01D",0.698213896242139
"2067","J01D",0.491605202335898
"2068","J01D",0.476210800976755
"2069","J01D",0.529984557850312
"2070","J01D",0.534702242029032
"2071","J01D",0.589333289959778
"2072","J01D",0.556707509990447
"2073","J01D",0.556860836132218
"2074","J01D",0.520685328171649
"2075","J01D",0.537518026149208
"2076","J01D",0.535224401144362
"2077","J01D",0.483629071978339
"2078","J01D",0.473475037562049
"2079","J01D",0.694271124853581
"2080","J01D",0.534474159342232
"2081","J01D",0.423259274185679
"2082","J01D",0.569330483735617
"2083","J01D",0.574430909991869
"2084","J01D",0.550804406353319
"2085","J01D",0.47075760183156
"2086","J01D",0.409548770530348
"2087","J01D",0.543162484757665
"2088","J01D",0.473287528986207
"2089","J01D",0.533206645010455
"2090","J01D",0.409396566059002
"2091","J01D",0.379020212838972
"2092","J01D",0.531863833409778
"2093","J01D",0.529136704348638
"2094","J01D",0.486362336289287
"2095","J01D",0.525987629379039
"2096","J01D",0.514230550261253
"2097","J01D",0.540847266969398
"2098","J01D",0.666070978357802
"2099","J01D",0.508306760119794
"2100","J01D",0.555345425050548
"2101","J01D",0.563934830837377
"2102","J01D",0.559926977737282
"2103","J01D",0.372070839039543
"2104","J01D",0.362134007685901
"2105","J01D",0.533049866073398
"2106","J01D",0.546349846858387
"2107","J01D",0.539486228250637
"2108","J01D",0.612132676897419
"2109","J01D",0.434789706481307
"2110","J01D",0.620831295244696
"2111","J01D",0.39344785933491
"2112","J01D",0.571861677496282
"2113","J01D",0.425253988109303
"2114","J01D",0.469308073147287
"2115","J01D",0.62263053784531
"2116","J01D",0.555076398870491
"2117","J01D",0.529994335185699
"2118","J01D",0.574274077158044
"2119","J01D",0.559101172099645
"2120","J01D",0.552439957915064
"2121","J01D",0.567666112936857
"2122","J01D",0.620460136239514
"2123","J01D",0.53874884476129
"2124","J01D",0.593115493189157
"2125","J01D",0.57412862021313
"2126","J01D",0.599364738188547
"2127","J01D",0.644208069216147
"2128","J01D",0.507957490017363
"2129","J01D",0.574757308092461
"2130","J01D",0.503595233121522
"2131","J01D",0.457461435267682
"2132","J01D",0.314630608142323
"2133","J01D",0.50922073370403
"2134","J01D",0.661452029443517
"2135","J01D",0.442271416468094
"2136","J01D",0.395907619250483
"2137","J01D",0.433017350317885
"2138","J01D",0.423687006732821
"2139","J01D",0.584651457354747
"2140","J01D",0.447572918096689
"2141","J01D",0.489759740559283
"2142","J01D",0.440448382760661
"2143","J01D",0.542547486860332
"2144","J01D",0.565272672914237
"2145","J01D",0.5004085239469
"2146","J01D",0.409166497686904
"2147","J01D",0.514588309714268
"2148","J01D",0.561887765343302
"2149","J01D",0.470367237128716
"2150","J01D",0.662652059842329
"2151","J01D",0.545196875919982
"2152","J01D",0.593647801630021
"2153","J01D",0.501680156703868
"2154","J01D",0.512281461415213
"2155","J01D",0.468820138771181
"2156","J01D",0.444306187033163
"2157","J01D",0.407519814689845
"2158","J01D",0.43317291331445
"2159","J01D",0.393477494218696
"2160","J01D",0.469104562004856
"2161","J01D",0.498972160628929
"2162","J01D",0.464101210607256
"2163","J01D",0.623930040249009
"2164","J01D",0.550566007477886
"2165","J01D",0.544936422131311
"2166","J01D",0.475819972660282
"2167","J01D",0.654706361111564
"2168","J01D",0.473955082947506
"2169","J01D",0.621420646927979
"2170","J01D",0.430057409785724
"2171","J01D",0.503089233108782
"2172","J01D",0.606893025322817
"2173","J01D",0.439311470274497
"2174","J01D",0.412211722447912
"2175","J01D",0.449814689994882
"2176","J01D",0.502571742759146
"2177","J01D",0.558206100612818
"2178","J01D",0.482798889382954
"2179","J01D",0.505556508010228
"2180","J01D",0.531765598810781
"2181","J01D",0.616903826899933
"2182","J01D",0.528563044804076
"2183","J01D",0.501197454903198
"2184","J01D",0.596862049391163
"2185","J01D",0.547194756504775
"2186","J01D",0.567680606671627
"2187","J01D",0.697899330266692
"2188","J01D",0.498028061109501
"2189","J01D",0.49483505879122
"2190","J01D",0.47788687620983
"2191","J01D",0.658451542085834
"2192","J01D",0.404205481169273
"2193","J01D",0.617396266057262
"2194","J01D",0.477847124544939
"2195","J01D",0.360606497860133
"2196","J01D",0.593118107192103
"2197","J01D",0.572258973190691
"2198","J01D",0.491689650131163
"2199","J01D",0.566674983964324
"2200","J01D",0.548879304990076
"2201","J01D",0.648118650590489
"2202","J01D",0.507534223737161
"2203","J01D",0.582602930442669
"2204","J01D",0.555329193595521
"2205","J01D",0.60765540314513
"2206","J01D",0.451767644244727
"2207","J01D",0.577566259963938
"2208","J01D",0.686281217093918
"2209","J01D",0.533780081566053
"2210","J01D",0.468688200388484
"2211","J01D",0.432514740742071
"2212","J01D",0.478557051470513
"2213","J01D",0.509354140865207
"2214","J01D",0.532215892107251
"2215","J01D",0.444786462926486
"2216","J01D",0.444218368268392
"2217","J01D",0.53216962469584
"2218","J01D",0.563520142743583
"2219","J01D",0.609616816691756
"2220","J01D",0.404548367609346
"2221","J01D",0.478968672586977
"2222","J01D",0.630186408262019
"2223","J01D",0.600032354945438
"2224","J01D",0.34897373325378
"2225","J01D",0.401515248899496
"2226","J01D",0.512608699532189
"2227","J01D",0.558059279855936
"2228","J01D",0.539656202043328
"2229","J01D",0.460167078104375
"2230","J01D",0.650708206456077
"2231","J01D",0.538876404876308
"2232","J01D",0.514459349591642
"2233","J01D",0.616090352961791
"2234","J01D",0.385868315538005
"2235","J01D",0.485911090717761
"2236","J01D",0.486845550515439
"2237","J01D",0.558335879325123
"2238","J01D",0.440666835541572
"2239","J01D",0.47740829912601
"2240","J01D",0.606449070201294
"2241","J01D",0.404550159603689
"2242","J01D",0.572249869282344
"2243","J01D",0.436140407038047
"2244","J01D",0.42173096424775
"2245","J01D",0.271019486323256
"2246","J01D",0.546178901383463
"2247","J01D",0.420090708695275
"2248","J01D",0.330344917941359
"2249","J01D",0.509046979157798
"2250","J01D",0.502340645438656
"2251","J01D",0.573105622596591
"2252","J01D",0.497661298007895
"2253","J01D",0.523270187632345
"2254","J01D",0.499355995654113
"2255","J01D",0.545747831446553
"2256","J01D",0.445524486797523
"2257","J01D",0.657081995925465
"2258","J01D",0.590752764242486
"2259","J01D",0.561059898816684
"2260","J01D",0.577023158210061
"2261","J01D",0.385372667253605
"2262","J01D",0.517078382341012
"2263","J01D",0.513492033061076
"2264","J01D",0.564879269491719
"2265","J01D",0.487508978887758
"2266","J01D",0.449679383585741
"2267","J01D",0.512950224838167
"2268","J01D",0.442303928644706
"2269","J01D",0.364098251865213
"2270","J01D",0.44841950663494
"2271","J01D",0.505268884185447
"2272","J01D",0.407983175553749
"2273","J01D",0.622267878124501
"2274","J01D",0.53961907904546
"2275","J01D",0.39289627502074
"2276","J01D",0.362342366245931
"2277","J01D",0.442071665417255
"2278","J01D",0.558611001013869
"2279","J01D",0.264405196803307
"2280","J01D",0.598600534664632
"2281","J01D",0.701863541652228
"2282","J01D",0.429777158344855
"2283","J01D",0.488500840481398
"2284","J01D",0.485206853290166
"2285","J01D",0.543669155862667
"2286","J01D",0.494887818237267
"2287","J01D",0.524953288947317
"2288","J01D",0.537588067203852
"2289","J01D",0.458877265171608
"2290","J01D",0.555634678782515
"2291","J01D",0.593419760852344
"2292","J01D",0.621164360344147
"2293","J01D",0.371617995361214
"2294","J01D",0.384961187647872
"2295","J01D",0.507943857752384
"2296","J01D",0.518509577965293
"2297","J01D",0.442385941515829
"2298","J01D",0.608156235576804
"2299","J01D",0.517623448016372
"2300","J01D",0.655820544670347
"2301","J01D",0.601950641767447
"2302","J01D",0.490025866951144
"2303","J01D",0.588391436535138
"2304","J01D",0.386890631365344
"2305","J01D",0.575899309636607
"2306","J01D",0.526234143774085
"2307","J01D",0.454972493137686
"2308","J01D",0.556667467142058
"2309","J01D",0.562218527482041
"2310","J01D",0.410836100016117
"2311","J01D",0.570833294611431
"2312","J01D",0.678741417866301
"2313","J01D",0.529429893029303
"2314","J01D",0.615918452475353
"2315","J01D",0.435763477573121
"2316","J01D",0.599547768669381
"2317","J01D",0.499301806641903
"2318","J01D",0.341152484984447
"2319","J01D",0.569590391694762
"2320","J01D",0.416099965338721
"2321","J01D",0.409939803297012
"2322","J01D",0.539895247109626
"2323","J01D",0.54557653667837
"2324","J01D",0.496525248383709
"2325","J01D",0.360518610626451
"2326","J01D",0.46685245512874
"2327","J01D",0.561556200597879
"2328","J01D",0.453784935196308
"2329","J01D",0.563175394629628
"2330","J01D",0.540924883677487
"2331","J01D",0.481934230247411
"2332","J01D",0.535507169558305
"2333","J01D",0.448758568707448
"2334","J01D",0.438442573790987
"2335","J01D",0.407707925957815
"2336","J01D",0.683349118749275
"2337","J01D",0.532162223508794
"2338","J01D",0.505706585566264
"2339","J01D",0.359539356040118
"2340","J01D",0.546898702585177
"2341","J01D",0.50873015590511
"2342","J01D",0.519093283936198
"2343","J01D",0.446625324913098
"2344","J01D",0.586283560451846
"2345","J01D",0.469346505638601
"2346","J01D",0.561473965438641
"2347","J01D",0.402436333159716
"2348","J01D",0.438026532018836
"2349","J01D",0.411786734297825
"2350","J01D",0.37315563873199
"2351","J01D",0.439990893554067
"2352","J01D",0.535494697472218
"2353","J01D",0.589724325202784
"2354","J01D",0.477352856679419
"2355","J01D",0.601725382993975
"2356","J01D",0.551066836465746
"2357","J01D",0.443245623004121
"2358","J01D",0.48585134996083
"2359","J01D",0.453820310823133
"2360","J01D",0.535417363841602
"2361","J01D",0.512118914903604
"2362","J01D",0.451813401464662
"2363","J01D",0.452298202533579
"2364","J01D",0.620810323772027
"2365","J01D",0.476173614740971
"2366","J01D",0.541733991650229
"2367","J01D",0.53332198801841
"2368","J01D",0.594656669683848
"2369","J01D",0.610653967798646
"2370","J01D",0.543258731622112
"2371","J01D",0.630185949484897
"2372","J01D",0.621646244906161
"2373","J01D",0.638383978221296
"2374","J01D",0.473346873835698
"2375","J01D",0.442864277255839
"2376","J01D",0.588912778891071
"2377","J01D",0.51528656449436
"2378","J01D",0.491039619115916
"2379","J01D",0.690909290059035
"2380","J01D",0.721389804768991
"2381","J01D",0.540307655900322
"2382","J01D",0.523762872892065
"2383","J01D",0.575027010952887
"2384","J01D",0.454228353725599
"2385","J01D",0.449078429176036
"2386","J01D",0.399250213806361
"2387","J01D",0.521542974840676
"2388","J01D",0.481745252555548
"2389","J01D",0.502509371599281
"2390","J01D",0.545068365974183
"2391","J01D",0.585174165055369
"2392","J01D",0.521744930597742
"2393","J01D",0.559319994689296
"2394","J01D",0.54461034266297
"2395","J01D",0.506012464338112
"2396","J01D",0.456689764779307
"2397","J01D",0.346522513842997
"2398","J01D",0.682589358034363
"2399","J01D",0.484521762981915
"2400","J01D",0.566000719881617
"2401","J01D",0.60847723338332
"2402","J01D",0.567919679396603
"2403","J01D",0.598688742592914
"2404","J01D",0.509633529872546
"2405","J01D",0.463515306408223
"2406","J01D",0.498133243193878
"2407","J01D",0.641024078370235
"2408","J01D",0.501142426919077
"2409","J01D",0.7075894199068
"2410","J01D",0.485437894494062
"2411","J01D",0.64179131171456
"2412","J01D",0.673204496867306
"2413","J01D",0.408463217344968
"2414","J01D",0.468373735349523
"2415","J01D",0.560070367769098
"2416","J01D",0.392937180227822
"2417","J01D",0.467558617346842
"2418","J01D",0.547861404416191
"2419","J01D",0.423720318850674
"2420","J01D",0.484843584078394
"2421","J01D",0.528029607938251
"2422","J01D",0.524315559334671
"2423","J01D",0.600355780129625
"2424","J01D",0.495059114345609
"2425","J01D",0.546207164745478
"2426","J01D",0.669683467060584
"2427","J01D",0.442202282109982
"2428","J01D",0.509420788197061
"2429","J01D",0.43375146996518
"2430","J01D",0.380564915566667
"2431","J01D",0.537165098125589
"2432","J01D",0.540780372854734
"2433","J01D",0.631884418141342
"2434","J01D",0.556565728721499
"2435","J01D",0.52484615076555
"2436","J01D",0.488372449670606
"2437","J01D",0.456907831275351
"2438","J01D",0.407722046890374
"2439","J01D",0.436105094355923
"2440","J01D",0.325461743763053
"2441","J01D",0.475355620026916
"2442","J01D",0.459976681356387
"2443","J01D",0.623027069938549
"2444","J01D",0.428609101631415
"2445","J01D",0.632040093586597
"2446","J01D",0.426153935118088
"2447","J01D",0.395543352141528
"2448","J01D",0.567984468306915
"2449","J01D",0.460512942888569
"2450","J01D",0.610490277649324
"2451","J01D",0.416782796486469
"2452","J01D",0.367896640202823
"2453","J01D",0.496430683165425
"2454","J01D",0.51084738484265
"2455","J01D",0.425406829990693
"2456","J01D",0.431332128975684
"2457","J01D",0.673309669383649
"2458","J01D",0.490142748596185
"2459","J01D",0.413201973328688
"2460","J01D",0.51316541311732
"2461","J01D",0.443924895011846
"2462","J01D",0.552767347593661
"2463","J01D",0.412261315136831
"2464","J01D",0.459506572087795
"2465","J01D",0.579740670262738
"2466","J01D",0.459554178495194
"2467","J01D",0.595674249722173
"2468","J01D",0.474668755393368
"2469","J01D",0.418424398592698
"2470","J01D",0.478514708544834
"2471","J01D",0.54052685723398
"2472","J01D",0.458635964380078
"2473","J01D",0.489623348767185
"2474","J01D",0.41544571692025
"2475","J01D",0.517413820686064
"2476","J01D",0.394451823815389
"2477","J01D",0.46660868303701
"2478","J01D",0.390780662597226
"2479","J01D",0.485529771929346
"2480","J01D",0.552721521185497
"2481","J01D",0.530440098439033
"2482","J01D",0.538338268728063
"2483","J01D",0.423020002202532
"2484","J01D",0.429411703358969
"2485","J01D",0.510745617341932
"2486","J01D",0.527797319576539
"2487","J01D",0.426097586520699
"2488","J01D",0.386595341803665
"2489","J01D",0.414193455880721
"2490","J01D",0.501092622623219
"2491","J01D",0.624469429117214
"2492","J01D",0.496212025748944
"2493","J01D",0.387104867654819
"2494","J01D",0.455560564120519
"2495","J01D",0.504128294491014
"2496","J01D",0.425870951504049
"2497","J01D",0.620367024955358
"2498","J01D",0.449260194106738
"2499","J01D",0.50110633487187
"2500","J01D",0.623769396142408
"2501","J01D",0.553284240696882
"2502","J01D",0.501224185555503
"2503","J01D",0.617854404604177
"2504","J01D",0.569167634419149
"2505","J01D",0.444122986270477
"2506","J01D",0.389128498056813
"2507","J01D",0.410943280366078
"2508","J01D",0.433573587524937
"2509","J01D",0.544558461141405
"2510","J01D",0.580754055078915
"2511","J01D",0.483684976589859
"2512","J01D",0.537223332972526
"2513","J01D",0.593613038188533
"2514","J01D",0.522062951736495
"2515","J01D",0.512212172590479
"2516","J01D",0.583640908292668
"2517","J01D",0.432757116652409
"2518","J01D",0.515818641363022
"2519","J01D",0.581590419691011
"2520","J01D",0.550949536386224
"2521","J01D",0.527201126012368
"2522","J01D",0.612825961590658
"2523","J01D",0.51891749819131
"2524","J01D",0.465591229690464
"2525","J01D",0.427450708398143
"2526","J01D",0.571997772724394
"2527","J01D",0.396444773155231
"2528","J01D",0.447874517526505
"2529","J01D",0.549827492121983
"2530","J01D",0.505404588662034
"2531","J01D",0.507044288622729
"2532","J01D",0.471429470134461
"2533","J01D",0.397122657262141
"2534","J01D",0.378583359253063
"2535","J01D",0.522941947381515
"2536","J01D",0.626138555243544
"2537","J01D",0.436747507335649
"2538","J01D",0.377973007874816
"2539","J01D",0.48380332634005
"2540","J01D",0.619556291357787
"2541","J01D",0.635211002910768
"2542","J01D",0.52993610306527
"2543","J01D",0.57214351457969
"2544","J01D",0.670364758450645
"2545","J01D",0.513224258664164
"2546","J01D",0.562321029426948
"2547","J01D",0.439255613286714
"2548","J01D",0.495198741615403
"2549","J01D",0.649565010464033
"2550","J01D",0.522045824997512
"2551","J01D",0.453832029621198
"2552","J01D",0.524569742585915
"2553","J01D",0.542935750609123
"2554","J01D",0.637078313502169
"2555","J01D",0.528651418335101
"2556","J01D",0.467258694423284
"2557","J01D",0.437040647875892
"2558","J01D",0.471183725970148
"2559","J01D",0.455077498152192
"2560","J01D",0.631194920622226
"2561","J01D",0.445621305676378
"2562","J01D",0.404961107998712
"2563","J01D",0.576639005033107
"2564","J01D",0.434454008109004
"2565","J01D",0.43957949622844
"2566","J01D",0.668170087003774
"2567","J01D",0.47880012203241
"2568","J01D",0.534360556229838
"2569","J01D",0.446492385663219
"2570","J01D",0.508338237550768
"2571","J01D",0.552727999664644
"2572","J01D",0.415989660751518
"2573","J01D",0.506970543687698
"2574","J01D",0.371933475045077
"2575","J01D",0.595570587890903
"2576","J01D",0.430564673007533
"2577","J01D",0.50601605897642
"2578","J01D",0.492720648895649
"2579","J01D",0.50448835849014
"2580","J01D",0.48717390673566
"2581","J01D",0.565400766643716
"2582","J01D",0.468964746956488
"2583","J01D",0.461967890502433
"2584","J01D",0.59461789530092
"2585","J01D",0.521123045430575
"2586","J01D",0.437044586470616
"2587","J01D",0.549179318831837
"2588","J01D",0.41726799063765
"2589","J01D",0.572355883613825
"2590","J01D",0.544932362054019
"2591","J01D",0.469007417152917
"2592","J01D",0.532558187448068
"2593","J01D",0.549665540320015
"2594","J01D",0.681700035939522
"2595","J01D",0.531882601932645
"2596","J01D",0.450672621557792
"2597","J01D",0.439870279924665
"2598","J01D",0.437848904740669
"2599","J01D",0.550983889106516
"2600","J01D",0.511914604010988
"2601","J01D",0.447770526937865
"2602","J01D",0.487197441301152
"2603","J01D",0.501536091667355
"2604","J01D",0.566421517399584
"2605","J01D",0.564474429743946
"2606","J01D",0.629302057020004
"2607","J01D",0.534618104495053
"2608","J01D",0.604582737242812
"2609","J01D",0.400296351129202
"2610","J01D",0.403852452021066
"2611","J01D",0.611210276401377
"2612","J01D",0.504747843339792
"2613","J01D",0.444031467856408
"2614","J01D",0.5204164861162
"2615","J01D",0.444220010718713
"2616","J01D",0.691552118924381
"2617","J01D",0.56812308737265
"2618","J01D",0.690426870518709
"2619","J01D",0.512593617873676
"2620","J01D",0.540221987654839
"2621","J01D",0.523171446802149
"2622","J01D",0.621718370260335
"2623","J01D",0.41908690230593
"2624","J01D",0.435085688138788
"2625","J01D",0.433507955647796
"2626","J01D",0.481774245905286
"2627","J01D",0.548870291344184
"2628","J01D",0.472196939464541
"2629","J01D",0.495283566233352
"2630","J01D",0.602488887582875
"2631","J01D",0.362970344286541
"2632","J01D",0.568673979299396
"2633","J01D",0.443366628581747
"2634","J01D",0.493987920327687
"2635","J01D",0.542022713142452
"2636","J01D",0.558420531175037
"2637","J01D",0.54638427911204
"2638","J01D",0.492263103528773
"2639","J01D",0.42561133075132
"2640","J01D",0.604361178112159
"2641","J01D",0.393907307509082
"2642","J01D",0.59673777993537
"2643","J01D",0.552091581488754
"2644","J01D",0.407138160971329
"2645","J01D",0.416503141751055
"2646","J01D",0.423778631952597
"2647","J01D",0.533551406267375
"2648","J01D",0.508676150604266
"2649","J01D",0.496069824157776
"2650","J01D",0.514550249698946
"2651","J01D",0.466052527056409
"2652","J01D",0.469220970797462
"2653","J01D",0.622672349993779
"2654","J01D",0.546596148252412
"2655","J01D",0.639489577627761
"2656","J01D",0.433776025783934
"2657","J01D",0.471025525612831
"2658","J01D",0.542397760711582
"2659","J01D",0.70215400298585
"2660","J01D",0.426186394098728
"2661","J01D",0.67440494973473
"2662","J01D",0.645162797127751
"2663","J01D",0.582717966083665
"2664","J01D",0.557855492154743
"2665","J01D",0.673809888922959
"2666","J01D",0.502680294060922
"2667","J01D",0.506104898322476
"2668","J01D",0.428098357541604
"2669","J01D",0.603213755796202
"2670","J01D",0.46178396470355
"2671","J01D",0.533860579498768
"2672","J01D",0.637738167245206
"2673","J01D",0.355816603225321
"2674","J01D",0.420262095628122
"2675","J01D",0.400983146009615
"2676","J01D",0.498236563253537
"2677","J01D",0.554232656642599
"2678","J01D",0.663162642916281
"2679","J01D",0.45728866971742
"2680","J01D",0.357276513627167
"2681","J01D",0.432158110610411
"2682","J01D",0.581750789335494
"2683","J01D",0.476794754896241
"2684","J01D",0.392553785988174
"2685","J01D",0.502203810385118
"2686","J01D",0.455008032305353
"2687","J01D",0.578455377663582
"2688","J01D",0.606807516938751
"2689","J01D",0.439059355370006
"2690","J01D",0.476392910131803
"2691","J01D",0.460700116539712
"2692","J01D",0.516354354199679
"2693","J01D",0.476556459568704
"2694","J01D",0.674582149311956
"2695","J01D",0.4951434461334
"2696","J01D",0.560817035657542
"2697","J01D",0.537315101053989
"2698","J01D",0.601425370982534
"2699","J01D",0.635638369849238
"2700","J01D",0.550865669542347
"2701","J01D",0.554128697543262
"2702","J01D",0.621113866468936
"2703","J01D",0.582244357260439
"2704","J01D",0.472491713208425
"2705","J01D",0.580618059643599
"2706","J01D",0.472685003845704
"2707","J01D",0.534722638482498
"2708","J01D",0.602351755369427
"2709","J01D",0.540979234384363
"2710","J01D",0.422957012815148
"2711","J01D",0.348784683708847
"2712","J01D",0.658931811379133
"2713","J01D",0.516059482937071
"2714","J01D",0.343731109370543
"2715","J01D",0.423973959229674
"2716","J01D",0.57261399418375
"2717","J01D",0.521746295943212
"2718","J01D",0.579895373876628
"2719","J01D",0.615106875104148
"2720","J01D",0.544114766749365
"2721","J01D",0.493520525426256
"2722","J01D",0.488992093471311
"2723","J01D",0.597925589403202
"2724","J01D",0.496085301249422
"2725","J01D",0.491560978655937
"2726","J01D",0.554241806079009
"2727","J01D",0.422283104450878
"2728","J01D",0.519580528300969
"2729","J01D",0.528574093221339
"2730","J01D",0.53084935760192
"2731","J01D",0.569692178131126
"2732","J01D",0.556419975485834
"2733","J01D",0.526414429376166
"2734","J01D",0.490967762793219
"2735","J01D",0.455438050775048
"2736","J01D",0.434738826866383
"2737","J01D",0.403386613698139
"2738","J01D",0.419542808504217
"2739","J01D",0.648844000556421
"2740","J01D",0.534694188081174
"2741","J01D",0.483461906864569
"2742","J01D",0.422473136960828
"2743","J01D",0.560550599678777
"2744","J01D",0.43926433563936
"2745","J01D",0.446960233672281
"2746","J01D",0.457279190916178
"2747","J01D",0.42048453673158
"2748","J01D",0.466026497841594
"2749","J01D",0.410948563277409
"2750","J01D",0.495032048993277
"2751","J01D",0.420865399274735
"2752","J01D",0.449539165343149
"2753","J01D",0.701923660158616
"2754","J01D",0.517798846354607
"2755","J01D",0.530728519969787
"2756","J01D",0.499331352915111
"2757","J01D",0.58658987180591
"2758","J01D",0.500044963683788
"2759","J01D",0.363517338282345
"2760","J01D",0.568964465081577
"2761","J01D",0.52084997671129
"2762","J01D",0.503535096167238
"2763","J01D",0.50808520279839
"2764","J01D",0.464029379336248
"2765","J01D",0.437741632629167
"2766","J01D",0.353907862927322
"2767","J01D",0.578947697695777
"2768","J01D",0.521956695804712
"2769","J01D",0.461189517580285
"2770","J01D",0.536139996855313
"2771","J01D",0.549033822060629
"2772","J01D",0.471841214820953
"2773","J01D",0.51261690996085
"2774","J01D",0.684940947212562
"2775","J01D",0.578812151774587
"2776","J01D",0.460142729141654
"2777","J01D",0.54773485046705
"2778","J01D",0.497976467269194
"2779","J01D",0.513315821478745
"2780","J01D",0.567445461561845
"2781","J01D",0.490275706396561
"2782","J01D",0.539196424849223
"2783","J01D",0.527884375687236
"2784","J01D",0.451097588928334
"2785","J01D",0.525193730007648
"2786","J01D",0.44279031238611
"2787","J01D",0.497808398011307
"2788","J01D",0.489296632959059
"2789","J01D",0.475433003962897
"2790","J01D",0.467853371539403
"2791","J01D",0.547954649908151
"2792","J01D",0.528011402142658
"2793","J01D",0.564104166260222
"2794","J01D",0.631607681587387
"2795","J01D",0.46528264843155
"2796","J01D",0.514550386264723
"2797","J01D",0.445135879901464
"2798","J01D",0.429217025956791
"2799","J01D",0.521879136809092
"2800","J01D",0.561133276878753
"2801","J01D",0.460069543558262
"2802","J01D",0.456936866816366
"2803","J01D",0.543247402694578
"2804","J01D",0.309687539878306
"2805","J01D",0.56980932516781
"2806","J01D",0.52154995827246
"2807","J01D",0.44850850784106
"2808","J01D",0.472552689718724
"2809","J01D",0.457099078959831
"2810","J01D",0.495435933268201
"2811","J01D",0.548210823412281
"2812","J01D",0.456483279559563
"2813","J01D",0.52667420847305
"2814","J01D",0.542264712844439
"2815","J01D",0.400972478785974
"2816","J01D",0.560814993021777
"2817","J01D",0.648607497649184
"2818","J01D",0.523314285108056
"2819","J01D",0.409176669964404
"2820","J01D",0.531786948240685
"2821","J01D",0.527053481941173
"2822","J01D",0.565553809967817
"2823","J01D",0.605939019870164
"2824","J01D",0.539535894130045
"2825","J01D",0.590688928938
"2826","J01D",0.589575496242984
"2827","J01D",0.570134822755986
"2828","J01D",0.537845161818512
"2829","J01D",0.565270285751846
"2830","J01D",0.473692344450706
"2831","J01D",0.463694924944656
"2832","J01D",0.450176718426253
"2833","J01D",0.500790450350047
"2834","J01D",0.475311037288102
"2835","J01D",0.448572388120686
"2836","J01D",0.481761973100301
"2837","J01D",0.527884614415674
"2838","J01D",0.441039530676247
"2839","J01D",0.626084932791388
"2840","J01D",0.632771225094977
"2841","J01D",0.563029222930958
"2842","J01D",0.606259113554488
"2843","J01D",0.423249660149624
"2844","J01D",0.541722513495917
"2845","J01D",0.502026330149394
"2846","J01D",0.521914180911671
"2847","J01D",0.515950069454584
"2848","J01D",0.559254064063085
"2849","J01D",0.498904315195743
"2850","J01D",0.490404043645566
"2851","J01D",0.529669228090174
"2852","J01D",0.401859302583434
"2853","J01D",0.509582166895602
"2854","J01D",0.35592814186397
"2855","J01D",0.516994220212472
"2856","J01D",0.567814306420256
"2857","J01D",0.553083661635723
"2858","J01D",0.583625679189664
"2859","J01D",0.518516371618538
"2860","J01D",0.450623055947379
"2861","J01D",0.491021882394552
"2862","J01D",0.551743225534567
"2863","J01D",0.461955538882692
"2864","J01D",0.553115706760389
"2865","J01D",0.350371813955471
"2866","J01D",0.57154077576141
"2867","J01D",0.57622720885616
"2868","J01D",0.571518210940276
"2869","J01D",0.681131707915487
"2870","J01D",0.522212608614136
"2871","J01D",0.46728144416085
"2872","J01D",0.559740025230583
"2873","J01D",0.525171579959331
"2874","J01D",0.527779485170807
"2875","J01D",0.400610299964128
"2876","J01D",0.445144283018461
"2877","J01D",0.417180278856069
"2878","J01D",0.591690145003647
"2879","J01D",0.488248710049717
"2880","J01D",0.538910833997372
"2881","J01D",0.623874959721838
"2882","J01D",0.542500834329177
"2883","J01D",0.510372570276302
"2884","J01D",0.549285605177815
"2885","J01D",0.485530981429513
"2886","J01D",0.617998544187015
"2887","J01D",0.602783847340105
"2888","J01D",0.3454493918153
"2889","J01D",0.338206047991554
"2890","J01D",0.589022724668529
"2891","J01D",0.325866443889196
"2892","J01D",0.37381338331439
"2893","J01D",0.470613411275547
"2894","J01D",0.474570532001891
"2895","J01D",0.44927970629348
"2896","J01D",0.523635366034714
"2897","J01D",0.443992021359307
"2898","J01D",0.552128619681293
"2899","J01D",0.603960312979869
"2900","J01D",0.560054922504757
"2901","J01D",0.551267475520664
"2902","J01D",0.558308084348067
"2903","J01D",0.40553345621887
"2904","J01D",0.5615289319934
"2905","J01D",0.563837300777054
"2906","J01D",0.650769532536063
"2907","J01D",0.320624255429212
"2908","J01D",0.388433851303918
"2909","J01D",0.538909588479054
"2910","J01D",0.44059873571262
"2911","J01D",0.42300061959778
"2912","J01D",0.487155595582765
"2913","J01D",0.455262416509652
"2914","J01D",0.448882505576905
"2915","J01D",0.493529342867968
"2916","J01D",0.514844021170333
"2917","J01D",0.412910886886485
"2918","J01D",0.53755777252005
"2919","J01D",0.532128722472906
"2920","J01D",0.436798900138496
"2921","J01D",0.433771743830259
"2922","J01D",0.420456093566669
"2923","J01D",0.423916421906194
"2924","J01D",0.552206507380232
"2925","J01D",0.55576602405018
"2926","J01D",0.520626724737437
"2927","J01D",0.464603271458464
"2928","J01D",0.258919060394297
"2929","J01D",0.561242575019085
"2930","J01D",0.572477096085759
"2931","J01D",0.537285479563653
"2932","J01D",0.577040463567176
"2933","J01D",0.404047169678833
"2934","J01D",0.583940866989272
"2935","J01D",0.523743647901146
"2936","J01D",0.514819296408429
"2937","J01D",0.572693641132672
"2938","J01D",0.394025631949855
"2939","J01D",0.464584357450889
"2940","J01D",0.506336496535416
"2941","J01D",0.597736476733428
"2942","J01D",0.705611888517581
"2943","J01D",0.402453519122578
"2944","J01D",0.514788690915057
"2945","J01D",0.467944952598187
"2946","J01D",0.491557976886787
"2947","J01D",0.41836455186686
"2948","J01D",0.517910749485471
"2949","J01D",0.411117339166192
"2950","J01D",0.526518513977074
"2951","J01D",0.483141153230346
"2952","J01D",0.532179533034129
"2953","J01D",0.539428560850457
"2954","J01D",0.375909685484396
"2955","J01D",0.54320960748141
"2956","J01D",0.560656326558057
"2957","J01D",0.484840818747953
"2958","J01D",0.524784429583178
"2959","J01D",0.653149883508102
"2960","J01D",0.541957810318188
"2961","J01D",0.569482567151474
"2962","J01D",0.499251023717713
"2963","J01D",0.619121413182223
"2964","J01D",0.433770219040741
"2965","J01D",0.636749285596235
"2966","J01D",0.509015622958652
"2967","J01D",0.57711354787721
"2968","J01D",0.42268543487106
"2969","J01D",0.601209430848662
"2970","J01D",0.471288438412445
"2971","J01D",0.474280515292751
"2972","J01D",0.46746005094827
"2973","J01D",0.459624732593237
"2974","J01D",0.412557562591219
"2975","J01D",0.570667493001281
"2976","J01D",0.500392569936977
"2977","J01D",0.485872435216454
"2978","J01D",0.545351148583769
"2979","J01D",0.315599706306064
"2980","J01D",0.470426733456666
"2981","J01D",0.520093966132337
"2982","J01D",0.674905837854357
"2983","J01D",0.624152949418365
"2984","J01D",0.457825925526357
"2985","J01D",0.499484166955501
"2986","J01D",0.626014181339926
"2987","J01D",0.570308604522929
"2988","J01D",0.398295882756438
"2989","J01D",0.635591041934179
"2990","J01D",0.473441778589785
"2991","J01D",0.495628308920603
"2992","J01D",0.38888044070115
"2993","J01D",0.624881126538291
"2994","J01D",0.582580311713278
"2995","J01D",0.489655525192206
"2996","J01D",0.454288654153974
"2997","J01D",0.621917737364055
"2998","J01D",0.463484019230337
"2999","J01D",0.499823476332011
"3000","J01D",0.414262508649529
"3001","J01E",-0.329458837788361
"3002","J01E",-0.309767716858669
"3003","J01E",-0.0309542465159475
"3004","J01E",-0.264008086115348
"3005","J01E",-0.10800588463335
"3006","J01E",0.0225524639896929
"3007","J01E",-0.0770755728201803
"3008","J01E",-0.150909798048971
"3009","J01E",-0.161541773330824
"3010","J01E",-0.101041239832777
"3011","J01E",-0.0213789289484545
"3012","J01E",0.058983547031038
"3013","J01E",0.27456821024996
"3014","J01E",0.161477464320963
"3015","J01E",-0.0878559050895162
"3016","J01E",-0.0694916015010153
"3017","J01E",0.126180180257046
"3018","J01E",-0.112162666041347
"3019","J01E",-0.240181372736228
"3020","J01E",-0.336411670117273
"3021","J01E",-0.0717364200378795
"3022","J01E",-0.426068073565028
"3023","J01E",0.104223303163007
"3024","J01E",-0.291514897258758
"3025","J01E",-0.250685582213874
"3026","J01E",-0.208013097407721
"3027","J01E",-0.372025645407173
"3028","J01E",0.0871085468322369
"3029","J01E",-0.388486338465705
"3030","J01E",0.0690290444164046
"3031","J01E",-0.0804766851516224
"3032","J01E",0.171953685173786
"3033","J01E",0.276947877102929
"3034","J01E",-0.23390389648865
"3035","J01E",0.546273687292022
"3036","J01E",0.0600856367707918
"3037","J01E",-0.356695292237769
"3038","J01E",-0.281537440088018
"3039","J01E",-0.230474091230191
"3040","J01E",-0.112737604987614
"3041","J01E",0.0117779419283394
"3042","J01E",-0.125231259472014
"3043","J01E",-0.080908394560473
"3044","J01E",-0.0642845177194628
"3045","J01E",0.169264939275967
"3046","J01E",-0.242582258877253
"3047","J01E",-0.260280184610819
"3048","J01E",-0.0331363203757003
"3049","J01E",-0.208569694987669
"3050","J01E",-0.0418897787091576
"3051","J01E",-0.081948373558652
"3052","J01E",-0.0720527071947668
"3053","J01E",-0.305028473225563
"3054","J01E",-0.444502970468095
"3055","J01E",0.0791952119550591
"3056","J01E",0.0621655949623336
"3057","J01E",0.18134006929046
"3058","J01E",-0.28174574116766
"3059","J01E",-0.0472680457458969
"3060","J01E",-0.0349358910653236
"3061","J01E",-0.268159226762524
"3062","J01E",0.0910843205478479
"3063","J01E",-0.429517797904581
"3064","J01E",-0.402955892787924
"3065","J01E",-0.00997883779772158
"3066","J01E",0.123803132836769
"3067","J01E",-0.62163986249381
"3068","J01E",0.0804133060795316
"3069","J01E",-0.210604083822523
"3070","J01E",-0.199099075708888
"3071","J01E",-0.077610352414602
"3072","J01E",-0.0278447723738648
"3073","J01E",0.00491370973102951
"3074","J01E",-0.23985371927749
"3075","J01E",-0.240780491708319
"3076","J01E",-0.277259199861595
"3077","J01E",-0.137092578454431
"3078","J01E",-0.356151542542785
"3079","J01E",0.031392052280289
"3080","J01E",-0.37378340867891
"3081","J01E",-0.270713820432802
"3082","J01E",-0.519463621797801
"3083","J01E",-0.253352479781635
"3084","J01E",-0.169218315028164
"3085","J01E",-0.491578749497729
"3086","J01E",-0.336091040433976
"3087","J01E",-0.407426262934709
"3088","J01E",-0.201413991214721
"3089","J01E",-0.26765350754611
"3090","J01E",-0.162583537515552
"3091","J01E",-0.185588640958139
"3092","J01E",-0.306427470334238
"3093","J01E",-0.245228751528181
"3094","J01E",-0.417349538043716
"3095","J01E",-0.254643646043244
"3096","J01E",-0.343585953708015
"3097","J01E",0.126426641309385
"3098","J01E",0.151678450150501
"3099","J01E",-0.152036328559263
"3100","J01E",-0.273725001897898
"3101","J01E",0.277669201364208
"3102","J01E",-0.000774151978448738
"3103","J01E",-0.111214690680418
"3104","J01E",-0.414174823301793
"3105","J01E",-0.080292533702965
"3106","J01E",-0.190440723816543
"3107","J01E",-0.164371410516308
"3108","J01E",-0.110646108215304
"3109","J01E",-0.0655155893562851
"3110","J01E",-0.277233648090584
"3111","J01E",-0.409500377663084
"3112","J01E",-0.0179732805665486
"3113","J01E",-0.263295503694062
"3114","J01E",-0.145963040653196
"3115","J01E",0.0118146007193802
"3116","J01E",0.119783602716742
"3117","J01E",-0.252009122437465
"3118","J01E",-0.16401884422155
"3119","J01E",0.232582714821274
"3120","J01E",0.25448184949585
"3121","J01E",0.40820128564063
"3122","J01E",-0.251600270860322
"3123","J01E",0.186129561430464
"3124","J01E",0.0966928583714896
"3125","J01E",0.0826485271813614
"3126","J01E",-0.159648747936661
"3127","J01E",-0.112323349555867
"3128","J01E",-0.0157821033068829
"3129","J01E",0.154495405875704
"3130","J01E",-0.0437620189146427
"3131","J01E",-0.136070266222951
"3132","J01E",-0.211884816838535
"3133","J01E",-0.171158889766431
"3134","J01E",-0.251212741948247
"3135","J01E",-0.0334511406931532
"3136","J01E",-0.417058605378011
"3137","J01E",-0.185149248129203
"3138","J01E",0.210286530641619
"3139","J01E",-0.183230557424026
"3140","J01E",-0.187012173460545
"3141","J01E",-0.195291519007785
"3142","J01E",-0.45299276777641
"3143","J01E",-0.0780255593718995
"3144","J01E",-0.0761093658580922
"3145","J01E",-0.245320012105522
"3146","J01E",0.0240464042005688
"3147","J01E",0.326726403462004
"3148","J01E",0.0299879234673737
"3149","J01E",-0.0213942688629904
"3150","J01E",-0.261120534604083
"3151","J01E",-0.474646740743962
"3152","J01E",0.288732509916791
"3153","J01E",-0.366044373859084
"3154","J01E",-0.129626799890292
"3155","J01E",0.151465220958646
"3156","J01E",-0.133645628439848
"3157","J01E",0.189369800556867
"3158","J01E",-0.0721875566247719
"3159","J01E",-0.206241254535766
"3160","J01E",0.0363027520286956
"3161","J01E",-0.361163501324111
"3162","J01E",-0.16274209368843
"3163","J01E",-0.0127447881138326
"3164","J01E",-0.469250878300392
"3165","J01E",-0.332024692069029
"3166","J01E",-0.136432508585665
"3167","J01E",0.00406779520934163
"3168","J01E",-0.0952775574608877
"3169","J01E",-0.0275556152254627
"3170","J01E",0.226122844195279
"3171","J01E",-0.114749957109428
"3172","J01E",-0.231996521042919
"3173","J01E",-0.0272123102330798
"3174","J01E",-0.128705715373576
"3175","J01E",-0.539608483178163
"3176","J01E",-0.172763829761925
"3177","J01E",-0.100577227471447
"3178","J01E",0.110213354761374
"3179","J01E",-0.117688182522631
"3180","J01E",-0.355994934518547
"3181","J01E",-0.0838868043784249
"3182","J01E",0.00290695163896463
"3183","J01E",0.106752671576781
"3184","J01E",-0.35884925603347
"3185","J01E",0.1886008516101
"3186","J01E",-0.113214626379198
"3187","J01E",0.00700392067951461
"3188","J01E",-0.0914705219414211
"3189","J01E",0.0830372799907231
"3190","J01E",-0.089135292066391
"3191","J01E",0.150782682777716
"3192","J01E",-0.357652375584881
"3193","J01E",-0.308038110226525
"3194","J01E",-0.506310601454737
"3195","J01E",0.14090705045488
"3196","J01E",0.115148966794629
"3197","J01E",-0.134754875436791
"3198","J01E",-0.0420786131073673
"3199","J01E",0.219762070929683
"3200","J01E",-0.10230097701479
"3201","J01E",-0.138366518155322
"3202","J01E",-0.724801912064237
"3203","J01E",0.16875269230169
"3204","J01E",0.0876807434160517
"3205","J01E",-0.167390886152638
"3206","J01E",-0.556307255044056
"3207","J01E",-0.0427448900994622
"3208","J01E",-0.519191690451695
"3209","J01E",0.00298513628949056
"3210","J01E",-0.232070905052451
"3211","J01E",-0.00160491618371498
"3212","J01E",-0.28954240229809
"3213","J01E",0.168198895978701
"3214","J01E",-0.216786349301552
"3215","J01E",-0.188103538627584
"3216","J01E",0.238301165746505
"3217","J01E",0.136689508904049
"3218","J01E",-0.123693771281318
"3219","J01E",-0.0177983196459311
"3220","J01E",-0.236082474006658
"3221","J01E",0.148258252595796
"3222","J01E",0.194120283318935
"3223","J01E",-0.110752987440002
"3224","J01E",-0.282413814810082
"3225","J01E",-0.339854195925947
"3226","J01E",-0.0127640551339012
"3227","J01E",-0.0224788754476256
"3228","J01E",-0.0218414871361281
"3229","J01E",0.0343897625118516
"3230","J01E",-0.159405886790374
"3231","J01E",-0.122017254249103
"3232","J01E",-0.0257409099702806
"3233","J01E",-0.232334063528192
"3234","J01E",-0.51569231070099
"3235","J01E",-0.49201510222104
"3236","J01E",-0.534724091473691
"3237","J01E",-0.0986102594755279
"3238","J01E",0.00565407127972766
"3239","J01E",-0.294162417360973
"3240","J01E",0.0545804153482157
"3241","J01E",-0.288898952508948
"3242","J01E",-0.246051675225748
"3243","J01E",-0.0710120197721336
"3244","J01E",0.277179622792553
"3245","J01E",-0.039501091295541
"3246","J01E",-0.265923296169236
"3247","J01E",0.0526039293597949
"3248","J01E",-0.0515983416028732
"3249","J01E",-0.0753140247994032
"3250","J01E",-0.380894186834536
"3251","J01E",-0.220147683064692
"3252","J01E",0.237708039092088
"3253","J01E",-0.172967436244953
"3254","J01E",0.0703839559408425
"3255","J01E",-0.333902524535505
"3256","J01E",-0.030615600281092
"3257","J01E",0.0165344123352777
"3258","J01E",-0.156782990860443
"3259","J01E",-0.422835207086365
"3260","J01E",-0.0222442344860913
"3261","J01E",0.126750052147815
"3262","J01E",0.0427763996523082
"3263","J01E",-0.376157437732393
"3264","J01E",-0.0157508111220578
"3265","J01E",-0.0546112465850263
"3266","J01E",-0.223060516916316
"3267","J01E",-0.239853618642806
"3268","J01E",-0.102509109252249
"3269","J01E",-0.0826936551684498
"3270","J01E",-0.0101256147545543
"3271","J01E",-0.135956787496045
"3272","J01E",-0.285252096157087
"3273","J01E",-0.325910046800009
"3274","J01E",0.274602092040485
"3275","J01E",-0.00693488990611982
"3276","J01E",-0.437094507888662
"3277","J01E",0.222078455361498
"3278","J01E",0.121178703718134
"3279","J01E",-0.328779451284709
"3280","J01E",-0.155512413135014
"3281","J01E",-0.00151336603171855
"3282","J01E",0.278364592390923
"3283","J01E",-0.1366776500367
"3284","J01E",-0.2024342515995
"3285","J01E",-0.403758457214533
"3286","J01E",-0.0487997679518002
"3287","J01E",-0.197921513542176
"3288","J01E",-0.318221979872885
"3289","J01E",-0.0972932533534434
"3290","J01E",0.194237931753639
"3291","J01E",-0.314272703338641
"3292","J01E",-0.212441899225109
"3293","J01E",-0.165670858896807
"3294","J01E",-0.00755734064837429
"3295","J01E",-0.260470545962403
"3296","J01E",-0.152457114536949
"3297","J01E",-0.0743290514829554
"3298","J01E",0.155115797950833
"3299","J01E",-0.0360067814622194
"3300","J01E",0.0885700152871144
"3301","J01E",-0.314820253777702
"3302","J01E",-0.342436735506008
"3303","J01E",-0.22722342704067
"3304","J01E",-0.0265522161806846
"3305","J01E",0.149665840400994
"3306","J01E",-0.385499435019194
"3307","J01E",-0.135482382285231
"3308","J01E",-0.190669308157859
"3309","J01E",-0.393274629013146
"3310","J01E",0.18484479849963
"3311","J01E",-0.0917536015330719
"3312","J01E",-0.199097587869149
"3313","J01E",0.117202975651451
"3314","J01E",-0.395388232331391
"3315","J01E",-0.252889490597604
"3316","J01E",0.0572905702305909
"3317","J01E",-0.0623362896710691
"3318","J01E",-0.119445047792325
"3319","J01E",-0.244712006177818
"3320","J01E",-0.506470951334602
"3321","J01E",0.0245845365754561
"3322","J01E",0.245514994639025
"3323","J01E",-0.0259105601415799
"3324","J01E",-0.245258834494826
"3325","J01E",-0.305867500382309
"3326","J01E",-0.22521761353279
"3327","J01E",-0.0560195007585593
"3328","J01E",0.108719476772623
"3329","J01E",-0.04918827060336
"3330","J01E",-0.110163912321017
"3331","J01E",0.00960239203426086
"3332","J01E",-0.161077980777443
"3333","J01E",-0.655632719527584
"3334","J01E",-0.206018513539316
"3335","J01E",0.0757551126257235
"3336","J01E",-0.0829109883862644
"3337","J01E",-0.0354289660558412
"3338","J01E",-0.113127304810854
"3339","J01E",-0.0997522238382028
"3340","J01E",-0.298977317178288
"3341","J01E",-0.277970145549378
"3342","J01E",-0.0167836390106833
"3343","J01E",-0.0935433671699887
"3344","J01E",-0.00327368969295599
"3345","J01E",-0.0970543813936634
"3346","J01E",0.0770992934282007
"3347","J01E",-0.156077885505616
"3348","J01E",-0.30126833397616
"3349","J01E",-0.214188561276115
"3350","J01E",-0.311331769658374
"3351","J01E",-0.00853376902061978
"3352","J01E",-0.261193116435687
"3353","J01E",-0.286151789164221
"3354","J01E",0.0163753572171582
"3355","J01E",-0.0413522721287579
"3356","J01E",0.0545620387306426
"3357","J01E",-0.110364330062479
"3358","J01E",0.0807820439956847
"3359","J01E",-0.491950399865886
"3360","J01E",-0.00585181957907311
"3361","J01E",-0.438431813778965
"3362","J01E",0.0437361688632706
"3363","J01E",-0.32484688852096
"3364","J01E",-0.266549407449741
"3365","J01E",0.0965777622314276
"3366","J01E",0.0796108957143829
"3367","J01E",0.348418550896979
"3368","J01E",-0.694431095656359
"3369","J01E",-0.569070124455557
"3370","J01E",-0.327258585276295
"3371","J01E",0.193239454900585
"3372","J01E",-0.231028106941659
"3373","J01E",-0.3471240732864
"3374","J01E",-0.132805205922401
"3375","J01E",0.171406012100592
"3376","J01E",-0.184514694592887
"3377","J01E",-0.104931819797763
"3378","J01E",-0.093962474966308
"3379","J01E",-0.311112852225102
"3380","J01E",-0.124096994494664
"3381","J01E",-0.167323806657969
"3382","J01E",0.0989490681226082
"3383","J01E",-0.186755073621284
"3384","J01E",-0.268989517507674
"3385","J01E",-0.0879847762764156
"3386","J01E",-0.0822997176818047
"3387","J01E",0.20741027723137
"3388","J01E",-0.350749007470404
"3389","J01E",-0.374018231017927
"3390","J01E",-0.375696421370251
"3391","J01E",-0.225045517054574
"3392","J01E",-0.0957116384135507
"3393","J01E",0.162477101699493
"3394","J01E",-0.270990479131814
"3395","J01E",-0.188172813307314
"3396","J01E",-0.0313070945377855
"3397","J01E",-0.264045639386449
"3398","J01E",-0.372885669125342
"3399","J01E",-0.243014826152672
"3400","J01E",0.0547676462217868
"3401","J01E",0.0902476728315134
"3402","J01E",-0.106262024394633
"3403","J01E",-0.170056736250127
"3404","J01E",-0.0937070650419121
"3405","J01E",-0.000140904052250146
"3406","J01E",-0.422366963780941
"3407","J01E",0.104773105644975
"3408","J01E",-0.0984179970414083
"3409","J01E",-0.403673293452576
"3410","J01E",-0.63785258134881
"3411","J01E",-0.0402132353905326
"3412","J01E",-0.0385821048700678
"3413","J01E",-0.16519544388799
"3414","J01E",-0.217795214201213
"3415","J01E",-0.567144844026105
"3416","J01E",0.137871701637904
"3417","J01E",-0.257621654609416
"3418","J01E",-0.100973459513473
"3419","J01E",0.173149483696294
"3420","J01E",-0.652992845142696
"3421","J01E",-0.00224597497778477
"3422","J01E",-0.164729705842723
"3423","J01E",0.109628606728855
"3424","J01E",0.00424757038092046
"3425","J01E",0.12101345628426
"3426","J01E",-0.383502141293498
"3427","J01E",-0.053066717339957
"3428","J01E",0.0646833625199759
"3429","J01E",-0.355235415453472
"3430","J01E",-0.29014574074226
"3431","J01E",-0.0356622476531113
"3432","J01E",-0.0194058222420073
"3433","J01E",0.229396809550197
"3434","J01E",0.172991404908565
"3435","J01E",-0.290629794977935
"3436","J01E",0.0464872968896887
"3437","J01E",-0.123484936773046
"3438","J01E",0.151381636724213
"3439","J01E",-0.0910462024862819
"3440","J01E",-0.0337429307290061
"3441","J01E",-0.07630866073091
"3442","J01E",-0.174658208255009
"3443","J01E",0.0672326792397636
"3444","J01E",0.323317767086975
"3445","J01E",-0.439393278714588
"3446","J01E",-0.224966771222638
"3447","J01E",-0.142455474635802
"3448","J01E",-0.0769813034195735
"3449","J01E",-0.310493119977174
"3450","J01E",0.11151247960815
"3451","J01E",0.0401509098913885
"3452","J01E",0.0814287774419924
"3453","J01E",-0.106246641333738
"3454","J01E",0.401864621829198
"3455","J01E",-0.40728090124698
"3456","J01E",-0.203733025487045
"3457","J01E",0.0185037536224649
"3458","J01E",0.0378443778969051
"3459","J01E",-0.158701841322468
"3460","J01E",-0.122589387700303
"3461","J01E",0.144037049707566
"3462","J01E",-0.0152980853403521
"3463","J01E",0.34100000822388
"3464","J01E",-0.118760336326069
"3465","J01E",0.159785840815108
"3466","J01E",0.19799361004986
"3467","J01E",0.0747965975419433
"3468","J01E",0.090768513253648
"3469","J01E",0.386968191529055
"3470","J01E",0.149562066671147
"3471","J01E",-0.222349511947629
"3472","J01E",-0.320971477216763
"3473","J01E",-0.409336689238448
"3474","J01E",-0.56147490486564
"3475","J01E",-0.705561163525305
"3476","J01E",-0.14517302431076
"3477","J01E",-0.643345180973586
"3478","J01E",0.0455828174663802
"3479","J01E",0.166639770336842
"3480","J01E",0.0290442426030498
"3481","J01E",-0.253760329194441
"3482","J01E",-0.179464833214157
"3483","J01E",-0.0264326274715429
"3484","J01E",-0.0712970318659147
"3485","J01E",0.418683811361124
"3486","J01E",0.193926903322691
"3487","J01E",0.0508290495273894
"3488","J01E",-0.0120627533716202
"3489","J01E",-0.128177627276743
"3490","J01E",-0.00809458430726966
"3491","J01E",-0.0913179150922763
"3492","J01E",-0.0541352437921642
"3493","J01E",-0.337180219871634
"3494","J01E",0.294123463137482
"3495","J01E",0.0768752443050269
"3496","J01E",-0.409212491519672
"3497","J01E",-0.147383864502594
"3498","J01E",-0.127553196248059
"3499","J01E",0.0886948485067918
"3500","J01E",-0.305580781739134
"3501","J01E",0.0126532191575059
"3502","J01E",-0.0180949931214388
"3503","J01E",-0.213199012647828
"3504","J01E",-0.347899792409281
"3505","J01E",-0.258732186078444
"3506","J01E",-0.0292606171425946
"3507","J01E",-0.382214634576795
"3508","J01E",-0.204087077751779
"3509","J01E",-0.794989754588013
"3510","J01E",-0.181275787824491
"3511","J01E",0.0113442351369186
"3512","J01E",0.0628797368479686
"3513","J01E",-0.367427951880974
"3514","J01E",-0.0786806225467971
"3515","J01E",-0.250443653542733
"3516","J01E",-0.238652257660544
"3517","J01E",-0.296739538244257
"3518","J01E",-0.498959170886847
"3519","J01E",-0.268297190977729
"3520","J01E",-0.0882337272782772
"3521","J01E",0.223944915851131
"3522","J01E",-0.244694264763075
"3523","J01E",-0.247887861036334
"3524","J01E",-0.250495728275886
"3525","J01E",-0.21792767906022
"3526","J01E",-0.515188959753202
"3527","J01E",-0.00378317094175313
"3528","J01E",0.0511936052902943
"3529","J01E",-0.123573933351928
"3530","J01E",-0.342673680787992
"3531","J01E",0.061461883664509
"3532","J01E",-0.0517081085734255
"3533","J01E",0.138428718432529
"3534","J01E",-0.265477251739555
"3535","J01E",0.204561395727159
"3536","J01E",-0.291480959021015
"3537","J01E",-0.300897481617821
"3538","J01E",-0.301113206443659
"3539","J01E",-0.261754121593732
"3540","J01E",-0.261467245872922
"3541","J01E",0.00195108023460739
"3542","J01E",-0.10696244148532
"3543","J01E",-0.23920722523699
"3544","J01E",0.0664779363766273
"3545","J01E",-0.0555328382992691
"3546","J01E",0.0151488881841448
"3547","J01E",-0.168765634785837
"3548","J01E",0.506958391077828
"3549","J01E",-0.279605811397901
"3550","J01E",-0.787218551970646
"3551","J01E",-0.0247481656928663
"3552","J01E",-0.129043153106388
"3553","J01E",-0.223203405977843
"3554","J01E",-0.567221412460451
"3555","J01E",-0.0714734764874563
"3556","J01E",-0.316607160074366
"3557","J01E",0.440662878089096
"3558","J01E",-0.183946756443899
"3559","J01E",-0.148296679299838
"3560","J01E",-0.0812940059678807
"3561","J01E",-0.0406926690397545
"3562","J01E",-0.00210525756348349
"3563","J01E",0.162625578878983
"3564","J01E",0.302478221004304
"3565","J01E",-0.0949755852789468
"3566","J01E",-0.15821872981265
"3567","J01E",-0.149965302130934
"3568","J01E",-0.193672071447555
"3569","J01E",-0.13217011438998
"3570","J01E",-0.0195769942832551
"3571","J01E",-0.0642541243953406
"3572","J01E",-0.285502532255075
"3573","J01E",-0.0214215058045725
"3574","J01E",-0.0449559132180307
"3575","J01E",-0.505454508414296
"3576","J01E",-0.237130034274258
"3577","J01E",-0.198031470670578
"3578","J01E",-0.241531858024438
"3579","J01E",-0.162156830081492
"3580","J01E",-0.0327977233543317
"3581","J01E",0.0430604461764306
"3582","J01E",-0.223384531308107
"3583","J01E",0.0769196187173945
"3584","J01E",0.101379956562652
"3585","J01E",-0.0717774671883094
"3586","J01E",-0.0165403356490897
"3587","J01E",-0.0243022345051454
"3588","J01E",0.349355744182592
"3589","J01E",-0.189652238634993
"3590","J01E",0.281120256938611
"3591","J01E",-0.162692118740134
"3592","J01E",0.0602461369464214
"3593","J01E",0.131010435729676
"3594","J01E",-0.308567044335269
"3595","J01E",0.0498597906710965
"3596","J01E",0.0228240404455545
"3597","J01E",-0.0704426524472665
"3598","J01E",-0.031171967253454
"3599","J01E",0.276998649757542
"3600","J01E",0.216033611854968
"3601","J01E",-0.0838804796356956
"3602","J01E",-0.214309034534328
"3603","J01E",0.170881007575451
"3604","J01E",0.200664833146932
"3605","J01E",-0.203358476156265
"3606","J01E",-0.046796294409166
"3607","J01E",-0.0168221892694582
"3608","J01E",-0.326552989453133
"3609","J01E",-0.308716930448681
"3610","J01E",-0.00316355349287684
"3611","J01E",0.206564341524954
"3612","J01E",0.0371255630999017
"3613","J01E",-0.00482012467565059
"3614","J01E",-0.193441761099157
"3615","J01E",-0.374617007180615
"3616","J01E",-0.0774353151962474
"3617","J01E",-0.573465497239708
"3618","J01E",-0.235349624161135
"3619","J01E",-0.0069034463260866
"3620","J01E",-0.193576673953851
"3621","J01E",-0.00217203434534794
"3622","J01E",-0.0488862786359392
"3623","J01E",0.266516605926249
"3624","J01E",-0.066869541893708
"3625","J01E",-0.0338751346123517
"3626","J01E",-0.203112249803923
"3627","J01E",0.113706946835665
"3628","J01E",0.154322863058943
"3629","J01E",-0.13303143532497
"3630","J01E",0.0688017518775393
"3631","J01E",0.0183312686434155
"3632","J01E",-0.29196257678488
"3633","J01E",-0.321536878613585
"3634","J01E",-0.419894572539835
"3635","J01E",-0.065571629885245
"3636","J01E",0.166069116286366
"3637","J01E",0.0657912000531392
"3638","J01E",-0.00106775221888632
"3639","J01E",-0.0917462619011235
"3640","J01E",-0.0360132024683593
"3641","J01E",-0.0206956997288774
"3642","J01E",-0.452788352987934
"3643","J01E",-0.117208480293288
"3644","J01E",0.110062160779877
"3645","J01E",-0.0514380889298709
"3646","J01E",0.223016972441521
"3647","J01E",-0.0988668812312713
"3648","J01E",0.0846211605316321
"3649","J01E",0.116277767684729
"3650","J01E",0.363333009319649
"3651","J01E",-0.407227676663439
"3652","J01E",-0.0237981139783774
"3653","J01E",-0.161550323680896
"3654","J01E",-0.197906200808778
"3655","J01E",-0.0279114874520395
"3656","J01E",-0.216933010002
"3657","J01E",-0.273832478168042
"3658","J01E",0.199307506883076
"3659","J01E",-0.0886883001142085
"3660","J01E",-0.255911684953944
"3661","J01E",-0.372252814123251
"3662","J01E",-0.1958728797614
"3663","J01E",-0.202104423104588
"3664","J01E",-0.265587248900602
"3665","J01E",-0.0336389321651252
"3666","J01E",-0.11579026953054
"3667","J01E",0.0297931300696931
"3668","J01E",-0.131301946179508
"3669","J01E",-0.353664818532756
"3670","J01E",-0.28570418095544
"3671","J01E",0.0587895773980196
"3672","J01E",-0.152353765965801
"3673","J01E",0.143125235112863
"3674","J01E",0.189080761836106
"3675","J01E",-0.00803032000395689
"3676","J01E",0.0709511624791752
"3677","J01E",-0.195338867191689
"3678","J01E",-0.23624019510833
"3679","J01E",-0.109784431421667
"3680","J01E",-0.0903093582220891
"3681","J01E",0.369891259469562
"3682","J01E",-0.118453043448004
"3683","J01E",-0.320062924896132
"3684","J01E",-0.305212932203587
"3685","J01E",-0.324843091008305
"3686","J01E",0.160076531567671
"3687","J01E",-0.264833342100729
"3688","J01E",-0.176792530523758
"3689","J01E",-0.197141240028029
"3690","J01E",-0.18036424766099
"3691","J01E",0.0297473152435774
"3692","J01E",0.192362588723179
"3693","J01E",-0.0988795815407549
"3694","J01E",-0.0668364476336125
"3695","J01E",-0.085934437880285
"3696","J01E",-0.510185686829866
"3697","J01E",-0.369335768293215
"3698","J01E",0.0564987342155065
"3699","J01E",-0.330239403416601
"3700","J01E",0.106069893383295
"3701","J01E",0.0865591177693957
"3702","J01E",0.0711947428300293
"3703","J01E",-0.0333067967015938
"3704","J01E",-0.0411558040301869
"3705","J01E",-0.393606924075042
"3706","J01E",0.0468280089295987
"3707","J01E",-0.158670694196723
"3708","J01E",0.00401229669489647
"3709","J01E",-0.119932362288897
"3710","J01E",-0.157394403891454
"3711","J01E",0.193965389908756
"3712","J01E",-0.247851662172062
"3713","J01E",0.390860337244629
"3714","J01E",-0.419062091938575
"3715","J01E",0.0343465737838923
"3716","J01E",-0.347247961923057
"3717","J01E",0.359438111017089
"3718","J01E",-0.853988464195982
"3719","J01E",-0.111116199023445
"3720","J01E",0.0592684074800236
"3721","J01E",-0.117545603587562
"3722","J01E",-0.354177932831015
"3723","J01E",0.00733228607388786
"3724","J01E",-0.492986736034637
"3725","J01E",-0.16131154657335
"3726","J01E",-0.0705266003308945
"3727","J01E",0.0285293727280239
"3728","J01E",0.172321754465541
"3729","J01E",-0.0497400760689655
"3730","J01E",-0.0533038839852981
"3731","J01E",-0.291550409119308
"3732","J01E",0.00571739393901661
"3733","J01E",-0.0207968386851298
"3734","J01E",0.212128739214319
"3735","J01E",0.0411735369658715
"3736","J01E",-0.144683233843348
"3737","J01E",0.0439216872259773
"3738","J01E",0.1469849662786
"3739","J01E",0.0236882702570231
"3740","J01E",0.0150760638898012
"3741","J01E",-0.0912693120603218
"3742","J01E",-0.207352013959101
"3743","J01E",-0.219682574664721
"3744","J01E",-0.242380558101427
"3745","J01E",-0.126033014301762
"3746","J01E",0.24804701891629
"3747","J01E",-0.243921005486241
"3748","J01E",-0.173039833149961
"3749","J01E",-0.402115680282358
"3750","J01E",-0.192222127777092
"3751","J01E",0.332838288997118
"3752","J01E",-0.0217057158034479
"3753","J01E",-0.0840886972259992
"3754","J01E",-0.331164804804248
"3755","J01E",0.0160102390898488
"3756","J01E",-0.353472546576258
"3757","J01E",-0.11273776936804
"3758","J01E",-0.0790492096936635
"3759","J01E",-0.0970120481429946
"3760","J01E",0.00467026403524158
"3761","J01E",-0.248851217717518
"3762","J01E",-0.12874097121555
"3763","J01E",-0.0945174945189611
"3764","J01E",-0.124343766005921
"3765","J01E",0.04320982476087
"3766","J01E",0.0183627608658755
"3767","J01E",-0.0810909478333707
"3768","J01E",0.209623521473388
"3769","J01E",-0.0830344991788127
"3770","J01E",-0.328026272436801
"3771","J01E",-0.211522188755751
"3772","J01E",0.0421816954656856
"3773","J01E",-0.12342399421242
"3774","J01E",-0.3071037360733
"3775","J01E",0.131804606344062
"3776","J01E",-0.0136190810590303
"3777","J01E",0.123145894484093
"3778","J01E",-0.114478185875945
"3779","J01E",-0.0745694131210815
"3780","J01E",-0.504908129598359
"3781","J01E",0.0675292344088215
"3782","J01E",0.566313476898696
"3783","J01E",-0.346891159024158
"3784","J01E",0.136609956090698
"3785","J01E",0.172802191807928
"3786","J01E",-0.0283394350047206
"3787","J01E",0.0175803838862985
"3788","J01E",0.212342472767331
"3789","J01E",-0.0133488567717962
"3790","J01E",-0.254874383426521
"3791","J01E",-0.100773817272378
"3792","J01E",-0.343805383332892
"3793","J01E",-0.2315388281391
"3794","J01E",-0.297383238489082
"3795","J01E",-0.427402004601007
"3796","J01E",-0.106014105637381
"3797","J01E",-0.331084907326917
"3798","J01E",-0.342890094514514
"3799","J01E",-0.439770253532889
"3800","J01E",0.0430408112402482
"3801","J01E",-0.24167505835346
"3802","J01E",0.105580990888747
"3803","J01E",-0.154420216572699
"3804","J01E",-0.122038117156421
"3805","J01E",-0.254674331979339
"3806","J01E",0.105212456385748
"3807","J01E",0.121652628877621
"3808","J01E",-0.641202393563313
"3809","J01E",-0.122664327582661
"3810","J01E",-0.209881431772214
"3811","J01E",-0.434145099131746
"3812","J01E",0.0065844480561694
"3813","J01E",0.306223873633331
"3814","J01E",-0.131861796410295
"3815","J01E",-0.169930871842609
"3816","J01E",0.0621952258625982
"3817","J01E",-0.334650974857784
"3818","J01E",0.150801284314046
"3819","J01E",-0.0233942989392103
"3820","J01E",-0.186213006735271
"3821","J01E",0.00832086839142386
"3822","J01E",0.121780047603891
"3823","J01E",-0.0295861805254205
"3824","J01E",0.0647566235742635
"3825","J01E",-0.0133817240360841
"3826","J01E",-0.37033406212981
"3827","J01E",-0.117171318691
"3828","J01E",0.119768110044398
"3829","J01E",-0.277669791082881
"3830","J01E",-0.295371726038386
"3831","J01E",-0.255272537212966
"3832","J01E",0.140009314905636
"3833","J01E",0.0554627278487322
"3834","J01E",-0.321647844561444
"3835","J01E",0.148599040747737
"3836","J01E",-0.450965968647121
"3837","J01E",0.0202242397745993
"3838","J01E",-0.170681286846819
"3839","J01E",0.029439782803982
"3840","J01E",-0.232291585530828
"3841","J01E",0.187936754738655
"3842","J01E",0.184183364554503
"3843","J01E",-0.0395454438783704
"3844","J01E",-0.083911246588219
"3845","J01E",-0.221909324788519
"3846","J01E",0.137414115627622
"3847","J01E",-0.271933043741422
"3848","J01E",-0.457926060119821
"3849","J01E",-0.120907579587212
"3850","J01E",-0.297357170413839
"3851","J01E",-0.374170137803678
"3852","J01E",-0.132386303634255
"3853","J01E",0.0521841171811758
"3854","J01E",-0.201661924228463
"3855","J01E",-0.0947192843964376
"3856","J01E",-0.165613619054034
"3857","J01E",-0.0253133224295457
"3858","J01E",0.186624933819153
"3859","J01E",0.31256775706266
"3860","J01E",-0.0428176585551028
"3861","J01E",-0.265809843357444
"3862","J01E",-0.202241793734546
"3863","J01E",-0.195670995956721
"3864","J01E",-0.0158212660245747
"3865","J01E",-0.145918076340041
"3866","J01E",-0.16909268083417
"3867","J01E",0.111835581604585
"3868","J01E",-0.604001352164049
"3869","J01E",0.0291688889576325
"3870","J01E",-0.512467846582419
"3871","J01E",-0.0906215212598104
"3872","J01E",0.238787074359287
"3873","J01E",-0.203711929012737
"3874","J01E",-0.0629010882211576
"3875","J01E",-0.368049491071257
"3876","J01E",0.256886905088056
"3877","J01E",-0.382687485481486
"3878","J01E",-0.288286815000066
"3879","J01E",-0.300587167353266
"3880","J01E",0.130514589951587
"3881","J01E",0.0207326692066818
"3882","J01E",-0.303067592063168
"3883","J01E",-0.104860864179554
"3884","J01E",-0.241771338589396
"3885","J01E",-0.103916597471565
"3886","J01E",0.418430038184357
"3887","J01E",-0.0150021811081977
"3888","J01E",-0.0402647652521161
"3889","J01E",0.252552096776445
"3890","J01E",0.0484018442385214
"3891","J01E",-0.092751764631379
"3892","J01E",-0.0912949881866964
"3893","J01E",-0.36547949060232
"3894","J01E",-0.0674364562232251
"3895","J01E",0.156195557477433
"3896","J01E",-0.183409351518814
"3897","J01E",-0.136354267417339
"3898","J01E",0.0475587490316425
"3899","J01E",0.114682666472741
"3900","J01E",-0.0210114214051695
"3901","J01E",0.256220541947364
"3902","J01E",-0.0373440758441064
"3903","J01E",-0.0678887357347969
"3904","J01E",-0.0977229779829183
"3905","J01E",-0.137187289461814
"3906","J01E",-0.181353930777148
"3907","J01E",-0.0349840350992105
"3908","J01E",-0.166384640568144
"3909","J01E",-0.734979885647466
"3910","J01E",-0.428829886243674
"3911","J01E",-0.128113502770167
"3912","J01E",-0.209000473302549
"3913","J01E",-0.0556614515895122
"3914","J01E",-0.0664666318038295
"3915","J01E",-0.448772526444047
"3916","J01E",-0.270636700298794
"3917","J01E",0.076264035949909
"3918","J01E",-0.0422910133168324
"3919","J01E",0.115581071655059
"3920","J01E",0.0710557260534525
"3921","J01E",-0.275764688107067
"3922","J01E",-0.1425516332946
"3923","J01E",0.202165073271438
"3924","J01E",-0.017505954233639
"3925","J01E",-0.181478900773793
"3926","J01E",0.213109070009634
"3927","J01E",-0.107212723164833
"3928","J01E",0.00250605710027586
"3929","J01E",-0.000129030130123736
"3930","J01E",0.0115595002277292
"3931","J01E",-0.0293381286277072
"3932","J01E",0.386229020493333
"3933","J01E",0.131133475497376
"3934","J01E",0.129843520592253
"3935","J01E",-0.0299125888037375
"3936","J01E",-0.00544015288552736
"3937","J01E",0.246951208268267
"3938","J01E",-0.211919362522457
"3939","J01E",-0.35301612914315
"3940","J01E",-0.17657051599693
"3941","J01E",-0.183138011573937
"3942","J01E",0.109791687645788
"3943","J01E",-0.227583185323266
"3944","J01E",-0.140625041809537
"3945","J01E",0.284991519288077
"3946","J01E",-0.106947492727154
"3947","J01E",-0.228289609391124
"3948","J01E",-0.0151874025659627
"3949","J01E",-0.412287593051749
"3950","J01E",0.109370432890657
"3951","J01E",-0.51286351145067
"3952","J01E",0.235823851815559
"3953","J01E",-0.159359796267757
"3954","J01E",0.19214911463372
"3955","J01E",-0.338327529662318
"3956","J01E",0.10765007777443
"3957","J01E",-0.0684523151331353
"3958","J01E",-0.049129111832024
"3959","J01E",-0.206423795599157
"3960","J01E",-0.335881981848893
"3961","J01E",0.344532526669146
"3962","J01E",-0.111203148620703
"3963","J01E",-0.347413080538703
"3964","J01E",-0.275732876407951
"3965","J01E",-0.258037920444693
"3966","J01E",0.25945999914518
"3967","J01E",0.0859320218063464
"3968","J01E",0.178668358944848
"3969","J01E",0.127278449494555
"3970","J01E",-0.049549673294175
"3971","J01E",-0.117514187984884
"3972","J01E",-0.196962377666965
"3973","J01E",-0.35458822458636
"3974","J01E",-0.278615037208098
"3975","J01E",0.0120200294062063
"3976","J01E",0.219243955435925
"3977","J01E",-0.0876856484435226
"3978","J01E",-0.297882197597121
"3979","J01E",-0.144255332850894
"3980","J01E",0.286015551133461
"3981","J01E",0.261439948408296
"3982","J01E",0.126336618446518
"3983","J01E",0.045014193577898
"3984","J01E",-0.00753904230709
"3985","J01E",0.138819375407299
"3986","J01E",-0.404637198952643
"3987","J01E",-0.112760406805172
"3988","J01E",-0.311273462870495
"3989","J01E",-0.23071593398981
"3990","J01E",-0.1130067165814
"3991","J01E",-0.0321895347798496
"3992","J01E",0.345813639922869
"3993","J01E",-0.404155728376764
"3994","J01E",-0.0439891687114516
"3995","J01E",-0.299380550047244
"3996","J01E",-0.262084570315127
"3997","J01E",0.0908437484364196
"3998","J01E",-0.281535682468244
"3999","J01E",-0.077293965120769
"4000","J01E",-0.271507761704997
"4001","J01F",0.991704502219645
"4002","J01F",0.756249858279969
"4003","J01F",0.724908568116525
"4004","J01F",0.86273818259765
"4005","J01F",0.716222313870847
"4006","J01F",0.611476256403776
"4007","J01F",0.738936273561002
"4008","J01F",0.764419643701906
"4009","J01F",0.990760605285948
"4010","J01F",0.799639201656833
"4011","J01F",1.13227873334718
"4012","J01F",0.834787519093064
"4013","J01F",0.803789543857072
"4014","J01F",0.625253846255732
"4015","J01F",0.877792533969377
"4016","J01F",0.748351303428441
"4017","J01F",1.09729640619037
"4018","J01F",0.794320187950833
"4019","J01F",0.927098977340073
"4020","J01F",0.605698989164489
"4021","J01F",0.966619263026797
"4022","J01F",0.796951587659534
"4023","J01F",0.867670748484574
"4024","J01F",0.968055857062378
"4025","J01F",0.825735936813571
"4026","J01F",0.743535460089134
"4027","J01F",0.967986440357175
"4028","J01F",0.836402783059715
"4029","J01F",1.01336062210877
"4030","J01F",0.926300793358562
"4031","J01F",0.58580630023103
"4032","J01F",0.833666008623692
"4033","J01F",0.60186436221774
"4034","J01F",0.282648621045414
"4035","J01F",0.639847748933796
"4036","J01F",0.852701692535347
"4037","J01F",0.712128684941803
"4038","J01F",0.782770332004819
"4039","J01F",0.707280303207612
"4040","J01F",0.789104539561711
"4041","J01F",0.768179574829276
"4042","J01F",0.699952162042236
"4043","J01F",0.734750799618668
"4044","J01F",0.639776899447016
"4045","J01F",0.850028520612434
"4046","J01F",0.848126932930997
"4047","J01F",1.01958669162269
"4048","J01F",0.938715407391915
"4049","J01F",0.844294249268528
"4050","J01F",0.782366307893452
"4051","J01F",0.683066694642979
"4052","J01F",0.55056972906037
"4053","J01F",0.741417171334703
"4054","J01F",1.12290928863398
"4055","J01F",0.803610840908933
"4056","J01F",1.17286860855755
"4057","J01F",0.63376227202541
"4058","J01F",0.461216039501228
"4059","J01F",0.741251674725903
"4060","J01F",0.858939512222542
"4061","J01F",0.902148664311614
"4062","J01F",0.871107258463952
"4063","J01F",0.856806291883455
"4064","J01F",0.670400902075933
"4065","J01F",0.913845460859281
"4066","J01F",0.938334063014106
"4067","J01F",0.78313516603526
"4068","J01F",0.886989943906737
"4069","J01F",0.738116611643559
"4070","J01F",0.615520414217196
"4071","J01F",0.804022682119546
"4072","J01F",0.806610952394527
"4073","J01F",0.427609178252775
"4074","J01F",0.904600388526199
"4075","J01F",0.793505428897383
"4076","J01F",0.903996347976376
"4077","J01F",0.807803184217668
"4078","J01F",0.667043118637525
"4079","J01F",0.98310322380302
"4080","J01F",1.01264633709746
"4081","J01F",0.642576941287512
"4082","J01F",0.669446229934361
"4083","J01F",1.00047479784964
"4084","J01F",0.722415207490592
"4085","J01F",0.809066198511825
"4086","J01F",0.932225585122187
"4087","J01F",0.69362530176762
"4088","J01F",0.833431437745217
"4089","J01F",0.711871434856273
"4090","J01F",0.95110226548376
"4091","J01F",0.96739892755611
"4092","J01F",0.848027833575173
"4093","J01F",0.891963375782135
"4094","J01F",0.718910046560116
"4095","J01F",1.25122579552553
"4096","J01F",0.88928123180515
"4097","J01F",1.00709062959763
"4098","J01F",0.965850667947838
"4099","J01F",1.067435847629
"4100","J01F",0.834386751909213
"4101","J01F",0.851995995044912
"4102","J01F",1.12447985660103
"4103","J01F",0.787502276849881
"4104","J01F",0.706247799931604
"4105","J01F",0.877581158001566
"4106","J01F",0.901330325589562
"4107","J01F",0.832779159126577
"4108","J01F",0.781952613960675
"4109","J01F",0.938165459995827
"4110","J01F",1.18403606909153
"4111","J01F",0.877445540930834
"4112","J01F",0.861022116718183
"4113","J01F",0.976677928871281
"4114","J01F",0.785422598229823
"4115","J01F",0.687097629740514
"4116","J01F",0.869339128233529
"4117","J01F",0.371075969590887
"4118","J01F",0.640833209496066
"4119","J01F",0.714478904240825
"4120","J01F",0.982482336919214
"4121","J01F",0.486160699640482
"4122","J01F",0.796402707478632
"4123","J01F",0.668101075885331
"4124","J01F",0.809990280431781
"4125","J01F",0.883342820830076
"4126","J01F",1.04280696626044
"4127","J01F",0.647143754387967
"4128","J01F",0.826414207502616
"4129","J01F",0.75528184617956
"4130","J01F",1.0990282860959
"4131","J01F",0.727620300853433
"4132","J01F",0.687394148112333
"4133","J01F",0.899097023863001
"4134","J01F",0.417326669519365
"4135","J01F",0.94702364213754
"4136","J01F",0.772620531119416
"4137","J01F",0.79387469743096
"4138","J01F",0.663464807529661
"4139","J01F",0.639304231111951
"4140","J01F",0.822840130730247
"4141","J01F",0.864226239924339
"4142","J01F",0.89486241380354
"4143","J01F",0.799096776325935
"4144","J01F",0.528272893683675
"4145","J01F",0.878652603445316
"4146","J01F",1.14390708448049
"4147","J01F",0.673415037472588
"4148","J01F",0.873016815374114
"4149","J01F",0.746034252323063
"4150","J01F",0.862676163673609
"4151","J01F",0.575015916236717
"4152","J01F",0.911317851565329
"4153","J01F",1.06934465111915
"4154","J01F",0.487281458680774
"4155","J01F",0.981540684339579
"4156","J01F",0.901030394854302
"4157","J01F",0.656242959534557
"4158","J01F",0.788670363958309
"4159","J01F",1.03299889398212
"4160","J01F",0.701948304499329
"4161","J01F",1.14169066019562
"4162","J01F",0.820907212954809
"4163","J01F",0.940664118485067
"4164","J01F",0.785834163987498
"4165","J01F",0.949565564626287
"4166","J01F",0.709079995672654
"4167","J01F",0.599363581893717
"4168","J01F",1.03964872498205
"4169","J01F",0.463252790177529
"4170","J01F",1.06890025521959
"4171","J01F",0.638668730201783
"4172","J01F",0.962560231996905
"4173","J01F",0.985304568138114
"4174","J01F",0.88734046404507
"4175","J01F",0.79102036738021
"4176","J01F",0.802274289250924
"4177","J01F",1.07833856156632
"4178","J01F",0.906141400317061
"4179","J01F",0.597727673732155
"4180","J01F",0.990997955651231
"4181","J01F",0.872200521209229
"4182","J01F",0.595979268842602
"4183","J01F",0.863435373216551
"4184","J01F",0.521037140433827
"4185","J01F",1.0138745200691
"4186","J01F",0.325009804705973
"4187","J01F",0.909115065173627
"4188","J01F",0.773606309869807
"4189","J01F",0.77643785720652
"4190","J01F",1.08581615925709
"4191","J01F",0.880507212832295
"4192","J01F",0.636764032753993
"4193","J01F",0.717365168364326
"4194","J01F",0.654872363234697
"4195","J01F",0.853450012496113
"4196","J01F",0.919909989313497
"4197","J01F",0.726402808267967
"4198","J01F",0.897267999156773
"4199","J01F",1.01790764107966
"4200","J01F",1.04885547349412
"4201","J01F",0.902026271480781
"4202","J01F",0.718661808489653
"4203","J01F",0.813381462748101
"4204","J01F",0.834635700055521
"4205","J01F",0.704532822995897
"4206","J01F",0.772865086930736
"4207","J01F",0.773836367467146
"4208","J01F",0.991732361931946
"4209","J01F",0.786818699476744
"4210","J01F",0.781368273878788
"4211","J01F",0.941654730944859
"4212","J01F",0.570017214558085
"4213","J01F",0.944058717486125
"4214","J01F",1.09503432605113
"4215","J01F",0.891539414200584
"4216","J01F",0.732749819512855
"4217","J01F",0.895405639112352
"4218","J01F",0.710026922375545
"4219","J01F",0.85900193167784
"4220","J01F",1.01476484679286
"4221","J01F",0.46749554956099
"4222","J01F",0.808127187461411
"4223","J01F",0.949939415722872
"4224","J01F",0.896132268237999
"4225","J01F",0.849953867050764
"4226","J01F",0.738369217439867
"4227","J01F",0.859816280393883
"4228","J01F",0.767894560364777
"4229","J01F",1.02151522566994
"4230","J01F",1.10056297334907
"4231","J01F",0.670662169127624
"4232","J01F",0.766940328324345
"4233","J01F",0.922967355973905
"4234","J01F",0.611747329348707
"4235","J01F",0.761536912244824
"4236","J01F",0.813633770073648
"4237","J01F",1.05331887259513
"4238","J01F",0.85201241485904
"4239","J01F",0.839920613498757
"4240","J01F",0.588004410919448
"4241","J01F",0.545944588285501
"4242","J01F",0.934086650439425
"4243","J01F",0.890625835463895
"4244","J01F",0.705923837314627
"4245","J01F",0.789072275228108
"4246","J01F",1.01364493567804
"4247","J01F",0.546486549256836
"4248","J01F",0.70933128716795
"4249","J01F",0.7469355499947
"4250","J01F",0.996964260218706
"4251","J01F",1.00019126116904
"4252","J01F",1.04525583556368
"4253","J01F",0.719560723346883
"4254","J01F",0.937100115593055
"4255","J01F",0.688468653572668
"4256","J01F",0.908473829931366
"4257","J01F",0.810859121216353
"4258","J01F",0.767910786631575
"4259","J01F",0.477594301229399
"4260","J01F",0.580819450550247
"4261","J01F",0.794673840471146
"4262","J01F",0.688460602310271
"4263","J01F",0.995871088363062
"4264","J01F",0.927723791373189
"4265","J01F",1.00490630776305
"4266","J01F",0.860309960895806
"4267","J01F",1.0300765385949
"4268","J01F",0.836055613863249
"4269","J01F",0.637075515963632
"4270","J01F",0.87346659385246
"4271","J01F",0.979495195170917
"4272","J01F",0.941073688434561
"4273","J01F",0.840875364706124
"4274","J01F",0.669916533545889
"4275","J01F",0.952349529051656
"4276","J01F",0.987334363141966
"4277","J01F",1.04841733953894
"4278","J01F",0.916617366464314
"4279","J01F",0.902404241332823
"4280","J01F",0.989815641015053
"4281","J01F",1.04529751469471
"4282","J01F",0.989452041392984
"4283","J01F",1.00580037928495
"4284","J01F",0.738220054292258
"4285","J01F",0.880265625573764
"4286","J01F",0.843407681780026
"4287","J01F",0.94609227323692
"4288","J01F",1.07294719649057
"4289","J01F",0.932772726883721
"4290","J01F",1.06981475143077
"4291","J01F",0.893755054271612
"4292","J01F",0.714104397690872
"4293","J01F",1.07354913815819
"4294","J01F",0.649284940403119
"4295","J01F",0.870263885677154
"4296","J01F",0.684806859380019
"4297","J01F",0.6163170467507
"4298","J01F",0.681781073088564
"4299","J01F",0.890724086590895
"4300","J01F",0.920897088738308
"4301","J01F",0.628419555962774
"4302","J01F",0.474506666023602
"4303","J01F",0.770306579192498
"4304","J01F",0.897456400979564
"4305","J01F",1.03824068404361
"4306","J01F",0.94896238769961
"4307","J01F",0.831553500364115
"4308","J01F",0.878312861960995
"4309","J01F",0.559482160619248
"4310","J01F",1.06037891492321
"4311","J01F",0.94975149111521
"4312","J01F",0.465799791984392
"4313","J01F",1.06336100888256
"4314","J01F",0.892898588614858
"4315","J01F",0.617263709220972
"4316","J01F",0.89343957460569
"4317","J01F",0.696017543031934
"4318","J01F",0.7998849493751
"4319","J01F",0.89066730564771
"4320","J01F",1.05208580143085
"4321","J01F",1.02840998348652
"4322","J01F",0.750583935158008
"4323","J01F",0.75906954267551
"4324","J01F",0.809007428969002
"4325","J01F",0.860015303190686
"4326","J01F",1.04283403343483
"4327","J01F",0.683927897021115
"4328","J01F",1.21241847923895
"4329","J01F",0.892535561075625
"4330","J01F",0.580560496440219
"4331","J01F",0.731687788855636
"4332","J01F",0.550428225786237
"4333","J01F",0.683983796657978
"4334","J01F",1.15334147363131
"4335","J01F",0.580361513140981
"4336","J01F",0.528145702882229
"4337","J01F",1.03898681624284
"4338","J01F",0.789367993526316
"4339","J01F",1.070761618575
"4340","J01F",1.03138210882032
"4341","J01F",0.538326580931735
"4342","J01F",0.735282864842024
"4343","J01F",0.840991061689312
"4344","J01F",0.902751854664524
"4345","J01F",0.943972113204441
"4346","J01F",1.06500811507825
"4347","J01F",0.973897099177718
"4348","J01F",0.840879728238069
"4349","J01F",1.04888105800658
"4350","J01F",0.770491278887015
"4351","J01F",1.05115211273456
"4352","J01F",0.879997623053922
"4353","J01F",0.864922701932458
"4354","J01F",0.844331779047664
"4355","J01F",0.687514493190852
"4356","J01F",0.724059941888946
"4357","J01F",0.741719710126577
"4358","J01F",0.920859515701174
"4359","J01F",0.862545193765285
"4360","J01F",0.73121803753266
"4361","J01F",0.816577363273839
"4362","J01F",0.847363357505988
"4363","J01F",0.83997022104201
"4364","J01F",1.01571007982595
"4365","J01F",0.562190748038905
"4366","J01F",0.837066822485589
"4367","J01F",0.872987843927063
"4368","J01F",1.15830120743126
"4369","J01F",0.627336654300198
"4370","J01F",1.08053868309672
"4371","J01F",0.630794975121807
"4372","J01F",0.955606762404904
"4373","J01F",0.862747663897862
"4374","J01F",1.15149551234317
"4375","J01F",0.983975505111134
"4376","J01F",0.736282789287565
"4377","J01F",1.02834773680587
"4378","J01F",0.94747411269555
"4379","J01F",1.17620863198356
"4380","J01F",1.17543609547229
"4381","J01F",1.06081329840771
"4382","J01F",0.753855175041803
"4383","J01F",0.893930875296432
"4384","J01F",0.867697794806898
"4385","J01F",0.809714787001773
"4386","J01F",0.606328348335296
"4387","J01F",0.563504758825758
"4388","J01F",0.598991904718074
"4389","J01F",0.718569162201276
"4390","J01F",0.741466924856962
"4391","J01F",0.942574389717288
"4392","J01F",0.707221257679825
"4393","J01F",0.871897725908501
"4394","J01F",0.654768137883456
"4395","J01F",0.657422978331376
"4396","J01F",0.984761684191058
"4397","J01F",0.810775970317408
"4398","J01F",0.559903033766045
"4399","J01F",0.849154700863424
"4400","J01F",0.714358870941918
"4401","J01F",0.644278805749817
"4402","J01F",0.859688638188672
"4403","J01F",0.906927733190789
"4404","J01F",0.785721574191683
"4405","J01F",0.646485660665502
"4406","J01F",1.04329547503753
"4407","J01F",0.75241994829028
"4408","J01F",1.15774842126911
"4409","J01F",0.565396708087899
"4410","J01F",0.893113924187712
"4411","J01F",0.685484261434647
"4412","J01F",0.872979510058161
"4413","J01F",0.848504852785911
"4414","J01F",0.909665642725845
"4415","J01F",1.0576802926742
"4416","J01F",0.714555656408735
"4417","J01F",0.639418854356986
"4418","J01F",0.856736175125312
"4419","J01F",0.867755273443164
"4420","J01F",1.10129390175775
"4421","J01F",0.652216592361607
"4422","J01F",0.802007967853968
"4423","J01F",0.606635278540276
"4424","J01F",0.807338582020278
"4425","J01F",0.854839382829745
"4426","J01F",0.758960590186701
"4427","J01F",0.952473808341152
"4428","J01F",0.856895272936963
"4429","J01F",0.964353543379323
"4430","J01F",1.08628994012324
"4431","J01F",0.79025607695269
"4432","J01F",0.777914967396247
"4433","J01F",0.891353190853858
"4434","J01F",0.713196660562153
"4435","J01F",1.10316814932551
"4436","J01F",1.10997482615876
"4437","J01F",0.829755214781443
"4438","J01F",0.920706196102016
"4439","J01F",0.904493242882673
"4440","J01F",0.879400085169571
"4441","J01F",1.02862886333838
"4442","J01F",0.805063438827363
"4443","J01F",1.12223016082568
"4444","J01F",0.91609449705975
"4445","J01F",0.782096340373918
"4446","J01F",0.73916940312381
"4447","J01F",0.819601300602852
"4448","J01F",1.06804363658833
"4449","J01F",0.997540744984446
"4450","J01F",0.790647407765458
"4451","J01F",1.05664866789797
"4452","J01F",0.641506907605487
"4453","J01F",1.02918754184306
"4454","J01F",1.12886548684096
"4455","J01F",0.885985720819967
"4456","J01F",0.497741467694987
"4457","J01F",0.983624062641156
"4458","J01F",0.896400508049228
"4459","J01F",0.751809047473177
"4460","J01F",1.03530643130224
"4461","J01F",0.766403405053846
"4462","J01F",0.824008286389274
"4463","J01F",0.838583228118572
"4464","J01F",0.856570030655385
"4465","J01F",0.716474484815354
"4466","J01F",0.56659182262494
"4467","J01F",0.793057444838111
"4468","J01F",0.882875471457614
"4469","J01F",0.830843102266358
"4470","J01F",0.903067675978053
"4471","J01F",0.84258856723346
"4472","J01F",0.97298895723604
"4473","J01F",0.772442851527195
"4474","J01F",0.848590520744573
"4475","J01F",0.996483443868991
"4476","J01F",0.73503521885822
"4477","J01F",0.512122880578143
"4478","J01F",0.595225259173999
"4479","J01F",0.904388189106683
"4480","J01F",0.927876826362997
"4481","J01F",0.877347705566786
"4482","J01F",0.772604083709177
"4483","J01F",0.95828712776945
"4484","J01F",1.01447720620176
"4485","J01F",0.781686445262486
"4486","J01F",0.810140212591945
"4487","J01F",0.731487804103424
"4488","J01F",0.836380201681208
"4489","J01F",0.922914758587366
"4490","J01F",0.549944466776703
"4491","J01F",0.983014131483662
"4492","J01F",1.04119261783479
"4493","J01F",0.850752503350776
"4494","J01F",0.857305444554987
"4495","J01F",0.779675866180857
"4496","J01F",0.767371186109514
"4497","J01F",1.15617474489328
"4498","J01F",0.745492491466862
"4499","J01F",0.843897347746448
"4500","J01F",0.722518140013324
"4501","J01F",0.695140018675704
"4502","J01F",0.781991850746343
"4503","J01F",0.947713601090954
"4504","J01F",0.710630260039043
"4505","J01F",1.0943708378041
"4506","J01F",1.08889168172349
"4507","J01F",0.563737388225861
"4508","J01F",0.945131863503376
"4509","J01F",0.784197966370332
"4510","J01F",1.13832598515818
"4511","J01F",0.944592040285749
"4512","J01F",0.681338187378326
"4513","J01F",0.757370029963589
"4514","J01F",0.67627343420965
"4515","J01F",0.79281751148479
"4516","J01F",0.835485699558325
"4517","J01F",0.578715309270621
"4518","J01F",0.952238918183932
"4519","J01F",1.08987915142179
"4520","J01F",0.701843812644164
"4521","J01F",0.999850771621285
"4522","J01F",0.940009818538146
"4523","J01F",0.979234740590154
"4524","J01F",0.931525956447306
"4525","J01F",1.00183676972481
"4526","J01F",0.660067433108432
"4527","J01F",0.851470350058592
"4528","J01F",0.832177328770313
"4529","J01F",0.695903087078166
"4530","J01F",0.491531706708308
"4531","J01F",0.888212075148081
"4532","J01F",1.17107865970935
"4533","J01F",1.08880500055345
"4534","J01F",0.722170737539586
"4535","J01F",1.05214355799234
"4536","J01F",0.939963522420651
"4537","J01F",1.11541803977398
"4538","J01F",1.0604646510693
"4539","J01F",0.873617504896158
"4540","J01F",0.958340462000376
"4541","J01F",0.807058353266616
"4542","J01F",0.731594508625957
"4543","J01F",1.03100117964201
"4544","J01F",0.891499444654317
"4545","J01F",0.780857325221048
"4546","J01F",0.974907247222119
"4547","J01F",1.00053590782618
"4548","J01F",0.734453894728354
"4549","J01F",0.821045630720062
"4550","J01F",0.917424553594776
"4551","J01F",0.732526397930224
"4552","J01F",0.851182030941923
"4553","J01F",0.541567290891299
"4554","J01F",1.01408922853175
"4555","J01F",0.803902426121919
"4556","J01F",0.972025129956568
"4557","J01F",0.822161162425407
"4558","J01F",1.01860770857692
"4559","J01F",0.919097878859952
"4560","J01F",0.945682989962595
"4561","J01F",0.939965430713911
"4562","J01F",0.868487171261441
"4563","J01F",1.11365644367185
"4564","J01F",0.942970873044751
"4565","J01F",1.34522683269839
"4566","J01F",0.770094819849516
"4567","J01F",0.712957888664429
"4568","J01F",1.10011528811022
"4569","J01F",1.19444118424433
"4570","J01F",0.958753518325144
"4571","J01F",0.885826651062169
"4572","J01F",1.00793520874086
"4573","J01F",0.494301448500707
"4574","J01F",0.739586534404694
"4575","J01F",1.07265148296572
"4576","J01F",1.01142174464635
"4577","J01F",1.02976837125114
"4578","J01F",0.726701413675795
"4579","J01F",0.73562226440734
"4580","J01F",0.878338203517307
"4581","J01F",0.861233963640433
"4582","J01F",0.86089109515238
"4583","J01F",1.14676457130848
"4584","J01F",0.60119886633625
"4585","J01F",0.745529117292747
"4586","J01F",0.798583646071416
"4587","J01F",0.611435134251302
"4588","J01F",0.857598195307313
"4589","J01F",0.491674813757225
"4590","J01F",0.784277665270044
"4591","J01F",0.826459284038227
"4592","J01F",0.855151989276993
"4593","J01F",0.895664456215979
"4594","J01F",0.597399683933916
"4595","J01F",0.565722157026049
"4596","J01F",0.985409473312399
"4597","J01F",0.798640722055033
"4598","J01F",0.567777769554798
"4599","J01F",0.823462427273884
"4600","J01F",0.846281212731324
"4601","J01F",0.789268146300114
"4602","J01F",0.837186359073128
"4603","J01F",1.07883887444799
"4604","J01F",0.76899592156484
"4605","J01F",0.940266618141675
"4606","J01F",0.933990033628705
"4607","J01F",0.977635151178742
"4608","J01F",0.811829278359391
"4609","J01F",0.603126144530749
"4610","J01F",1.00687367642082
"4611","J01F",0.965545370950899
"4612","J01F",0.797576480964922
"4613","J01F",0.839676830418851
"4614","J01F",0.542921516547087
"4615","J01F",0.548079431446289
"4616","J01F",0.890503036219017
"4617","J01F",0.718202020279133
"4618","J01F",0.797532419669746
"4619","J01F",0.859643765810056
"4620","J01F",1.02596721644261
"4621","J01F",0.950422122111107
"4622","J01F",0.723307233413787
"4623","J01F",0.961726640614824
"4624","J01F",0.889126448724674
"4625","J01F",1.03665961702957
"4626","J01F",0.747852041814862
"4627","J01F",0.796071519989314
"4628","J01F",0.828026431762017
"4629","J01F",0.996390765603572
"4630","J01F",0.758097489633164
"4631","J01F",0.816214094716398
"4632","J01F",0.574217704790024
"4633","J01F",0.955581902009656
"4634","J01F",1.00108576334943
"4635","J01F",0.628498230350743
"4636","J01F",1.04627857172514
"4637","J01F",0.610171150924061
"4638","J01F",0.730501785230754
"4639","J01F",0.66816082461956
"4640","J01F",1.01026891427437
"4641","J01F",1.00616512875624
"4642","J01F",1.03514107324147
"4643","J01F",0.683324677717355
"4644","J01F",0.576217744636263
"4645","J01F",0.83405526122857
"4646","J01F",0.691693214528687
"4647","J01F",1.06137560831374
"4648","J01F",0.985537108803874
"4649","J01F",0.529994769254913
"4650","J01F",0.817877085061097
"4651","J01F",0.715348513806316
"4652","J01F",0.957715107565642
"4653","J01F",1.00089302475086
"4654","J01F",0.828120370542717
"4655","J01F",1.10815372795166
"4656","J01F",0.867889234073917
"4657","J01F",0.91535195172678
"4658","J01F",1.01763127529481
"4659","J01F",0.472220603185312
"4660","J01F",0.724399402939788
"4661","J01F",1.13227925284591
"4662","J01F",0.611391492677601
"4663","J01F",0.93507852374934
"4664","J01F",0.886482800115684
"4665","J01F",0.62213215159557
"4666","J01F",1.03001808781951
"4667","J01F",0.86392337253816
"4668","J01F",1.06423287024534
"4669","J01F",0.746104014979759
"4670","J01F",0.739549215558886
"4671","J01F",0.895928325587791
"4672","J01F",0.66145742472972
"4673","J01F",0.960522805362448
"4674","J01F",1.18389001591467
"4675","J01F",0.930433653890021
"4676","J01F",0.848146314713463
"4677","J01F",0.567195548721225
"4678","J01F",0.976936546361485
"4679","J01F",0.850136355043107
"4680","J01F",0.625371612164216
"4681","J01F",0.772442513009329
"4682","J01F",0.922249241326312
"4683","J01F",0.73505490539381
"4684","J01F",0.893223793848575
"4685","J01F",0.91394524855135
"4686","J01F",0.937619678890673
"4687","J01F",0.942139552598117
"4688","J01F",0.70397719077523
"4689","J01F",1.02462369148199
"4690","J01F",0.84021546422107
"4691","J01F",0.641582401063365
"4692","J01F",0.950066945081617
"4693","J01F",0.929405165594274
"4694","J01F",1.0898564480129
"4695","J01F",0.856285356909984
"4696","J01F",0.692513292387441
"4697","J01F",0.817225857033479
"4698","J01F",1.01552571165859
"4699","J01F",0.901152466499787
"4700","J01F",0.908391975362812
"4701","J01F",0.806476428410467
"4702","J01F",1.16614300951184
"4703","J01F",0.912558046314658
"4704","J01F",0.622237303729765
"4705","J01F",0.767890799708232
"4706","J01F",0.885303923877308
"4707","J01F",0.680046570028922
"4708","J01F",1.19081009482624
"4709","J01F",0.92325030708923
"4710","J01F",0.91607857389515
"4711","J01F",0.781056534458676
"4712","J01F",0.842385852451802
"4713","J01F",1.08991737431167
"4714","J01F",0.861617709457598
"4715","J01F",0.672650599766599
"4716","J01F",0.519312024443312
"4717","J01F",1.11530980107104
"4718","J01F",0.569179981408536
"4719","J01F",1.09617631685696
"4720","J01F",0.771234376454825
"4721","J01F",0.733558971658009
"4722","J01F",0.594187708240932
"4723","J01F",0.615191325704988
"4724","J01F",0.926549452403979
"4725","J01F",0.87272227276997
"4726","J01F",0.955147863186941
"4727","J01F",0.591171532014361
"4728","J01F",0.784196764415947
"4729","J01F",0.860446093150496
"4730","J01F",1.15945616549457
"4731","J01F",0.981986330166186
"4732","J01F",0.848687757594186
"4733","J01F",0.839008440851986
"4734","J01F",0.77863322323108
"4735","J01F",0.901988041122699
"4736","J01F",0.950891490968347
"4737","J01F",0.6489658435479
"4738","J01F",0.74102494327929
"4739","J01F",1.09398566976725
"4740","J01F",0.747867355034066
"4741","J01F",0.71027801227387
"4742","J01F",0.758039132000205
"4743","J01F",0.778456283873201
"4744","J01F",0.72809704790247
"4745","J01F",0.800611580880606
"4746","J01F",0.962355713614385
"4747","J01F",0.632417300174043
"4748","J01F",0.816687486902655
"4749","J01F",0.970725624703603
"4750","J01F",0.788717329806243
"4751","J01F",0.646933126377692
"4752","J01F",0.711059016704355
"4753","J01F",0.828582593990618
"4754","J01F",0.916856388953991
"4755","J01F",0.620697317715992
"4756","J01F",0.732585848801871
"4757","J01F",0.787266681724685
"4758","J01F",1.01636405241938
"4759","J01F",1.07234190468746
"4760","J01F",0.895199052402986
"4761","J01F",0.986323942856708
"4762","J01F",0.641982919359888
"4763","J01F",1.03073642298238
"4764","J01F",0.787947895109243
"4765","J01F",0.758350557704998
"4766","J01F",1.24640111077158
"4767","J01F",0.759469372942731
"4768","J01F",0.946785902517157
"4769","J01F",0.699148766466324
"4770","J01F",0.742081600753308
"4771","J01F",0.710278203440336
"4772","J01F",0.730891435678368
"4773","J01F",0.972933098787935
"4774","J01F",0.775830253442715
"4775","J01F",0.74745931408787
"4776","J01F",0.993285620653974
"4777","J01F",0.942862563159436
"4778","J01F",1.14528478875148
"4779","J01F",0.835601426168881
"4780","J01F",0.570743917600127
"4781","J01F",0.837574555489704
"4782","J01F",0.949227474445463
"4783","J01F",1.02855832672907
"4784","J01F",0.803371592507837
"4785","J01F",1.00802834305255
"4786","J01F",0.862169770861246
"4787","J01F",1.06035018151726
"4788","J01F",0.811214065934983
"4789","J01F",0.906803575800556
"4790","J01F",0.636770554484319
"4791","J01F",0.57899741982221
"4792","J01F",1.0334270695737
"4793","J01F",0.77126683275297
"4794","J01F",0.937942170453576
"4795","J01F",0.886777088566364
"4796","J01F",0.984264148167196
"4797","J01F",0.675609160513909
"4798","J01F",0.608749895657435
"4799","J01F",1.06572067915515
"4800","J01F",0.679860942068166
"4801","J01F",0.749155866743731
"4802","J01F",1.04488121921353
"4803","J01F",1.158930992535
"4804","J01F",0.598338193747763
"4805","J01F",0.842443010380037
"4806","J01F",0.724374331795602
"4807","J01F",0.744478360621392
"4808","J01F",0.920617826914303
"4809","J01F",0.771210985082353
"4810","J01F",0.836078627901256
"4811","J01F",1.20852902564075
"4812","J01F",0.864671881912831
"4813","J01F",0.761718200821693
"4814","J01F",0.857307539474219
"4815","J01F",1.02777106022294
"4816","J01F",0.929335138490267
"4817","J01F",0.944465209191435
"4818","J01F",0.802577997792385
"4819","J01F",1.16790379998621
"4820","J01F",0.938123856446453
"4821","J01F",0.562821371836926
"4822","J01F",0.77468524395263
"4823","J01F",0.960907106258894
"4824","J01F",0.953166532261927
"4825","J01F",1.09904134676239
"4826","J01F",0.907304431674973
"4827","J01F",0.655820096176394
"4828","J01F",0.860206711683228
"4829","J01F",0.931918697777072
"4830","J01F",0.755526445447491
"4831","J01F",0.920409899844923
"4832","J01F",0.690919903732389
"4833","J01F",1.18802766286599
"4834","J01F",0.939815801077372
"4835","J01F",0.844852807339967
"4836","J01F",1.00402923344814
"4837","J01F",0.751420550259261
"4838","J01F",0.749073129692688
"4839","J01F",0.471243851757842
"4840","J01F",0.758068480334076
"4841","J01F",0.895690564988298
"4842","J01F",0.699463185067454
"4843","J01F",0.831336036984947
"4844","J01F",0.777984452560216
"4845","J01F",0.676577071250069
"4846","J01F",0.849592679069448
"4847","J01F",0.881961202350374
"4848","J01F",0.635580571596433
"4849","J01F",0.915023729748748
"4850","J01F",0.750552643108374
"4851","J01F",0.920853321771286
"4852","J01F",1.05910373016811
"4853","J01F",1.07957584751089
"4854","J01F",0.995732202483242
"4855","J01F",0.519619495298734
"4856","J01F",0.659405979046808
"4857","J01F",1.09490596369025
"4858","J01F",0.9559394396653
"4859","J01F",0.822797648142324
"4860","J01F",0.844710333785096
"4861","J01F",0.793572264680574
"4862","J01F",0.990395202085647
"4863","J01F",1.07860540832519
"4864","J01F",0.777890562258468
"4865","J01F",0.986078949036283
"4866","J01F",0.588281538589205
"4867","J01F",0.944834702276916
"4868","J01F",0.687820395620535
"4869","J01F",0.849002135452738
"4870","J01F",0.760972131311578
"4871","J01F",0.761007067449205
"4872","J01F",0.956246903911661
"4873","J01F",1.11055649862035
"4874","J01F",0.76529663421921
"4875","J01F",0.847404807635728
"4876","J01F",0.895970287960061
"4877","J01F",0.979005835925025
"4878","J01F",0.816848591112468
"4879","J01F",0.894231357797706
"4880","J01F",0.557416026505614
"4881","J01F",0.812231326817779
"4882","J01F",0.779715299870132
"4883","J01F",1.03616572750557
"4884","J01F",1.16798226759119
"4885","J01F",0.957186608376206
"4886","J01F",1.26213835006711
"4887","J01F",0.845354058505006
"4888","J01F",0.8630774077743
"4889","J01F",0.970269777375298
"4890","J01F",0.848785171204901
"4891","J01F",0.706261250808848
"4892","J01F",0.494565005289618
"4893","J01F",0.760864710483309
"4894","J01F",0.873788241537477
"4895","J01F",0.740902547989083
"4896","J01F",0.854030631734332
"4897","J01F",0.465748774289282
"4898","J01F",0.999920600960756
"4899","J01F",0.746559988709802
"4900","J01F",0.784206143077579
"4901","J01F",0.933543902478442
"4902","J01F",0.776855925526383
"4903","J01F",0.938293739969295
"4904","J01F",0.760855451966937
"4905","J01F",1.00733884850148
"4906","J01F",0.882238453507977
"4907","J01F",0.85166913385379
"4908","J01F",0.791377213011775
"4909","J01F",0.855787704742598
"4910","J01F",0.883657513388569
"4911","J01F",0.540453646945545
"4912","J01F",0.645516421168328
"4913","J01F",0.723271707402056
"4914","J01F",0.825079383095623
"4915","J01F",0.770960267895604
"4916","J01F",0.811994302697559
"4917","J01F",0.761197606069412
"4918","J01F",0.827284040062103
"4919","J01F",0.744947513664104
"4920","J01F",1.09550444995126
"4921","J01F",0.928466716776418
"4922","J01F",0.888403169960144
"4923","J01F",1.04634550073115
"4924","J01F",0.838598366669627
"4925","J01F",0.986926705149538
"4926","J01F",0.930410842126966
"4927","J01F",0.66141358744465
"4928","J01F",0.700025082039902
"4929","J01F",0.79711272579079
"4930","J01F",0.864118294753109
"4931","J01F",1.0579002768712
"4932","J01F",0.887301840569815
"4933","J01F",1.08493022937729
"4934","J01F",1.02629384372236
"4935","J01F",0.826154324145997
"4936","J01F",0.896879829733753
"4937","J01F",1.02455782623526
"4938","J01F",0.62881879082887
"4939","J01F",0.553655709362585
"4940","J01F",0.616292403545577
"4941","J01F",0.706114462049508
"4942","J01F",0.909508993777129
"4943","J01F",1.14414457856223
"4944","J01F",1.16833880368879
"4945","J01F",0.794740628458556
"4946","J01F",0.688220892506362
"4947","J01F",0.622674772353047
"4948","J01F",0.703239860889354
"4949","J01F",0.942616352116979
"4950","J01F",1.03542490635018
"4951","J01F",0.798654570391484
"4952","J01F",0.934128642697924
"4953","J01F",0.915561696991059
"4954","J01F",0.486360251715207
"4955","J01F",0.63386326646613
"4956","J01F",0.818159039179763
"4957","J01F",0.687921983595797
"4958","J01F",0.80170571138805
"4959","J01F",0.705287259110337
"4960","J01F",0.816976032502375
"4961","J01F",0.673027195967916
"4962","J01F",1.03018839896801
"4963","J01F",0.626444651267666
"4964","J01F",1.20826157391118
"4965","J01F",0.877227398293389
"4966","J01F",0.985950525720753
"4967","J01F",0.775988113697235
"4968","J01F",1.00834063126274
"4969","J01F",0.712741765752574
"4970","J01F",0.718948755219851
"4971","J01F",1.06277705618211
"4972","J01F",0.941326540543821
"4973","J01F",0.868621392791255
"4974","J01F",1.03430854818559
"4975","J01F",0.637643067144492
"4976","J01F",0.464797528125906
"4977","J01F",0.941458718730262
"4978","J01F",0.904666271754353
"4979","J01F",0.930739298835333
"4980","J01F",0.812890361432618
"4981","J01F",0.73729516111634
"4982","J01F",0.672840902573091
"4983","J01F",0.769583579130165
"4984","J01F",0.878765225722499
"4985","J01F",1.1015698613449
"4986","J01F",0.548773010349677
"4987","J01F",0.878052494295511
"4988","J01F",1.17486097341951
"4989","J01F",0.830983646338003
"4990","J01F",1.05691862916549
"4991","J01F",0.475517933216876
"4992","J01F",0.878596046514261
"4993","J01F",0.955968111168255
"4994","J01F",0.920509186219524
"4995","J01F",0.87071868234693
"4996","J01F",0.785817599780442
"4997","J01F",0.754428661221119
"4998","J01F",0.877507496547679
"4999","J01F",0.737110467756261
"5000","J01F",0.788122108672045
"5001","J01G",0.759188602796097
"5002","J01G",0.66317412314824
"5003","J01G",0.724219427301857
"5004","J01G",0.701542783826949
"5005","J01G",0.644726334395294
"5006","J01G",0.739257468658189
"5007","J01G",0.934578450215371
"5008","J01G",0.634723164029009
"5009","J01G",0.650190688910421
"5010","J01G",0.875885315902555
"5011","J01G",0.658169576055584
"5012","J01G",0.607694304963366
"5013","J01G",0.66380796427556
"5014","J01G",0.720846072295083
"5015","J01G",0.720414393733705
"5016","J01G",0.584697296675144
"5017","J01G",0.814541197220256
"5018","J01G",0.606586937871893
"5019","J01G",0.851516355388182
"5020","J01G",0.622600266703558
"5021","J01G",0.607551256006798
"5022","J01G",0.791703776103171
"5023","J01G",0.75076371899149
"5024","J01G",0.909518314804339
"5025","J01G",0.6511582990827
"5026","J01G",0.778703557954667
"5027","J01G",0.687607424193281
"5028","J01G",0.548017803582353
"5029","J01G",0.525416948640822
"5030","J01G",0.893992786210665
"5031","J01G",0.635969839509665
"5032","J01G",0.63300698185361
"5033","J01G",0.541283845423711
"5034","J01G",0.669962983351477
"5035","J01G",0.621561301722824
"5036","J01G",0.461070216180757
"5037","J01G",0.595626646113707
"5038","J01G",0.520054318333539
"5039","J01G",0.7093581788946
"5040","J01G",0.581596675149886
"5041","J01G",0.861973262709048
"5042","J01G",0.872716864019224
"5043","J01G",0.920686346478939
"5044","J01G",0.61351641585918
"5045","J01G",0.906019386893352
"5046","J01G",0.689614514863334
"5047","J01G",0.879203319694511
"5048","J01G",0.755879461802267
"5049","J01G",0.775056602370947
"5050","J01G",0.67620991556504
"5051","J01G",0.836853487984436
"5052","J01G",0.888389960354277
"5053","J01G",0.787250029496252
"5054","J01G",0.847888512873084
"5055","J01G",0.433433068161769
"5056","J01G",0.582618716528959
"5057","J01G",0.684533386161712
"5058","J01G",0.87128551794327
"5059","J01G",0.676573497777692
"5060","J01G",0.643247458908758
"5061","J01G",0.880866964094385
"5062","J01G",0.631826631673412
"5063","J01G",0.663509933963555
"5064","J01G",0.507283307119834
"5065","J01G",0.6511624962832
"5066","J01G",0.62737718497217
"5067","J01G",0.622170506340304
"5068","J01G",0.739888217607117
"5069","J01G",0.827146359690916
"5070","J01G",0.722866980236783
"5071","J01G",0.624515773228076
"5072","J01G",0.843805154122498
"5073","J01G",0.727013663355277
"5074","J01G",0.714974242223352
"5075","J01G",0.859453887439023
"5076","J01G",0.678120068305332
"5077","J01G",0.555194836083767
"5078","J01G",0.759372858962328
"5079","J01G",0.639189069875274
"5080","J01G",0.575944702917993
"5081","J01G",0.794428633627895
"5082","J01G",0.780149591789889
"5083","J01G",0.532135728486062
"5084","J01G",0.641799760288448
"5085","J01G",0.877987215709787
"5086","J01G",0.804612783362348
"5087","J01G",0.764995000304461
"5088","J01G",0.593160466973701
"5089","J01G",0.839125343533538
"5090","J01G",0.788074669564975
"5091","J01G",0.711491103404532
"5092","J01G",0.77203362032895
"5093","J01G",0.747052172681265
"5094","J01G",0.498180124395122
"5095","J01G",0.557501332176696
"5096","J01G",0.497838855032334
"5097","J01G",0.720800289738395
"5098","J01G",0.669581880933733
"5099","J01G",0.714579656255002
"5100","J01G",0.642951210675895
"5101","J01G",0.736152012661065
"5102","J01G",0.64706525580587
"5103","J01G",0.730808587101488
"5104","J01G",0.568220364360315
"5105","J01G",0.744174424620374
"5106","J01G",0.797976072792133
"5107","J01G",0.438570699588597
"5108","J01G",0.428381070832284
"5109","J01G",0.726744911510405
"5110","J01G",0.886278122864615
"5111","J01G",0.699809311242438
"5112","J01G",0.754680123152734
"5113","J01G",0.78797438240107
"5114","J01G",0.718968831274488
"5115","J01G",0.81700987703287
"5116","J01G",0.689273862367688
"5117","J01G",0.553397848636953
"5118","J01G",0.543786665579446
"5119","J01G",0.706436274021742
"5120","J01G",0.653432502327696
"5121","J01G",0.576069300492622
"5122","J01G",0.784848314510245
"5123","J01G",0.728824338438902
"5124","J01G",0.482976282254524
"5125","J01G",0.84310202988492
"5126","J01G",0.820645190863106
"5127","J01G",0.65230607299326
"5128","J01G",0.80280945773775
"5129","J01G",0.527326032631981
"5130","J01G",0.693823385189711
"5131","J01G",0.634260717451359
"5132","J01G",0.707579780716806
"5133","J01G",0.575379045475171
"5134","J01G",0.994355665630348
"5135","J01G",0.72507996530961
"5136","J01G",0.744768794858041
"5137","J01G",0.767709693892285
"5138","J01G",0.601825352181777
"5139","J01G",0.800091320344658
"5140","J01G",0.517433835739427
"5141","J01G",0.786136226645265
"5142","J01G",0.679582833741038
"5143","J01G",0.591257518042219
"5144","J01G",0.799512641965745
"5145","J01G",0.815952793442932
"5146","J01G",0.579088929312868
"5147","J01G",0.55364506582586
"5148","J01G",0.760085655069416
"5149","J01G",0.783527608741204
"5150","J01G",0.803042131784535
"5151","J01G",0.866832762405658
"5152","J01G",0.487488362528438
"5153","J01G",0.565658391665421
"5154","J01G",0.793682606724805
"5155","J01G",0.690926077398941
"5156","J01G",0.614007905959375
"5157","J01G",0.906903486594781
"5158","J01G",0.794027576866197
"5159","J01G",0.508848750399132
"5160","J01G",0.856870664616033
"5161","J01G",0.562705124899539
"5162","J01G",0.919423525051424
"5163","J01G",0.615601088847792
"5164","J01G",0.724254986175242
"5165","J01G",0.705394401471243
"5166","J01G",0.685740914502825
"5167","J01G",0.759651749029071
"5168","J01G",0.86097405927076
"5169","J01G",0.586454698371517
"5170","J01G",0.840980975244949
"5171","J01G",0.755924937642359
"5172","J01G",0.723623840089442
"5173","J01G",0.55046839509604
"5174","J01G",0.538231677790054
"5175","J01G",0.611041687077775
"5176","J01G",0.864667294849309
"5177","J01G",0.692020770796495
"5178","J01G",0.806668538111981
"5179","J01G",0.732350080419415
"5180","J01G",0.641970991032535
"5181","J01G",0.63588195812732
"5182","J01G",0.525481474444579
"5183","J01G",0.602301219365991
"5184","J01G",0.579961018088628
"5185","J01G",0.731191078554149
"5186","J01G",0.640816302954133
"5187","J01G",0.709057025462556
"5188","J01G",0.808051001408682
"5189","J01G",0.772912081887168
"5190","J01G",0.739423398053123
"5191","J01G",0.70864785699488
"5192","J01G",0.515015920966249
"5193","J01G",0.840989167429874
"5194","J01G",0.704068469460326
"5195","J01G",0.787449180660208
"5196","J01G",0.904523114234352
"5197","J01G",0.717482909116304
"5198","J01G",0.609723594366711
"5199","J01G",0.841082003857505
"5200","J01G",0.55315735636195
"5201","J01G",0.714197411487467
"5202","J01G",0.471702426093574
"5203","J01G",0.631434768432783
"5204","J01G",0.757888108702417
"5205","J01G",0.685066537673167
"5206","J01G",0.918638526766009
"5207","J01G",0.895620222584588
"5208","J01G",0.679230195907776
"5209","J01G",0.738278715452084
"5210","J01G",0.63036694534761
"5211","J01G",0.548877370894333
"5212","J01G",0.525336440815478
"5213","J01G",0.730859278180705
"5214","J01G",0.693449787167936
"5215","J01G",0.654832866195671
"5216","J01G",0.551942749054358
"5217","J01G",0.534947483438132
"5218","J01G",0.700985773092907
"5219","J01G",0.856773051118856
"5220","J01G",0.802260433485136
"5221","J01G",0.737005611070084
"5222","J01G",0.617748250503723
"5223","J01G",0.628177418036344
"5224","J01G",0.891681999356379
"5225","J01G",0.839203609142464
"5226","J01G",0.728051870417203
"5227","J01G",0.578872665425881
"5228","J01G",0.845595194700851
"5229","J01G",0.628016561495761
"5230","J01G",0.776827591879417
"5231","J01G",0.61325267721993
"5232","J01G",0.595130906431316
"5233","J01G",0.693205662007415
"5234","J01G",0.831068224076591
"5235","J01G",0.771263499967179
"5236","J01G",1.01426855428983
"5237","J01G",0.879305947337186
"5238","J01G",0.580786003330948
"5239","J01G",0.497518950000531
"5240","J01G",0.860253038032973
"5241","J01G",0.733581147215227
"5242","J01G",0.937923305516944
"5243","J01G",0.61316056078566
"5244","J01G",0.627299629687262
"5245","J01G",0.780906059765341
"5246","J01G",0.74392207410447
"5247","J01G",0.604836982795048
"5248","J01G",0.54997164188663
"5249","J01G",0.716361978472431
"5250","J01G",0.672630626098162
"5251","J01G",0.548180485913752
"5252","J01G",0.657852767429461
"5253","J01G",0.688013943547899
"5254","J01G",0.685445974436009
"5255","J01G",0.708244097831833
"5256","J01G",0.552237213600395
"5257","J01G",0.645103019838623
"5258","J01G",0.724200579287235
"5259","J01G",0.784183667204699
"5260","J01G",0.900451716097566
"5261","J01G",0.762296034964095
"5262","J01G",0.914375098730564
"5263","J01G",0.665575142390024
"5264","J01G",0.600422797032653
"5265","J01G",0.733728531617112
"5266","J01G",0.763480615724371
"5267","J01G",0.472928396020927
"5268","J01G",0.766872492132916
"5269","J01G",0.860562712909543
"5270","J01G",0.728033448483985
"5271","J01G",0.681758409333513
"5272","J01G",0.579384469159399
"5273","J01G",0.469572421083122
"5274","J01G",0.635759511640801
"5275","J01G",0.625634422111382
"5276","J01G",0.805977442319438
"5277","J01G",0.578696164876868
"5278","J01G",0.551448004809034
"5279","J01G",0.841391025311618
"5280","J01G",0.410115890716722
"5281","J01G",0.815252479213862
"5282","J01G",0.66435367639797
"5283","J01G",0.826595259917438
"5284","J01G",0.838987088349527
"5285","J01G",0.799191763790479
"5286","J01G",0.802130509138935
"5287","J01G",0.84116420498823
"5288","J01G",0.724015617199248
"5289","J01G",0.738581239779319
"5290","J01G",0.722685550406409
"5291","J01G",0.910042352519384
"5292","J01G",0.883281371762696
"5293","J01G",0.562043811892022
"5294","J01G",0.599821460715496
"5295","J01G",0.690638516385302
"5296","J01G",0.853364161026738
"5297","J01G",0.533172634309536
"5298","J01G",0.655230288299569
"5299","J01G",0.713472280701255
"5300","J01G",0.959934050386643
"5301","J01G",0.842393549138237
"5302","J01G",0.481912738447486
"5303","J01G",0.799163502465295
"5304","J01G",0.779529755858298
"5305","J01G",0.791521907783183
"5306","J01G",0.734561355369157
"5307","J01G",0.697217607781316
"5308","J01G",0.806844177318158
"5309","J01G",0.741679620297569
"5310","J01G",0.645906194990549
"5311","J01G",0.751304386204835
"5312","J01G",0.520812940805598
"5313","J01G",0.765393293824239
"5314","J01G",0.696884234380165
"5315","J01G",0.602840200158603
"5316","J01G",0.820854232963124
"5317","J01G",0.719108269685242
"5318","J01G",0.532246135986072
"5319","J01G",0.795247210102323
"5320","J01G",0.689645942644789
"5321","J01G",0.576221462953199
"5322","J01G",0.526934952238005
"5323","J01G",0.721640109344553
"5324","J01G",0.774123351932767
"5325","J01G",0.775485831057787
"5326","J01G",0.782210746116406
"5327","J01G",0.661835179936611
"5328","J01G",0.709592335405955
"5329","J01G",0.672598572355217
"5330","J01G",0.540265151281666
"5331","J01G",0.708502163802237
"5332","J01G",0.705687828835723
"5333","J01G",0.522534684918627
"5334","J01G",0.675685416647038
"5335","J01G",0.737380830420642
"5336","J01G",0.65488939708513
"5337","J01G",0.683554623592337
"5338","J01G",0.514631685697449
"5339","J01G",0.710077731352385
"5340","J01G",0.749305572168443
"5341","J01G",0.601098186830864
"5342","J01G",0.673990556573842
"5343","J01G",0.385531048811715
"5344","J01G",0.898779419108465
"5345","J01G",0.742666162249621
"5346","J01G",0.575017925316399
"5347","J01G",0.825303365640466
"5348","J01G",0.449387122011664
"5349","J01G",0.767945859796754
"5350","J01G",0.72405238188893
"5351","J01G",0.778541382004231
"5352","J01G",0.570003816491775
"5353","J01G",0.714116990862
"5354","J01G",0.698455313044092
"5355","J01G",0.720172635769775
"5356","J01G",0.762527328425181
"5357","J01G",0.574882633640016
"5358","J01G",0.510437903430139
"5359","J01G",0.674385740135707
"5360","J01G",0.664371751990913
"5361","J01G",0.59149000682428
"5362","J01G",0.762555963353263
"5363","J01G",0.535677167798924
"5364","J01G",0.734093185261771
"5365","J01G",0.58691882267795
"5366","J01G",0.801824028039676
"5367","J01G",0.680784909835086
"5368","J01G",0.841157931345268
"5369","J01G",0.726148490273058
"5370","J01G",0.604595577455755
"5371","J01G",0.852496851117837
"5372","J01G",0.661711749560081
"5373","J01G",0.629089862270217
"5374","J01G",0.729898586572999
"5375","J01G",0.930124645768364
"5376","J01G",0.661510202577067
"5377","J01G",0.766405389604321
"5378","J01G",0.870535417797784
"5379","J01G",0.754943604458847
"5380","J01G",0.861851262184433
"5381","J01G",0.758804129491452
"5382","J01G",0.758152056138405
"5383","J01G",0.758433389863213
"5384","J01G",0.629325070772573
"5385","J01G",0.876479984387312
"5386","J01G",0.748589973963302
"5387","J01G",0.693241104981482
"5388","J01G",0.738507789946355
"5389","J01G",0.60603207516224
"5390","J01G",0.728284658406174
"5391","J01G",0.536391639768305
"5392","J01G",0.525049721615438
"5393","J01G",0.62910299193741
"5394","J01G",0.680230338966033
"5395","J01G",0.741602355795982
"5396","J01G",0.671998522492658
"5397","J01G",0.601746339265547
"5398","J01G",0.673495625976903
"5399","J01G",0.816930475880368
"5400","J01G",0.744665570891906
"5401","J01G",0.681040499801081
"5402","J01G",0.485481703646585
"5403","J01G",0.643050354741927
"5404","J01G",0.620538769763718
"5405","J01G",0.7694571990268
"5406","J01G",0.661852631701001
"5407","J01G",0.662295321016303
"5408","J01G",0.62589824429645
"5409","J01G",0.523564412002743
"5410","J01G",0.588717214605204
"5411","J01G",0.501588261748465
"5412","J01G",0.734596656554393
"5413","J01G",0.72701136467173
"5414","J01G",0.869071626547998
"5415","J01G",0.715551689834503
"5416","J01G",0.950633072756449
"5417","J01G",0.684472700620165
"5418","J01G",0.69627794526203
"5419","J01G",0.679727644343991
"5420","J01G",0.681075691838194
"5421","J01G",0.675743162865005
"5422","J01G",0.781166631319266
"5423","J01G",1.0029026763452
"5424","J01G",0.870142927401888
"5425","J01G",0.681663001048351
"5426","J01G",0.564177692719692
"5427","J01G",0.767264160654901
"5428","J01G",0.720242372471705
"5429","J01G",0.69560287722416
"5430","J01G",0.831447229153082
"5431","J01G",0.761188698035217
"5432","J01G",0.580105067583611
"5433","J01G",0.688307617187742
"5434","J01G",0.659814681625987
"5435","J01G",0.603818603916572
"5436","J01G",0.859016879254048
"5437","J01G",0.805019846899861
"5438","J01G",0.80029284111213
"5439","J01G",0.666649324844074
"5440","J01G",0.741502776880579
"5441","J01G",0.568816540195441
"5442","J01G",0.812454588513366
"5443","J01G",0.591417793483123
"5444","J01G",0.451911252691372
"5445","J01G",0.609501554296784
"5446","J01G",0.649908139267343
"5447","J01G",0.585936996578933
"5448","J01G",0.75547772295937
"5449","J01G",0.671335337842694
"5450","J01G",0.624397004102288
"5451","J01G",0.800655684211679
"5452","J01G",0.809708168147354
"5453","J01G",0.68636788971342
"5454","J01G",0.655386607962318
"5455","J01G",0.538735141472705
"5456","J01G",0.769501298216617
"5457","J01G",0.694181134486734
"5458","J01G",0.669095447071667
"5459","J01G",0.721317364255966
"5460","J01G",0.608196816528837
"5461","J01G",0.709438524476011
"5462","J01G",0.705108933839329
"5463","J01G",0.704315160453139
"5464","J01G",0.691595203809956
"5465","J01G",0.706815572421171
"5466","J01G",0.928794299431656
"5467","J01G",0.492561241626969
"5468","J01G",1.00305337199587
"5469","J01G",0.683901005557387
"5470","J01G",0.789177406951343
"5471","J01G",0.770992812806967
"5472","J01G",0.620878721586309
"5473","J01G",0.573490019000236
"5474","J01G",0.653523250426802
"5475","J01G",0.461629158392132
"5476","J01G",0.657631646279844
"5477","J01G",0.495020306098248
"5478","J01G",0.542840723479914
"5479","J01G",0.582329379522816
"5480","J01G",0.580850526925028
"5481","J01G",0.69342516422986
"5482","J01G",0.640364063526058
"5483","J01G",0.787924743073541
"5484","J01G",0.76483489138898
"5485","J01G",0.342055171643689
"5486","J01G",0.687997035479107
"5487","J01G",0.581955158984931
"5488","J01G",0.792469035400165
"5489","J01G",0.766508522711663
"5490","J01G",0.763630006995423
"5491","J01G",0.714976451323984
"5492","J01G",0.793202018321933
"5493","J01G",0.651084488363461
"5494","J01G",0.820057428533829
"5495","J01G",0.685088581342266
"5496","J01G",0.652217783570607
"5497","J01G",0.797865695736054
"5498","J01G",0.681689672949108
"5499","J01G",0.823932283355805
"5500","J01G",0.709507326475635
"5501","J01G",0.603156134761714
"5502","J01G",0.738057048233276
"5503","J01G",0.910705945316463
"5504","J01G",0.47282986492717
"5505","J01G",0.591582969548376
"5506","J01G",0.628818840473091
"5507","J01G",0.674916306163011
"5508","J01G",0.775803466558438
"5509","J01G",0.82825287397499
"5510","J01G",0.728698860507268
"5511","J01G",0.710611554040173
"5512","J01G",0.757593268362482
"5513","J01G",0.622514604087653
"5514","J01G",0.964108802275308
"5515","J01G",0.857111873368385
"5516","J01G",0.418575156477188
"5517","J01G",0.834908147116345
"5518","J01G",0.667374392608897
"5519","J01G",0.478375153224444
"5520","J01G",0.485804546451071
"5521","J01G",0.741574573294239
"5522","J01G",0.862690013692852
"5523","J01G",0.800994723997186
"5524","J01G",0.778010057741608
"5525","J01G",0.657341519759925
"5526","J01G",0.600505648230368
"5527","J01G",0.835547091463262
"5528","J01G",0.871778696374815
"5529","J01G",0.708427307729406
"5530","J01G",0.550665100398624
"5531","J01G",0.805938613396313
"5532","J01G",0.66283852447478
"5533","J01G",0.780011941814539
"5534","J01G",0.576240685822087
"5535","J01G",0.685558343912738
"5536","J01G",0.718977126779414
"5537","J01G",0.745968027255563
"5538","J01G",0.809492249324029
"5539","J01G",0.724877090107848
"5540","J01G",0.666668211196953
"5541","J01G",0.510551766941511
"5542","J01G",0.667650907398403
"5543","J01G",0.82307224956715
"5544","J01G",0.949191829392259
"5545","J01G",0.870315072300071
"5546","J01G",0.717814528835246
"5547","J01G",0.621102540739347
"5548","J01G",0.658740838251259
"5549","J01G",0.694216013645497
"5550","J01G",0.735898388427544
"5551","J01G",0.757425052572139
"5552","J01G",0.766248894402272
"5553","J01G",0.773216545214982
"5554","J01G",0.59174721081914
"5555","J01G",0.764664291661817
"5556","J01G",0.774128719375085
"5557","J01G",0.703400711813865
"5558","J01G",0.811469154493611
"5559","J01G",0.681645413164104
"5560","J01G",0.973161565613396
"5561","J01G",0.811481820847058
"5562","J01G",0.418842108979302
"5563","J01G",0.642643897651503
"5564","J01G",0.570913475271221
"5565","J01G",0.467608344576586
"5566","J01G",0.860333648867545
"5567","J01G",0.727739086290193
"5568","J01G",0.619726065274552
"5569","J01G",0.46218020343139
"5570","J01G",0.836255232693279
"5571","J01G",0.765536822040493
"5572","J01G",0.775010621253548
"5573","J01G",0.797461710046325
"5574","J01G",0.823341855730471
"5575","J01G",0.474250874081105
"5576","J01G",0.651678626857397
"5577","J01G",0.662790046675518
"5578","J01G",0.71757015946868
"5579","J01G",0.545577501251665
"5580","J01G",0.51904270885847
"5581","J01G",0.762650636585001
"5582","J01G",0.889168967363963
"5583","J01G",0.668612797392902
"5584","J01G",0.79976217488742
"5585","J01G",0.612541025632007
"5586","J01G",0.901243711275081
"5587","J01G",0.714900895605083
"5588","J01G",0.726673446596892
"5589","J01G",0.713237318281752
"5590","J01G",0.726311720917748
"5591","J01G",0.761995185072335
"5592","J01G",0.740126345098246
"5593","J01G",0.761457261839274
"5594","J01G",0.798192724179164
"5595","J01G",0.558252681759291
"5596","J01G",0.667058495951565
"5597","J01G",0.722770665558675
"5598","J01G",0.805861459987954
"5599","J01G",0.905784872996508
"5600","J01G",0.655869563459232
"5601","J01G",0.647201629252452
"5602","J01G",0.799497849317258
"5603","J01G",0.753420853129387
"5604","J01G",0.742663572547666
"5605","J01G",0.809503751792806
"5606","J01G",0.662893152676318
"5607","J01G",0.795626038676028
"5608","J01G",0.712719003271031
"5609","J01G",0.704954415437621
"5610","J01G",0.701435547390727
"5611","J01G",0.595975642266788
"5612","J01G",0.607195964908764
"5613","J01G",0.547635617488916
"5614","J01G",0.823986076525338
"5615","J01G",0.626705774830034
"5616","J01G",0.647396371904369
"5617","J01G",0.768916198870724
"5618","J01G",0.742438052048386
"5619","J01G",0.667990503895182
"5620","J01G",0.673897410311658
"5621","J01G",1.01279174277003
"5622","J01G",0.533950605698368
"5623","J01G",0.67020035245087
"5624","J01G",0.758473115061906
"5625","J01G",0.645505562922053
"5626","J01G",0.50524420929004
"5627","J01G",0.768843661680465
"5628","J01G",0.561054156149178
"5629","J01G",0.68107206711519
"5630","J01G",0.698643695681802
"5631","J01G",0.666759434111152
"5632","J01G",0.747811077539233
"5633","J01G",0.899349720488881
"5634","J01G",0.906813445968566
"5635","J01G",0.600435657691699
"5636","J01G",0.708490244391739
"5637","J01G",0.511409474504053
"5638","J01G",0.856794563722555
"5639","J01G",0.727311240704593
"5640","J01G",0.723048247675827
"5641","J01G",0.937547512494921
"5642","J01G",0.735665605379125
"5643","J01G",0.8302469741455
"5644","J01G",0.851034399325458
"5645","J01G",0.544042612480949
"5646","J01G",0.910612598596918
"5647","J01G",0.553304689579016
"5648","J01G",0.793129933407994
"5649","J01G",0.55649025042282
"5650","J01G",0.679275032945345
"5651","J01G",0.615261690889681
"5652","J01G",0.728965536816537
"5653","J01G",0.742879643266969
"5654","J01G",0.663065164277166
"5655","J01G",0.527198980926275
"5656","J01G",0.656393154882918
"5657","J01G",0.873866623644533
"5658","J01G",0.636220565054138
"5659","J01G",0.571442068494844
"5660","J01G",0.771430400086095
"5661","J01G",0.840734844978329
"5662","J01G",0.762915757924762
"5663","J01G",0.901505405925087
"5664","J01G",0.575977852777649
"5665","J01G",0.539690713686717
"5666","J01G",0.662797460165011
"5667","J01G",0.793050051731366
"5668","J01G",0.451932167221635
"5669","J01G",0.720615085050318
"5670","J01G",0.793550834258383
"5671","J01G",0.635618031264663
"5672","J01G",0.525138123210802
"5673","J01G",0.573551825504856
"5674","J01G",0.684061083891193
"5675","J01G",0.673549814912109
"5676","J01G",0.886806248028593
"5677","J01G",0.537110616213813
"5678","J01G",0.647993098712076
"5679","J01G",0.768675248003046
"5680","J01G",0.627697615422612
"5681","J01G",0.669368321501284
"5682","J01G",0.73145328064245
"5683","J01G",0.547885747415862
"5684","J01G",0.85322001690891
"5685","J01G",0.882375520994733
"5686","J01G",0.867138148465149
"5687","J01G",0.568608527672257
"5688","J01G",0.811512133781105
"5689","J01G",0.79029290218853
"5690","J01G",0.592383497099007
"5691","J01G",0.593988952364249
"5692","J01G",0.74107772117087
"5693","J01G",0.857671669481273
"5694","J01G",0.899224968019977
"5695","J01G",0.546045386085656
"5696","J01G",0.856150437876171
"5697","J01G",0.630025366502785
"5698","J01G",0.648549888547835
"5699","J01G",0.744004199977771
"5700","J01G",0.58578986911722
"5701","J01G",0.783034860488912
"5702","J01G",0.469153083161201
"5703","J01G",0.572656157067936
"5704","J01G",0.663157203643172
"5705","J01G",0.665094607689326
"5706","J01G",0.767146220065503
"5707","J01G",0.994460624177099
"5708","J01G",0.685124537864211
"5709","J01G",0.827023327509447
"5710","J01G",0.755501692575711
"5711","J01G",0.581039266999126
"5712","J01G",0.473773310932494
"5713","J01G",0.850231587344942
"5714","J01G",0.72514252200065
"5715","J01G",0.764341838732434
"5716","J01G",0.646721930443508
"5717","J01G",0.745816499350774
"5718","J01G",0.646221942078941
"5719","J01G",0.552856028745568
"5720","J01G",0.59058342790845
"5721","J01G",0.652296873803433
"5722","J01G",0.729489970088098
"5723","J01G",0.829192709036309
"5724","J01G",0.730267523006869
"5725","J01G",0.861765046754177
"5726","J01G",0.678097198163329
"5727","J01G",0.601802057998463
"5728","J01G",0.546981783323321
"5729","J01G",0.832118622541207
"5730","J01G",0.827804354605408
"5731","J01G",0.498742700071333
"5732","J01G",0.600070902501488
"5733","J01G",0.842989586995685
"5734","J01G",0.587901032422774
"5735","J01G",0.868150602513297
"5736","J01G",0.687535313355369
"5737","J01G",0.684671338454683
"5738","J01G",0.738992882993096
"5739","J01G",0.42335308177972
"5740","J01G",0.78066110841956
"5741","J01G",0.548413610312665
"5742","J01G",0.526749062324777
"5743","J01G",0.662823251711062
"5744","J01G",0.709367720304012
"5745","J01G",0.769999540395509
"5746","J01G",0.752558226491007
"5747","J01G",0.914761780719896
"5748","J01G",0.839846204262687
"5749","J01G",0.739046542517613
"5750","J01G",0.840486511669773
"5751","J01G",0.709857105521284
"5752","J01G",0.726947737484293
"5753","J01G",0.558411541442908
"5754","J01G",0.627158224643214
"5755","J01G",0.776788385273654
"5756","J01G",0.668425867589419
"5757","J01G",0.704619769178257
"5758","J01G",0.706797264279853
"5759","J01G",0.76036813100407
"5760","J01G",0.46394364302079
"5761","J01G",0.737213288205864
"5762","J01G",0.836102408255218
"5763","J01G",0.748714830430601
"5764","J01G",0.719731896071605
"5765","J01G",0.818337959848734
"5766","J01G",0.655577719170306
"5767","J01G",0.654710320987416
"5768","J01G",0.680301947704081
"5769","J01G",0.745973962576572
"5770","J01G",0.854616772728341
"5771","J01G",0.829011017898577
"5772","J01G",0.956464349543566
"5773","J01G",0.596352675208619
"5774","J01G",0.825349120511021
"5775","J01G",0.792956581383483
"5776","J01G",0.877026061767943
"5777","J01G",0.625101918622425
"5778","J01G",0.899704338497032
"5779","J01G",0.687586582275431
"5780","J01G",0.872293248196707
"5781","J01G",0.561408409453046
"5782","J01G",0.634908994565392
"5783","J01G",0.639648173718793
"5784","J01G",0.547622730121676
"5785","J01G",0.677873185767573
"5786","J01G",0.783305450271589
"5787","J01G",0.669413890477659
"5788","J01G",0.634280095221239
"5789","J01G",0.753059404334338
"5790","J01G",0.601592813017704
"5791","J01G",0.789527591510397
"5792","J01G",0.617585946752173
"5793","J01G",0.708883887844975
"5794","J01G",0.475751733967959
"5795","J01G",0.811046512993146
"5796","J01G",0.903001198976462
"5797","J01G",0.692513683716376
"5798","J01G",0.790934796492985
"5799","J01G",0.718553047208768
"5800","J01G",0.870062692517583
"5801","J01G",0.609204011826101
"5802","J01G",0.533347153719645
"5803","J01G",0.804251922925188
"5804","J01G",0.821194922672037
"5805","J01G",0.644955640623728
"5806","J01G",0.567011026531425
"5807","J01G",0.983764371529067
"5808","J01G",0.808487265490097
"5809","J01G",0.65478144966488
"5810","J01G",0.819094657232413
"5811","J01G",0.827953702892551
"5812","J01G",0.733192388183523
"5813","J01G",0.578025433572074
"5814","J01G",0.797830977780419
"5815","J01G",0.782075380369104
"5816","J01G",0.644859119156565
"5817","J01G",0.606796373800321
"5818","J01G",0.61415587648863
"5819","J01G",0.804146893325045
"5820","J01G",0.732173997763655
"5821","J01G",0.637484379898484
"5822","J01G",0.617586700184011
"5823","J01G",0.552100975867958
"5824","J01G",0.825638719379031
"5825","J01G",0.622082435721908
"5826","J01G",0.631927147002201
"5827","J01G",0.891789000567763
"5828","J01G",0.684943626520705
"5829","J01G",0.718320032283133
"5830","J01G",0.687999087547166
"5831","J01G",0.697118077820169
"5832","J01G",0.721506621559919
"5833","J01G",0.823602761454524
"5834","J01G",0.734528987595706
"5835","J01G",0.756610259592236
"5836","J01G",0.652466012615032
"5837","J01G",0.645597678086978
"5838","J01G",0.761081734603468
"5839","J01G",0.677146616274292
"5840","J01G",0.783945323888994
"5841","J01G",0.725136260721208
"5842","J01G",0.603442508788378
"5843","J01G",0.693399613692848
"5844","J01G",1.00207566387324
"5845","J01G",0.669705737949159
"5846","J01G",0.609415717662268
"5847","J01G",0.471482166066349
"5848","J01G",0.931849021630837
"5849","J01G",0.729119504045307
"5850","J01G",0.43237014426631
"5851","J01G",0.692028203907006
"5852","J01G",0.707490664427357
"5853","J01G",0.584743794106522
"5854","J01G",0.781987915549146
"5855","J01G",0.620611439402606
"5856","J01G",0.722399658967341
"5857","J01G",0.702474347432118
"5858","J01G",0.72402238802535
"5859","J01G",0.670441179460446
"5860","J01G",0.869375125207382
"5861","J01G",0.711085316651304
"5862","J01G",0.630245665392314
"5863","J01G",0.535105663503893
"5864","J01G",0.763979153964736
"5865","J01G",0.680359528015894
"5866","J01G",0.687129814473152
"5867","J01G",0.746247789869693
"5868","J01G",0.769919389995892
"5869","J01G",0.736336177857048
"5870","J01G",0.587506847895764
"5871","J01G",0.688623964010332
"5872","J01G",0.848922790789919
"5873","J01G",0.731440684826586
"5874","J01G",0.68258686491102
"5875","J01G",0.66661430498986
"5876","J01G",0.70868670892269
"5877","J01G",0.584266044844596
"5878","J01G",0.735241792460259
"5879","J01G",0.797510476058617
"5880","J01G",0.776768555598258
"5881","J01G",0.862581182265497
"5882","J01G",0.906582626804467
"5883","J01G",0.463310322808969
"5884","J01G",0.429368255208954
"5885","J01G",0.789018240744208
"5886","J01G",0.601260887371617
"5887","J01G",0.563808608970928
"5888","J01G",0.62886626237296
"5889","J01G",0.82953581855512
"5890","J01G",0.653391277150268
"5891","J01G",0.738794492822216
"5892","J01G",0.748767421986669
"5893","J01G",0.802090994839557
"5894","J01G",0.674665884512154
"5895","J01G",0.853935247127002
"5896","J01G",0.751862454664195
"5897","J01G",0.530080239189056
"5898","J01G",0.589877398462868
"5899","J01G",0.765881944786424
"5900","J01G",0.890255309330549
"5901","J01G",0.912591394933221
"5902","J01G",0.615755751899821
"5903","J01G",0.739502135646433
"5904","J01G",0.62449513172499
"5905","J01G",0.869710912860753
"5906","J01G",0.658579804324698
"5907","J01G",0.668694780598352
"5908","J01G",0.48042050038876
"5909","J01G",0.753164769490282
"5910","J01G",0.567985750320323
"5911","J01G",0.594194893234332
"5912","J01G",0.794875331361819
"5913","J01G",0.639622638614726
"5914","J01G",0.615161837191936
"5915","J01G",0.523941575404744
"5916","J01G",0.490233589304509
"5917","J01G",0.772048116991109
"5918","J01G",0.677271828725917
"5919","J01G",0.650110783700905
"5920","J01G",0.677614515768535
"5921","J01G",0.807465400355582
"5922","J01G",0.746460267909172
"5923","J01G",0.554520950084876
"5924","J01G",0.810765384698471
"5925","J01G",0.632507943376931
"5926","J01G",0.707624817581974
"5927","J01G",0.776281147333014
"5928","J01G",0.696376555341159
"5929","J01G",0.789686895459076
"5930","J01G",0.714103539692971
"5931","J01G",0.749174808033746
"5932","J01G",0.564609936254022
"5933","J01G",0.559449635673179
"5934","J01G",0.50621461838614
"5935","J01G",0.740692048995278
"5936","J01G",0.549723990759447
"5937","J01G",0.919686510107851
"5938","J01G",0.822625213790419
"5939","J01G",0.676275546230196
"5940","J01G",0.744221082451561
"5941","J01G",0.767975336484425
"5942","J01G",0.87192952771303
"5943","J01G",0.793073956081869
"5944","J01G",0.783712927463185
"5945","J01G",0.530519323372752
"5946","J01G",0.879241234963907
"5947","J01G",0.829001024149833
"5948","J01G",0.70433746747047
"5949","J01G",0.617527623484136
"5950","J01G",0.683174808983595
"5951","J01G",0.746746493676488
"5952","J01G",0.558316257789758
"5953","J01G",0.608435958808908
"5954","J01G",0.682944272774614
"5955","J01G",0.694947070833934
"5956","J01G",0.801550555328786
"5957","J01G",0.845778683379212
"5958","J01G",0.73993306642198
"5959","J01G",0.740286304056026
"5960","J01G",0.839608730669837
"5961","J01G",0.93240553517978
"5962","J01G",0.732215156740565
"5963","J01G",0.720540048704398
"5964","J01G",0.571779584009863
"5965","J01G",0.667384447071124
"5966","J01G",0.774232208210083
"5967","J01G",0.724449351124757
"5968","J01G",0.837291741339117
"5969","J01G",0.644002453400731
"5970","J01G",0.78174936798504
"5971","J01G",0.660354256611258
"5972","J01G",0.661015019325375
"5973","J01G",0.682490332148376
"5974","J01G",0.846047521232938
"5975","J01G",0.721957176376803
"5976","J01G",0.558921503017636
"5977","J01G",0.776713108612574
"5978","J01G",0.730071042110699
"5979","J01G",0.58636496945312
"5980","J01G",0.768787653690123
"5981","J01G",0.753531350137515
"5982","J01G",0.661218187958479
"5983","J01G",0.764599452866113
"5984","J01G",0.531242053581244
"5985","J01G",0.682156853417472
"5986","J01G",0.859174619552824
"5987","J01G",0.566863501727556
"5988","J01G",0.849670593289358
"5989","J01G",0.772863663914978
"5990","J01G",0.67059787034035
"5991","J01G",0.798420408948158
"5992","J01G",0.616084482410983
"5993","J01G",0.664352378498104
"5994","J01G",0.740411585535734
"5995","J01G",0.822572618314037
"5996","J01G",0.681126265363196
"5997","J01G",0.629320870673356
"5998","J01G",0.664428583666454
"5999","J01G",0.689962887770725
"6000","J01G",0.405169249703891
"6001","J01M",0.428726419405478
"6002","J01M",0.998925631666633
"6003","J01M",1.20636276519386
"6004","J01M",0.803580638277782
"6005","J01M",1.16742690556774
"6006","J01M",1.2291188539538
"6007","J01M",0.80459349185799
"6008","J01M",0.471105735873083
"6009","J01M",1.4149568631791
"6010","J01M",1.22073536092862
"6011","J01M",1.11663473855542
"6012","J01M",0.826023618393498
"6013","J01M",1.11161597214728
"6014","J01M",1.1776555701912
"6015","J01M",0.861893100622014
"6016","J01M",1.39217828334869
"6017","J01M",0.887764913550628
"6018","J01M",0.46141278048061
"6019","J01M",1.1062202508701
"6020","J01M",0.879734048552706
"6021","J01M",1.09038564205474
"6022","J01M",0.75353698667446
"6023","J01M",0.627453299557102
"6024","J01M",0.876103794712685
"6025","J01M",1.15429216452518
"6026","J01M",1.21295394979071
"6027","J01M",1.30760409410317
"6028","J01M",1.65695460977589
"6029","J01M",0.468608877826358
"6030","J01M",0.802163920597404
"6031","J01M",0.701408238191321
"6032","J01M",1.24976795756962
"6033","J01M",1.15548163942645
"6034","J01M",0.682976084382475
"6035","J01M",1.40930838946548
"6036","J01M",0.806026266244382
"6037","J01M",0.948410333065162
"6038","J01M",1.15390014848466
"6039","J01M",0.94507174566547
"6040","J01M",1.0376338362027
"6041","J01M",1.542570294497
"6042","J01M",0.510751356792034
"6043","J01M",0.8415499457936
"6044","J01M",0.84388936670114
"6045","J01M",0.567196541478055
"6046","J01M",0.884550275079322
"6047","J01M",0.768218459830038
"6048","J01M",0.836868011004071
"6049","J01M",1.24858638438994
"6050","J01M",1.24032400322868
"6051","J01M",0.98428877240987
"6052","J01M",1.15927762154031
"6053","J01M",1.37111020500848
"6054","J01M",0.917247302484353
"6055","J01M",0.785020543853594
"6056","J01M",0.908712462200167
"6057","J01M",0.466349892026087
"6058","J01M",1.13794068687483
"6059","J01M",1.20079174579922
"6060","J01M",0.376059513874043
"6061","J01M",0.768039675797336
"6062","J01M",0.577080960529295
"6063","J01M",0.580752039534783
"6064","J01M",0.574065935487271
"6065","J01M",0.262969685126943
"6066","J01M",0.697605526251543
"6067","J01M",1.46671672833919
"6068","J01M",0.798258360380568
"6069","J01M",1.03509380238297
"6070","J01M",0.98103591530357
"6071","J01M",0.921532543155178
"6072","J01M",1.00728866208025
"6073","J01M",1.40131909145632
"6074","J01M",0.983052119713682
"6075","J01M",1.09260550465926
"6076","J01M",1.0216405896434
"6077","J01M",0.998284904314941
"6078","J01M",0.618170803265417
"6079","J01M",1.240700841246
"6080","J01M",0.950500312418688
"6081","J01M",1.25904586543254
"6082","J01M",1.31641278588226
"6083","J01M",0.665582392606826
"6084","J01M",1.26916100977724
"6085","J01M",1.1097405395871
"6086","J01M",1.0582619609683
"6087","J01M",1.00035014960819
"6088","J01M",0.698290339016057
"6089","J01M",1.34907187798448
"6090","J01M",1.18885383988577
"6091","J01M",0.382421623675807
"6092","J01M",0.568853894355563
"6093","J01M",0.962758147016621
"6094","J01M",0.965315172323992
"6095","J01M",0.617017479517275
"6096","J01M",0.835343702553386
"6097","J01M",0.729808573714276
"6098","J01M",1.29142798358545
"6099","J01M",0.496716275737979
"6100","J01M",1.41226797315223
"6101","J01M",1.43466046922918
"6102","J01M",0.860442914999113
"6103","J01M",1.11038236853563
"6104","J01M",0.903319130597312
"6105","J01M",0.977465880928909
"6106","J01M",1.25514047849117
"6107","J01M",0.9621318405032
"6108","J01M",0.650439579104484
"6109","J01M",0.781035358887885
"6110","J01M",0.86457138077182
"6111","J01M",0.817862882832546
"6112","J01M",1.07241500266864
"6113","J01M",0.999138684863444
"6114","J01M",1.14860417581701
"6115","J01M",1.02632826505206
"6116","J01M",1.174161178665
"6117","J01M",0.357120645933887
"6118","J01M",1.18395233170566
"6119","J01M",0.96707505168822
"6120","J01M",1.4778627073511
"6121","J01M",0.813990606299607
"6122","J01M",0.688617725921422
"6123","J01M",1.64326447728335
"6124","J01M",1.01961243074947
"6125","J01M",0.545672797748761
"6126","J01M",1.01574421159697
"6127","J01M",1.2025910782928
"6128","J01M",1.05077612714757
"6129","J01M",0.619204234533263
"6130","J01M",0.437701679979388
"6131","J01M",1.00842444014855
"6132","J01M",0.898475099940066
"6133","J01M",1.20450704300119
"6134","J01M",0.743634608624517
"6135","J01M",0.671897002248786
"6136","J01M",0.777061851176296
"6137","J01M",0.868625809740454
"6138","J01M",0.785803541669319
"6139","J01M",0.98086773119085
"6140","J01M",1.00417349099796
"6141","J01M",0.236218816440991
"6142","J01M",0.920157865829076
"6143","J01M",1.02274405235494
"6144","J01M",0.841533283855698
"6145","J01M",0.477071231967967
"6146","J01M",0.65333237366239
"6147","J01M",1.40107956460729
"6148","J01M",1.15568996338696
"6149","J01M",0.633224521816964
"6150","J01M",1.00634825536482
"6151","J01M",1.00423411939857
"6152","J01M",1.079320683125
"6153","J01M",0.889048446431047
"6154","J01M",1.26178667567438
"6155","J01M",1.07507424323758
"6156","J01M",1.31818705488393
"6157","J01M",0.692137875013544
"6158","J01M",1.00883300741006
"6159","J01M",0.647576097283843
"6160","J01M",1.44222986254951
"6161","J01M",0.950402740386243
"6162","J01M",1.57607752103655
"6163","J01M",1.1499291912873
"6164","J01M",0.899000250765256
"6165","J01M",1.33398765613973
"6166","J01M",1.1464907913326
"6167","J01M",0.891907124680324
"6168","J01M",0.323124177481514
"6169","J01M",1.36632885050952
"6170","J01M",1.38654212147239
"6171","J01M",0.590433997676474
"6172","J01M",0.897630917306157
"6173","J01M",1.07016956392972
"6174","J01M",1.21181825821309
"6175","J01M",0.6366201369154
"6176","J01M",0.586771736231465
"6177","J01M",1.08492853019804
"6178","J01M",1.32639874672441
"6179","J01M",1.02907273623722
"6180","J01M",1.09947735110647
"6181","J01M",1.73749610410575
"6182","J01M",1.54451726115435
"6183","J01M",0.587306056374599
"6184","J01M",0.762648377064691
"6185","J01M",0.709486122681905
"6186","J01M",0.826812758470858
"6187","J01M",0.665753010307752
"6188","J01M",1.36949504071559
"6189","J01M",1.19813356661653
"6190","J01M",1.24446858997116
"6191","J01M",0.813725416220206
"6192","J01M",1.12986341057991
"6193","J01M",0.203253663141951
"6194","J01M",0.986654960681576
"6195","J01M",0.760993502045011
"6196","J01M",0.70253963932885
"6197","J01M",1.1393140059708
"6198","J01M",1.62712247596567
"6199","J01M",1.29423559475475
"6200","J01M",0.906328800975774
"6201","J01M",0.79306772176502
"6202","J01M",1.05022174070863
"6203","J01M",0.814402877021282
"6204","J01M",0.83894239428726
"6205","J01M",1.12976865009452
"6206","J01M",1.2879782470131
"6207","J01M",0.516890823063977
"6208","J01M",1.3625713921748
"6209","J01M",0.995217013094174
"6210","J01M",0.98448339625727
"6211","J01M",1.10069447782507
"6212","J01M",0.93615495044706
"6213","J01M",0.940524326385001
"6214","J01M",0.907550649674225
"6215","J01M",0.939706517072172
"6216","J01M",0.889335461602472
"6217","J01M",0.765602194478612
"6218","J01M",0.79977031353949
"6219","J01M",1.60656174309375
"6220","J01M",0.742292606302845
"6221","J01M",0.719645359135096
"6222","J01M",0.710716460916823
"6223","J01M",0.843396773919088
"6224","J01M",1.26728544721718
"6225","J01M",0.707149370239616
"6226","J01M",0.919655150612413
"6227","J01M",1.02863318116904
"6228","J01M",1.15131909595278
"6229","J01M",0.862974460022001
"6230","J01M",0.908519544597433
"6231","J01M",1.10357924019015
"6232","J01M",1.2833405790094
"6233","J01M",0.907799921635663
"6234","J01M",1.28900982005983
"6235","J01M",0.438604665153617
"6236","J01M",0.314483323764469
"6237","J01M",1.38795167270374
"6238","J01M",1.09472437076522
"6239","J01M",0.797383775964621
"6240","J01M",0.949907784285173
"6241","J01M",1.1114322336001
"6242","J01M",1.06034477649119
"6243","J01M",0.895121417331165
"6244","J01M",0.442348080761222
"6245","J01M",0.342302955006164
"6246","J01M",0.805007934299035
"6247","J01M",1.89501812289238
"6248","J01M",0.734314676447453
"6249","J01M",0.47486805891023
"6250","J01M",0.721279199579614
"6251","J01M",1.09775847207379
"6252","J01M",0.46699609288532
"6253","J01M",1.52819164728718
"6254","J01M",1.22814204817897
"6255","J01M",0.560994837452537
"6256","J01M",0.550849775333553
"6257","J01M",0.836530667464066
"6258","J01M",1.05073413070582
"6259","J01M",1.13795715596405
"6260","J01M",1.02759741184557
"6261","J01M",0.85724826049472
"6262","J01M",0.878458402363466
"6263","J01M",1.14892088271317
"6264","J01M",0.983788630253864
"6265","J01M",0.962252160773806
"6266","J01M",1.29276962841407
"6267","J01M",0.847046451557239
"6268","J01M",0.723175308864095
"6269","J01M",0.936662173222612
"6270","J01M",1.27456024523677
"6271","J01M",0.643351392276538
"6272","J01M",0.914174682206772
"6273","J01M",0.859346756246658
"6274","J01M",0.768065622572595
"6275","J01M",1.35692292773244
"6276","J01M",0.906169559559144
"6277","J01M",0.958433373303577
"6278","J01M",1.04095272706073
"6279","J01M",0.943086326883565
"6280","J01M",1.22611016329878
"6281","J01M",1.10216130114881
"6282","J01M",1.32013299401198
"6283","J01M",0.651445461926096
"6284","J01M",0.981179959785025
"6285","J01M",0.543654540979017
"6286","J01M",1.09072527416721
"6287","J01M",0.888844556454147
"6288","J01M",0.695291410149326
"6289","J01M",1.04727218130323
"6290","J01M",1.10095622614833
"6291","J01M",1.57890611228505
"6292","J01M",1.1422608259538
"6293","J01M",1.00520061028861
"6294","J01M",0.891758928239047
"6295","J01M",0.648457525534899
"6296","J01M",0.72512028592809
"6297","J01M",0.620049988915362
"6298","J01M",0.856058909428554
"6299","J01M",1.05865841425957
"6300","J01M",0.767297850107403
"6301","J01M",1.02598080872444
"6302","J01M",0.875682918998591
"6303","J01M",0.755225232823919
"6304","J01M",0.766626213304666
"6305","J01M",0.856172375197235
"6306","J01M",0.861920582812444
"6307","J01M",1.04900413904992
"6308","J01M",1.11061291938709
"6309","J01M",1.27396527768959
"6310","J01M",0.375472597622339
"6311","J01M",0.76261092476158
"6312","J01M",1.04495039036077
"6313","J01M",1.10599520522093
"6314","J01M",0.942376776253767
"6315","J01M",1.24251566990732
"6316","J01M",1.01391452229623
"6317","J01M",0.51647853755195
"6318","J01M",0.973059693302845
"6319","J01M",0.865107169892852
"6320","J01M",0.751953454297364
"6321","J01M",1.1403050137856
"6322","J01M",1.0322821624304
"6323","J01M",0.166307235682648
"6324","J01M",1.11970640889462
"6325","J01M",0.51371020273609
"6326","J01M",0.929844519029864
"6327","J01M",0.640328509611065
"6328","J01M",1.05518234052375
"6329","J01M",1.68361215670002
"6330","J01M",1.17239096938712
"6331","J01M",0.725734728850573
"6332","J01M",1.32656641222255
"6333","J01M",0.478308973253274
"6334","J01M",1.20661581676703
"6335","J01M",0.645049232305664
"6336","J01M",1.1399906344839
"6337","J01M",0.736467331160289
"6338","J01M",1.30634481167485
"6339","J01M",0.666531113597762
"6340","J01M",0.780674925314448
"6341","J01M",0.452703896824301
"6342","J01M",1.33513556918287
"6343","J01M",0.476109381366806
"6344","J01M",1.09783900132728
"6345","J01M",0.69292857671092
"6346","J01M",0.687604895762323
"6347","J01M",1.11587316856243
"6348","J01M",0.595605536982272
"6349","J01M",1.07529497716087
"6350","J01M",0.927632067367438
"6351","J01M",0.572290126676637
"6352","J01M",0.866457470130674
"6353","J01M",1.14063426508144
"6354","J01M",0.747553806880841
"6355","J01M",1.14140372186716
"6356","J01M",0.445610290541866
"6357","J01M",0.722531657580348
"6358","J01M",0.617345895368306
"6359","J01M",1.05794071974051
"6360","J01M",1.15733141159266
"6361","J01M",1.42873847730284
"6362","J01M",1.39558363499064
"6363","J01M",0.507728524440672
"6364","J01M",0.589242268697106
"6365","J01M",0.987847236063757
"6366","J01M",1.18433277156702
"6367","J01M",0.9471744555721
"6368","J01M",1.06955873667622
"6369","J01M",1.01943254816887
"6370","J01M",1.57212194865043
"6371","J01M",0.853898291956766
"6372","J01M",0.998548098638331
"6373","J01M",0.729468679737524
"6374","J01M",0.660916618314249
"6375","J01M",1.36575578192454
"6376","J01M",1.17600096395669
"6377","J01M",0.499489760642012
"6378","J01M",0.832805114110726
"6379","J01M",1.02341755527576
"6380","J01M",0.414531978282802
"6381","J01M",1.12741648045396
"6382","J01M",1.22058106671703
"6383","J01M",1.18196781149018
"6384","J01M",1.25243931169099
"6385","J01M",0.805091194387322
"6386","J01M",1.13967990667939
"6387","J01M",1.30887099552927
"6388","J01M",0.785969164073755
"6389","J01M",1.71488123039899
"6390","J01M",0.987688589272334
"6391","J01M",1.0557609737078
"6392","J01M",0.889993100222545
"6393","J01M",0.846306491342498
"6394","J01M",1.27253912031902
"6395","J01M",1.4210502768017
"6396","J01M",0.700827208507401
"6397","J01M",1.26277183218824
"6398","J01M",0.671011313230843
"6399","J01M",1.10114035101005
"6400","J01M",1.19814997823448
"6401","J01M",0.665384164440202
"6402","J01M",0.833892705164356
"6403","J01M",0.490111207936008
"6404","J01M",1.09127637385008
"6405","J01M",0.81371716329576
"6406","J01M",0.327807213151063
"6407","J01M",1.3551671459503
"6408","J01M",1.38968442037903
"6409","J01M",1.4985729839362
"6410","J01M",0.988741555802963
"6411","J01M",0.81384174187898
"6412","J01M",0.98011119274993
"6413","J01M",0.489228735101798
"6414","J01M",1.41425518989457
"6415","J01M",0.452879818651041
"6416","J01M",0.764258737244951
"6417","J01M",1.23522073798162
"6418","J01M",1.44813243877014
"6419","J01M",0.553172538589083
"6420","J01M",0.738638774914666
"6421","J01M",1.29219638120785
"6422","J01M",0.598582624382175
"6423","J01M",1.00622011110782
"6424","J01M",1.07172659502488
"6425","J01M",0.906235725806047
"6426","J01M",0.728774706871403
"6427","J01M",1.19997259061865
"6428","J01M",0.360964271588292
"6429","J01M",0.482069148444052
"6430","J01M",1.27924108659207
"6431","J01M",0.322389280746285
"6432","J01M",1.64594144585392
"6433","J01M",0.838731835932362
"6434","J01M",0.257877350084932
"6435","J01M",1.05975384478535
"6436","J01M",0.940758932552735
"6437","J01M",0.939954487986132
"6438","J01M",1.09765757781948
"6439","J01M",0.765086650602316
"6440","J01M",1.1426573482592
"6441","J01M",0.622651048379261
"6442","J01M",0.701188225431237
"6443","J01M",1.20140652657428
"6444","J01M",1.12702359513235
"6445","J01M",0.474483284785368
"6446","J01M",0.47417674985814
"6447","J01M",1.08855561937969
"6448","J01M",1.07996123708149
"6449","J01M",0.404706858586108
"6450","J01M",0.950996686999674
"6451","J01M",1.04239941163167
"6452","J01M",0.803642278973345
"6453","J01M",0.961260979720995
"6454","J01M",1.16744149246195
"6455","J01M",0.314252774796768
"6456","J01M",1.18454507491128
"6457","J01M",0.873287918301489
"6458","J01M",0.904450800944686
"6459","J01M",1.00803407403164
"6460","J01M",0.397483258624032
"6461","J01M",0.808293806593123
"6462","J01M",0.60655504498641
"6463","J01M",0.81801167853448
"6464","J01M",0.877089698878964
"6465","J01M",1.35167010935722
"6466","J01M",0.911756266845555
"6467","J01M",1.36692676758312
"6468","J01M",0.898835657198009
"6469","J01M",0.870695189862364
"6470","J01M",1.36835768118228
"6471","J01M",0.855716669482223
"6472","J01M",1.38788213899699
"6473","J01M",0.740916553263664
"6474","J01M",0.555030359295485
"6475","J01M",1.08867117954542
"6476","J01M",1.48517701191997
"6477","J01M",0.767908266563762
"6478","J01M",1.46978800766303
"6479","J01M",1.31356969354019
"6480","J01M",1.31694438217982
"6481","J01M",1.16744918739068
"6482","J01M",0.664374328144241
"6483","J01M",1.31771887544775
"6484","J01M",1.39314016079003
"6485","J01M",0.501133874261502
"6486","J01M",0.7770412344645
"6487","J01M",0.912784510930407
"6488","J01M",0.500816786334028
"6489","J01M",1.46319967413782
"6490","J01M",1.35413340032669
"6491","J01M",1.08349132724238
"6492","J01M",1.26662795623707
"6493","J01M",1.07090052957204
"6494","J01M",0.540453993464444
"6495","J01M",1.32262597037773
"6496","J01M",0.955615936399012
"6497","J01M",1.35319577979349
"6498","J01M",1.01140311141949
"6499","J01M",1.07220519526947
"6500","J01M",0.999318356126092
"6501","J01M",0.964061808948602
"6502","J01M",1.11149782630111
"6503","J01M",1.24184707806672
"6504","J01M",0.825042531193632
"6505","J01M",1.23206926975148
"6506","J01M",0.56542987283945
"6507","J01M",1.25569460247115
"6508","J01M",0.66042465163701
"6509","J01M",0.596914576052049
"6510","J01M",1.26929751063592
"6511","J01M",1.28407505524169
"6512","J01M",0.65318654750926
"6513","J01M",1.09180599648537
"6514","J01M",0.947315185478423
"6515","J01M",0.955505212932313
"6516","J01M",1.0209511153928
"6517","J01M",1.13538205115535
"6518","J01M",0.917354733715551
"6519","J01M",0.651744711407714
"6520","J01M",0.600921775411542
"6521","J01M",0.961489704475851
"6522","J01M",1.12632979390877
"6523","J01M",1.15376331821402
"6524","J01M",1.29330417126858
"6525","J01M",1.52545599222703
"6526","J01M",0.900777786600823
"6527","J01M",0.822701206361882
"6528","J01M",0.918997319377806
"6529","J01M",0.49072705994755
"6530","J01M",0.847669564465216
"6531","J01M",1.13762704384198
"6532","J01M",0.544316312859073
"6533","J01M",0.81104178861704
"6534","J01M",0.86794479342085
"6535","J01M",0.492554373258804
"6536","J01M",0.89292298460071
"6537","J01M",1.11357049175514
"6538","J01M",0.99540157589809
"6539","J01M",0.964207206949852
"6540","J01M",0.601327779426609
"6541","J01M",1.04785047760929
"6542","J01M",0.896272955326416
"6543","J01M",1.09193901075732
"6544","J01M",1.16570695008688
"6545","J01M",0.74007064876441
"6546","J01M",1.39041579061238
"6547","J01M",0.687999771820044
"6548","J01M",1.11289999851046
"6549","J01M",0.872952467693708
"6550","J01M",0.69171833518217
"6551","J01M",1.05943064460973
"6552","J01M",1.51446642729362
"6553","J01M",1.48529072209274
"6554","J01M",0.308846353879808
"6555","J01M",1.32677398687223
"6556","J01M",0.950246441008506
"6557","J01M",0.548028526105879
"6558","J01M",0.310007140470961
"6559","J01M",0.741349791453038
"6560","J01M",0.918509344504796
"6561","J01M",0.97842052870989
"6562","J01M",0.903061576956375
"6563","J01M",0.964882356256052
"6564","J01M",0.376736951870446
"6565","J01M",1.12242451639909
"6566","J01M",1.14242088545197
"6567","J01M",1.04521251337658
"6568","J01M",1.29802143968038
"6569","J01M",1.11921478209701
"6570","J01M",1.39640455166465
"6571","J01M",0.829840525282377
"6572","J01M",0.801525554688374
"6573","J01M",0.818938209713583
"6574","J01M",1.19107971026558
"6575","J01M",1.00170989590562
"6576","J01M",1.43865725596555
"6577","J01M",0.911487509995904
"6578","J01M",1.07448256316098
"6579","J01M",0.576932403693023
"6580","J01M",0.912056150905692
"6581","J01M",1.36809844840966
"6582","J01M",1.31096590922869
"6583","J01M",0.714769558276057
"6584","J01M",0.833948427194834
"6585","J01M",0.731540426107582
"6586","J01M",0.992662430853775
"6587","J01M",1.01637524643542
"6588","J01M",0.655055715404374
"6589","J01M",0.556123945500519
"6590","J01M",1.00998619894784
"6591","J01M",0.908012881066374
"6592","J01M",1.34135730715374
"6593","J01M",1.35498303051187
"6594","J01M",1.23238235896591
"6595","J01M",0.943426988024078
"6596","J01M",1.14999560098038
"6597","J01M",0.87638520882645
"6598","J01M",1.16824997048207
"6599","J01M",0.630761367833287
"6600","J01M",1.31028976542283
"6601","J01M",0.904382743950662
"6602","J01M",1.46895040720249
"6603","J01M",0.968975991430341
"6604","J01M",1.1738702349699
"6605","J01M",0.46395836925651
"6606","J01M",1.35764463227756
"6607","J01M",0.716714975138534
"6608","J01M",0.71938008237637
"6609","J01M",1.46928907880883
"6610","J01M",0.81382596296728
"6611","J01M",0.938166863521494
"6612","J01M",1.15316306713075
"6613","J01M",1.55582424713288
"6614","J01M",0.778537999209165
"6615","J01M",1.00294246550962
"6616","J01M",1.12963857555388
"6617","J01M",0.647711967037042
"6618","J01M",0.25412909081106
"6619","J01M",1.3399380035811
"6620","J01M",0.575888625157656
"6621","J01M",0.82612030339738
"6622","J01M",0.661012082125005
"6623","J01M",0.912157973985377
"6624","J01M",0.718691570523613
"6625","J01M",0.805833604473839
"6626","J01M",1.26099778323188
"6627","J01M",0.670304040634246
"6628","J01M",1.11804175675251
"6629","J01M",0.996998501764117
"6630","J01M",1.22387727448964
"6631","J01M",1.14230806544958
"6632","J01M",1.53836674231546
"6633","J01M",0.473792091359448
"6634","J01M",0.66165882718048
"6635","J01M",0.790245872102363
"6636","J01M",0.870440686573327
"6637","J01M",0.797825540596262
"6638","J01M",1.34950499871875
"6639","J01M",0.868924682913882
"6640","J01M",0.593701715972082
"6641","J01M",1.45490638315183
"6642","J01M",0.70978545367666
"6643","J01M",1.21982698535734
"6644","J01M",1.17280924429004
"6645","J01M",0.854236744116943
"6646","J01M",0.594512236031228
"6647","J01M",1.26674792772167
"6648","J01M",1.14072283819379
"6649","J01M",0.467461342973567
"6650","J01M",1.11075747243213
"6651","J01M",1.04361822315695
"6652","J01M",1.05744685170215
"6653","J01M",0.949770664832341
"6654","J01M",1.42984515650659
"6655","J01M",1.01724240486014
"6656","J01M",1.02237869968123
"6657","J01M",0.991178748129608
"6658","J01M",1.08658464737364
"6659","J01M",0.741297286473546
"6660","J01M",0.926870265431152
"6661","J01M",0.827127705604352
"6662","J01M",0.712817598737242
"6663","J01M",1.10246796148506
"6664","J01M",0.409285086637301
"6665","J01M",1.33051443073897
"6666","J01M",0.9089053639964
"6667","J01M",1.21380487682685
"6668","J01M",1.30614717118691
"6669","J01M",0.911216663315026
"6670","J01M",0.675048059590868
"6671","J01M",1.22620348941851
"6672","J01M",0.898251020213241
"6673","J01M",1.25580156107359
"6674","J01M",1.32938886017457
"6675","J01M",0.952002277449404
"6676","J01M",1.09138923358109
"6677","J01M",1.00946853149959
"6678","J01M",0.868679128980433
"6679","J01M",0.935592232442493
"6680","J01M",0.987252643188801
"6681","J01M",0.688164420354842
"6682","J01M",0.723541571690261
"6683","J01M",0.859602853935905
"6684","J01M",1.48276410681476
"6685","J01M",0.88184454757789
"6686","J01M",1.10854944820664
"6687","J01M",1.51002907650001
"6688","J01M",0.663923841206562
"6689","J01M",0.986917368691397
"6690","J01M",0.583501131005476
"6691","J01M",1.132415348485
"6692","J01M",0.991677678723294
"6693","J01M",0.905355694481772
"6694","J01M",0.787787147329254
"6695","J01M",0.59534883275066
"6696","J01M",0.947851760516085
"6697","J01M",1.1042074684374
"6698","J01M",0.928933260576078
"6699","J01M",1.04767342566596
"6700","J01M",0.705119325450276
"6701","J01M",1.0242840452954
"6702","J01M",1.33878186377589
"6703","J01M",0.919787782762581
"6704","J01M",0.75229749658938
"6705","J01M",0.841250184707604
"6706","J01M",0.960507932526591
"6707","J01M",1.20207583713966
"6708","J01M",1.04949342613174
"6709","J01M",0.719357428626758
"6710","J01M",1.19106414030261
"6711","J01M",1.10276361397841
"6712","J01M",0.623189749430592
"6713","J01M",1.12603226550584
"6714","J01M",0.682157612022275
"6715","J01M",0.86647780259614
"6716","J01M",0.42013982002284
"6717","J01M",0.979667417451586
"6718","J01M",0.553624568903377
"6719","J01M",0.388227372683558
"6720","J01M",1.1668401708355
"6721","J01M",0.783963913901971
"6722","J01M",0.577422355376453
"6723","J01M",1.47603722179078
"6724","J01M",0.951513517738937
"6725","J01M",1.56271178129574
"6726","J01M",0.144263450251784
"6727","J01M",0.803282268934142
"6728","J01M",1.03544970482592
"6729","J01M",0.95129027329424
"6730","J01M",0.371646672140691
"6731","J01M",0.765592169469722
"6732","J01M",0.37126502282525
"6733","J01M",1.0516218768552
"6734","J01M",0.60910370493141
"6735","J01M",0.613992512412126
"6736","J01M",0.55031174244985
"6737","J01M",0.895893932819849
"6738","J01M",1.0834035513593
"6739","J01M",1.18165722095858
"6740","J01M",1.27380167409196
"6741","J01M",0.565956141443727
"6742","J01M",0.46041915930903
"6743","J01M",0.489758608419458
"6744","J01M",1.06688917407883
"6745","J01M",1.10535875780907
"6746","J01M",0.786709809087456
"6747","J01M",1.12392687184812
"6748","J01M",0.88883557311366
"6749","J01M",1.1504013533323
"6750","J01M",0.770591067808674
"6751","J01M",0.863863522384455
"6752","J01M",0.954454490094746
"6753","J01M",1.68636624032843
"6754","J01M",0.501968874607658
"6755","J01M",0.725391874188032
"6756","J01M",1.69821705163555
"6757","J01M",0.584680666569241
"6758","J01M",0.68735063179723
"6759","J01M",0.502637289745046
"6760","J01M",0.538545081413806
"6761","J01M",1.47437431150676
"6762","J01M",1.30678318862182
"6763","J01M",1.19511646513653
"6764","J01M",1.16100515281807
"6765","J01M",0.588017971086
"6766","J01M",1.00686896220582
"6767","J01M",0.794159335153774
"6768","J01M",1.38831304789063
"6769","J01M",0.837215957687332
"6770","J01M",1.21565741878837
"6771","J01M",1.50682825140582
"6772","J01M",0.453057582230886
"6773","J01M",0.832035288051426
"6774","J01M",0.670280601948955
"6775","J01M",1.05918436204997
"6776","J01M",1.09919487430464
"6777","J01M",0.791187594035036
"6778","J01M",1.19680317083821
"6779","J01M",1.11637751130256
"6780","J01M",0.716952750135611
"6781","J01M",1.08808363051823
"6782","J01M",1.11629230425726
"6783","J01M",1.07559991698467
"6784","J01M",0.808478648568971
"6785","J01M",0.953539634424593
"6786","J01M",1.34629471015345
"6787","J01M",1.28603962520935
"6788","J01M",1.21996347529547
"6789","J01M",0.943510456992045
"6790","J01M",0.998769959329607
"6791","J01M",1.07720294535615
"6792","J01M",0.785859541908158
"6793","J01M",0.481510624647483
"6794","J01M",0.710508569819789
"6795","J01M",0.794135580010802
"6796","J01M",1.51158520689084
"6797","J01M",1.42054879975011
"6798","J01M",1.09866905860749
"6799","J01M",1.23562481579369
"6800","J01M",0.373732242318291
"6801","J01M",0.567423917560225
"6802","J01M",1.43398844488059
"6803","J01M",1.19547489724871
"6804","J01M",0.973102781085387
"6805","J01M",1.08823327846204
"6806","J01M",0.551382392100177
"6807","J01M",0.807664330977339
"6808","J01M",0.135246817006715
"6809","J01M",1.23623617792835
"6810","J01M",0.627911244024693
"6811","J01M",0.951156081560835
"6812","J01M",0.608339345220745
"6813","J01M",0.3903173701196
"6814","J01M",0.797804893276922
"6815","J01M",0.965369817862101
"6816","J01M",1.32964641192193
"6817","J01M",0.800231807317141
"6818","J01M",0.870683021447636
"6819","J01M",1.00329048271238
"6820","J01M",0.407685287746306
"6821","J01M",0.741183046155171
"6822","J01M",1.12393665533205
"6823","J01M",0.959703204936882
"6824","J01M",0.865671873967157
"6825","J01M",0.908413420030226
"6826","J01M",0.746599788621421
"6827","J01M",0.375770049923752
"6828","J01M",1.02222882031882
"6829","J01M",1.16701464298843
"6830","J01M",0.691575302629956
"6831","J01M",0.892457697695431
"6832","J01M",0.876676422064369
"6833","J01M",1.13320564323475
"6834","J01M",1.01303158465925
"6835","J01M",0.908165462198435
"6836","J01M",0.708790159628071
"6837","J01M",0.995982781766262
"6838","J01M",0.637746706303009
"6839","J01M",1.2193168137536
"6840","J01M",0.701254541514349
"6841","J01M",1.24954397578615
"6842","J01M",0.441599482075211
"6843","J01M",0.472639768868273
"6844","J01M",1.78710068902165
"6845","J01M",0.686191974150128
"6846","J01M",0.970122494679032
"6847","J01M",0.786401106151727
"6848","J01M",1.05749173733679
"6849","J01M",0.454907481034068
"6850","J01M",1.15865005685457
"6851","J01M",0.648040827887195
"6852","J01M",0.607102929592535
"6853","J01M",0.993336724846913
"6854","J01M",0.124894110037587
"6855","J01M",0.636240413187241
"6856","J01M",0.640486891529321
"6857","J01M",0.951765050662612
"6858","J01M",0.699771809079547
"6859","J01M",1.04673836350909
"6860","J01M",1.12181705075083
"6861","J01M",1.219411520977
"6862","J01M",0.913376963605727
"6863","J01M",0.597266442196602
"6864","J01M",0.67637920713774
"6865","J01M",1.30546051012808
"6866","J01M",0.705782965009077
"6867","J01M",0.978606523140554
"6868","J01M",1.179234028454
"6869","J01M",0.967659998066975
"6870","J01M",1.34832313125578
"6871","J01M",0.190979482706772
"6872","J01M",0.969911724772143
"6873","J01M",1.19489446932474
"6874","J01M",1.4177248111114
"6875","J01M",1.13093204284804
"6876","J01M",1.0501207736132
"6877","J01M",1.12988835334366
"6878","J01M",1.19183513141479
"6879","J01M",0.746382264861602
"6880","J01M",1.20120418535269
"6881","J01M",1.27388346430024
"6882","J01M",0.96185572180941
"6883","J01M",1.18836236261997
"6884","J01M",1.36027116516014
"6885","J01M",1.20947408892776
"6886","J01M",1.02578561944949
"6887","J01M",1.04911808580854
"6888","J01M",0.511397752902224
"6889","J01M",0.797680676060568
"6890","J01M",0.645626655983465
"6891","J01M",1.09563652113853
"6892","J01M",0.826088070758964
"6893","J01M",0.836631858730375
"6894","J01M",0.915523964188339
"6895","J01M",1.1479350442181
"6896","J01M",1.20281212939396
"6897","J01M",0.463934204996291
"6898","J01M",1.31663082996952
"6899","J01M",0.861663783068728
"6900","J01M",0.693777106363625
"6901","J01M",1.27374564589517
"6902","J01M",0.759956471864224
"6903","J01M",1.05261718999195
"6904","J01M",1.10396703736189
"6905","J01M",1.02015726815698
"6906","J01M",0.403060271169774
"6907","J01M",1.26085042545825
"6908","J01M",0.939360601663494
"6909","J01M",0.86853002325109
"6910","J01M",1.03945646383749
"6911","J01M",1.17599517617852
"6912","J01M",1.32385629126728
"6913","J01M",1.17759295052132
"6914","J01M",1.09952983742802
"6915","J01M",1.31562341087997
"6916","J01M",1.33025572190045
"6917","J01M",1.18398923352951
"6918","J01M",1.06193805468916
"6919","J01M",0.877025780421878
"6920","J01M",0.473766952560168
"6921","J01M",0.526929060807811
"6922","J01M",0.960504848853748
"6923","J01M",0.639849876389472
"6924","J01M",0.958883217042147
"6925","J01M",0.967894458149962
"6926","J01M",1.02780367533845
"6927","J01M",0.864169464240939
"6928","J01M",0.836301374918385
"6929","J01M",1.04904629384342
"6930","J01M",1.11389770958588
"6931","J01M",0.97492110681306
"6932","J01M",1.0155333385539
"6933","J01M",1.25721469016163
"6934","J01M",1.39675417433023
"6935","J01M",0.774498655813517
"6936","J01M",1.2905241307757
"6937","J01M",0.222936223775378
"6938","J01M",0.300949209521488
"6939","J01M",0.803844133471941
"6940","J01M",1.06126907979488
"6941","J01M",1.06233599581609
"6942","J01M",0.720846235259664
"6943","J01M",0.69940419250061
"6944","J01M",0.580208555647083
"6945","J01M",0.984146890302552
"6946","J01M",0.721010250254565
"6947","J01M",0.692771999892579
"6948","J01M",1.22380121428896
"6949","J01M",0.915725263587061
"6950","J01M",0.85925834671139
"6951","J01M",1.18207934005247
"6952","J01M",1.0845157377285
"6953","J01M",1.33414399284155
"6954","J01M",1.3108658727451
"6955","J01M",1.0375356556632
"6956","J01M",0.905712286841073
"6957","J01M",0.933692779088404
"6958","J01M",1.5489371052107
"6959","J01M",1.19669802683447
"6960","J01M",1.51368153462182
"6961","J01M",0.998747906698568
"6962","J01M",1.36914789694556
"6963","J01M",0.927713332612519
"6964","J01M",1.14772326298534
"6965","J01M",1.40603859844863
"6966","J01M",0.962146270444087
"6967","J01M",1.02370160826445
"6968","J01M",1.00991561320889
"6969","J01M",1.18419497152343
"6970","J01M",1.04212722630541
"6971","J01M",1.52153517148932
"6972","J01M",1.52814544991132
"6973","J01M",1.09120024384274
"6974","J01M",0.492040138749796
"6975","J01M",1.16031001268487
"6976","J01M",1.52088150087977
"6977","J01M",1.07673775176474
"6978","J01M",0.762935431648141
"6979","J01M",0.88861877652251
"6980","J01M",0.776651792093279
"6981","J01M",0.44613309989164
"6982","J01M",1.2182073001875
"6983","J01M",1.18400340859518
"6984","J01M",0.734446990154058
"6985","J01M",0.940795316762738
"6986","J01M",0.595110445797537
"6987","J01M",0.457802693197036
"6988","J01M",0.969764710002301
"6989","J01M",1.08425974229378
"6990","J01M",0.444505528898886
"6991","J01M",0.796714213410981
"6992","J01M",1.32197959111149
"6993","J01M",0.788096958536898
"6994","J01M",0.80187762891445
"6995","J01M",1.0127660422391
"6996","J01M",1.18898140271745
"6997","J01M",0.871032448148114
"6998","J01M",1.13374099056118
"6999","J01M",0.837111864230586
"7000","J01M",0.749223996155808
