"","Pathogen","Gradient"
"1","Acinetobacter spp.",1.35869083293589
"2","Acinetobacter spp.",0.760093759985564
"3","Acinetobacter spp.",1.35410484732446
"4","Acinetobacter spp.",0.602849882230401
"5","Acinetobacter spp.",1.14558691606564
"6","Acinetobacter spp.",0.749378568246775
"7","Acinetobacter spp.",1.16849436131361
"8","Acinetobacter spp.",1.3257298234641
"9","Acinetobacter spp.",0.924342361005742
"10","Acinetobacter spp.",1.09247471157648
"11","Acinetobacter spp.",1.23351329313629
"12","Acinetobacter spp.",0.722633302892811
"13","Acinetobacter spp.",0.900988446232122
"14","Acinetobacter spp.",0.635256813641813
"15","Acinetobacter spp.",1.13712759525256
"16","Acinetobacter spp.",1.19419489389111
"17","Acinetobacter spp.",1.00453635862038
"18","Acinetobacter spp.",0.567784766616086
"19","Acinetobacter spp.",1.02175104114281
"20","Acinetobacter spp.",0.589489560717778
"21","Acinetobacter spp.",1.09559054374003
"22","Acinetobacter spp.",1.20543982267977
"23","Acinetobacter spp.",0.764752913881261
"24","Acinetobacter spp.",0.704708705836682
"25","Acinetobacter spp.",1.16137785214024
"26","Acinetobacter spp.",0.914054249127277
"27","Acinetobacter spp.",1.01965426477267
"28","Acinetobacter spp.",0.493367924427838
"29","Acinetobacter spp.",0.90004747561147
"30","Acinetobacter spp.",0.728306389393682
"31","Acinetobacter spp.",1.01970247026635
"32","Acinetobacter spp.",1.28594721403434
"33","Acinetobacter spp.",1.16775638302428
"34","Acinetobacter spp.",1.29010475357589
"35","Acinetobacter spp.",0.736139260799726
"36","Acinetobacter spp.",1.1359363959072
"37","Acinetobacter spp.",0.420794363392237
"38","Acinetobacter spp.",0.844652597109472
"39","Acinetobacter spp.",0.9973670738633
"40","Acinetobacter spp.",1.03734595919752
"41","Acinetobacter spp.",1.19478310481736
"42","Acinetobacter spp.",0.82564751124887
"43","Acinetobacter spp.",0.664930825439269
"44","Acinetobacter spp.",0.275271489713092
"45","Acinetobacter spp.",0.90597905395744
"46","Acinetobacter spp.",0.842521348450192
"47","Acinetobacter spp.",1.20640803105615
"48","Acinetobacter spp.",0.977658344693833
"49","Acinetobacter spp.",0.646423001582854
"50","Acinetobacter spp.",0.543458903415637
"51","Acinetobacter spp.",0.948929868824601
"52","Acinetobacter spp.",0.660315517226537
"53","Acinetobacter spp.",1.03203895846343
"54","Acinetobacter spp.",0.888256889529164
"55","Acinetobacter spp.",1.19856584804729
"56","Acinetobacter spp.",1.30359044900726
"57","Acinetobacter spp.",0.675888067837044
"58","Acinetobacter spp.",1.26166960261133
"59","Acinetobacter spp.",0.972187247927898
"60","Acinetobacter spp.",0.738809729280897
"61","Acinetobacter spp.",1.19291150279373
"62","Acinetobacter spp.",0.840095857341479
"63","Acinetobacter spp.",0.638431076909827
"64","Acinetobacter spp.",1.04640214887902
"65","Acinetobacter spp.",0.928903922998774
"66","Acinetobacter spp.",0.710924705403517
"67","Acinetobacter spp.",0.80035265859613
"68","Acinetobacter spp.",1.1338370433339
"69","Acinetobacter spp.",0.415511245472264
"70","Acinetobacter spp.",0.816712194281166
"71","Acinetobacter spp.",1.46856695378063
"72","Acinetobacter spp.",0.676599298986355
"73","Acinetobacter spp.",1.05102731309843
"74","Acinetobacter spp.",0.909238035793196
"75","Acinetobacter spp.",1.12031348226284
"76","Acinetobacter spp.",1.37873744676331
"77","Acinetobacter spp.",0.685782023082882
"78","Acinetobacter spp.",1.05767732825877
"79","Acinetobacter spp.",0.484877946340777
"80","Acinetobacter spp.",1.2682589819376
"81","Acinetobacter spp.",1.12034072054976
"82","Acinetobacter spp.",0.793509263240782
"83","Acinetobacter spp.",0.75015701598949
"84","Acinetobacter spp.",1.52917331074921
"85","Acinetobacter spp.",0.967197401167421
"86","Acinetobacter spp.",0.311047505231991
"87","Acinetobacter spp.",1.30753683740186
"88","Acinetobacter spp.",0.75779611204755
"89","Acinetobacter spp.",0.863778470671535
"90","Acinetobacter spp.",0.989519485195882
"91","Acinetobacter spp.",0.826544091680817
"92","Acinetobacter spp.",1.1262414218499
"93","Acinetobacter spp.",1.18265727017735
"94","Acinetobacter spp.",0.930502229221061
"95","Acinetobacter spp.",0.766858119974859
"96","Acinetobacter spp.",0.886038374864655
"97","Acinetobacter spp.",0.649783833076206
"98","Acinetobacter spp.",1.11480236512153
"99","Acinetobacter spp.",1.02028184480194
"100","Acinetobacter spp.",0.656943806396503
"101","Acinetobacter spp.",0.58460444676069
"102","Acinetobacter spp.",1.29697770229656
"103","Acinetobacter spp.",1.26191127785788
"104","Acinetobacter spp.",1.27259978425677
"105","Acinetobacter spp.",1.11387587173154
"106","Acinetobacter spp.",0.790238824745877
"107","Acinetobacter spp.",0.707721935888673
"108","Acinetobacter spp.",0.688795805864486
"109","Acinetobacter spp.",0.820411249743808
"110","Acinetobacter spp.",0.960616144129535
"111","Acinetobacter spp.",0.905221840176933
"112","Acinetobacter spp.",0.755244929727035
"113","Acinetobacter spp.",1.15119395810909
"114","Acinetobacter spp.",0.806265798634688
"115","Acinetobacter spp.",0.973682746146516
"116","Acinetobacter spp.",1.05635457955282
"117","Acinetobacter spp.",1.15367816675385
"118","Acinetobacter spp.",0.548530176791833
"119","Acinetobacter spp.",1.48538933744131
"120","Acinetobacter spp.",0.98695474731547
"121","Acinetobacter spp.",0.881847769982955
"122","Acinetobacter spp.",1.30190866754881
"123","Acinetobacter spp.",1.08204768734817
"124","Acinetobacter spp.",0.696458125433408
"125","Acinetobacter spp.",0.745146800516856
"126","Acinetobacter spp.",1.31642363924095
"127","Acinetobacter spp.",1.01864443995141
"128","Acinetobacter spp.",0.978104747815857
"129","Acinetobacter spp.",0.796813421476232
"130","Acinetobacter spp.",0.765888892652375
"131","Acinetobacter spp.",0.705874245558352
"132","Acinetobacter spp.",1.09288503385112
"133","Acinetobacter spp.",0.882449437858154
"134","Acinetobacter spp.",0.782886652230965
"135","Acinetobacter spp.",1.24523969720431
"136","Acinetobacter spp.",0.986117220742428
"137","Acinetobacter spp.",0.91240713004055
"138","Acinetobacter spp.",1.04503989597343
"139","Acinetobacter spp.",1.34339129543537
"140","Acinetobacter spp.",1.10032055822416
"141","Acinetobacter spp.",0.931139154645274
"142","Acinetobacter spp.",0.455061446420983
"143","Acinetobacter spp.",1.106749940427
"144","Acinetobacter spp.",1.23721415805837
"145","Acinetobacter spp.",0.496158647717624
"146","Acinetobacter spp.",0.759041330139634
"147","Acinetobacter spp.",0.560108183588414
"148","Acinetobacter spp.",0.304217754357399
"149","Acinetobacter spp.",1.51529381845152
"150","Acinetobacter spp.",1.2533133588124
"151","Acinetobacter spp.",1.15931405461936
"152","Acinetobacter spp.",0.67953319765449
"153","Acinetobacter spp.",0.600428000456669
"154","Acinetobacter spp.",1.04868568309287
"155","Acinetobacter spp.",0.816662483039423
"156","Acinetobacter spp.",1.01675797094351
"157","Acinetobacter spp.",1.35657131028203
"158","Acinetobacter spp.",0.958882140289755
"159","Acinetobacter spp.",0.737590503558994
"160","Acinetobacter spp.",1.30386853219416
"161","Acinetobacter spp.",1.15350415454429
"162","Acinetobacter spp.",1.345888159305
"163","Acinetobacter spp.",1.37148999952268
"164","Acinetobacter spp.",0.962480438347238
"165","Acinetobacter spp.",0.644927417531235
"166","Acinetobacter spp.",1.09594376778218
"167","Acinetobacter spp.",1.33426617250971
"168","Acinetobacter spp.",0.929245715748785
"169","Acinetobacter spp.",0.874446748185053
"170","Acinetobacter spp.",1.268137020515
"171","Acinetobacter spp.",0.504896349025042
"172","Acinetobacter spp.",1.19577517124118
"173","Acinetobacter spp.",1.01494885520943
"174","Acinetobacter spp.",0.827532442512696
"175","Acinetobacter spp.",0.666068903918764
"176","Acinetobacter spp.",0.821814133888033
"177","Acinetobacter spp.",1.15144022650129
"178","Acinetobacter spp.",0.854287945484538
"179","Acinetobacter spp.",1.22279650041333
"180","Acinetobacter spp.",1.22880160996535
"181","Acinetobacter spp.",1.0577761646947
"182","Acinetobacter spp.",1.18488492937673
"183","Acinetobacter spp.",0.931608220245546
"184","Acinetobacter spp.",0.671399796167209
"185","Acinetobacter spp.",0.561219398885994
"186","Acinetobacter spp.",0.811364257763957
"187","Acinetobacter spp.",0.893413936899987
"188","Acinetobacter spp.",1.18909408234962
"189","Acinetobacter spp.",1.09641737001679
"190","Acinetobacter spp.",0.813376420758772
"191","Acinetobacter spp.",1.17818087046655
"192","Acinetobacter spp.",0.826670644874517
"193","Acinetobacter spp.",1.10667305874016
"194","Acinetobacter spp.",0.813975195121638
"195","Acinetobacter spp.",0.980862415706495
"196","Acinetobacter spp.",0.49957054682502
"197","Acinetobacter spp.",1.2131347170181
"198","Acinetobacter spp.",0.889159975415677
"199","Acinetobacter spp.",0.551775680817139
"200","Acinetobacter spp.",1.2482682952177
"201","Acinetobacter spp.",1.31801991544057
"202","Acinetobacter spp.",1.44908318343613
"203","Acinetobacter spp.",1.03678120779645
"204","Acinetobacter spp.",1.14552698216071
"205","Acinetobacter spp.",0.532809030057948
"206","Acinetobacter spp.",0.541672109604077
"207","Acinetobacter spp.",0.808013481645375
"208","Acinetobacter spp.",1.08256316856743
"209","Acinetobacter spp.",0.899664896839987
"210","Acinetobacter spp.",1.18846972663684
"211","Acinetobacter spp.",0.371187156570787
"212","Acinetobacter spp.",0.7624402115105
"213","Acinetobacter spp.",1.32885995028698
"214","Acinetobacter spp.",1.2811969036984
"215","Acinetobacter spp.",0.378543561105259
"216","Acinetobacter spp.",1.0506897079872
"217","Acinetobacter spp.",0.941688373937544
"218","Acinetobacter spp.",1.29053759949473
"219","Acinetobacter spp.",1.24970712461755
"220","Acinetobacter spp.",1.48232173110117
"221","Acinetobacter spp.",0.427503019250115
"222","Acinetobacter spp.",1.12184382540502
"223","Acinetobacter spp.",1.48478055076986
"224","Acinetobacter spp.",0.967460506477623
"225","Acinetobacter spp.",1.02310591580834
"226","Acinetobacter spp.",0.592281801739641
"227","Acinetobacter spp.",0.856895135072442
"228","Acinetobacter spp.",0.507103108073778
"229","Acinetobacter spp.",0.0680851757967501
"230","Acinetobacter spp.",1.31073511417301
"231","Acinetobacter spp.",1.38646161823775
"232","Acinetobacter spp.",1.20055789542183
"233","Acinetobacter spp.",0.784291263129214
"234","Acinetobacter spp.",0.927114154223826
"235","Acinetobacter spp.",0.891121400784673
"236","Acinetobacter spp.",1.30506017596121
"237","Acinetobacter spp.",0.950401376283858
"238","Acinetobacter spp.",1.04824659727419
"239","Acinetobacter spp.",1.13867811783515
"240","Acinetobacter spp.",0.883555658343082
"241","Acinetobacter spp.",1.03918263028275
"242","Acinetobacter spp.",1.10331023023737
"243","Acinetobacter spp.",1.08407087352718
"244","Acinetobacter spp.",0.849517649058827
"245","Acinetobacter spp.",0.237904950406762
"246","Acinetobacter spp.",0.976993622696572
"247","Acinetobacter spp.",1.00691175045153
"248","Acinetobacter spp.",1.10822602711194
"249","Acinetobacter spp.",0.721329903220849
"250","Acinetobacter spp.",0.938607604600166
"251","Acinetobacter spp.",0.555874483862425
"252","Acinetobacter spp.",0.836225693546589
"253","Acinetobacter spp.",0.756622499021578
"254","Acinetobacter spp.",1.19677574073447
"255","Acinetobacter spp.",1.45966635925466
"256","Acinetobacter spp.",0.950254535654354
"257","Acinetobacter spp.",0.80774969244779
"258","Acinetobacter spp.",1.06753969247203
"259","Acinetobacter spp.",0.912686344634411
"260","Acinetobacter spp.",1.04240881939214
"261","Acinetobacter spp.",0.906908417735215
"262","Acinetobacter spp.",0.814810256134927
"263","Acinetobacter spp.",1.46374549860604
"264","Acinetobacter spp.",0.888742124437884
"265","Acinetobacter spp.",1.2234111424503
"266","Acinetobacter spp.",0.90292368578929
"267","Acinetobacter spp.",0.880850607276101
"268","Acinetobacter spp.",0.911294625738358
"269","Acinetobacter spp.",1.236434787472
"270","Acinetobacter spp.",0.823621419922316
"271","Acinetobacter spp.",0.66068763161866
"272","Acinetobacter spp.",0.786760396904591
"273","Acinetobacter spp.",0.377846978781113
"274","Acinetobacter spp.",0.593838836212145
"275","Acinetobacter spp.",0.992541554911096
"276","Acinetobacter spp.",1.08554439937364
"277","Acinetobacter spp.",1.23489240605516
"278","Acinetobacter spp.",0.532366393388339
"279","Acinetobacter spp.",1.26482028181757
"280","Acinetobacter spp.",0.920673538091296
"281","Acinetobacter spp.",1.20921755098712
"282","Acinetobacter spp.",1.56263224696491
"283","Acinetobacter spp.",1.38991818071669
"284","Acinetobacter spp.",0.876369985999307
"285","Acinetobacter spp.",0.306506516206495
"286","Acinetobacter spp.",0.780442298539964
"287","Acinetobacter spp.",1.0656329092069
"288","Acinetobacter spp.",0.75780421933532
"289","Acinetobacter spp.",0.961169673068785
"290","Acinetobacter spp.",1.18238107153432
"291","Acinetobacter spp.",0.687981844438994
"292","Acinetobacter spp.",1.07905317582363
"293","Acinetobacter spp.",0.990288190872806
"294","Acinetobacter spp.",1.02732520115191
"295","Acinetobacter spp.",1.18741689865028
"296","Acinetobacter spp.",1.08729391954935
"297","Acinetobacter spp.",1.12278732849169
"298","Acinetobacter spp.",0.716355958095034
"299","Acinetobacter spp.",0.635302458704798
"300","Acinetobacter spp.",1.15182949328977
"301","Acinetobacter spp.",1.20694373677654
"302","Acinetobacter spp.",1.1539176010606
"303","Acinetobacter spp.",1.04636022898547
"304","Acinetobacter spp.",0.618144480307558
"305","Acinetobacter spp.",0.847267929134719
"306","Acinetobacter spp.",1.18432539059094
"307","Acinetobacter spp.",0.86897110309139
"308","Acinetobacter spp.",1.02251551134818
"309","Acinetobacter spp.",1.06691571559749
"310","Acinetobacter spp.",0.820978843679628
"311","Acinetobacter spp.",0.256883753930226
"312","Acinetobacter spp.",0.894265463105928
"313","Acinetobacter spp.",1.05765252262724
"314","Acinetobacter spp.",0.848585457834987
"315","Acinetobacter spp.",1.05476963528806
"316","Acinetobacter spp.",0.818251214149409
"317","Acinetobacter spp.",1.4523613174254
"318","Acinetobacter spp.",0.724719952167685
"319","Acinetobacter spp.",0.993545729261013
"320","Acinetobacter spp.",0.84307656164007
"321","Acinetobacter spp.",1.05257319025487
"322","Acinetobacter spp.",1.07550323756922
"323","Acinetobacter spp.",0.910637647176518
"324","Acinetobacter spp.",1.28823913645516
"325","Acinetobacter spp.",0.813879233765633
"326","Acinetobacter spp.",0.646793199771517
"327","Acinetobacter spp.",0.850228577540114
"328","Acinetobacter spp.",0.818827899951638
"329","Acinetobacter spp.",1.18131250179891
"330","Acinetobacter spp.",0.432125115744877
"331","Acinetobacter spp.",1.32409743695491
"332","Acinetobacter spp.",0.690449532347665
"333","Acinetobacter spp.",0.103264020375816
"334","Acinetobacter spp.",1.00210671828975
"335","Acinetobacter spp.",1.1240908123211
"336","Acinetobacter spp.",0.737597553105427
"337","Acinetobacter spp.",1.04980970276705
"338","Acinetobacter spp.",1.06554742015828
"339","Acinetobacter spp.",1.37796386900156
"340","Acinetobacter spp.",0.647347015864021
"341","Acinetobacter spp.",1.023698516095
"342","Acinetobacter spp.",1.28617976364728
"343","Acinetobacter spp.",0.915808826516962
"344","Acinetobacter spp.",1.20987231894151
"345","Acinetobacter spp.",0.780056273528572
"346","Acinetobacter spp.",1.19898161735941
"347","Acinetobacter spp.",0.716365079250118
"348","Acinetobacter spp.",1.00455278190766
"349","Acinetobacter spp.",1.23757445789092
"350","Acinetobacter spp.",0.912103063653322
"351","Acinetobacter spp.",1.100741766115
"352","Acinetobacter spp.",0.88778363387418
"353","Acinetobacter spp.",0.422109742631887
"354","Acinetobacter spp.",0.728533997300716
"355","Acinetobacter spp.",1.13728450470833
"356","Acinetobacter spp.",1.0816695501753
"357","Acinetobacter spp.",0.979975792013432
"358","Acinetobacter spp.",1.18522676624695
"359","Acinetobacter spp.",0.930477794067761
"360","Acinetobacter spp.",0.913365965325648
"361","Acinetobacter spp.",1.23111676915154
"362","Acinetobacter spp.",1.3941533441342
"363","Acinetobacter spp.",0.508869646574528
"364","Acinetobacter spp.",0.340256678742578
"365","Acinetobacter spp.",1.07678623727546
"366","Acinetobacter spp.",0.93510777355595
"367","Acinetobacter spp.",1.22139238343786
"368","Acinetobacter spp.",1.35360554314105
"369","Acinetobacter spp.",0.787513629178427
"370","Acinetobacter spp.",1.37954954201533
"371","Acinetobacter spp.",1.16265823989605
"372","Acinetobacter spp.",0.907785603741147
"373","Acinetobacter spp.",0.966413017063322
"374","Acinetobacter spp.",0.923816541025036
"375","Acinetobacter spp.",1.76626706024905
"376","Acinetobacter spp.",1.01924954733749
"377","Acinetobacter spp.",1.20159367619352
"378","Acinetobacter spp.",0.648550002336619
"379","Acinetobacter spp.",0.992810883002614
"380","Acinetobacter spp.",0.648967804968447
"381","Acinetobacter spp.",1.42774105310676
"382","Acinetobacter spp.",0.955836518458105
"383","Acinetobacter spp.",0.687749104612711
"384","Acinetobacter spp.",0.506709917538163
"385","Acinetobacter spp.",0.819247383301683
"386","Acinetobacter spp.",0.899369072042324
"387","Acinetobacter spp.",1.20451596944695
"388","Acinetobacter spp.",0.649831991450026
"389","Acinetobacter spp.",0.585745423894469
"390","Acinetobacter spp.",0.647271430182556
"391","Acinetobacter spp.",1.19811049739135
"392","Acinetobacter spp.",1.00444959921744
"393","Acinetobacter spp.",1.47227071692023
"394","Acinetobacter spp.",0.981216054287511
"395","Acinetobacter spp.",0.594080418482762
"396","Acinetobacter spp.",0.718483054988063
"397","Acinetobacter spp.",0.819173595038137
"398","Acinetobacter spp.",1.17446019215395
"399","Acinetobacter spp.",1.74408922425295
"400","Acinetobacter spp.",1.07043862716284
"401","Acinetobacter spp.",0.913727833549903
"402","Acinetobacter spp.",0.970153270998028
"403","Acinetobacter spp.",1.03896668180462
"404","Acinetobacter spp.",1.13420122391986
"405","Acinetobacter spp.",0.667204210898853
"406","Acinetobacter spp.",0.799030197299608
"407","Acinetobacter spp.",1.11116114994403
"408","Acinetobacter spp.",1.17901316305902
"409","Acinetobacter spp.",0.813656503117034
"410","Acinetobacter spp.",1.59869019548276
"411","Acinetobacter spp.",0.712090758065254
"412","Acinetobacter spp.",0.949909490548097
"413","Acinetobacter spp.",1.07484446478768
"414","Acinetobacter spp.",1.41506935446613
"415","Acinetobacter spp.",0.323414318815685
"416","Acinetobacter spp.",1.52924175033514
"417","Acinetobacter spp.",1.0152335149082
"418","Acinetobacter spp.",0.637269278073836
"419","Acinetobacter spp.",0.45041405754166
"420","Acinetobacter spp.",1.42851495591913
"421","Acinetobacter spp.",1.10205615736604
"422","Acinetobacter spp.",0.92542440236675
"423","Acinetobacter spp.",0.632292010020477
"424","Acinetobacter spp.",0.509430978952454
"425","Acinetobacter spp.",1.45610713375864
"426","Acinetobacter spp.",0.898263016167338
"427","Acinetobacter spp.",1.34414889229008
"428","Acinetobacter spp.",0.631655822009997
"429","Acinetobacter spp.",0.803495645275183
"430","Acinetobacter spp.",0.821881740739286
"431","Acinetobacter spp.",0.639476605880472
"432","Acinetobacter spp.",0.94644623700916
"433","Acinetobacter spp.",0.773465088909408
"434","Acinetobacter spp.",0.747671743984551
"435","Acinetobacter spp.",1.09994379788015
"436","Acinetobacter spp.",1.10843606811879
"437","Acinetobacter spp.",0.315673469659846
"438","Acinetobacter spp.",0.9832737844319
"439","Acinetobacter spp.",1.0711836196419
"440","Acinetobacter spp.",1.22503950560301
"441","Acinetobacter spp.",1.93915914828218
"442","Acinetobacter spp.",0.975517337922001
"443","Acinetobacter spp.",0.980442456640358
"444","Acinetobacter spp.",1.09357530792893
"445","Acinetobacter spp.",1.04907595890033
"446","Acinetobacter spp.",1.04786257325947
"447","Acinetobacter spp.",0.992224418358774
"448","Acinetobacter spp.",0.520555965303212
"449","Acinetobacter spp.",0.884672450184318
"450","Acinetobacter spp.",0.595519018849227
"451","Acinetobacter spp.",0.920086443122511
"452","Acinetobacter spp.",0.51013702500266
"453","Acinetobacter spp.",0.869388402772425
"454","Acinetobacter spp.",1.16825799247154
"455","Acinetobacter spp.",0.494000306541822
"456","Acinetobacter spp.",1.14981698729669
"457","Acinetobacter spp.",0.871664923859396
"458","Acinetobacter spp.",0.902023782363021
"459","Acinetobacter spp.",0.592566673280577
"460","Acinetobacter spp.",1.36718348598772
"461","Acinetobacter spp.",1.29269107606615
"462","Acinetobacter spp.",0.635559206389894
"463","Acinetobacter spp.",1.00596107378091
"464","Acinetobacter spp.",0.20605029618249
"465","Acinetobacter spp.",0.666036800371892
"466","Acinetobacter spp.",0.849058714914966
"467","Acinetobacter spp.",0.883974054848092
"468","Acinetobacter spp.",0.580110618259822
"469","Acinetobacter spp.",0.686690820812067
"470","Acinetobacter spp.",0.927739686473959
"471","Acinetobacter spp.",1.19898033414424
"472","Acinetobacter spp.",0.935865856316829
"473","Acinetobacter spp.",0.497480759951829
"474","Acinetobacter spp.",0.908717810765398
"475","Acinetobacter spp.",1.35988224196639
"476","Acinetobacter spp.",1.23742597978397
"477","Acinetobacter spp.",0.539666191713259
"478","Acinetobacter spp.",1.50428286239027
"479","Acinetobacter spp.",0.701652421634766
"480","Acinetobacter spp.",1.10527790139394
"481","Acinetobacter spp.",1.15923746673097
"482","Acinetobacter spp.",1.2595226224339
"483","Acinetobacter spp.",0.850201958100716
"484","Acinetobacter spp.",0.732241143248401
"485","Acinetobacter spp.",0.883796058450132
"486","Acinetobacter spp.",0.86526102771666
"487","Acinetobacter spp.",0.61592288421595
"488","Acinetobacter spp.",0.77758579975365
"489","Acinetobacter spp.",0.627052152748308
"490","Acinetobacter spp.",1.1461419819695
"491","Acinetobacter spp.",0.909908052514694
"492","Acinetobacter spp.",0.953472687387388
"493","Acinetobacter spp.",0.319465603513534
"494","Acinetobacter spp.",0.823460505545001
"495","Acinetobacter spp.",1.13406979796119
"496","Acinetobacter spp.",0.866204464834341
"497","Acinetobacter spp.",0.419862558597415
"498","Acinetobacter spp.",0.467647073474238
"499","Acinetobacter spp.",1.11111286657319
"500","Acinetobacter spp.",0.985487611828629
"501","Acinetobacter spp.",1.26985096671314
"502","Acinetobacter spp.",1.2973268476066
"503","Acinetobacter spp.",0.887378726027208
"504","Acinetobacter spp.",0.903374845101264
"505","Acinetobacter spp.",1.1776521446193
"506","Acinetobacter spp.",1.04624655575774
"507","Acinetobacter spp.",0.84997340958942
"508","Acinetobacter spp.",0.917222981112304
"509","Acinetobacter spp.",1.19546345362397
"510","Acinetobacter spp.",0.614658927429613
"511","Acinetobacter spp.",0.790869623733901
"512","Acinetobacter spp.",1.10687142000037
"513","Acinetobacter spp.",0.482881825632252
"514","Acinetobacter spp.",0.907421270546033
"515","Acinetobacter spp.",0.331716979908696
"516","Acinetobacter spp.",0.357636287597544
"517","Acinetobacter spp.",1.22306751564235
"518","Acinetobacter spp.",1.09996289840209
"519","Acinetobacter spp.",1.21661696468069
"520","Acinetobacter spp.",1.15523606495162
"521","Acinetobacter spp.",0.851090201257896
"522","Acinetobacter spp.",1.28708227522773
"523","Acinetobacter spp.",1.13629967523716
"524","Acinetobacter spp.",0.58369195298694
"525","Acinetobacter spp.",0.87184567452721
"526","Acinetobacter spp.",1.19384368652164
"527","Acinetobacter spp.",0.736784192656525
"528","Acinetobacter spp.",0.82995615258304
"529","Acinetobacter spp.",1.21313400782085
"530","Acinetobacter spp.",1.20158714900749
"531","Acinetobacter spp.",0.269436686805662
"532","Acinetobacter spp.",0.785982616366141
"533","Acinetobacter spp.",1.1490014317516
"534","Acinetobacter spp.",1.12217556128075
"535","Acinetobacter spp.",1.00171537297685
"536","Acinetobacter spp.",1.21703484186598
"537","Acinetobacter spp.",0.342009329085229
"538","Acinetobacter spp.",0.480063591203615
"539","Acinetobacter spp.",1.55892362833977
"540","Acinetobacter spp.",1.1100626168059
"541","Acinetobacter spp.",1.00938747091172
"542","Acinetobacter spp.",1.19824366967968
"543","Acinetobacter spp.",0.644803470519227
"544","Acinetobacter spp.",0.772630168601979
"545","Acinetobacter spp.",0.752032026847387
"546","Acinetobacter spp.",1.04962768275107
"547","Acinetobacter spp.",1.23978997024671
"548","Acinetobacter spp.",1.06283082484195
"549","Acinetobacter spp.",0.777568122315542
"550","Acinetobacter spp.",1.05140409122453
"551","Acinetobacter spp.",0.979099940541122
"552","Acinetobacter spp.",0.643859188845206
"553","Acinetobacter spp.",1.1579022345742
"554","Acinetobacter spp.",0.312965268989427
"555","Acinetobacter spp.",0.976814866293709
"556","Acinetobacter spp.",0.953311379680799
"557","Acinetobacter spp.",1.08678740945159
"558","Acinetobacter spp.",0.842229504536633
"559","Acinetobacter spp.",0.795475663026394
"560","Acinetobacter spp.",1.05897325532777
"561","Acinetobacter spp.",0.774856332624622
"562","Acinetobacter spp.",1.2040236594904
"563","Acinetobacter spp.",0.64601042155373
"564","Acinetobacter spp.",1.74029457533157
"565","Acinetobacter spp.",0.920701531071696
"566","Acinetobacter spp.",0.915728392378963
"567","Acinetobacter spp.",1.2568708743768
"568","Acinetobacter spp.",1.37919862702247
"569","Acinetobacter spp.",0.508784452686464
"570","Acinetobacter spp.",1.15172019762879
"571","Acinetobacter spp.",0.844075627249053
"572","Acinetobacter spp.",0.502464213466055
"573","Acinetobacter spp.",0.612152023771931
"574","Acinetobacter spp.",1.15927630419347
"575","Acinetobacter spp.",0.819684028906536
"576","Acinetobacter spp.",0.853095670526446
"577","Acinetobacter spp.",0.886245634344498
"578","Acinetobacter spp.",1.09017901660242
"579","Acinetobacter spp.",0.898449393642103
"580","Acinetobacter spp.",0.65785927683279
"581","Acinetobacter spp.",0.92439881601237
"582","Acinetobacter spp.",1.30707715891945
"583","Acinetobacter spp.",1.09439015903935
"584","Acinetobacter spp.",0.68024828516724
"585","Acinetobacter spp.",1.17439692740551
"586","Acinetobacter spp.",1.35348290321856
"587","Acinetobacter spp.",1.09064666176378
"588","Acinetobacter spp.",1.0751376432392
"589","Acinetobacter spp.",1.09272170793065
"590","Acinetobacter spp.",0.994536196121867
"591","Acinetobacter spp.",0.81316724438681
"592","Acinetobacter spp.",1.37403584967852
"593","Acinetobacter spp.",0.745589709990327
"594","Acinetobacter spp.",0.869365781388531
"595","Acinetobacter spp.",0.835200162503706
"596","Acinetobacter spp.",0.764438041055242
"597","Acinetobacter spp.",0.771129431513519
"598","Acinetobacter spp.",0.871443276028727
"599","Acinetobacter spp.",1.17968209414338
"600","Acinetobacter spp.",0.851135916285158
"601","Acinetobacter spp.",0.881460058756181
"602","Acinetobacter spp.",1.09892807519712
"603","Acinetobacter spp.",0.594889445841594
"604","Acinetobacter spp.",1.05912306900896
"605","Acinetobacter spp.",1.39153334834211
"606","Acinetobacter spp.",1.6126792240946
"607","Acinetobacter spp.",0.715957324509633
"608","Acinetobacter spp.",1.03786228207161
"609","Acinetobacter spp.",1.28594447402482
"610","Acinetobacter spp.",0.73651265453699
"611","Acinetobacter spp.",1.05659469527321
"612","Acinetobacter spp.",1.1775287507623
"613","Acinetobacter spp.",0.829251274892184
"614","Acinetobacter spp.",0.670399478236985
"615","Acinetobacter spp.",0.898855774428582
"616","Acinetobacter spp.",0.84029251162123
"617","Acinetobacter spp.",0.895051753573382
"618","Acinetobacter spp.",1.17422288203635
"619","Acinetobacter spp.",0.886309955371779
"620","Acinetobacter spp.",0.746343820064459
"621","Acinetobacter spp.",1.23042882211637
"622","Acinetobacter spp.",0.855169251150656
"623","Acinetobacter spp.",0.872396112695247
"624","Acinetobacter spp.",0.555708776085735
"625","Acinetobacter spp.",1.00014452530313
"626","Acinetobacter spp.",0.728095891494285
"627","Acinetobacter spp.",0.599673372584145
"628","Acinetobacter spp.",1.03476785027769
"629","Acinetobacter spp.",0.71095032855008
"630","Acinetobacter spp.",1.04525088023582
"631","Acinetobacter spp.",1.08746726896286
"632","Acinetobacter spp.",1.34108214434174
"633","Acinetobacter spp.",1.21870804568035
"634","Acinetobacter spp.",1.00178212407083
"635","Acinetobacter spp.",1.4112162089098
"636","Acinetobacter spp.",0.853787402739985
"637","Acinetobacter spp.",1.23440960331304
"638","Acinetobacter spp.",0.880894338356876
"639","Acinetobacter spp.",1.07925510510025
"640","Acinetobacter spp.",0.457430887549061
"641","Acinetobacter spp.",0.768406998676143
"642","Acinetobacter spp.",0.298858710161937
"643","Acinetobacter spp.",0.992286695615171
"644","Acinetobacter spp.",1.1520582690181
"645","Acinetobacter spp.",0.909413951748002
"646","Acinetobacter spp.",0.660210962732563
"647","Acinetobacter spp.",1.31566340037056
"648","Acinetobacter spp.",1.31691186725219
"649","Acinetobacter spp.",0.297029352796307
"650","Acinetobacter spp.",1.17337578413653
"651","Acinetobacter spp.",0.674349431306489
"652","Acinetobacter spp.",1.2379945820113
"653","Acinetobacter spp.",1.34910916366748
"654","Acinetobacter spp.",1.18407413652272
"655","Acinetobacter spp.",0.98953942697739
"656","Acinetobacter spp.",0.767053912546772
"657","Acinetobacter spp.",1.10584625086239
"658","Acinetobacter spp.",0.501099007644884
"659","Acinetobacter spp.",0.706213660368613
"660","Acinetobacter spp.",0.881479187361491
"661","Acinetobacter spp.",0.953642520886416
"662","Acinetobacter spp.",1.20845097354428
"663","Acinetobacter spp.",0.771515295672302
"664","Acinetobacter spp.",1.17489521665889
"665","Acinetobacter spp.",1.22846967450391
"666","Acinetobacter spp.",1.49411804598233
"667","Acinetobacter spp.",1.37375024800431
"668","Acinetobacter spp.",1.43452341707648
"669","Acinetobacter spp.",1.05204641396809
"670","Acinetobacter spp.",0.909446661157442
"671","Acinetobacter spp.",0.947878826820743
"672","Acinetobacter spp.",0.744609865315843
"673","Acinetobacter spp.",0.999525384535742
"674","Acinetobacter spp.",0.809763703942908
"675","Acinetobacter spp.",0.8835594448026
"676","Acinetobacter spp.",0.996296220695631
"677","Acinetobacter spp.",0.859662745641074
"678","Acinetobacter spp.",1.46972736689552
"679","Acinetobacter spp.",1.343507985503
"680","Acinetobacter spp.",1.50943520274925
"681","Acinetobacter spp.",0.756089414467517
"682","Acinetobacter spp.",1.20394899368153
"683","Acinetobacter spp.",0.887003740510197
"684","Acinetobacter spp.",0.757815350888714
"685","Acinetobacter spp.",1.35942544612426
"686","Acinetobacter spp.",0.691037456519742
"687","Acinetobacter spp.",0.656426905664093
"688","Acinetobacter spp.",1.26869235358715
"689","Acinetobacter spp.",1.31542054188893
"690","Acinetobacter spp.",0.433564082302027
"691","Acinetobacter spp.",1.1323375931901
"692","Acinetobacter spp.",0.925361202959963
"693","Acinetobacter spp.",0.980684233023867
"694","Acinetobacter spp.",0.839924812363553
"695","Acinetobacter spp.",1.03868557071915
"696","Acinetobacter spp.",1.14311090165034
"697","Acinetobacter spp.",1.38020511111249
"698","Acinetobacter spp.",1.10838538801921
"699","Acinetobacter spp.",0.765310662826183
"700","Acinetobacter spp.",1.1293248483517
"701","Acinetobacter spp.",1.33712468546901
"702","Acinetobacter spp.",1.16424156397309
"703","Acinetobacter spp.",1.49073425621848
"704","Acinetobacter spp.",0.259698550277155
"705","Acinetobacter spp.",0.878371009038117
"706","Acinetobacter spp.",0.792748764702787
"707","Acinetobacter spp.",0.939628877473853
"708","Acinetobacter spp.",0.978657935814473
"709","Acinetobacter spp.",0.827118006209442
"710","Acinetobacter spp.",0.75025368890083
"711","Acinetobacter spp.",0.684193212234202
"712","Acinetobacter spp.",0.844993424315813
"713","Acinetobacter spp.",1.06851993908393
"714","Acinetobacter spp.",1.02004520466385
"715","Acinetobacter spp.",0.314239960945358
"716","Acinetobacter spp.",0.651128949750108
"717","Acinetobacter spp.",0.942187469844303
"718","Acinetobacter spp.",0.687794162527542
"719","Acinetobacter spp.",1.20148199800413
"720","Acinetobacter spp.",0.968365808734426
"721","Acinetobacter spp.",0.920255994289927
"722","Acinetobacter spp.",1.47444840842417
"723","Acinetobacter spp.",0.561444486022499
"724","Acinetobacter spp.",0.666204994768953
"725","Acinetobacter spp.",1.07856533209899
"726","Acinetobacter spp.",0.98277769795807
"727","Acinetobacter spp.",1.00241623594365
"728","Acinetobacter spp.",0.992091236056723
"729","Acinetobacter spp.",0.836042126481839
"730","Acinetobacter spp.",1.01283579581715
"731","Acinetobacter spp.",0.616772749805509
"732","Acinetobacter spp.",1.29538981019071
"733","Acinetobacter spp.",1.22391681640612
"734","Acinetobacter spp.",0.720202924234845
"735","Acinetobacter spp.",0.358084448307862
"736","Acinetobacter spp.",0.709963578278133
"737","Acinetobacter spp.",0.645169466417505
"738","Acinetobacter spp.",1.00735985047846
"739","Acinetobacter spp.",0.912342973725494
"740","Acinetobacter spp.",0.86814697399639
"741","Acinetobacter spp.",0.884044858097322
"742","Acinetobacter spp.",1.19230865929066
"743","Acinetobacter spp.",0.4993571305459
"744","Acinetobacter spp.",1.14859563978511
"745","Acinetobacter spp.",0.744169173143525
"746","Acinetobacter spp.",1.35693467849135
"747","Acinetobacter spp.",0.566188009927798
"748","Acinetobacter spp.",1.07909654084163
"749","Acinetobacter spp.",0.405208360507047
"750","Acinetobacter spp.",0.909235406017925
"751","Acinetobacter spp.",1.24940797760303
"752","Acinetobacter spp.",0.800915384814773
"753","Acinetobacter spp.",0.403868468561572
"754","Acinetobacter spp.",1.10959489820474
"755","Acinetobacter spp.",0.887871258756558
"756","Acinetobacter spp.",1.01835403069162
"757","Acinetobacter spp.",1.13976428741044
"758","Acinetobacter spp.",0.729364966215369
"759","Acinetobacter spp.",1.25187430933536
"760","Acinetobacter spp.",1.08679438533629
"761","Acinetobacter spp.",1.21657172438235
"762","Acinetobacter spp.",1.55088920461723
"763","Acinetobacter spp.",0.879079843603681
"764","Acinetobacter spp.",1.04640599422472
"765","Acinetobacter spp.",1.02007337677858
"766","Acinetobacter spp.",1.02922066553485
"767","Acinetobacter spp.",1.05505382585748
"768","Acinetobacter spp.",1.50216291250123
"769","Acinetobacter spp.",0.95630312300228
"770","Acinetobacter spp.",0.999831247373384
"771","Acinetobacter spp.",0.848895979762864
"772","Acinetobacter spp.",1.10683120294645
"773","Acinetobacter spp.",0.548475472277044
"774","Acinetobacter spp.",1.31210452907536
"775","Acinetobacter spp.",1.13787094647769
"776","Acinetobacter spp.",1.13701092767628
"777","Acinetobacter spp.",0.917582690498404
"778","Acinetobacter spp.",0.724544735882824
"779","Acinetobacter spp.",0.905350823187733
"780","Acinetobacter spp.",1.00600671805265
"781","Acinetobacter spp.",0.991982959790207
"782","Acinetobacter spp.",1.16957854208624
"783","Acinetobacter spp.",1.17573244920656
"784","Acinetobacter spp.",0.936923287737319
"785","Acinetobacter spp.",0.694418361540372
"786","Acinetobacter spp.",1.03528853852472
"787","Acinetobacter spp.",0.440365065185691
"788","Acinetobacter spp.",0.687125893098626
"789","Acinetobacter spp.",0.589675119532193
"790","Acinetobacter spp.",1.29211509077064
"791","Acinetobacter spp.",0.952103671996718
"792","Acinetobacter spp.",0.860632570590468
"793","Acinetobacter spp.",1.14686770267688
"794","Acinetobacter spp.",1.07366130254929
"795","Acinetobacter spp.",1.24487285369232
"796","Acinetobacter spp.",1.36259268331168
"797","Acinetobacter spp.",0.718977684192693
"798","Acinetobacter spp.",0.729350479710222
"799","Acinetobacter spp.",1.29028109240108
"800","Acinetobacter spp.",1.39507985779243
"801","Acinetobacter spp.",1.20676242119118
"802","Acinetobacter spp.",1.11313201179781
"803","Acinetobacter spp.",1.01487679254322
"804","Acinetobacter spp.",0.616506657545915
"805","Acinetobacter spp.",0.553104080706876
"806","Acinetobacter spp.",0.106728144224018
"807","Acinetobacter spp.",0.548848499906361
"808","Acinetobacter spp.",0.824913673774372
"809","Acinetobacter spp.",0.787449456156317
"810","Acinetobacter spp.",0.415320755451753
"811","Acinetobacter spp.",0.810472898707865
"812","Acinetobacter spp.",0.748097503982331
"813","Acinetobacter spp.",0.957461824112615
"814","Acinetobacter spp.",0.997769532701645
"815","Acinetobacter spp.",0.911476551707112
"816","Acinetobacter spp.",1.40866270701542
"817","Acinetobacter spp.",0.96248151840952
"818","Acinetobacter spp.",0.556300416086056
"819","Acinetobacter spp.",0.104656082929661
"820","Acinetobacter spp.",1.37444825876929
"821","Acinetobacter spp.",0.799135608172036
"822","Acinetobacter spp.",0.983896479414598
"823","Acinetobacter spp.",0.870255232684488
"824","Acinetobacter spp.",0.491853567014461
"825","Acinetobacter spp.",0.767974399386553
"826","Acinetobacter spp.",1.39115597609154
"827","Acinetobacter spp.",1.10101198722157
"828","Acinetobacter spp.",0.647452357507233
"829","Acinetobacter spp.",1.04176356503604
"830","Acinetobacter spp.",0.959155497414461
"831","Acinetobacter spp.",1.01416553350459
"832","Acinetobacter spp.",0.918329344529878
"833","Acinetobacter spp.",0.5896337813565
"834","Acinetobacter spp.",0.866299124193967
"835","Acinetobacter spp.",0.838607274527006
"836","Acinetobacter spp.",0.719822316942764
"837","Acinetobacter spp.",0.555848146308305
"838","Acinetobacter spp.",0.477946810848985
"839","Acinetobacter spp.",1.37749367688359
"840","Acinetobacter spp.",1.21012951022213
"841","Acinetobacter spp.",1.33251876234625
"842","Acinetobacter spp.",0.745824905675899
"843","Acinetobacter spp.",1.00406809926048
"844","Acinetobacter spp.",1.15179485568218
"845","Acinetobacter spp.",0.849284535169037
"846","Acinetobacter spp.",1.21795477075653
"847","Acinetobacter spp.",1.48022318972193
"848","Acinetobacter spp.",0.717873938493508
"849","Acinetobacter spp.",0.789542515477019
"850","Acinetobacter spp.",0.64547090979226
"851","Acinetobacter spp.",1.17063340651064
"852","Acinetobacter spp.",0.677755597296166
"853","Acinetobacter spp.",0.760281471995346
"854","Acinetobacter spp.",1.05852768011552
"855","Acinetobacter spp.",0.975391132832293
"856","Acinetobacter spp.",0.854153339594594
"857","Acinetobacter spp.",0.169641004365932
"858","Acinetobacter spp.",0.723011671361212
"859","Acinetobacter spp.",1.12819654516169
"860","Acinetobacter spp.",0.807736845022474
"861","Acinetobacter spp.",1.44586607260808
"862","Acinetobacter spp.",0.506769428048134
"863","Acinetobacter spp.",1.62112890677772
"864","Acinetobacter spp.",0.856688935639824
"865","Acinetobacter spp.",1.00774245176795
"866","Acinetobacter spp.",0.69778160705984
"867","Acinetobacter spp.",0.894912478834191
"868","Acinetobacter spp.",0.698725081517706
"869","Acinetobacter spp.",0.895208380805948
"870","Acinetobacter spp.",0.867229767698256
"871","Acinetobacter spp.",0.637915411979752
"872","Acinetobacter spp.",0.782230760262917
"873","Acinetobacter spp.",0.842760962631944
"874","Acinetobacter spp.",0.852888942704651
"875","Acinetobacter spp.",1.11034845705312
"876","Acinetobacter spp.",0.954455755604452
"877","Acinetobacter spp.",1.0955144682398
"878","Acinetobacter spp.",0.805165167050439
"879","Acinetobacter spp.",0.923762682683299
"880","Acinetobacter spp.",0.373238852409695
"881","Acinetobacter spp.",0.544055828730474
"882","Acinetobacter spp.",1.15452799171564
"883","Acinetobacter spp.",1.19471250695893
"884","Acinetobacter spp.",0.813859742348346
"885","Acinetobacter spp.",0.654609314367585
"886","Acinetobacter spp.",1.43582580942075
"887","Acinetobacter spp.",1.31217076348193
"888","Acinetobacter spp.",0.867841902978506
"889","Acinetobacter spp.",1.12181047651971
"890","Acinetobacter spp.",0.39684661018477
"891","Acinetobacter spp.",0.881392287130591
"892","Acinetobacter spp.",0.499884450950188
"893","Acinetobacter spp.",1.11013224809981
"894","Acinetobacter spp.",1.06233861151204
"895","Acinetobacter spp.",0.804943379994718
"896","Acinetobacter spp.",0.794140106888813
"897","Acinetobacter spp.",0.386086785529149
"898","Acinetobacter spp.",1.16490525884967
"899","Acinetobacter spp.",1.10600706126068
"900","Acinetobacter spp.",1.39077460693132
"901","Acinetobacter spp.",1.13196389030307
"902","Acinetobacter spp.",1.08099339716405
"903","Acinetobacter spp.",0.621163433222582
"904","Acinetobacter spp.",1.06858428688124
"905","Acinetobacter spp.",0.890775103128513
"906","Acinetobacter spp.",1.13786378850241
"907","Acinetobacter spp.",0.564478451479632
"908","Acinetobacter spp.",0.379747339609808
"909","Acinetobacter spp.",0.566047591265098
"910","Acinetobacter spp.",0.441860308841511
"911","Acinetobacter spp.",1.78084668436783
"912","Acinetobacter spp.",0.339642761216381
"913","Acinetobacter spp.",1.42500549368964
"914","Acinetobacter spp.",1.54875678915245
"915","Acinetobacter spp.",0.889463155787932
"916","Acinetobacter spp.",1.07057572461935
"917","Acinetobacter spp.",0.91784657367377
"918","Acinetobacter spp.",1.29785827838639
"919","Acinetobacter spp.",0.838338861956973
"920","Acinetobacter spp.",1.01441445298188
"921","Acinetobacter spp.",0.94282803268652
"922","Acinetobacter spp.",1.15899998324731
"923","Acinetobacter spp.",0.883245045579874
"924","Acinetobacter spp.",0.957317049513895
"925","Acinetobacter spp.",1.15712636392975
"926","Acinetobacter spp.",1.36472520402901
"927","Acinetobacter spp.",1.19896277792352
"928","Acinetobacter spp.",0.989262379245946
"929","Acinetobacter spp.",0.849079994282211
"930","Acinetobacter spp.",1.08886184043282
"931","Acinetobacter spp.",0.517308732274064
"932","Acinetobacter spp.",0.882556493008969
"933","Acinetobacter spp.",1.15789294693258
"934","Acinetobacter spp.",0.937819706443669
"935","Acinetobacter spp.",1.06561187157971
"936","Acinetobacter spp.",0.574954177766033
"937","Acinetobacter spp.",1.63262507281196
"938","Acinetobacter spp.",1.35952616017857
"939","Acinetobacter spp.",0.638039817397897
"940","Acinetobacter spp.",1.60834867500489
"941","Acinetobacter spp.",1.19139282733805
"942","Acinetobacter spp.",1.08361293333775
"943","Acinetobacter spp.",0.843003863129229
"944","Acinetobacter spp.",1.01600939550938
"945","Acinetobacter spp.",1.23295443090767
"946","Acinetobacter spp.",1.03185106515015
"947","Acinetobacter spp.",0.675630203447782
"948","Acinetobacter spp.",1.34365636745212
"949","Acinetobacter spp.",0.45539415964811
"950","Acinetobacter spp.",1.00452294893256
"951","Acinetobacter spp.",1.14523409321032
"952","Acinetobacter spp.",0.866459670323242
"953","Acinetobacter spp.",0.978517623318532
"954","Acinetobacter spp.",0.891358450947731
"955","Acinetobacter spp.",0.792979297940717
"956","Acinetobacter spp.",0.880482559334038
"957","Acinetobacter spp.",1.07556662002796
"958","Acinetobacter spp.",0.844172883014339
"959","Acinetobacter spp.",0.504064956930789
"960","Acinetobacter spp.",0.686611528485441
"961","Acinetobacter spp.",1.00288581897939
"962","Acinetobacter spp.",1.27421090957681
"963","Acinetobacter spp.",0.714839448469486
"964","Acinetobacter spp.",1.04612753389471
"965","Acinetobacter spp.",1.02881589135208
"966","Acinetobacter spp.",1.12693467548641
"967","Acinetobacter spp.",1.17787765531978
"968","Acinetobacter spp.",0.541727505994204
"969","Acinetobacter spp.",0.623009494344321
"970","Acinetobacter spp.",0.981045924564609
"971","Acinetobacter spp.",1.53511089756975
"972","Acinetobacter spp.",1.28791811735675
"973","Acinetobacter spp.",1.35284112556729
"974","Acinetobacter spp.",0.92519799561279
"975","Acinetobacter spp.",1.19545681115038
"976","Acinetobacter spp.",1.07844020204833
"977","Acinetobacter spp.",0.664990696540156
"978","Acinetobacter spp.",0.685274604783791
"979","Acinetobacter spp.",0.6126221961274
"980","Acinetobacter spp.",1.20148954844984
"981","Acinetobacter spp.",0.738208439624232
"982","Acinetobacter spp.",1.03622247475312
"983","Acinetobacter spp.",0.53164534774089
"984","Acinetobacter spp.",1.38130363077137
"985","Acinetobacter spp.",1.12286539107575
"986","Acinetobacter spp.",1.01835887929983
"987","Acinetobacter spp.",0.846398781805243
"988","Acinetobacter spp.",1.02429321244323
"989","Acinetobacter spp.",1.16868617672401
"990","Acinetobacter spp.",0.909770239161212
"991","Acinetobacter spp.",0.642748423248659
"992","Acinetobacter spp.",0.862802430479807
"993","Acinetobacter spp.",0.860316983422727
"994","Acinetobacter spp.",1.07902903639722
"995","Acinetobacter spp.",1.15737265112655
"996","Acinetobacter spp.",1.13935469132105
"997","Acinetobacter spp.",1.46072518661943
"998","Acinetobacter spp.",0.678528450516755
"999","Acinetobacter spp.",0.820385460481365
"1000","Acinetobacter spp.",0.954591824018614
"1001","E. coli",0.303268432237752
"1002","E. coli",0.871903862362588
"1003","E. coli",0.3857783072043
"1004","E. coli",0.322472199818713
"1005","E. coli",0.976253656822878
"1006","E. coli",0.411965171291757
"1007","E. coli",0.470990001158992
"1008","E. coli",0.519927143380668
"1009","E. coli",0.940293236713065
"1010","E. coli",1.12347955930528
"1011","E. coli",0.86960297999866
"1012","E. coli",0.908132725661292
"1013","E. coli",0.71496490399452
"1014","E. coli",0.425134930552801
"1015","E. coli",0.738260033304634
"1016","E. coli",0.309620745388125
"1017","E. coli",0.804621955426871
"1018","E. coli",0.490102158680455
"1019","E. coli",0.870494275182847
"1020","E. coli",0.418429132461014
"1021","E. coli",0.806309251385835
"1022","E. coli",1.00342259822431
"1023","E. coli",0.795516490583561
"1024","E. coli",0.524990973496425
"1025","E. coli",0.561030353625627
"1026","E. coli",0.166607986034938
"1027","E. coli",0.458721335005788
"1028","E. coli",0.438316381208715
"1029","E. coli",0.759302094595013
"1030","E. coli",0.649087874570227
"1031","E. coli",0.468654511239349
"1032","E. coli",0.559530023894066
"1033","E. coli",0.740669378338392
"1034","E. coli",0.491176537285337
"1035","E. coli",0.381349423341124
"1036","E. coli",0.74283909452182
"1037","E. coli",0.424617973333877
"1038","E. coli",0.537895175170175
"1039","E. coli",0.69956456314935
"1040","E. coli",0.763191717018885
"1041","E. coli",0.329947604122422
"1042","E. coli",0.558067873587585
"1043","E. coli",0.441032460494026
"1044","E. coli",0.908958389222429
"1045","E. coli",0.301761753147779
"1046","E. coli",0.886225474351952
"1047","E. coli",0.348283603076925
"1048","E. coli",0.762881875345985
"1049","E. coli",0.733943634057762
"1050","E. coli",0.354395131492658
"1051","E. coli",0.628217309971008
"1052","E. coli",0.373236705986146
"1053","E. coli",0.556640823797733
"1054","E. coli",0.866426174747581
"1055","E. coli",0.0703137879127938
"1056","E. coli",0.709747858335803
"1057","E. coli",0.387791352730584
"1058","E. coli",0.655010885135573
"1059","E. coli",0.216096219421356
"1060","E. coli",0.526537716001724
"1061","E. coli",0.6474602396316
"1062","E. coli",0.411025468038325
"1063","E. coli",0.267624225611576
"1064","E. coli",0.978137443614513
"1065","E. coli",0.81524761472311
"1066","E. coli",0.950041633507502
"1067","E. coli",0.454975073422933
"1068","E. coli",0.800181563050252
"1069","E. coli",0.262168268724716
"1070","E. coli",0.58111932458033
"1071","E. coli",0.57814323825797
"1072","E. coli",0.3795644635785
"1073","E. coli",0.540271834773889
"1074","E. coli",0.551189425390391
"1075","E. coli",0.645804578582994
"1076","E. coli",0.478845625165037
"1077","E. coli",0.734221114806467
"1078","E. coli",0.526578845085503
"1079","E. coli",0.632017653712951
"1080","E. coli",0.50742553769912
"1081","E. coli",0.557711719564169
"1082","E. coli",0.714094626052681
"1083","E. coli",0.39552385657052
"1084","E. coli",0.911937454942382
"1085","E. coli",0.559433816169801
"1086","E. coli",0.128035220598686
"1087","E. coli",0.449782762978704
"1088","E. coli",0.695678864026197
"1089","E. coli",0.479063085725227
"1090","E. coli",0.457350517614274
"1091","E. coli",0.40287315139912
"1092","E. coli",0.400324723945061
"1093","E. coli",0.415834409065985
"1094","E. coli",0.369531376352445
"1095","E. coli",0.610992105782734
"1096","E. coli",0.696939267026977
"1097","E. coli",0.40314068910832
"1098","E. coli",0.953438907993234
"1099","E. coli",0.340253361707777
"1100","E. coli",0.859251812612421
"1101","E. coli",0.483041218023153
"1102","E. coli",0.867695058918518
"1103","E. coli",0.81535847426999
"1104","E. coli",0.292978569818871
"1105","E. coli",0.443368315098594
"1106","E. coli",0.35824168881177
"1107","E. coli",0.749390522736199
"1108","E. coli",0.66312945705867
"1109","E. coli",0.276435492084056
"1110","E. coli",0.714135600594581
"1111","E. coli",0.791955831500605
"1112","E. coli",0.178565912597421
"1113","E. coli",0.65729750536304
"1114","E. coli",0.97725159451787
"1115","E. coli",0.139846467406494
"1116","E. coli",0.414475764269415
"1117","E. coli",0.670888616192182
"1118","E. coli",0.794120582148309
"1119","E. coli",0.3366925763123
"1120","E. coli",1.02229911906176
"1121","E. coli",0.349752933038655
"1122","E. coli",0.542327800164914
"1123","E. coli",0.934305697385484
"1124","E. coli",0.496808526035003
"1125","E. coli",0.543788164901845
"1126","E. coli",0.836819922873126
"1127","E. coli",0.812817814666873
"1128","E. coli",0.0667082003683267
"1129","E. coli",0.924178771023949
"1130","E. coli",0.555324645094173
"1131","E. coli",0.47197928241201
"1132","E. coli",0.749248665213043
"1133","E. coli",0.461541134212543
"1134","E. coli",0.517578924340314
"1135","E. coli",0.823997912847383
"1136","E. coli",0.156025746094274
"1137","E. coli",0.668493695286972
"1138","E. coli",0.643897803965145
"1139","E. coli",0.679159465033458
"1140","E. coli",0.286126419126638
"1141","E. coli",0.636573913081633
"1142","E. coli",0.655030865031242
"1143","E. coli",0.500467429712422
"1144","E. coli",0.385142673347771
"1145","E. coli",0.755614506547684
"1146","E. coli",1.0191092299881
"1147","E. coli",0.782490279041922
"1148","E. coli",0.777194720787386
"1149","E. coli",0.682300439845338
"1150","E. coli",0.478690050172183
"1151","E. coli",0.314687281815517
"1152","E. coli",1.05138929604065
"1153","E. coli",0.925959411052874
"1154","E. coli",0.42139946822283
"1155","E. coli",0.386010657296985
"1156","E. coli",0.718979854999332
"1157","E. coli",0.495595051942631
"1158","E. coli",0.45452578827809
"1159","E. coli",-0.00694253472943405
"1160","E. coli",0.438818572074083
"1161","E. coli",0.562184536818159
"1162","E. coli",0.525866797013508
"1163","E. coli",0.69431315049286
"1164","E. coli",0.958903465267558
"1165","E. coli",0.464802463179608
"1166","E. coli",0.470960457528766
"1167","E. coli",-0.125954497552764
"1168","E. coli",0.764643004849639
"1169","E. coli",0.645682767434686
"1170","E. coli",0.619718802275853
"1171","E. coli",0.0763525810435435
"1172","E. coli",0.47787576873716
"1173","E. coli",0.509028206171084
"1174","E. coli",0.17427373387126
"1175","E. coli",0.0794495910234737
"1176","E. coli",0.377418345136565
"1177","E. coli",0.419833570434442
"1178","E. coli",0.689174949803983
"1179","E. coli",0.354160430046092
"1180","E. coli",0.908881488419378
"1181","E. coli",0.3095713109975
"1182","E. coli",0.514449478804093
"1183","E. coli",0.520733194242024
"1184","E. coli",0.349445987294004
"1185","E. coli",0.738221402442971
"1186","E. coli",0.481025003795239
"1187","E. coli",0.493269919641407
"1188","E. coli",0.259599430365449
"1189","E. coli",0.79446677713783
"1190","E. coli",0.320905494651246
"1191","E. coli",0.468826969052726
"1192","E. coli",0.283959836411598
"1193","E. coli",0.83930308735859
"1194","E. coli",0.657213489539362
"1195","E. coli",-0.214227169434861
"1196","E. coli",0.807517195476788
"1197","E. coli",0.791361859672738
"1198","E. coli",0.603828745729433
"1199","E. coli",0.776343373501265
"1200","E. coli",0.634102724731759
"1201","E. coli",0.529599094162572
"1202","E. coli",0.750837073268845
"1203","E. coli",0.804961819482715
"1204","E. coli",0.475221460718519
"1205","E. coli",0.568178973235281
"1206","E. coli",0.44993795323576
"1207","E. coli",0.954350068114309
"1208","E. coli",0.221720773543751
"1209","E. coli",0.578326983392271
"1210","E. coli",0.632342020539857
"1211","E. coli",0.993984378054433
"1212","E. coli",0.523602198579111
"1213","E. coli",0.533064876152819
"1214","E. coli",0.824655872041368
"1215","E. coli",0.534552872276023
"1216","E. coli",1.28300907538974
"1217","E. coli",0.117911215428192
"1218","E. coli",0.460571993078083
"1219","E. coli",0.468411316262936
"1220","E. coli",0.725110455278351
"1221","E. coli",0.378052575440315
"1222","E. coli",0.658628402330213
"1223","E. coli",0.732135589574626
"1224","E. coli",0.625279790328558
"1225","E. coli",0.907462371214241
"1226","E. coli",0.852067079635863
"1227","E. coli",0.799732302441981
"1228","E. coli",0.736965338173794
"1229","E. coli",0.536330528543314
"1230","E. coli",0.82831820888076
"1231","E. coli",0.78163600592508
"1232","E. coli",-0.0268248458193295
"1233","E. coli",0.53717609523093
"1234","E. coli",0.289895717746497
"1235","E. coli",0.426540793274014
"1236","E. coli",0.638749191915448
"1237","E. coli",0.386788868496568
"1238","E. coli",0.902285596921661
"1239","E. coli",0.939481278517789
"1240","E. coli",0.976049367403394
"1241","E. coli",0.613996148191759
"1242","E. coli",0.243940339172371
"1243","E. coli",0.0817895563171422
"1244","E. coli",0.952382635464196
"1245","E. coli",0.291384162920488
"1246","E. coli",0.7545696692472
"1247","E. coli",0.413404830783924
"1248","E. coli",1.00573538253524
"1249","E. coli",0.291797062242826
"1250","E. coli",0.598829550775385
"1251","E. coli",0.514154068984848
"1252","E. coli",1.08417911479519
"1253","E. coli",0.526259780889578
"1254","E. coli",0.525817181042285
"1255","E. coli",0.335400809212493
"1256","E. coli",0.335609692609791
"1257","E. coli",0.49004269567947
"1258","E. coli",0.476856513613495
"1259","E. coli",0.298969858682814
"1260","E. coli",0.347630400641875
"1261","E. coli",0.390343494757384
"1262","E. coli",-0.086977895515746
"1263","E. coli",0.473748055779098
"1264","E. coli",0.137431672854109
"1265","E. coli",0.763795367285421
"1266","E. coli",0.555760075341502
"1267","E. coli",0.240576043112532
"1268","E. coli",0.489871988690937
"1269","E. coli",0.822343860783021
"1270","E. coli",0.489513498047956
"1271","E. coli",0.209813844432885
"1272","E. coli",0.910104628441577
"1273","E. coli",0.505475609935496
"1274","E. coli",1.05612036822613
"1275","E. coli",0.296457377365734
"1276","E. coli",0.814193026555826
"1277","E. coli",0.502470860327522
"1278","E. coli",1.06909147742895
"1279","E. coli",0.775571553464825
"1280","E. coli",0.856250286742321
"1281","E. coli",0.678874364282178
"1282","E. coli",0.514430606147184
"1283","E. coli",0.626750118994818
"1284","E. coli",-0.0174875201733188
"1285","E. coli",0.196013061964171
"1286","E. coli",0.165711325208688
"1287","E. coli",0.916065960044873
"1288","E. coli",0.840979943853126
"1289","E. coli",0.563668196952749
"1290","E. coli",0.557547712195236
"1291","E. coli",0.253232210284203
"1292","E. coli",0.68076492619161
"1293","E. coli",0.869515882227108
"1294","E. coli",0.208662075044729
"1295","E. coli",0.467516529359386
"1296","E. coli",0.892583900095713
"1297","E. coli",1.10979537508848
"1298","E. coli",0.731431822737532
"1299","E. coli",0.300312852519225
"1300","E. coli",0.110414318428672
"1301","E. coli",0.804182172581117
"1302","E. coli",-0.0250573309350918
"1303","E. coli",0.328290470176546
"1304","E. coli",1.05560312250622
"1305","E. coli",0.237630522798184
"1306","E. coli",0.896868868778194
"1307","E. coli",0.718375434695173
"1308","E. coli",0.445893946148945
"1309","E. coli",0.434172340674886
"1310","E. coli",0.328710935071623
"1311","E. coli",0.32815625101549
"1312","E. coli",0.435303463549614
"1313","E. coli",0.615943546968569
"1314","E. coli",0.35965658791782
"1315","E. coli",0.556175576698294
"1316","E. coli",0.340244565617667
"1317","E. coli",0.321806959360082
"1318","E. coli",0.519768425180282
"1319","E. coli",0.835474940101786
"1320","E. coli",0.364471927899447
"1321","E. coli",0.412823010573258
"1322","E. coli",0.589103927015759
"1323","E. coli",0.511997070147246
"1324","E. coli",0.586709372142159
"1325","E. coli",0.662307640328315
"1326","E. coli",0.528923040906816
"1327","E. coli",0.532545219740063
"1328","E. coli",0.83326616492222
"1329","E. coli",0.543892604678711
"1330","E. coli",0.516777917432528
"1331","E. coli",0.620046743608547
"1332","E. coli",0.914773533309068
"1333","E. coli",0.600144905800493
"1334","E. coli",0.266466152031876
"1335","E. coli",0.662610082370771
"1336","E. coli",0.136259128504088
"1337","E. coli",0.597045985791119
"1338","E. coli",0.466721106890353
"1339","E. coli",0.771543652200815
"1340","E. coli",0.621190106238321
"1341","E. coli",0.4498214513103
"1342","E. coli",0.311995857240698
"1343","E. coli",0.703847444940978
"1344","E. coli",0.491716616049938
"1345","E. coli",0.799978107003966
"1346","E. coli",0.580390514852013
"1347","E. coli",0.801400931469973
"1348","E. coli",0.321271589333197
"1349","E. coli",0.587763178142253
"1350","E. coli",0.203794438215742
"1351","E. coli",0.315875060879362
"1352","E. coli",0.550076759086988
"1353","E. coli",0.183437701143805
"1354","E. coli",0.400862890998486
"1355","E. coli",0.30378545505436
"1356","E. coli",0.781021814111763
"1357","E. coli",0.610838169240036
"1358","E. coli",0.384491535922839
"1359","E. coli",0.189275914558406
"1360","E. coli",0.852223076765567
"1361","E. coli",1.05182308889453
"1362","E. coli",0.442982087718449
"1363","E. coli",0.496612828313966
"1364","E. coli",0.537093989133692
"1365","E. coli",0.512869232564585
"1366","E. coli",0.98445709602985
"1367","E. coli",0.0251034072617238
"1368","E. coli",0.440411193305033
"1369","E. coli",0.398840092375987
"1370","E. coli",0.515996612541334
"1371","E. coli",0.37201848659186
"1372","E. coli",0.751604865342814
"1373","E. coli",0.942814484822225
"1374","E. coli",0.436212021542644
"1375","E. coli",0.773735527637977
"1376","E. coli",0.471384641880392
"1377","E. coli",0.789073471273095
"1378","E. coli",0.115272592539159
"1379","E. coli",0.252176477671243
"1380","E. coli",0.227070420045061
"1381","E. coli",0.594232871712641
"1382","E. coli",0.196181175610258
"1383","E. coli",0.476057783979063
"1384","E. coli",0.199544268710232
"1385","E. coli",0.612234425023935
"1386","E. coli",0.715953257565809
"1387","E. coli",0.678789816340282
"1388","E. coli",0.73840984469695
"1389","E. coli",0.823438618267079
"1390","E. coli",0.775803798741198
"1391","E. coli",0.325653719442146
"1392","E. coli",0.220276461300553
"1393","E. coli",0.855399060059305
"1394","E. coli",0.829211618842544
"1395","E. coli",0.930884195189768
"1396","E. coli",0.499428630680068
"1397","E. coli",0.0882535542415106
"1398","E. coli",0.712165339436908
"1399","E. coli",0.629471192218525
"1400","E. coli",-0.199644586449218
"1401","E. coli",0.628869841356447
"1402","E. coli",0.635545320355923
"1403","E. coli",0.738654545848325
"1404","E. coli",0.720172836342003
"1405","E. coli",0.513017435588597
"1406","E. coli",0.635425607456861
"1407","E. coli",0.762456369451704
"1408","E. coli",0.324851630161604
"1409","E. coli",0.228367952113078
"1410","E. coli",0.346619497868552
"1411","E. coli",0.582324022821244
"1412","E. coli",0.497932746157438
"1413","E. coli",0.745102882551423
"1414","E. coli",0.734979807582305
"1415","E. coli",1.18987215896958
"1416","E. coli",-0.141459639392714
"1417","E. coli",0.553671628573285
"1418","E. coli",0.640972251197468
"1419","E. coli",0.826934691201702
"1420","E. coli",0.642153279635633
"1421","E. coli",-0.147141365411472
"1422","E. coli",1.01176864717906
"1423","E. coli",0.666010956256688
"1424","E. coli",-0.216788824079056
"1425","E. coli",0.181294199935988
"1426","E. coli",0.505009497062473
"1427","E. coli",0.439256962697792
"1428","E. coli",0.445065058421291
"1429","E. coli",0.118460196947586
"1430","E. coli",0.388083917213616
"1431","E. coli",0.606554929670513
"1432","E. coli",0.880165324384869
"1433","E. coli",0.722621139121593
"1434","E. coli",0.789090392198314
"1435","E. coli",0.728812711580165
"1436","E. coli",1.01385366587503
"1437","E. coli",0.725239275484436
"1438","E. coli",0.874548333854486
"1439","E. coli",0.833443584268418
"1440","E. coli",0.0456619401061557
"1441","E. coli",0.356029928103243
"1442","E. coli",0.429751663721795
"1443","E. coli",0.722131750850093
"1444","E. coli",0.637322011711723
"1445","E. coli",0.270871961435385
"1446","E. coli",0.392435580386658
"1447","E. coli",0.438711615836767
"1448","E. coli",-0.0147503519038647
"1449","E. coli",0.5437791096339
"1450","E. coli",0.435681302477336
"1451","E. coli",0.311202943240979
"1452","E. coli",0.405168423667569
"1453","E. coli",0.808498800584878
"1454","E. coli",0.592855148960588
"1455","E. coli",0.0346722176370123
"1456","E. coli",0.336535769964058
"1457","E. coli",0.778622533890541
"1458","E. coli",0.709520832155269
"1459","E. coli",0.486832798301993
"1460","E. coli",0.274601793642536
"1461","E. coli",0.624559407253025
"1462","E. coli",0.986147256959345
"1463","E. coli",0.299709379137266
"1464","E. coli",0.650753801523704
"1465","E. coli",0.879643056174139
"1466","E. coli",0.611571775062039
"1467","E. coli",0.352785822790839
"1468","E. coli",0.642834521230231
"1469","E. coli",0.454581669535562
"1470","E. coli",0.7279072207749
"1471","E. coli",0.574398886269824
"1472","E. coli",0.333771118948097
"1473","E. coli",0.607686110475059
"1474","E. coli",0.595031759147051
"1475","E. coli",0.642512547213273
"1476","E. coli",0.106254448958242
"1477","E. coli",0.43054381915713
"1478","E. coli",0.0813409307717319
"1479","E. coli",0.779417369240503
"1480","E. coli",0.470558941999325
"1481","E. coli",0.53414454432551
"1482","E. coli",0.0276788208749209
"1483","E. coli",0.329367158544939
"1484","E. coli",0.638533959742533
"1485","E. coli",0.535799978881428
"1486","E. coli",0.103327303305963
"1487","E. coli",0.503334174979864
"1488","E. coli",0.760453890442505
"1489","E. coli",-0.0227780712918672
"1490","E. coli",0.429811230609529
"1491","E. coli",0.287807501722004
"1492","E. coli",0.976777283893072
"1493","E. coli",0.758264236138256
"1494","E. coli",0.434466122729931
"1495","E. coli",0.817865737890625
"1496","E. coli",0.431047841115174
"1497","E. coli",0.247577888424107
"1498","E. coli",0.785189507916239
"1499","E. coli",0.52697670803533
"1500","E. coli",0.493057276396237
"1501","E. coli",0.576940917972549
"1502","E. coli",0.717833792101458
"1503","E. coli",1.10448602369511
"1504","E. coli",0.695591862652208
"1505","E. coli",0.294975497744422
"1506","E. coli",0.314799523608885
"1507","E. coli",0.0589064844116969
"1508","E. coli",0.706508178446461
"1509","E. coli",0.796841366562911
"1510","E. coli",0.405339069808996
"1511","E. coli",0.597760650031623
"1512","E. coli",0.482587369281822
"1513","E. coli",0.578582229389424
"1514","E. coli",0.730009254254108
"1515","E. coli",0.615816478942515
"1516","E. coli",0.881781385035984
"1517","E. coli",0.254970684373327
"1518","E. coli",0.394822151860816
"1519","E. coli",0.855470759415087
"1520","E. coli",0.356142748102184
"1521","E. coli",0.526090103974917
"1522","E. coli",0.543316568388764
"1523","E. coli",0.713911119990316
"1524","E. coli",0.715403669426434
"1525","E. coli",0.563733673000147
"1526","E. coli",0.86734916811363
"1527","E. coli",0.840393747080064
"1528","E. coli",0.34507562652845
"1529","E. coli",0.512226684804028
"1530","E. coli",0.529271915938372
"1531","E. coli",0.401429567840498
"1532","E. coli",0.554869456686725
"1533","E. coli",0.478086616924135
"1534","E. coli",0.452253253509299
"1535","E. coli",0.940006070896502
"1536","E. coli",0.415363004583573
"1537","E. coli",0.931907920016675
"1538","E. coli",0.542849721685391
"1539","E. coli",0.678354661994853
"1540","E. coli",0.294916063069658
"1541","E. coli",0.761955758277462
"1542","E. coli",0.40753678068005
"1543","E. coli",0.276727618928915
"1544","E. coli",0.368473941767771
"1545","E. coli",0.243889445492716
"1546","E. coli",0.51696649760022
"1547","E. coli",0.759135274432835
"1548","E. coli",0.531173611673762
"1549","E. coli",0.246928787295201
"1550","E. coli",0.102455569078996
"1551","E. coli",-0.00314516427061853
"1552","E. coli",0.494105237481664
"1553","E. coli",0.810391819372714
"1554","E. coli",0.289664605431833
"1555","E. coli",0.406971608923212
"1556","E. coli",0.396221239262585
"1557","E. coli",0.0596756759395199
"1558","E. coli",0.51877508606132
"1559","E. coli",0.460115552440538
"1560","E. coli",1.00287541828456
"1561","E. coli",0.48997634093549
"1562","E. coli",0.422304298057142
"1563","E. coli",0.848283364857749
"1564","E. coli",0.794574835540616
"1565","E. coli",0.630501159012887
"1566","E. coli",0.885418688022037
"1567","E. coli",0.499207228143798
"1568","E. coli",0.863183928577599
"1569","E. coli",0.613941038063242
"1570","E. coli",1.14153196830315
"1571","E. coli",0.992572232314928
"1572","E. coli",0.64967961624096
"1573","E. coli",0.908842754729981
"1574","E. coli",0.557718305075906
"1575","E. coli",0.918893289680957
"1576","E. coli",0.722786874244462
"1577","E. coli",0.705238388130369
"1578","E. coli",0.469309030381521
"1579","E. coli",0.235602663970396
"1580","E. coli",0.30991665335433
"1581","E. coli",0.711697055587156
"1582","E. coli",0.63561966444205
"1583","E. coli",1.12650270419273
"1584","E. coli",0.783543564820572
"1585","E. coli",0.60536387084386
"1586","E. coli",0.202586368838772
"1587","E. coli",0.386383138808919
"1588","E. coli",0.550943105034885
"1589","E. coli",0.68432235347564
"1590","E. coli",0.923096712243315
"1591","E. coli",0.73336807095799
"1592","E. coli",0.343280308157507
"1593","E. coli",0.493067562218288
"1594","E. coli",0.736418892951974
"1595","E. coli",0.733239834156726
"1596","E. coli",0.430937776965505
"1597","E. coli",0.825761887223588
"1598","E. coli",0.587510274574133
"1599","E. coli",0.483523274304036
"1600","E. coli",0.22250680684997
"1601","E. coli",0.454942964379242
"1602","E. coli",0.617863811623554
"1603","E. coli",0.845819226360716
"1604","E. coli",0.482528654131708
"1605","E. coli",0.439266926374394
"1606","E. coli",0.236878569338763
"1607","E. coli",0.443890779006223
"1608","E. coli",0.474265435176361
"1609","E. coli",0.361127764779
"1610","E. coli",0.261311976652945
"1611","E. coli",0.359765872973438
"1612","E. coli",0.817431282957026
"1613","E. coli",0.675931553591374
"1614","E. coli",1.02525377164585
"1615","E. coli",0.711856393159683
"1616","E. coli",0.496781475456492
"1617","E. coli",0.494270603566718
"1618","E. coli",0.307974230431169
"1619","E. coli",0.509861386421142
"1620","E. coli",0.533257595688491
"1621","E. coli",1.06092139119908
"1622","E. coli",0.556386844425323
"1623","E. coli",0.744140111770193
"1624","E. coli",-0.0734257806674652
"1625","E. coli",0.442089081858033
"1626","E. coli",0.427816164922777
"1627","E. coli",0.694949558462091
"1628","E. coli",0.0438247839328545
"1629","E. coli",0.570755734965182
"1630","E. coli",0.714477443042952
"1631","E. coli",0.35020391761284
"1632","E. coli",0.805829721655911
"1633","E. coli",1.13752845103593
"1634","E. coli",0.742458060084638
"1635","E. coli",0.983665709911318
"1636","E. coli",0.496594360487634
"1637","E. coli",0.238092080018752
"1638","E. coli",0.0908239072522727
"1639","E. coli",0.73407459198918
"1640","E. coli",0.696937898964844
"1641","E. coli",0.644826551527368
"1642","E. coli",0.571338700596383
"1643","E. coli",1.38952814542165
"1644","E. coli",0.64995518475843
"1645","E. coli",0.181408554395585
"1646","E. coli",0.676418242638613
"1647","E. coli",0.316898179870789
"1648","E. coli",0.491821366722364
"1649","E. coli",0.586462489040621
"1650","E. coli",0.490394017214452
"1651","E. coli",0.435693647601502
"1652","E. coli",0.381355112018298
"1653","E. coli",0.284165842095629
"1654","E. coli",0.433535590066142
"1655","E. coli",0.411237033734188
"1656","E. coli",0.341614562165263
"1657","E. coli",0.329473064177764
"1658","E. coli",0.41141894504565
"1659","E. coli",0.310188215658493
"1660","E. coli",0.876480319967534
"1661","E. coli",0.860446766900047
"1662","E. coli",0.472392507506237
"1663","E. coli",0.441046360869469
"1664","E. coli",0.734745828121034
"1665","E. coli",0.360017912783345
"1666","E. coli",1.0295733418711
"1667","E. coli",0.389581595124426
"1668","E. coli",0.33010999301768
"1669","E. coli",0.872192818236287
"1670","E. coli",0.568215585554745
"1671","E. coli",0.758391820438387
"1672","E. coli",0.890591536573334
"1673","E. coli",0.532560105536032
"1674","E. coli",0.319206122274091
"1675","E. coli",0.669967486673559
"1676","E. coli",0.386140142292425
"1677","E. coli",0.48383768886195
"1678","E. coli",0.577756641918805
"1679","E. coli",0.42716101566914
"1680","E. coli",0.823836543288124
"1681","E. coli",0.55104088320933
"1682","E. coli",0.488206044074809
"1683","E. coli",0.279784038356091
"1684","E. coli",0.497668294545174
"1685","E. coli",1.05021031968389
"1686","E. coli",0.775944601391025
"1687","E. coli",0.568386936890716
"1688","E. coli",1.06806627698265
"1689","E. coli",0.486942007811365
"1690","E. coli",0.501681686270152
"1691","E. coli",0.832319649394815
"1692","E. coli",0.481539682155431
"1693","E. coli",0.92542362469985
"1694","E. coli",0.574292312487766
"1695","E. coli",0.457945405217463
"1696","E. coli",0.783517803813612
"1697","E. coli",0.864542272164268
"1698","E. coli",0.101065425062686
"1699","E. coli",0.530350635593589
"1700","E. coli",0.501709381238015
"1701","E. coli",1.05899104541836
"1702","E. coli",0.680174676221275
"1703","E. coli",0.582869180188594
"1704","E. coli",0.76709315691638
"1705","E. coli",0.956232118438916
"1706","E. coli",0.967499604446084
"1707","E. coli",0.710323496316994
"1708","E. coli",0.624358312751557
"1709","E. coli",0.100864365815361
"1710","E. coli",0.662327141578492
"1711","E. coli",0.862962021030933
"1712","E. coli",0.185732611707131
"1713","E. coli",0.200075230960995
"1714","E. coli",0.347591968552344
"1715","E. coli",0.651346461384024
"1716","E. coli",0.825383833167289
"1717","E. coli",0.633317899627196
"1718","E. coli",0.24910255970887
"1719","E. coli",0.283631951855453
"1720","E. coli",0.65365226779
"1721","E. coli",0.810905194196183
"1722","E. coli",0.682337742540618
"1723","E. coli",0.32637187439061
"1724","E. coli",0.517945594653109
"1725","E. coli",0.152392461607226
"1726","E. coli",1.11170254109736
"1727","E. coli",0.897343639549288
"1728","E. coli",0.403241543491224
"1729","E. coli",0.679632083789239
"1730","E. coli",0.934168651222622
"1731","E. coli",0.469349606652966
"1732","E. coli",0.54963543293581
"1733","E. coli",0.291030030889281
"1734","E. coli",0.420011845294491
"1735","E. coli",0.105025145690649
"1736","E. coli",0.670951506824712
"1737","E. coli",0.440040616140773
"1738","E. coli",0.46584987055023
"1739","E. coli",0.56776709359419
"1740","E. coli",0.640053010203243
"1741","E. coli",0.4992131214935
"1742","E. coli",0.978207442147704
"1743","E. coli",0.682621706997466
"1744","E. coli",0.516221996220988
"1745","E. coli",0.477676244448655
"1746","E. coli",1.08280845555422
"1747","E. coli",0.690569086996601
"1748","E. coli",0.833744151133116
"1749","E. coli",0.434111560981567
"1750","E. coli",0.841077372830674
"1751","E. coli",0.727177332270115
"1752","E. coli",0.711999934015793
"1753","E. coli",0.279554881739537
"1754","E. coli",0.164198738096455
"1755","E. coli",0.732370650756175
"1756","E. coli",0.859591419472212
"1757","E. coli",0.586522147122322
"1758","E. coli",0.551909684680466
"1759","E. coli",0.35891511481599
"1760","E. coli",0.0685980569494087
"1761","E. coli",0.799797826949102
"1762","E. coli",0.189152479435579
"1763","E. coli",0.898708498561699
"1764","E. coli",0.284920592650517
"1765","E. coli",0.883728424436896
"1766","E. coli",0.447072002613139
"1767","E. coli",0.456290097567188
"1768","E. coli",1.24203674836842
"1769","E. coli",0.690371275950761
"1770","E. coli",1.13058338914874
"1771","E. coli",0.341446675119691
"1772","E. coli",0.447469648815751
"1773","E. coli",0.553448749809335
"1774","E. coli",0.425168337130514
"1775","E. coli",0.677279287237554
"1776","E. coli",0.352573039347257
"1777","E. coli",0.515829939040752
"1778","E. coli",0.651045585850407
"1779","E. coli",0.422444644639132
"1780","E. coli",0.257028656495269
"1781","E. coli",0.695678692800909
"1782","E. coli",0.97476027336695
"1783","E. coli",0.893973211540209
"1784","E. coli",0.0133353337922803
"1785","E. coli",0.475053770992295
"1786","E. coli",0.688065854171932
"1787","E. coli",0.384696131640204
"1788","E. coli",0.888051174385221
"1789","E. coli",0.343954898422328
"1790","E. coli",0.448863591277746
"1791","E. coli",0.523707548540088
"1792","E. coli",0.747113279905465
"1793","E. coli",0.394905308364472
"1794","E. coli",0.725432111087661
"1795","E. coli",0.224228377123145
"1796","E. coli",0.557853982527746
"1797","E. coli",1.09062843293796
"1798","E. coli",0.667385127637586
"1799","E. coli",0.622901680945429
"1800","E. coli",0.767415097306154
"1801","E. coli",0.755624918488071
"1802","E. coli",0.461534194160095
"1803","E. coli",0.672673679200417
"1804","E. coli",0.594339601663018
"1805","E. coli",0.548882786784
"1806","E. coli",0.323702766109947
"1807","E. coli",0.770490505606657
"1808","E. coli",0.133910784766719
"1809","E. coli",0.997127701019996
"1810","E. coli",0.493213308673552
"1811","E. coli",0.785974618033102
"1812","E. coli",0.366412582413939
"1813","E. coli",0.483418052776211
"1814","E. coli",0.532290426388776
"1815","E. coli",0.973699347571361
"1816","E. coli",0.202428148036671
"1817","E. coli",0.634464398459625
"1818","E. coli",0.364595009071187
"1819","E. coli",0.537952403731587
"1820","E. coli",0.621362957082465
"1821","E. coli",0.481198526677345
"1822","E. coli",0.496180732872588
"1823","E. coli",0.749859239207202
"1824","E. coli",0.0992735531561652
"1825","E. coli",0.566856058713307
"1826","E. coli",0.985897977807013
"1827","E. coli",0.0291892618330941
"1828","E. coli",0.406316654257636
"1829","E. coli",0.166551596111982
"1830","E. coli",0.765024898777214
"1831","E. coli",0.742204434550113
"1832","E. coli",0.988953663645375
"1833","E. coli",0.586211550404971
"1834","E. coli",0.516454760511917
"1835","E. coli",0.579255882528404
"1836","E. coli",-0.063862055503031
"1837","E. coli",0.59051032442455
"1838","E. coli",0.525048609804283
"1839","E. coli",0.895825387808718
"1840","E. coli",0.0975266142509866
"1841","E. coli",0.848530644900501
"1842","E. coli",0.47975488021826
"1843","E. coli",0.19635860437578
"1844","E. coli",0.487055499069672
"1845","E. coli",0.42472005282334
"1846","E. coli",0.49422751108806
"1847","E. coli",0.495618626569754
"1848","E. coli",-0.40349726891643
"1849","E. coli",0.396970821872222
"1850","E. coli",0.269446030606962
"1851","E. coli",0.764694032484568
"1852","E. coli",0.66149295956241
"1853","E. coli",0.405338972450974
"1854","E. coli",0.430146346168114
"1855","E. coli",0.551438518133024
"1856","E. coli",0.195265338781019
"1857","E. coli",-0.175371301771506
"1858","E. coli",0.627053113527463
"1859","E. coli",0.525728557236035
"1860","E. coli",0.610291586240225
"1861","E. coli",0.649477456076177
"1862","E. coli",0.264790071809614
"1863","E. coli",0.603990925556605
"1864","E. coli",0.547412113485053
"1865","E. coli",0.285232674053282
"1866","E. coli",0.758208256276919
"1867","E. coli",0.120742194773346
"1868","E. coli",-0.46614005560346
"1869","E. coli",0.43759335143833
"1870","E. coli",0.787881745003037
"1871","E. coli",0.497545426317492
"1872","E. coli",0.336582001443642
"1873","E. coli",0.775602830841509
"1874","E. coli",0.992937199542497
"1875","E. coli",0.235493686068253
"1876","E. coli",0.709600293963885
"1877","E. coli",0.8174311784056
"1878","E. coli",1.01467947616864
"1879","E. coli",0.574682272837455
"1880","E. coli",0.506727946883512
"1881","E. coli",0.803813032024161
"1882","E. coli",0.823958383137138
"1883","E. coli",1.06754328559771
"1884","E. coli",0.172784848037414
"1885","E. coli",0.406191985339013
"1886","E. coli",0.679720946779816
"1887","E. coli",0.730481488590316
"1888","E. coli",0.422381043926187
"1889","E. coli",0.802082375127483
"1890","E. coli",0.570767686099567
"1891","E. coli",0.797385743283252
"1892","E. coli",0.414642967836026
"1893","E. coli",0.784836094571587
"1894","E. coli",0.676269646263785
"1895","E. coli",0.733280205714666
"1896","E. coli",0.601551161742932
"1897","E. coli",0.432994101524042
"1898","E. coli",0.509621691684152
"1899","E. coli",0.428646898821196
"1900","E. coli",0.597144031416435
"1901","E. coli",0.346369446494277
"1902","E. coli",0.522148500244345
"1903","E. coli",0.23321542827602
"1904","E. coli",0.221090905589304
"1905","E. coli",1.12312347642131
"1906","E. coli",0.52876975983689
"1907","E. coli",0.754544570199977
"1908","E. coli",0.648162042721148
"1909","E. coli",0.652560606041568
"1910","E. coli",1.1088777775348
"1911","E. coli",0.879170738346005
"1912","E. coli",0.30714140003483
"1913","E. coli",0.113915683023344
"1914","E. coli",0.871385545225913
"1915","E. coli",0.534662858108535
"1916","E. coli",0.588334004356677
"1917","E. coli",0.830531033753772
"1918","E. coli",0.723697560849044
"1919","E. coli",1.03930242610872
"1920","E. coli",0.388824744963027
"1921","E. coli",0.996772568973033
"1922","E. coli",0.849237689528779
"1923","E. coli",0.343367071014153
"1924","E. coli",0.204703658916958
"1925","E. coli",0.498599118996483
"1926","E. coli",0.549253988173288
"1927","E. coli",0.19259636125365
"1928","E. coli",0.610694751487502
"1929","E. coli",0.380840250594663
"1930","E. coli",0.275001931205481
"1931","E. coli",0.248866295361464
"1932","E. coli",0.672677808900118
"1933","E. coli",0.170007915879899
"1934","E. coli",0.698358797526042
"1935","E. coli",0.638348608237424
"1936","E. coli",1.26763316081358
"1937","E. coli",0.232189235120033
"1938","E. coli",0.856475579419214
"1939","E. coli",0.543389780103046
"1940","E. coli",0.255906717966959
"1941","E. coli",1.02626823778928
"1942","E. coli",0.71537400070753
"1943","E. coli",0.543999936784003
"1944","E. coli",0.473150073548386
"1945","E. coli",0.782899264210862
"1946","E. coli",0.582724251546068
"1947","E. coli",0.728109079476518
"1948","E. coli",0.392424905931457
"1949","E. coli",0.265719061841346
"1950","E. coli",0.325927130437569
"1951","E. coli",0.513202852379538
"1952","E. coli",0.798402015306462
"1953","E. coli",0.0896105973558678
"1954","E. coli",0.719279997824577
"1955","E. coli",0.47406837385423
"1956","E. coli",0.759208404478873
"1957","E. coli",0.107519535625392
"1958","E. coli",0.92106905187205
"1959","E. coli",0.669542170298415
"1960","E. coli",0.56473145846619
"1961","E. coli",0.403388241999758
"1962","E. coli",0.30214871501175
"1963","E. coli",0.399319076871233
"1964","E. coli",0.758675483615146
"1965","E. coli",0.567802809470166
"1966","E. coli",0.176980298521248
"1967","E. coli",0.24918527540676
"1968","E. coli",0.230300095294121
"1969","E. coli",0.503889507507097
"1970","E. coli",0.74766852883584
"1971","E. coli",0.393586491290958
"1972","E. coli",0.310808907651075
"1973","E. coli",0.801739991013968
"1974","E. coli",0.705174887249281
"1975","E. coli",0.569873245154923
"1976","E. coli",0.202912320907181
"1977","E. coli",0.109289778190216
"1978","E. coli",0.446702245098899
"1979","E. coli",0.911913450854656
"1980","E. coli",0.300209300188203
"1981","E. coli",0.858346549889915
"1982","E. coli",0.487048462436824
"1983","E. coli",0.333898379335235
"1984","E. coli",0.412349233215493
"1985","E. coli",0.995340531761111
"1986","E. coli",0.472192122202163
"1987","E. coli",0.582026875246866
"1988","E. coli",1.00416757983271
"1989","E. coli",0.937219539584397
"1990","E. coli",0.446902553150216
"1991","E. coli",0.889341955033651
"1992","E. coli",0.60268120338784
"1993","E. coli",0.380220868451279
"1994","E. coli",0.157393044787136
"1995","E. coli",0.455330535355596
"1996","E. coli",0.988289408714896
"1997","E. coli",0.826617590805135
"1998","E. coli",0.553643144842023
"1999","E. coli",0.0602657044460088
"2000","E. coli",0.763021061251005
"2001","E. faecalis",0.235945596690619
"2002","E. faecalis",0.148312471963877
"2003","E. faecalis",0.240285571241395
"2004","E. faecalis",0.323383470266073
"2005","E. faecalis",0.0524127685187138
"2006","E. faecalis",0.36182642594397
"2007","E. faecalis",0.0279580674399714
"2008","E. faecalis",0.561633577500107
"2009","E. faecalis",0.236022283133412
"2010","E. faecalis",0.12630209883309
"2011","E. faecalis",-0.0589994749987884
"2012","E. faecalis",0.338225171091976
"2013","E. faecalis",0.397329522253069
"2014","E. faecalis",0.460313906012157
"2015","E. faecalis",0.254451906074599
"2016","E. faecalis",0.276732277661986
"2017","E. faecalis",0.294264085451995
"2018","E. faecalis",0.128670268968484
"2019","E. faecalis",0.257272405293278
"2020","E. faecalis",0.303597721151548
"2021","E. faecalis",0.328907029091283
"2022","E. faecalis",0.132744760577014
"2023","E. faecalis",0.302566452060264
"2024","E. faecalis",0.222315278147476
"2025","E. faecalis",0.0708210127203553
"2026","E. faecalis",0.170980011051183
"2027","E. faecalis",0.354062601316743
"2028","E. faecalis",0.133032556924247
"2029","E. faecalis",0.165796522587939
"2030","E. faecalis",0.538420322920662
"2031","E. faecalis",0.189218117236437
"2032","E. faecalis",0.286001457124137
"2033","E. faecalis",0.118700274111038
"2034","E. faecalis",0.221381228686352
"2035","E. faecalis",0.427215448923636
"2036","E. faecalis",0.421646118904902
"2037","E. faecalis",0.344890881150658
"2038","E. faecalis",0.375382957722269
"2039","E. faecalis",0.158793665281585
"2040","E. faecalis",0.258512190522648
"2041","E. faecalis",0.269418993193526
"2042","E. faecalis",0.319612079101986
"2043","E. faecalis",0.201947752143572
"2044","E. faecalis",0.277002613247488
"2045","E. faecalis",0.1611824927812
"2046","E. faecalis",0.410761010967787
"2047","E. faecalis",0.586343616373403
"2048","E. faecalis",0.357893354028463
"2049","E. faecalis",0.443643066954628
"2050","E. faecalis",0.207786198500889
"2051","E. faecalis",0.396682466549489
"2052","E. faecalis",0.200819923518341
"2053","E. faecalis",0.338617488173645
"2054","E. faecalis",0.310767357739585
"2055","E. faecalis",0.350826908801303
"2056","E. faecalis",0.131671747951785
"2057","E. faecalis",0.245182231497873
"2058","E. faecalis",0.302692582994614
"2059","E. faecalis",0.30479913881685
"2060","E. faecalis",0.316416870838788
"2061","E. faecalis",0.242444794808594
"2062","E. faecalis",0.380755673445044
"2063","E. faecalis",-0.0152342773790189
"2064","E. faecalis",0.333270043502317
"2065","E. faecalis",0.325326815901959
"2066","E. faecalis",0.205927280449897
"2067","E. faecalis",0.108962302567106
"2068","E. faecalis",0.218317449830828
"2069","E. faecalis",0.254078065416908
"2070","E. faecalis",0.18359144483665
"2071","E. faecalis",0.303392138658334
"2072","E. faecalis",0.220828093823417
"2073","E. faecalis",0.333881284160492
"2074","E. faecalis",0.309532398319707
"2075","E. faecalis",0.273904073420856
"2076","E. faecalis",0.36175288886491
"2077","E. faecalis",0.411248236145181
"2078","E. faecalis",0.353738885096758
"2079","E. faecalis",0.192633410246778
"2080","E. faecalis",0.232026249685414
"2081","E. faecalis",0.250494575036353
"2082","E. faecalis",0.273437536285504
"2083","E. faecalis",0.28526253067873
"2084","E. faecalis",0.303135196600277
"2085","E. faecalis",0.130012555372767
"2086","E. faecalis",0.430763116437214
"2087","E. faecalis",0.215477010275191
"2088","E. faecalis",0.372159008176895
"2089","E. faecalis",0.263107945493699
"2090","E. faecalis",0.146563016688246
"2091","E. faecalis",0.192896894244921
"2092","E. faecalis",0.330432244617714
"2093","E. faecalis",0.346994768599681
"2094","E. faecalis",0.152258900887655
"2095","E. faecalis",0.349349878048366
"2096","E. faecalis",-0.0188175095872458
"2097","E. faecalis",0.122109484611065
"2098","E. faecalis",0.184118456506913
"2099","E. faecalis",0.273604915024727
"2100","E. faecalis",0.219964871214849
"2101","E. faecalis",0.318795994592076
"2102","E. faecalis",0.127975017567198
"2103","E. faecalis",0.323365308863577
"2104","E. faecalis",0.412374679657084
"2105","E. faecalis",0.40413812833139
"2106","E. faecalis",0.26184317346338
"2107","E. faecalis",0.225045724224082
"2108","E. faecalis",0.0773133073271098
"2109","E. faecalis",0.476194157470946
"2110","E. faecalis",0.263224779643342
"2111","E. faecalis",0.242968805201747
"2112","E. faecalis",0.330842782118935
"2113","E. faecalis",0.256391397464046
"2114","E. faecalis",0.171387171898169
"2115","E. faecalis",0.083829073233792
"2116","E. faecalis",0.282926350722405
"2117","E. faecalis",0.197935810097136
"2118","E. faecalis",0.134776390774388
"2119","E. faecalis",0.190309757972198
"2120","E. faecalis",0.288132942354149
"2121","E. faecalis",0.303696950243299
"2122","E. faecalis",0.40589695476424
"2123","E. faecalis",0.499275054348935
"2124","E. faecalis",0.37246249839249
"2125","E. faecalis",0.234834061367021
"2126","E. faecalis",0.337919089377232
"2127","E. faecalis",0.232450704245596
"2128","E. faecalis",0.0257248408421909
"2129","E. faecalis",0.435409211257242
"2130","E. faecalis",0.190929169008048
"2131","E. faecalis",0.352637613134516
"2132","E. faecalis",0.190141386458333
"2133","E. faecalis",0.260629977751241
"2134","E. faecalis",0.211201428104298
"2135","E. faecalis",0.472735275577342
"2136","E. faecalis",0.226203108959266
"2137","E. faecalis",0.106584090030883
"2138","E. faecalis",0.29709817778106
"2139","E. faecalis",0.0136925538480696
"2140","E. faecalis",0.187549130131324
"2141","E. faecalis",0.27676740717789
"2142","E. faecalis",-0.00666470331508789
"2143","E. faecalis",0.423041119995594
"2144","E. faecalis",0.155317460401786
"2145","E. faecalis",0.450454995959559
"2146","E. faecalis",0.293621228982056
"2147","E. faecalis",0.332718239593974
"2148","E. faecalis",0.242759325150129
"2149","E. faecalis",0.274103535211974
"2150","E. faecalis",0.165421897597804
"2151","E. faecalis",0.167940340545879
"2152","E. faecalis",0.184414740024788
"2153","E. faecalis",0.0454052044995814
"2154","E. faecalis",0.475354924070845
"2155","E. faecalis",0.312203968183926
"2156","E. faecalis",0.164744167218725
"2157","E. faecalis",0.322169023292167
"2158","E. faecalis",0.360869244226537
"2159","E. faecalis",0.447302378065926
"2160","E. faecalis",0.176532672613185
"2161","E. faecalis",0.26376952556653
"2162","E. faecalis",0.339734045347791
"2163","E. faecalis",0.12389565967106
"2164","E. faecalis",0.33922157361224
"2165","E. faecalis",0.286254887564032
"2166","E. faecalis",0.314263008011488
"2167","E. faecalis",0.277655977703257
"2168","E. faecalis",0.254779108867823
"2169","E. faecalis",0.179213922090513
"2170","E. faecalis",0.244482080833239
"2171","E. faecalis",0.394838363774977
"2172","E. faecalis",0.0973890259771641
"2173","E. faecalis",0.20727784182911
"2174","E. faecalis",0.382029022352276
"2175","E. faecalis",0.491660932618257
"2176","E. faecalis",0.121625694612019
"2177","E. faecalis",0.244990274981519
"2178","E. faecalis",0.406629981608143
"2179","E. faecalis",0.210891144852736
"2180","E. faecalis",0.283887280510926
"2181","E. faecalis",0.316394382945286
"2182","E. faecalis",0.306957873829177
"2183","E. faecalis",0.381861162930956
"2184","E. faecalis",0.342623465033363
"2185","E. faecalis",0.1977479670328
"2186","E. faecalis",0.151222481248971
"2187","E. faecalis",0.152552152837191
"2188","E. faecalis",0.32626375873034
"2189","E. faecalis",0.202257632334331
"2190","E. faecalis",0.330490121067514
"2191","E. faecalis",0.222297693430803
"2192","E. faecalis",0.295822068215149
"2193","E. faecalis",0.299854229996783
"2194","E. faecalis",0.304867681928622
"2195","E. faecalis",0.176416251727641
"2196","E. faecalis",0.195349684740358
"2197","E. faecalis",0.220934354026809
"2198","E. faecalis",0.28641258083582
"2199","E. faecalis",0.331130073768038
"2200","E. faecalis",0.27527710140769
"2201","E. faecalis",0.319151072915373
"2202","E. faecalis",0.24750802153044
"2203","E. faecalis",0.0685353369539032
"2204","E. faecalis",0.0781442075472086
"2205","E. faecalis",0.229671482240803
"2206","E. faecalis",0.151111710823762
"2207","E. faecalis",0.235966479873711
"2208","E. faecalis",0.374388646118945
"2209","E. faecalis",0.205696323824522
"2210","E. faecalis",0.515897002511976
"2211","E. faecalis",0.160343774029465
"2212","E. faecalis",0.382703980909551
"2213","E. faecalis",0.478259083107684
"2214","E. faecalis",0.36482119900506
"2215","E. faecalis",0.505378096400977
"2216","E. faecalis",0.321958338971689
"2217","E. faecalis",0.255700981472724
"2218","E. faecalis",0.333213476306142
"2219","E. faecalis",0.209262465926024
"2220","E. faecalis",0.365419975284818
"2221","E. faecalis",0.283682238124779
"2222","E. faecalis",0.137477812608158
"2223","E. faecalis",0.344369945318105
"2224","E. faecalis",0.0176261426398193
"2225","E. faecalis",0.240717220485789
"2226","E. faecalis",0.0158597993527962
"2227","E. faecalis",0.19494871279333
"2228","E. faecalis",0.16749030862543
"2229","E. faecalis",0.265219063423683
"2230","E. faecalis",0.406120586788585
"2231","E. faecalis",0.225365490735536
"2232","E. faecalis",0.267742517788091
"2233","E. faecalis",-0.0436691275488975
"2234","E. faecalis",0.43975135649797
"2235","E. faecalis",0.610609699790419
"2236","E. faecalis",0.299941336698034
"2237","E. faecalis",0.354619399576927
"2238","E. faecalis",0.0572997518658062
"2239","E. faecalis",0.194524727577161
"2240","E. faecalis",0.421879344956482
"2241","E. faecalis",0.0610922918376773
"2242","E. faecalis",0.0453077461038735
"2243","E. faecalis",0.401338750060137
"2244","E. faecalis",0.310255292522732
"2245","E. faecalis",0.286502189639173
"2246","E. faecalis",0.320875498336834
"2247","E. faecalis",0.0419313420878286
"2248","E. faecalis",0.304224746008445
"2249","E. faecalis",0.136866409337856
"2250","E. faecalis",0.14848869898211
"2251","E. faecalis",0.178569058247917
"2252","E. faecalis",0.411834874581613
"2253","E. faecalis",0.518640074892358
"2254","E. faecalis",0.0912420851715144
"2255","E. faecalis",0.400280443100557
"2256","E. faecalis",0.270730107648318
"2257","E. faecalis",0.337792656060718
"2258","E. faecalis",0.129382497483697
"2259","E. faecalis",0.309337355263276
"2260","E. faecalis",0.316611758782574
"2261","E. faecalis",0.347969413187192
"2262","E. faecalis",0.155807604882006
"2263","E. faecalis",0.182064288768599
"2264","E. faecalis",0.474075666466685
"2265","E. faecalis",0.334290180701158
"2266","E. faecalis",0.0971706876125876
"2267","E. faecalis",0.229924400916528
"2268","E. faecalis",0.133780792952162
"2269","E. faecalis",0.337013904382554
"2270","E. faecalis",0.2064292859732
"2271","E. faecalis",0.371435046249546
"2272","E. faecalis",0.224746528179299
"2273","E. faecalis",0.136630885192799
"2274","E. faecalis",0.301808394857196
"2275","E. faecalis",0.276017993471193
"2276","E. faecalis",0.196423276710594
"2277","E. faecalis",0.0477777421978119
"2278","E. faecalis",0.330996180282866
"2279","E. faecalis",0.279681697815595
"2280","E. faecalis",0.270347925057817
"2281","E. faecalis",0.486140383477872
"2282","E. faecalis",0.112856968838323
"2283","E. faecalis",0.232803630940931
"2284","E. faecalis",0.305201411564364
"2285","E. faecalis",0.332125416197394
"2286","E. faecalis",0.180952932504784
"2287","E. faecalis",0.12341532037373
"2288","E. faecalis",0.317383125001373
"2289","E. faecalis",0.364266726863987
"2290","E. faecalis",0.218285678786394
"2291","E. faecalis",0.208582611734047
"2292","E. faecalis",0.249584283161966
"2293","E. faecalis",0.233365785527232
"2294","E. faecalis",0.150837403087687
"2295","E. faecalis",0.376659666530435
"2296","E. faecalis",0.272935308914157
"2297","E. faecalis",0.181705117369014
"2298","E. faecalis",0.281416852879513
"2299","E. faecalis",-0.0389471785853938
"2300","E. faecalis",0.173333719139109
"2301","E. faecalis",0.338416642027181
"2302","E. faecalis",0.515283656404888
"2303","E. faecalis",-0.0158660695327347
"2304","E. faecalis",0.420248353370086
"2305","E. faecalis",0.235337801773715
"2306","E. faecalis",0.321999968002275
"2307","E. faecalis",0.0936969016942551
"2308","E. faecalis",0.134450545991713
"2309","E. faecalis",0.242290943066782
"2310","E. faecalis",0.223630703084335
"2311","E. faecalis",0.0886186625319824
"2312","E. faecalis",0.172621611402291
"2313","E. faecalis",0.125835296371036
"2314","E. faecalis",0.176646210856615
"2315","E. faecalis",0.282522965738486
"2316","E. faecalis",0.510704511257038
"2317","E. faecalis",0.174513823019918
"2318","E. faecalis",0.198484946998054
"2319","E. faecalis",0.409384819091779
"2320","E. faecalis",0.419775332061856
"2321","E. faecalis",0.189346123082799
"2322","E. faecalis",0.347351898881712
"2323","E. faecalis",0.269362654120548
"2324","E. faecalis",0.403425093654208
"2325","E. faecalis",0.303285484475628
"2326","E. faecalis",0.294790023007356
"2327","E. faecalis",0.318432704384755
"2328","E. faecalis",0.269639697352588
"2329","E. faecalis",0.411871240281447
"2330","E. faecalis",0.138985328971858
"2331","E. faecalis",0.30218078330756
"2332","E. faecalis",0.149116713869994
"2333","E. faecalis",0.268628878503784
"2334","E. faecalis",0.39758864394027
"2335","E. faecalis",0.193137960097022
"2336","E. faecalis",0.255065053882018
"2337","E. faecalis",0.268829156436786
"2338","E. faecalis",0.0723668474344768
"2339","E. faecalis",0.462116765318918
"2340","E. faecalis",0.247231971234514
"2341","E. faecalis",0.287624595024948
"2342","E. faecalis",-0.0162957496915265
"2343","E. faecalis",0.0538750017095379
"2344","E. faecalis",0.264334546490089
"2345","E. faecalis",0.356646869769386
"2346","E. faecalis",0.273084408128456
"2347","E. faecalis",0.248828205703301
"2348","E. faecalis",0.23480048034055
"2349","E. faecalis",0.175260587652203
"2350","E. faecalis",0.0203632588174837
"2351","E. faecalis",0.17654124134399
"2352","E. faecalis",0.28191269101648
"2353","E. faecalis",0.193413183718943
"2354","E. faecalis",0.345889601702304
"2355","E. faecalis",0.0710263081787686
"2356","E. faecalis",0.242600941514699
"2357","E. faecalis",0.356499818108864
"2358","E. faecalis",0.310361933637762
"2359","E. faecalis",0.317379763623949
"2360","E. faecalis",0.121494018324486
"2361","E. faecalis",0.440923347680482
"2362","E. faecalis",0.395761228918004
"2363","E. faecalis",0.422984018606432
"2364","E. faecalis",0.234637588243277
"2365","E. faecalis",0.132041179994662
"2366","E. faecalis",0.336070094876901
"2367","E. faecalis",0.394715669523246
"2368","E. faecalis",0.313715139220357
"2369","E. faecalis",0.67016611784178
"2370","E. faecalis",0.154656135801502
"2371","E. faecalis",0.536218115914085
"2372","E. faecalis",0.464168552080646
"2373","E. faecalis",0.382716164430754
"2374","E. faecalis",0.207947597000808
"2375","E. faecalis",0.273643890007396
"2376","E. faecalis",0.34228523329643
"2377","E. faecalis",0.432904936804162
"2378","E. faecalis",0.177895612299327
"2379","E. faecalis",0.471770223451234
"2380","E. faecalis",0.372972843701743
"2381","E. faecalis",0.162531558313526
"2382","E. faecalis",0.316253649745034
"2383","E. faecalis",0.254004743936766
"2384","E. faecalis",0.203186899159194
"2385","E. faecalis",0.336999819466497
"2386","E. faecalis",0.238841587155819
"2387","E. faecalis",0.285620504168814
"2388","E. faecalis",0.155116875051323
"2389","E. faecalis",0.255198442758205
"2390","E. faecalis",-0.00462615960378704
"2391","E. faecalis",0.362998949214468
"2392","E. faecalis",0.129779637605545
"2393","E. faecalis",0.304349194104926
"2394","E. faecalis",0.393142424729068
"2395","E. faecalis",-0.118775125423018
"2396","E. faecalis",0.491988221870162
"2397","E. faecalis",0.233665174505388
"2398","E. faecalis",0.197308738370255
"2399","E. faecalis",0.177951187722207
"2400","E. faecalis",0.222520047135746
"2401","E. faecalis",0.0617993642991379
"2402","E. faecalis",0.34268965350625
"2403","E. faecalis",0.383948483589783
"2404","E. faecalis",0.245531273917695
"2405","E. faecalis",0.167943601259399
"2406","E. faecalis",0.196823965500899
"2407","E. faecalis",0.163260663093727
"2408","E. faecalis",0.244842979501528
"2409","E. faecalis",0.0517753239536956
"2410","E. faecalis",0.312922629234705
"2411","E. faecalis",0.117672372432649
"2412","E. faecalis",0.0367684838346351
"2413","E. faecalis",0.389836208689107
"2414","E. faecalis",0.325802106049927
"2415","E. faecalis",0.272755245539597
"2416","E. faecalis",0.382444051076882
"2417","E. faecalis",0.12486592494312
"2418","E. faecalis",0.17246435628553
"2419","E. faecalis",0.218948479156983
"2420","E. faecalis",0.00373356232005038
"2421","E. faecalis",0.143369061034918
"2422","E. faecalis",0.317790054086717
"2423","E. faecalis",0.317171687205821
"2424","E. faecalis",0.0633678811250846
"2425","E. faecalis",0.371299686402988
"2426","E. faecalis",0.19413347290984
"2427","E. faecalis",0.389430036035323
"2428","E. faecalis",0.132524443457018
"2429","E. faecalis",0.34236605524621
"2430","E. faecalis",0.273487286025421
"2431","E. faecalis",0.382620522661943
"2432","E. faecalis",0.296056861664355
"2433","E. faecalis",-0.024830038935124
"2434","E. faecalis",0.136940952409745
"2435","E. faecalis",0.284033753964557
"2436","E. faecalis",0.269564275772623
"2437","E. faecalis",0.312593953178145
"2438","E. faecalis",0.172202318008083
"2439","E. faecalis",0.471461558603816
"2440","E. faecalis",0.357505883275396
"2441","E. faecalis",0.501559637746508
"2442","E. faecalis",0.193920780541312
"2443","E. faecalis",0.0912308435496977
"2444","E. faecalis",0.229065619092917
"2445","E. faecalis",0.159066890137705
"2446","E. faecalis",0.394582048358225
"2447","E. faecalis",0.427562249703289
"2448","E. faecalis",0.322165546709157
"2449","E. faecalis",0.113981180547943
"2450","E. faecalis",0.213306516671921
"2451","E. faecalis",0.298927234181754
"2452","E. faecalis",0.228414444031207
"2453","E. faecalis",0.253399122101784
"2454","E. faecalis",0.300396072137865
"2455","E. faecalis",0.304121142433236
"2456","E. faecalis",0.323672914094382
"2457","E. faecalis",0.44478198152524
"2458","E. faecalis",0.0642118950682251
"2459","E. faecalis",0.248063074889422
"2460","E. faecalis",0.231290926225379
"2461","E. faecalis",0.315518826297348
"2462","E. faecalis",0.217543607729299
"2463","E. faecalis",0.33282195520062
"2464","E. faecalis",0.19118825934363
"2465","E. faecalis",0.190223334500233
"2466","E. faecalis",0.278730508175648
"2467","E. faecalis",0.160522534989565
"2468","E. faecalis",0.196138043356869
"2469","E. faecalis",0.0479610863191017
"2470","E. faecalis",0.209089463119841
"2471","E. faecalis",0.426044465187407
"2472","E. faecalis",0.22801298351922
"2473","E. faecalis",0.512639334475641
"2474","E. faecalis",0.476117863432423
"2475","E. faecalis",0.295589061162618
"2476","E. faecalis",0.087565635610023
"2477","E. faecalis",0.294288409396368
"2478","E. faecalis",0.232664199111629
"2479","E. faecalis",0.149052045900705
"2480","E. faecalis",0.0371145806493109
"2481","E. faecalis",0.18969356942324
"2482","E. faecalis",0.337995347920011
"2483","E. faecalis",0.388090471432897
"2484","E. faecalis",0.147274561401517
"2485","E. faecalis",0.280608187705604
"2486","E. faecalis",0.358719837151817
"2487","E. faecalis",0.239857541981351
"2488","E. faecalis",0.197253289897209
"2489","E. faecalis",0.424815642562809
"2490","E. faecalis",0.105188480246106
"2491","E. faecalis",0.477027115810875
"2492","E. faecalis",0.0931117319216879
"2493","E. faecalis",0.223199331963739
"2494","E. faecalis",0.0440329539398685
"2495","E. faecalis",0.395845706325642
"2496","E. faecalis",0.228357675209211
"2497","E. faecalis",0.140381930330789
"2498","E. faecalis",0.0800571687671705
"2499","E. faecalis",0.220268608264806
"2500","E. faecalis",0.165194251198708
"2501","E. faecalis",0.357348398635658
"2502","E. faecalis",0.0994686875012046
"2503","E. faecalis",0.330773204523411
"2504","E. faecalis",0.394932947138381
"2505","E. faecalis",0.213236385612059
"2506","E. faecalis",0.353737679481831
"2507","E. faecalis",0.234852164288005
"2508","E. faecalis",0.418784928843576
"2509","E. faecalis",0.276080577203833
"2510","E. faecalis",0.217895905922514
"2511","E. faecalis",0.300019197028796
"2512","E. faecalis",0.256887454655773
"2513","E. faecalis",0.352069761475784
"2514","E. faecalis",0.211171836551708
"2515","E. faecalis",0.411487481364971
"2516","E. faecalis",0.3656317615522
"2517","E. faecalis",0.121612609598366
"2518","E. faecalis",0.205773878507799
"2519","E. faecalis",0.343896648743315
"2520","E. faecalis",0.244059124079481
"2521","E. faecalis",0.169432132329746
"2522","E. faecalis",0.518284629823452
"2523","E. faecalis",0.105603561519275
"2524","E. faecalis",0.212795080417834
"2525","E. faecalis",0.165106909898818
"2526","E. faecalis",0.360394519004239
"2527","E. faecalis",0.254947487771809
"2528","E. faecalis",0.277774297887067
"2529","E. faecalis",0.288532689020421
"2530","E. faecalis",0.304821490493008
"2531","E. faecalis",0.238535529011019
"2532","E. faecalis",0.364883545663115
"2533","E. faecalis",0.224359952240641
"2534","E. faecalis",0.19766036257757
"2535","E. faecalis",0.304963284415147
"2536","E. faecalis",0.327232331307135
"2537","E. faecalis",0.282059331580225
"2538","E. faecalis",0.542329364248668
"2539","E. faecalis",0.249521650221952
"2540","E. faecalis",0.126116971530828
"2541","E. faecalis",0.371590619495635
"2542","E. faecalis",0.304936132433776
"2543","E. faecalis",0.234259054522322
"2544","E. faecalis",0.265991388763717
"2545","E. faecalis",0.184862677183713
"2546","E. faecalis",-0.11166091445848
"2547","E. faecalis",0.176930159850461
"2548","E. faecalis",0.191976451146629
"2549","E. faecalis",0.307483320126669
"2550","E. faecalis",0.274381953610661
"2551","E. faecalis",0.216709561231532
"2552","E. faecalis",0.350849492648148
"2553","E. faecalis",0.451696773490657
"2554","E. faecalis",0.396772323792604
"2555","E. faecalis",0.172393109656319
"2556","E. faecalis",0.356449735526669
"2557","E. faecalis",0.442144524407707
"2558","E. faecalis",0.374088664446753
"2559","E. faecalis",0.2570139952785
"2560","E. faecalis",0.307612121625478
"2561","E. faecalis",0.434390111949719
"2562","E. faecalis",0.420968988046064
"2563","E. faecalis",0.227384937938404
"2564","E. faecalis",0.398962115964902
"2565","E. faecalis",0.28675633259678
"2566","E. faecalis",0.449547559043814
"2567","E. faecalis",0.251057940021752
"2568","E. faecalis",0.193422985364198
"2569","E. faecalis",0.334604641665935
"2570","E. faecalis",0.256413895278209
"2571","E. faecalis",0.163518726126422
"2572","E. faecalis",0.334484114596954
"2573","E. faecalis",0.288690576744526
"2574","E. faecalis",0.0579369426675015
"2575","E. faecalis",0.350969242032823
"2576","E. faecalis",0.194540816143583
"2577","E. faecalis",0.25518687315601
"2578","E. faecalis",0.507725192926338
"2579","E. faecalis",0.243829102887166
"2580","E. faecalis",0.395093555308168
"2581","E. faecalis",0.251345179331365
"2582","E. faecalis",0.11917149655214
"2583","E. faecalis",0.196923350748725
"2584","E. faecalis",0.262680553580805
"2585","E. faecalis",0.322352965226248
"2586","E. faecalis",0.481314445734086
"2587","E. faecalis",0.125856645326317
"2588","E. faecalis",0.1657136782909
"2589","E. faecalis",0.117415282073089
"2590","E. faecalis",0.476645058136635
"2591","E. faecalis",0.227526039626321
"2592","E. faecalis",0.281230921482752
"2593","E. faecalis",0.52145603575252
"2594","E. faecalis",0.404106111574979
"2595","E. faecalis",0.381565033453406
"2596","E. faecalis",0.196308795119825
"2597","E. faecalis",0.138905899437578
"2598","E. faecalis",0.330722052653668
"2599","E. faecalis",0.422721527730523
"2600","E. faecalis",0.340621102708888
"2601","E. faecalis",0.179285114939552
"2602","E. faecalis",0.269013698606809
"2603","E. faecalis",0.189613562814224
"2604","E. faecalis",0.138139715529914
"2605","E. faecalis",0.450912126532327
"2606","E. faecalis",0.232055952244224
"2607","E. faecalis",0.160396410619529
"2608","E. faecalis",0.21507338449966
"2609","E. faecalis",0.378164835104763
"2610","E. faecalis",0.172648749629357
"2611","E. faecalis",0.207770093005522
"2612","E. faecalis",0.197726828773719
"2613","E. faecalis",0.0152929973741008
"2614","E. faecalis",0.148985105236971
"2615","E. faecalis",0.332212257426975
"2616","E. faecalis",0.361745824936248
"2617","E. faecalis",0.380292274509123
"2618","E. faecalis",0.19616194703043
"2619","E. faecalis",0.437357728966454
"2620","E. faecalis",0.427699642474836
"2621","E. faecalis",0.267946405433698
"2622","E. faecalis",0.236191423376846
"2623","E. faecalis",0.237462813730083
"2624","E. faecalis",0.286307477995416
"2625","E. faecalis",0.391033072115863
"2626","E. faecalis",0.293727814036107
"2627","E. faecalis",0.279469496054425
"2628","E. faecalis",0.31102440945098
"2629","E. faecalis",0.383123734353652
"2630","E. faecalis",0.189105498888364
"2631","E. faecalis",0.27415459459064
"2632","E. faecalis",0.153727726725628
"2633","E. faecalis",0.363171051088768
"2634","E. faecalis",0.253034763581631
"2635","E. faecalis",0.133720333899662
"2636","E. faecalis",0.316899603199827
"2637","E. faecalis",0.331932759116085
"2638","E. faecalis",0.309242462759613
"2639","E. faecalis",0.165827533704771
"2640","E. faecalis",0.281598748417609
"2641","E. faecalis",0.33012692830466
"2642","E. faecalis",0.402416263435625
"2643","E. faecalis",0.177435081076642
"2644","E. faecalis",0.267637303696672
"2645","E. faecalis",0.167588000860602
"2646","E. faecalis",0.25215832712922
"2647","E. faecalis",0.308193008775736
"2648","E. faecalis",0.331966001786704
"2649","E. faecalis",0.134617444992467
"2650","E. faecalis",0.132274530500418
"2651","E. faecalis",0.312769319927551
"2652","E. faecalis",0.148303234266279
"2653","E. faecalis",0.26999652661238
"2654","E. faecalis",0.166934358802766
"2655","E. faecalis",0.357577640756911
"2656","E. faecalis",0.23642653162751
"2657","E. faecalis",0.00754738280573401
"2658","E. faecalis",0.183245132902431
"2659","E. faecalis",0.423640573323038
"2660","E. faecalis",0.173402325093634
"2661","E. faecalis",0.28880459037777
"2662","E. faecalis",0.209652258521023
"2663","E. faecalis",0.214226630214491
"2664","E. faecalis",0.357904256019854
"2665","E. faecalis",0.289001694086351
"2666","E. faecalis",0.32400069819739
"2667","E. faecalis",0.157969760365924
"2668","E. faecalis",0.214842458554249
"2669","E. faecalis",0.0313618641756474
"2670","E. faecalis",0.343594704427411
"2671","E. faecalis",0.0798673135818039
"2672","E. faecalis",0.223734660349245
"2673","E. faecalis",0.356462644418438
"2674","E. faecalis",0.192289362825982
"2675","E. faecalis",0.326200328429193
"2676","E. faecalis",0.355433545365412
"2677","E. faecalis",0.252020964669765
"2678","E. faecalis",0.328345482366485
"2679","E. faecalis",0.143641818741251
"2680","E. faecalis",0.262582206248886
"2681","E. faecalis",-0.00352413524236853
"2682","E. faecalis",0.113991563242234
"2683","E. faecalis",0.187568082431837
"2684","E. faecalis",0.120330762397186
"2685","E. faecalis",0.241439553830653
"2686","E. faecalis",0.203200536920132
"2687","E. faecalis",0.280087957387725
"2688","E. faecalis",0.317244327503668
"2689","E. faecalis",0.292880941639847
"2690","E. faecalis",0.407061034175039
"2691","E. faecalis",0.284022890185388
"2692","E. faecalis",0.355272456697181
"2693","E. faecalis",0.185108003777381
"2694","E. faecalis",0.213567267352883
"2695","E. faecalis",0.269457722606344
"2696","E. faecalis",0.295102203275501
"2697","E. faecalis",0.303015339421739
"2698","E. faecalis",0.284067586911374
"2699","E. faecalis",0.356698710322088
"2700","E. faecalis",0.249057836634571
"2701","E. faecalis",0.362939872610136
"2702","E. faecalis",0.487689623595844
"2703","E. faecalis",0.503005218108107
"2704","E. faecalis",0.062806574710362
"2705","E. faecalis",0.490966860940444
"2706","E. faecalis",0.145752460308235
"2707","E. faecalis",0.209571126287919
"2708","E. faecalis",0.468215068731603
"2709","E. faecalis",0.213899569565842
"2710","E. faecalis",0.249161121261904
"2711","E. faecalis",0.241407093168789
"2712","E. faecalis",0.379614032003082
"2713","E. faecalis",-0.0506214361193049
"2714","E. faecalis",0.243226424221118
"2715","E. faecalis",0.237171413280657
"2716","E. faecalis",0.348129774396437
"2717","E. faecalis",0.282909847575577
"2718","E. faecalis",0.339321707685041
"2719","E. faecalis",0.319226747957534
"2720","E. faecalis",0.32110250683216
"2721","E. faecalis",0.272183124321283
"2722","E. faecalis",0.307557840951531
"2723","E. faecalis",0.247640010250561
"2724","E. faecalis",0.165909194368279
"2725","E. faecalis",0.214123740758742
"2726","E. faecalis",0.0955881678179565
"2727","E. faecalis",0.206735560022773
"2728","E. faecalis",0.259957926233986
"2729","E. faecalis",0.136121737394647
"2730","E. faecalis",0.132300948818067
"2731","E. faecalis",0.0564849931844858
"2732","E. faecalis",0.337838614623956
"2733","E. faecalis",0.290609389768695
"2734","E. faecalis",0.276718844359938
"2735","E. faecalis",0.220883689594085
"2736","E. faecalis",0.3620554701146
"2737","E. faecalis",0.327155058858725
"2738","E. faecalis",0.321695299294924
"2739","E. faecalis",0.134580437017683
"2740","E. faecalis",0.246929028722392
"2741","E. faecalis",0.567339340710327
"2742","E. faecalis",0.397330747824756
"2743","E. faecalis",0.472626793009617
"2744","E. faecalis",0.315873519238628
"2745","E. faecalis",0.318473974414983
"2746","E. faecalis",0.234350768360835
"2747","E. faecalis",0.251665533545691
"2748","E. faecalis",0.14678094636682
"2749","E. faecalis",0.180721801547738
"2750","E. faecalis",0.305276729908122
"2751","E. faecalis",0.144893032185493
"2752","E. faecalis",0.0382682525944328
"2753","E. faecalis",0.197415751041718
"2754","E. faecalis",0.234579669690553
"2755","E. faecalis",0.298712205954771
"2756","E. faecalis",0.26799623312651
"2757","E. faecalis",0.318185021156417
"2758","E. faecalis",0.344649663669123
"2759","E. faecalis",0.0523335034041189
"2760","E. faecalis",0.384746980800814
"2761","E. faecalis",0.0833127311532913
"2762","E. faecalis",0.188551039615102
"2763","E. faecalis",0.0890819656170036
"2764","E. faecalis",0.200014269299944
"2765","E. faecalis",0.470736426453901
"2766","E. faecalis",0.479260611975425
"2767","E. faecalis",0.0615489011986879
"2768","E. faecalis",0.316092375642325
"2769","E. faecalis",0.221463779992708
"2770","E. faecalis",0.326158609313057
"2771","E. faecalis",0.173550797749528
"2772","E. faecalis",0.270011060086586
"2773","E. faecalis",0.0264511729437897
"2774","E. faecalis",0.436151946200975
"2775","E. faecalis",0.243122985777287
"2776","E. faecalis",0.298556295452989
"2777","E. faecalis",0.23959152820879
"2778","E. faecalis",0.148011861526007
"2779","E. faecalis",0.172064301706937
"2780","E. faecalis",0.290360010455623
"2781","E. faecalis",0.437414057199988
"2782","E. faecalis",0.480221756478993
"2783","E. faecalis",0.132445256278396
"2784","E. faecalis",0.393404891225416
"2785","E. faecalis",0.337816435046345
"2786","E. faecalis",0.211595782555342
"2787","E. faecalis",0.194084072628218
"2788","E. faecalis",0.254000826539926
"2789","E. faecalis",0.146462189919913
"2790","E. faecalis",0.121558389916168
"2791","E. faecalis",0.131227752869919
"2792","E. faecalis",0.242119071521417
"2793","E. faecalis",0.284471227069073
"2794","E. faecalis",0.288913448750291
"2795","E. faecalis",0.085008839471147
"2796","E. faecalis",0.219742912221603
"2797","E. faecalis",0.27646987114519
"2798","E. faecalis",0.334763374087954
"2799","E. faecalis",0.244953766717191
"2800","E. faecalis",0.242942125688061
"2801","E. faecalis",0.261656883729438
"2802","E. faecalis",0.259630517538639
"2803","E. faecalis",0.467753472126514
"2804","E. faecalis",0.169231427736549
"2805","E. faecalis",0.352273992144896
"2806","E. faecalis",0.172351570007016
"2807","E. faecalis",0.147677137985359
"2808","E. faecalis",0.069797286773785
"2809","E. faecalis",0.0883772400666011
"2810","E. faecalis",0.184752519928832
"2811","E. faecalis",0.223196513108291
"2812","E. faecalis",0.147683776597364
"2813","E. faecalis",0.32874394793598
"2814","E. faecalis",0.0384817683244388
"2815","E. faecalis",0.266368481262377
"2816","E. faecalis",0.212697347855454
"2817","E. faecalis",0.154159902713953
"2818","E. faecalis",0.399147074788354
"2819","E. faecalis",0.202384534438377
"2820","E. faecalis",0.208353745432807
"2821","E. faecalis",0.117657442567046
"2822","E. faecalis",0.111687251867978
"2823","E. faecalis",0.352586403706532
"2824","E. faecalis",0.298072257647994
"2825","E. faecalis",0.332504449082331
"2826","E. faecalis",0.369041982112763
"2827","E. faecalis",0.413254313278199
"2828","E. faecalis",0.0930679546714142
"2829","E. faecalis",0.0887525712713422
"2830","E. faecalis",0.35710532776281
"2831","E. faecalis",0.21305736024702
"2832","E. faecalis",0.188845975627901
"2833","E. faecalis",0.197805379338394
"2834","E. faecalis",0.0819655373271
"2835","E. faecalis",0.229289285448677
"2836","E. faecalis",0.0399981461533635
"2837","E. faecalis",0.146081426617968
"2838","E. faecalis",0.233326092103761
"2839","E. faecalis",0.27099215541274
"2840","E. faecalis",0.301052773688703
"2841","E. faecalis",0.301071230749279
"2842","E. faecalis",0.268356340608487
"2843","E. faecalis",0.211644704053265
"2844","E. faecalis",0.133855967280453
"2845","E. faecalis",0.27489580631645
"2846","E. faecalis",0.122885104260661
"2847","E. faecalis",0.386080923917734
"2848","E. faecalis",0.227518054052529
"2849","E. faecalis",0.139760122839934
"2850","E. faecalis",0.424047815475121
"2851","E. faecalis",0.289082573988331
"2852","E. faecalis",0.295087739809457
"2853","E. faecalis",0.33669397825146
"2854","E. faecalis",0.414913009008406
"2855","E. faecalis",0.288876784729746
"2856","E. faecalis",0.228084544221716
"2857","E. faecalis",0.567673573554369
"2858","E. faecalis",0.176975983109344
"2859","E. faecalis",0.378059254868825
"2860","E. faecalis",0.409840401498061
"2861","E. faecalis",0.230105583815177
"2862","E. faecalis",0.429358011941073
"2863","E. faecalis",0.22665677706974
"2864","E. faecalis",0.29002019184728
"2865","E. faecalis",0.288448144904038
"2866","E. faecalis",0.2032107249563
"2867","E. faecalis",0.263812752297072
"2868","E. faecalis",0.259738058528482
"2869","E. faecalis",0.208500343717997
"2870","E. faecalis",0.284678752765307
"2871","E. faecalis",0.29520388896085
"2872","E. faecalis",0.142881655449947
"2873","E. faecalis",0.0923357286929746
"2874","E. faecalis",0.264712951599733
"2875","E. faecalis",0.220208154233638
"2876","E. faecalis",0.282885325071728
"2877","E. faecalis",0.16118180055494
"2878","E. faecalis",0.206449612789175
"2879","E. faecalis",0.221333602829642
"2880","E. faecalis",0.0638000761417606
"2881","E. faecalis",0.291500513787292
"2882","E. faecalis",0.29582353013367
"2883","E. faecalis",0.247250357938719
"2884","E. faecalis",0.442518318118203
"2885","E. faecalis",0.187479549624677
"2886","E. faecalis",0.271994515249382
"2887","E. faecalis",0.34729772746779
"2888","E. faecalis",0.255396685153045
"2889","E. faecalis",0.24910469979285
"2890","E. faecalis",0.390856420283373
"2891","E. faecalis",0.150524366650897
"2892","E. faecalis",0.152699931247252
"2893","E. faecalis",0.141611996235052
"2894","E. faecalis",0.0912388977210228
"2895","E. faecalis",0.188317754428791
"2896","E. faecalis",0.259469735721741
"2897","E. faecalis",0.1961326909326
"2898","E. faecalis",0.341181222351556
"2899","E. faecalis",0.285152681899002
"2900","E. faecalis",0.117243781285814
"2901","E. faecalis",0.240944059912638
"2902","E. faecalis",0.269008432177726
"2903","E. faecalis",0.271962362616667
"2904","E. faecalis",0.28372415956871
"2905","E. faecalis",0.217518796045916
"2906","E. faecalis",0.183555073652818
"2907","E. faecalis",0.12321020600268
"2908","E. faecalis",0.0771213842330733
"2909","E. faecalis",0.219034612966094
"2910","E. faecalis",0.303674816241908
"2911","E. faecalis",0.490310296351229
"2912","E. faecalis",0.353749348765199
"2913","E. faecalis",0.144090760770465
"2914","E. faecalis",0.352773253532871
"2915","E. faecalis",0.157283403863931
"2916","E. faecalis",0.289823571820992
"2917","E. faecalis",0.159967264421407
"2918","E. faecalis",0.248883268231825
"2919","E. faecalis",0.254750503672045
"2920","E. faecalis",0.369416774394115
"2921","E. faecalis",0.259902953717124
"2922","E. faecalis",0.314098939118689
"2923","E. faecalis",0.367660357230269
"2924","E. faecalis",0.259062872268752
"2925","E. faecalis",0.267770408313187
"2926","E. faecalis",0.349504085658475
"2927","E. faecalis",0.364146167177669
"2928","E. faecalis",0.258633654115215
"2929","E. faecalis",0.231079262585869
"2930","E. faecalis",0.0965319779845289
"2931","E. faecalis",0.417669280106486
"2932","E. faecalis",0.379572415194444
"2933","E. faecalis",0.179300817037559
"2934","E. faecalis",0.194094992186334
"2935","E. faecalis",0.322664422428055
"2936","E. faecalis",0.162752984293191
"2937","E. faecalis",0.226312939354065
"2938","E. faecalis",0.44164100222211
"2939","E. faecalis",0.237449171334022
"2940","E. faecalis",0.095776194345762
"2941","E. faecalis",0.282301357342949
"2942","E. faecalis",0.610384331992944
"2943","E. faecalis",0.331320429845173
"2944","E. faecalis",0.213750066790448
"2945","E. faecalis",0.442900739921883
"2946","E. faecalis",0.17695995797195
"2947","E. faecalis",0.141753720308912
"2948","E. faecalis",0.234582271716597
"2949","E. faecalis",0.410361176201572
"2950","E. faecalis",0.088913751825955
"2951","E. faecalis",0.235388657038505
"2952","E. faecalis",0.277297301320472
"2953","E. faecalis",0.431106176668909
"2954","E. faecalis",0.464205428512105
"2955","E. faecalis",0.302348353784051
"2956","E. faecalis",0.4305376260061
"2957","E. faecalis",-0.000404275269822141
"2958","E. faecalis",0.180044465838756
"2959","E. faecalis",0.271762850727455
"2960","E. faecalis",0.28929110672914
"2961","E. faecalis",0.309257449229342
"2962","E. faecalis",0.354016797790307
"2963","E. faecalis",0.132923117162186
"2964","E. faecalis",0.339234344301024
"2965","E. faecalis",0.269052987314363
"2966","E. faecalis",0.412597662502435
"2967","E. faecalis",0.459757905924171
"2968","E. faecalis",0.240162774243552
"2969","E. faecalis",0.424813860852629
"2970","E. faecalis",0.279158455379616
"2971","E. faecalis",0.295995748323584
"2972","E. faecalis",0.0738919636814002
"2973","E. faecalis",0.177973924119667
"2974","E. faecalis",0.16826616432485
"2975","E. faecalis",0.120856684773117
"2976","E. faecalis",0.347879049904172
"2977","E. faecalis",0.238484776584523
"2978","E. faecalis",0.0309913682401229
"2979","E. faecalis",0.382982942888077
"2980","E. faecalis",0.447932486533203
"2981","E. faecalis",-0.0176896780753684
"2982","E. faecalis",0.319623312767674
"2983","E. faecalis",0.491726752308186
"2984","E. faecalis",0.139555586146892
"2985","E. faecalis",0.243175242229861
"2986","E. faecalis",0.224980278249128
"2987","E. faecalis",0.342063809829965
"2988","E. faecalis",0.39022851115617
"2989","E. faecalis",0.0210721417823688
"2990","E. faecalis",0.425081562584568
"2991","E. faecalis",0.242505446576208
"2992","E. faecalis",0.106709908969925
"2993","E. faecalis",0.413868523158384
"2994","E. faecalis",0.245634451236064
"2995","E. faecalis",0.407270783356967
"2996","E. faecalis",0.309429912699661
"2997","E. faecalis",0.154123889463853
"2998","E. faecalis",0.386943663314478
"2999","E. faecalis",0.449304135201096
"3000","E. faecalis",0.489525254633873
"3001","E. faecium",0.557463787231612
"3002","E. faecium",0.0440522413417548
"3003","E. faecium",0.350912174321449
"3004","E. faecium",0.432714162710757
"3005","E. faecium",0.220669600926642
"3006","E. faecium",-0.0111723552876307
"3007","E. faecium",-0.241429725020097
"3008","E. faecium",-0.400984103065299
"3009","E. faecium",0.35802008455441
"3010","E. faecium",0.284040385291087
"3011","E. faecium",0.452909310705468
"3012","E. faecium",0.445963249457027
"3013","E. faecium",0.752369190431995
"3014","E. faecium",0.207304022833738
"3015","E. faecium",0.072691092023334
"3016","E. faecium",0.105031144632305
"3017","E. faecium",0.0629547283857254
"3018","E. faecium",0.379584504721804
"3019","E. faecium",0.294737189026288
"3020","E. faecium",0.189892092437591
"3021","E. faecium",0.241063228772511
"3022","E. faecium",0.295658895432163
"3023","E. faecium",0.287671142291352
"3024","E. faecium",0.335149050268566
"3025","E. faecium",0.102887355305834
"3026","E. faecium",0.149914802359778
"3027","E. faecium",0.0630125600163954
"3028","E. faecium",0.258356203045024
"3029","E. faecium",0.0692869125809029
"3030","E. faecium",-0.13340076419906
"3031","E. faecium",-0.369111504615728
"3032","E. faecium",0.0382932741898199
"3033","E. faecium",0.299912897759541
"3034","E. faecium",0.112576303641163
"3035","E. faecium",0.496949997548572
"3036","E. faecium",-0.164969901720375
"3037","E. faecium",0.383246936894082
"3038","E. faecium",0.0656087261787815
"3039","E. faecium",0.663177352300751
"3040","E. faecium",0.281756288743917
"3041","E. faecium",0.619753237363167
"3042","E. faecium",-0.175887708130975
"3043","E. faecium",0.59478867099054
"3044","E. faecium",0.685479452315803
"3045","E. faecium",0.277603925088776
"3046","E. faecium",0.233878873592878
"3047","E. faecium",0.208655772365535
"3048","E. faecium",0.444386071881272
"3049","E. faecium",0.454281038613602
"3050","E. faecium",0.146636725956358
"3051","E. faecium",0.24904455623294
"3052","E. faecium",0.542212837774779
"3053","E. faecium",-0.0733086853762636
"3054","E. faecium",0.271575896175567
"3055","E. faecium",0.157607244478613
"3056","E. faecium",0.2717335987236
"3057","E. faecium",0.717184192527585
"3058","E. faecium",0.108379551675314
"3059","E. faecium",0.370652497814546
"3060","E. faecium",0.192213586973517
"3061","E. faecium",-0.0731816645372012
"3062","E. faecium",-0.00660769060419774
"3063","E. faecium",-0.144442816934795
"3064","E. faecium",0.412677210384072
"3065","E. faecium",0.305784615361283
"3066","E. faecium",-0.0884717241073816
"3067","E. faecium",-0.198602255997708
"3068","E. faecium",0.41755954285475
"3069","E. faecium",0.254221878789088
"3070","E. faecium",0.400534928251017
"3071","E. faecium",0.208755921313738
"3072","E. faecium",-0.0410025325458014
"3073","E. faecium",0.000880740923569146
"3074","E. faecium",0.154858170278991
"3075","E. faecium",0.330456757106361
"3076","E. faecium",-0.0854413770686638
"3077","E. faecium",0.373826793254322
"3078","E. faecium",0.319143559339579
"3079","E. faecium",0.396205021768562
"3080","E. faecium",0.775416676568599
"3081","E. faecium",0.20320679960188
"3082","E. faecium",0.415008580270487
"3083","E. faecium",0.299689997864427
"3084","E. faecium",0.187982994331579
"3085","E. faecium",0.229778709028054
"3086","E. faecium",0.393466251085616
"3087","E. faecium",0.322344303985944
"3088","E. faecium",0.406730801256533
"3089","E. faecium",-0.0587778862543741
"3090","E. faecium",0.532821149866651
"3091","E. faecium",-0.0271562036430362
"3092","E. faecium",0.0866456028001079
"3093","E. faecium",0.187201462505021
"3094","E. faecium",-0.0796825156353958
"3095","E. faecium",-0.0823856179538191
"3096","E. faecium",0.18369353993734
"3097","E. faecium",0.172988632416053
"3098","E. faecium",0.3815839475683
"3099","E. faecium",-0.151221577036503
"3100","E. faecium",0.059645647652726
"3101","E. faecium",0.155198654317404
"3102","E. faecium",0.727825036557989
"3103","E. faecium",0.247575969546107
"3104","E. faecium",0.00702792393804955
"3105","E. faecium",0.367803197334937
"3106","E. faecium",0.389614885170627
"3107","E. faecium",0.772232900593675
"3108","E. faecium",0.3927790734806
"3109","E. faecium",0.304537731288169
"3110","E. faecium",0.154547206303677
"3111","E. faecium",0.480203770177939
"3112","E. faecium",0.276940772951679
"3113","E. faecium",0.459603945458722
"3114","E. faecium",0.613439875004129
"3115","E. faecium",0.243054671829491
"3116","E. faecium",0.355959705440744
"3117","E. faecium",0.151778328515502
"3118","E. faecium",0.467235174899641
"3119","E. faecium",0.326273437760785
"3120","E. faecium",0.338676101722123
"3121","E. faecium",0.508615200344944
"3122","E. faecium",0.0154466842679508
"3123","E. faecium",-0.062762568408279
"3124","E. faecium",0.0762716964492375
"3125","E. faecium",0.10732610498931
"3126","E. faecium",0.33481603980945
"3127","E. faecium",-0.386244210761666
"3128","E. faecium",-0.234177622484132
"3129","E. faecium",0.0361762777241368
"3130","E. faecium",0.516735702635003
"3131","E. faecium",0.243611994899779
"3132","E. faecium",0.164936706077829
"3133","E. faecium",-0.0708305409082497
"3134","E. faecium",0.812335831602019
"3135","E. faecium",0.112260531674367
"3136","E. faecium",0.721809652415047
"3137","E. faecium",-0.101741713925593
"3138","E. faecium",0.912982267238772
"3139","E. faecium",0.187772976261767
"3140","E. faecium",0.306718380716559
"3141","E. faecium",0.40522300623046
"3142","E. faecium",0.0889684420448895
"3143","E. faecium",0.165473652045025
"3144","E. faecium",-0.300747333684576
"3145","E. faecium",0.454194075112907
"3146","E. faecium",0.0992761158228759
"3147","E. faecium",0.17907243351304
"3148","E. faecium",0.090659677002461
"3149","E. faecium",0.199070735921227
"3150","E. faecium",0.264776230489001
"3151","E. faecium",0.307481770759453
"3152","E. faecium",0.163205398926047
"3153","E. faecium",0.247093502817894
"3154","E. faecium",0.279376944007657
"3155","E. faecium",0.805237181779376
"3156","E. faecium",0.220040782244051
"3157","E. faecium",0.261902458359789
"3158","E. faecium",0.436049068251895
"3159","E. faecium",0.0256877540624837
"3160","E. faecium",0.493442952435941
"3161","E. faecium",0.215659751429317
"3162","E. faecium",0.636815059560631
"3163","E. faecium",0.194997455796135
"3164","E. faecium",0.266045764362957
"3165","E. faecium",0.237860875348977
"3166","E. faecium",0.107123055719417
"3167","E. faecium",0.377528916867974
"3168","E. faecium",0.417271243423634
"3169","E. faecium",0.0165548031610025
"3170","E. faecium",0.408133060930197
"3171","E. faecium",0.128812443779422
"3172","E. faecium",0.0891157409462436
"3173","E. faecium",-0.328418577603376
"3174","E. faecium",0.15109998405269
"3175","E. faecium",0.222966127179031
"3176","E. faecium",0.186967689679082
"3177","E. faecium",0.12966268218834
"3178","E. faecium",0.0342059187493932
"3179","E. faecium",-0.208772392006102
"3180","E. faecium",0.309118242903805
"3181","E. faecium",0.550606258329907
"3182","E. faecium",0.370547206905639
"3183","E. faecium",0.55444958303088
"3184","E. faecium",0.238590800864044
"3185","E. faecium",-0.00808005953778012
"3186","E. faecium",0.207366475198477
"3187","E. faecium",0.377237035362855
"3188","E. faecium",0.320334354667853
"3189","E. faecium",0.388203065188431
"3190","E. faecium",0.360118979441732
"3191","E. faecium",0.207554721629598
"3192","E. faecium",0.331335033043431
"3193","E. faecium",0.118509323487212
"3194","E. faecium",0.699984183372762
"3195","E. faecium",0.623972221499806
"3196","E. faecium",0.272022971245376
"3197","E. faecium",0.481002084625386
"3198","E. faecium",-0.175995754922492
"3199","E. faecium",-0.0233364270702561
"3200","E. faecium",-0.527485696224833
"3201","E. faecium",0.151269859517039
"3202","E. faecium",0.505323843323229
"3203","E. faecium",-0.0307996963853988
"3204","E. faecium",0.0769085612280766
"3205","E. faecium",0.535419986146836
"3206","E. faecium",0.298731229319347
"3207","E. faecium",0.25683119056291
"3208","E. faecium",0.265972451568614
"3209","E. faecium",-0.00643214267805036
"3210","E. faecium",0.16924230478294
"3211","E. faecium",0.345780377401742
"3212","E. faecium",0.0184221248575357
"3213","E. faecium",0.149240615839238
"3214","E. faecium",0.203930386939523
"3215","E. faecium",0.239169977372568
"3216","E. faecium",-0.275447749317961
"3217","E. faecium",0.478050602798347
"3218","E. faecium",0.365493917546835
"3219","E. faecium",0.388273204650483
"3220","E. faecium",0.408097181908361
"3221","E. faecium",-0.196709122627998
"3222","E. faecium",-0.0382958478153657
"3223","E. faecium",-0.177267823365626
"3224","E. faecium",0.299129824862815
"3225","E. faecium",0.592448476861403
"3226","E. faecium",-0.508366993109544
"3227","E. faecium",0.31218606294052
"3228","E. faecium",0.156522897948378
"3229","E. faecium",0.0910222948396153
"3230","E. faecium",0.548750896098716
"3231","E. faecium",-0.195890295313995
"3232","E. faecium",0.209739921747903
"3233","E. faecium",0.274943562090715
"3234","E. faecium",0.288836358797768
"3235","E. faecium",-0.240340247942879
"3236","E. faecium",0.147504728621187
"3237","E. faecium",0.283873228822848
"3238","E. faecium",0.347744179801491
"3239","E. faecium",0.233958434000438
"3240","E. faecium",0.412148512977395
"3241","E. faecium",-0.235464618696496
"3242","E. faecium",-0.318465045297205
"3243","E. faecium",0.882899144957927
"3244","E. faecium",0.730414340112853
"3245","E. faecium",0.358971714874974
"3246","E. faecium",0.181839289653131
"3247","E. faecium",0.399160963415047
"3248","E. faecium",0.89520911553761
"3249","E. faecium",0.303183879632517
"3250","E. faecium",-0.028437370653753
"3251","E. faecium",0.300341094665012
"3252","E. faecium",0.172488473801896
"3253","E. faecium",0.33765119540406
"3254","E. faecium",0.579400371961268
"3255","E. faecium",0.278598171778069
"3256","E. faecium",0.273513331417004
"3257","E. faecium",0.325593366834836
"3258","E. faecium",0.518006734868599
"3259","E. faecium",0.563772252293911
"3260","E. faecium",0.472340403961018
"3261","E. faecium",-0.0591033898475124
"3262","E. faecium",0.263215429145516
"3263","E. faecium",0.410040617220669
"3264","E. faecium",0.294532657700566
"3265","E. faecium",0.0602874995087083
"3266","E. faecium",0.207249767546234
"3267","E. faecium",-0.100889278381392
"3268","E. faecium",-0.290934384897565
"3269","E. faecium",-0.273616577750133
"3270","E. faecium",0.11154557589644
"3271","E. faecium",-0.586790910474525
"3272","E. faecium",0.0243315784787177
"3273","E. faecium",0.136305107787368
"3274","E. faecium",0.481531662562003
"3275","E. faecium",0.457827480039581
"3276","E. faecium",-0.284605868678573
"3277","E. faecium",-0.143179502555679
"3278","E. faecium",0.283932048646966
"3279","E. faecium",-0.0908214003027682
"3280","E. faecium",1.02433233417725
"3281","E. faecium",0.712769840306388
"3282","E. faecium",-0.186593625540595
"3283","E. faecium",0.29013091358325
"3284","E. faecium",0.431057087055736
"3285","E. faecium",0.294556356515502
"3286","E. faecium",0.305118765353418
"3287","E. faecium",0.200965239127474
"3288","E. faecium",-0.0803325928091136
"3289","E. faecium",0.30481577506345
"3290","E. faecium",0.0464981323716916
"3291","E. faecium",-0.524800554075191
"3292","E. faecium",0.541294089332659
"3293","E. faecium",0.0429879878003211
"3294","E. faecium",0.250504175921475
"3295","E. faecium",0.151967635660713
"3296","E. faecium",0.594151316638768
"3297","E. faecium",0.369727519263177
"3298","E. faecium",0.480571236091591
"3299","E. faecium",0.383751735704174
"3300","E. faecium",0.29737736068838
"3301","E. faecium",-0.248322222326629
"3302","E. faecium",0.0956159026532484
"3303","E. faecium",0.0788114850771807
"3304","E. faecium",-0.105330283166284
"3305","E. faecium",0.51097081048056
"3306","E. faecium",0.270040888834767
"3307","E. faecium",0.152008844349929
"3308","E. faecium",0.00853049970385994
"3309","E. faecium",0.224511033402087
"3310","E. faecium",-0.219638257407445
"3311","E. faecium",0.305996440713817
"3312","E. faecium",0.531574672495987
"3313","E. faecium",0.070336714109558
"3314","E. faecium",0.0317920617765008
"3315","E. faecium",0.570362685623897
"3316","E. faecium",0.260654439692231
"3317","E. faecium",0.519996730890635
"3318","E. faecium",0.281963446782344
"3319","E. faecium",0.371873056898573
"3320","E. faecium",0.104773012864494
"3321","E. faecium",0.374543468057411
"3322","E. faecium",0.34163258223717
"3323","E. faecium",0.294376821737054
"3324","E. faecium",-0.219922758655276
"3325","E. faecium",0.364366119205906
"3326","E. faecium",0.22179809189811
"3327","E. faecium",-0.100844997644516
"3328","E. faecium",-0.101915190935066
"3329","E. faecium",0.329462462187387
"3330","E. faecium",0.0801555509024295
"3331","E. faecium",0.441957897726925
"3332","E. faecium",0.231898190951471
"3333","E. faecium",0.474265334054714
"3334","E. faecium",0.0510957270884977
"3335","E. faecium",0.390250151151887
"3336","E. faecium",0.250857371782274
"3337","E. faecium",0.291698940100512
"3338","E. faecium",0.284894645286156
"3339","E. faecium",0.228090271737917
"3340","E. faecium",0.318003518731845
"3341","E. faecium",0.230739065392204
"3342","E. faecium",-0.0680946128969174
"3343","E. faecium",0.0593383238076296
"3344","E. faecium",0.332950743611756
"3345","E. faecium",0.169081910593329
"3346","E. faecium",0.0680179465673056
"3347","E. faecium",0.22389844414654
"3348","E. faecium",0.0575964401464059
"3349","E. faecium",0.148607349341818
"3350","E. faecium",0.049610022976345
"3351","E. faecium",-0.299627829215631
"3352","E. faecium",0.529382040639708
"3353","E. faecium",0.0319295564936226
"3354","E. faecium",0.539234871201862
"3355","E. faecium",0.814863545242767
"3356","E. faecium",0.53218185981582
"3357","E. faecium",0.323222866940486
"3358","E. faecium",0.541118599368868
"3359","E. faecium",0.124682655735412
"3360","E. faecium",0.510495160495061
"3361","E. faecium",0.284214436171683
"3362","E. faecium",0.137371897150359
"3363","E. faecium",0.351769074058093
"3364","E. faecium",-0.140373804947764
"3365","E. faecium",0.399310775512231
"3366","E. faecium",-0.0256645090502784
"3367","E. faecium",0.211978254147376
"3368","E. faecium",0.499366875962012
"3369","E. faecium",0.123713658836831
"3370","E. faecium",0.269189023165628
"3371","E. faecium",0.106013243774306
"3372","E. faecium",0.353335477405756
"3373","E. faecium",0.282673645209315
"3374","E. faecium",0.260333771588264
"3375","E. faecium",-0.113292252745953
"3376","E. faecium",0.082142528431959
"3377","E. faecium",0.2657905979459
"3378","E. faecium",0.37431752084818
"3379","E. faecium",-0.0581977701356517
"3380","E. faecium",0.214077987040429
"3381","E. faecium",0.452100598553384
"3382","E. faecium",0.290247497830881
"3383","E. faecium",0.369973890925335
"3384","E. faecium",0.30889888812276
"3385","E. faecium",0.43343016637576
"3386","E. faecium",0.234428022796529
"3387","E. faecium",0.50318554148685
"3388","E. faecium",0.331474118564
"3389","E. faecium",0.344099111222514
"3390","E. faecium",0.570089911013958
"3391","E. faecium",0.606699901406874
"3392","E. faecium",0.0779317766514346
"3393","E. faecium",0.18593670162051
"3394","E. faecium",0.179143364262566
"3395","E. faecium",0.199594379889163
"3396","E. faecium",-0.212451145225358
"3397","E. faecium",0.300351542485967
"3398","E. faecium",0.147385109098233
"3399","E. faecium",0.399685756058588
"3400","E. faecium",-0.109349824628196
"3401","E. faecium",-0.0772003250598836
"3402","E. faecium",0.205814209953848
"3403","E. faecium",0.0111423494470772
"3404","E. faecium",0.167198127340879
"3405","E. faecium",0.288265974018762
"3406","E. faecium",0.252115104256194
"3407","E. faecium",0.281791087497934
"3408","E. faecium",0.218409101407844
"3409","E. faecium",0.247886163518185
"3410","E. faecium",0.138962266539549
"3411","E. faecium",0.187815370153201
"3412","E. faecium",0.412860572226782
"3413","E. faecium",-0.195761668549914
"3414","E. faecium",0.417765469380375
"3415","E. faecium",0.0650716129656119
"3416","E. faecium",0.11897674432999
"3417","E. faecium",0.786981252271063
"3418","E. faecium",0.272794160767413
"3419","E. faecium",0.965911374878797
"3420","E. faecium",0.0282129034936504
"3421","E. faecium",0.174847855036349
"3422","E. faecium",0.771188045533497
"3423","E. faecium",0.564890559167755
"3424","E. faecium",0.379064132198701
"3425","E. faecium",0.383308935545119
"3426","E. faecium",0.348134585537457
"3427","E. faecium",1.03885082708029
"3428","E. faecium",0.290680467691251
"3429","E. faecium",-0.0213066492600164
"3430","E. faecium",0.223577999680127
"3431","E. faecium",0.334249264668738
"3432","E. faecium",0.758181284911349
"3433","E. faecium",0.148210954508228
"3434","E. faecium",0.549344814275472
"3435","E. faecium",0.340056667330722
"3436","E. faecium",0.617629190005517
"3437","E. faecium",0.251983675005436
"3438","E. faecium",0.159072877087473
"3439","E. faecium",0.170753206433098
"3440","E. faecium",0.29320858193656
"3441","E. faecium",0.201866059969226
"3442","E. faecium",-0.190778407252688
"3443","E. faecium",0.295958064237036
"3444","E. faecium",-0.0554164113769265
"3445","E. faecium",0.398133572293997
"3446","E. faecium",0.0538057526252328
"3447","E. faecium",-0.193990993043411
"3448","E. faecium",0.249062925726216
"3449","E. faecium",0.392869183400134
"3450","E. faecium",0.506709873158426
"3451","E. faecium",0.0324602498212396
"3452","E. faecium",0.435524756848006
"3453","E. faecium",-0.0436375154261858
"3454","E. faecium",0.319889621434534
"3455","E. faecium",0.234830370261505
"3456","E. faecium",0.418567448079262
"3457","E. faecium",0.0373191380392614
"3458","E. faecium",0.354027130473308
"3459","E. faecium",-0.0697800755415101
"3460","E. faecium",0.0631546862245485
"3461","E. faecium",0.377835607046662
"3462","E. faecium",0.00536823536420557
"3463","E. faecium",0.198836150678312
"3464","E. faecium",0.372394857160619
"3465","E. faecium",0.374369644881325
"3466","E. faecium",-0.252554675127716
"3467","E. faecium",0.490991296571975
"3468","E. faecium",0.125229885467137
"3469","E. faecium",0.499289939450354
"3470","E. faecium",0.0251561775205956
"3471","E. faecium",-0.252412008538388
"3472","E. faecium",0.147514558259311
"3473","E. faecium",-0.105422829094815
"3474","E. faecium",0.718345658462086
"3475","E. faecium",0.747287018692802
"3476","E. faecium",0.0731080351323622
"3477","E. faecium",0.189534498937986
"3478","E. faecium",0.582691869023521
"3479","E. faecium",0.552613173720059
"3480","E. faecium",0.191380986900663
"3481","E. faecium",-0.0109084785832231
"3482","E. faecium",0.498360150434511
"3483","E. faecium",0.338144035653239
"3484","E. faecium",-0.0112925888665299
"3485","E. faecium",0.399132797453867
"3486","E. faecium",0.122353783617872
"3487","E. faecium",0.795070585960318
"3488","E. faecium",0.491832727525228
"3489","E. faecium",0.386841818628149
"3490","E. faecium",0.0548374231382049
"3491","E. faecium",0.520488382981715
"3492","E. faecium",0.426426485492153
"3493","E. faecium",-0.144666297495647
"3494","E. faecium",0.440290340164389
"3495","E. faecium",0.491311436296634
"3496","E. faecium",0.0222337019948495
"3497","E. faecium",0.221987820819343
"3498","E. faecium",0.426266975329102
"3499","E. faecium",0.335372062386198
"3500","E. faecium",0.528961641400835
"3501","E. faecium",0.153084940097276
"3502","E. faecium",0.204136917284697
"3503","E. faecium",0.455729056157974
"3504","E. faecium",0.209250750966003
"3505","E. faecium",-0.229239123160917
"3506","E. faecium",0.257543620432273
"3507","E. faecium",0.189988370853444
"3508","E. faecium",0.0230403916975265
"3509","E. faecium",0.362989476335064
"3510","E. faecium",0.407274966896536
"3511","E. faecium",0.0978367467088475
"3512","E. faecium",0.493694714560561
"3513","E. faecium",0.232093864485573
"3514","E. faecium",0.586211102542297
"3515","E. faecium",0.879692337934555
"3516","E. faecium",0.00358726772497164
"3517","E. faecium",0.0493207518455647
"3518","E. faecium",-0.222037465566871
"3519","E. faecium",0.801000593403821
"3520","E. faecium",-0.368645935481427
"3521","E. faecium",0.105035765999978
"3522","E. faecium",0.210218889026842
"3523","E. faecium",0.152632012835967
"3524","E. faecium",0.388425886493811
"3525","E. faecium",0.633277481812768
"3526","E. faecium",0.159665246318867
"3527","E. faecium",0.283808232026077
"3528","E. faecium",-0.189042180612988
"3529","E. faecium",-0.372033157692194
"3530","E. faecium",0.254959498631725
"3531","E. faecium",-0.133374287661414
"3532","E. faecium",0.0626755968874747
"3533","E. faecium",0.811636510358442
"3534","E. faecium",0.0452344973138916
"3535","E. faecium",0.382140409582925
"3536","E. faecium",0.0750021443169341
"3537","E. faecium",0.291787100627504
"3538","E. faecium",0.264153853899321
"3539","E. faecium",0.42060226239245
"3540","E. faecium",0.438134265674016
"3541","E. faecium",0.475201141299449
"3542","E. faecium",0.118252233357551
"3543","E. faecium",0.378393453635334
"3544","E. faecium",0.457049806873409
"3545","E. faecium",0.467638222505118
"3546","E. faecium",0.208422425979999
"3547","E. faecium",0.0160989670929239
"3548","E. faecium",0.322442280580198
"3549","E. faecium",-0.055642660601638
"3550","E. faecium",0.0920429708277559
"3551","E. faecium",0.359940683899509
"3552","E. faecium",-0.00419678481686704
"3553","E. faecium",-0.397925612935358
"3554","E. faecium",-0.147630265025939
"3555","E. faecium",-0.236746497311369
"3556","E. faecium",-0.0877515185249905
"3557","E. faecium",-0.19199137456884
"3558","E. faecium",0.40531366818462
"3559","E. faecium",-0.00434179299761218
"3560","E. faecium",0.582162292549152
"3561","E. faecium",0.215647841977067
"3562","E. faecium",0.330809026193954
"3563","E. faecium",0.253730235188909
"3564","E. faecium",0.102931112962162
"3565","E. faecium",-0.180286877318502
"3566","E. faecium",0.13013967792447
"3567","E. faecium",0.391879908874948
"3568","E. faecium",-0.703903412518784
"3569","E. faecium",0.0181126150777349
"3570","E. faecium",0.593991523835868
"3571","E. faecium",0.263437587499615
"3572","E. faecium",0.532705481512949
"3573","E. faecium",0.603111633985323
"3574","E. faecium",0.0949455396609923
"3575","E. faecium",0.0491006958305023
"3576","E. faecium",0.63084908824237
"3577","E. faecium",0.0985578098063878
"3578","E. faecium",0.371762700712026
"3579","E. faecium",-0.389573028930668
"3580","E. faecium",0.273545143611064
"3581","E. faecium",0.255812190117851
"3582","E. faecium",0.150392542175351
"3583","E. faecium",0.152620925697727
"3584","E. faecium",0.37699458739926
"3585","E. faecium",0.070491918329808
"3586","E. faecium",0.812337255181673
"3587","E. faecium",0.458491273908567
"3588","E. faecium",0.361654263579375
"3589","E. faecium",0.0748730521323417
"3590","E. faecium",-0.330237606788052
"3591","E. faecium",0.219739626955758
"3592","E. faecium",0.55609051548438
"3593","E. faecium",0.745406032252072
"3594","E. faecium",0.0842866835508638
"3595","E. faecium",0.635809607870026
"3596","E. faecium",-0.0516347634013502
"3597","E. faecium",0.068598419586099
"3598","E. faecium",0.271150698946654
"3599","E. faecium",0.064090401985721
"3600","E. faecium",0.394484220223887
"3601","E. faecium",0.44875620087214
"3602","E. faecium",0.0724592430442288
"3603","E. faecium",0.25840608917308
"3604","E. faecium",-0.120312414373579
"3605","E. faecium",0.292408165427655
"3606","E. faecium",0.232741611647517
"3607","E. faecium",0.115663452193688
"3608","E. faecium",0.260774749017495
"3609","E. faecium",0.38629867636965
"3610","E. faecium",-0.188593784166842
"3611","E. faecium",0.13567124299253
"3612","E. faecium",-0.0149072050113007
"3613","E. faecium",0.115777874630089
"3614","E. faecium",0.0555800011394304
"3615","E. faecium",0.183129111011708
"3616","E. faecium",0.112307514025293
"3617","E. faecium",0.660366202441638
"3618","E. faecium",0.418915891812647
"3619","E. faecium",0.524960208844723
"3620","E. faecium",0.384043371393739
"3621","E. faecium",0.139210486701621
"3622","E. faecium",0.12521754097791
"3623","E. faecium",0.494371426847234
"3624","E. faecium",0.296006392083837
"3625","E. faecium",0.270318810738599
"3626","E. faecium",0.232019248485412
"3627","E. faecium",0.183463369602044
"3628","E. faecium",-0.115898677574297
"3629","E. faecium",0.495583808059472
"3630","E. faecium",-0.421383033148904
"3631","E. faecium",0.428771676785842
"3632","E. faecium",-0.0627064240073266
"3633","E. faecium",0.00617735296141764
"3634","E. faecium",0.188547741051873
"3635","E. faecium",0.214103316518003
"3636","E. faecium",0.529606319105202
"3637","E. faecium",0.0941899452828378
"3638","E. faecium",0.0151949220312328
"3639","E. faecium",0.571724997571803
"3640","E. faecium",0.69125855737995
"3641","E. faecium",0.147014851057856
"3642","E. faecium",-0.416441531420275
"3643","E. faecium",0.296817759314405
"3644","E. faecium",0.236219363149475
"3645","E. faecium",0.350075428373981
"3646","E. faecium",0.188152101967115
"3647","E. faecium",0.340133298681575
"3648","E. faecium",-0.14986429203486
"3649","E. faecium",0.273209418585228
"3650","E. faecium",0.367570089149649
"3651","E. faecium",0.444885534105244
"3652","E. faecium",0.253998848136649
"3653","E. faecium",0.30860976451038
"3654","E. faecium",-0.0256840858741598
"3655","E. faecium",0.335116345371053
"3656","E. faecium",0.120483239409292
"3657","E. faecium",0.0987657876494227
"3658","E. faecium",0.4858659410201
"3659","E. faecium",0.144484354759131
"3660","E. faecium",0.175519850553623
"3661","E. faecium",0.540029644937532
"3662","E. faecium",0.0111386294972986
"3663","E. faecium",0.0131280873134165
"3664","E. faecium",-0.148516733070613
"3665","E. faecium",0.410080473485995
"3666","E. faecium",0.376828584186373
"3667","E. faecium",0.288904762182901
"3668","E. faecium",0.245213927012296
"3669","E. faecium",-0.226553351944234
"3670","E. faecium",0.413029613721224
"3671","E. faecium",-0.216633571136271
"3672","E. faecium",0.198664724008717
"3673","E. faecium",-0.0482107918585971
"3674","E. faecium",0.681613104518639
"3675","E. faecium",0.324967317327563
"3676","E. faecium",0.69234429018289
"3677","E. faecium",0.451285238937274
"3678","E. faecium",0.40544480321209
"3679","E. faecium",0.698805108505733
"3680","E. faecium",0.358935289047406
"3681","E. faecium",0.258403603867653
"3682","E. faecium",0.0374542069839603
"3683","E. faecium",0.62404318468146
"3684","E. faecium",0.141461633048473
"3685","E. faecium",-0.0478914438150043
"3686","E. faecium",0.286819693792212
"3687","E. faecium",0.109791006304474
"3688","E. faecium",0.51123138866712
"3689","E. faecium",0.176207371478484
"3690","E. faecium",0.199508643740912
"3691","E. faecium",0.00316354887426248
"3692","E. faecium",0.507981155840137
"3693","E. faecium",0.68305496662657
"3694","E. faecium",0.659983069020035
"3695","E. faecium",0.233345575182991
"3696","E. faecium",0.12560120123842
"3697","E. faecium",0.0953631594078852
"3698","E. faecium",0.507461323372197
"3699","E. faecium",0.0760892396080115
"3700","E. faecium",0.569651729234427
"3701","E. faecium",0.29461126133966
"3702","E. faecium",0.184438887897777
"3703","E. faecium",0.501210218901005
"3704","E. faecium",-0.114549321886817
"3705","E. faecium",0.441787893717509
"3706","E. faecium",-0.107727667656717
"3707","E. faecium",-0.0564267358881432
"3708","E. faecium",0.242407311354282
"3709","E. faecium",0.113417997726125
"3710","E. faecium",0.15861845369815
"3711","E. faecium",0.0573251062046622
"3712","E. faecium",0.138756316880579
"3713","E. faecium",-0.011713645317619
"3714","E. faecium",0.25460821390508
"3715","E. faecium",-0.105167572852734
"3716","E. faecium",0.00305061953206116
"3717","E. faecium",0.359955213075783
"3718","E. faecium",0.0904652562590699
"3719","E. faecium",0.145133978033754
"3720","E. faecium",-0.113715754822382
"3721","E. faecium",0.385398434530134
"3722","E. faecium",0.273499515458122
"3723","E. faecium",0.510694829336706
"3724","E. faecium",0.106386250125891
"3725","E. faecium",0.139619678244867
"3726","E. faecium",0.514712105186872
"3727","E. faecium",0.24692183020679
"3728","E. faecium",0.177217998716052
"3729","E. faecium",0.665613488771056
"3730","E. faecium",0.15898449494967
"3731","E. faecium",0.236695568255799
"3732","E. faecium",0.386344441453901
"3733","E. faecium",-0.102589745545502
"3734","E. faecium",0.382036285855122
"3735","E. faecium",-0.120968856595228
"3736","E. faecium",-0.150425659462128
"3737","E. faecium",0.254542923185594
"3738","E. faecium",0.0203400827945873
"3739","E. faecium",-0.312388640241439
"3740","E. faecium",0.074980129498366
"3741","E. faecium",-0.32025971140592
"3742","E. faecium",0.506167838305299
"3743","E. faecium",0.357435310747778
"3744","E. faecium",0.324957330203611
"3745","E. faecium",0.228700631630168
"3746","E. faecium",-0.0114428301913343
"3747","E. faecium",0.0999493738133565
"3748","E. faecium",0.252798702754538
"3749","E. faecium",0.380135017825402
"3750","E. faecium",0.110909083091248
"3751","E. faecium",0.645526813607416
"3752","E. faecium",0.156406878884777
"3753","E. faecium",0.0107971281178625
"3754","E. faecium",0.33400019065379
"3755","E. faecium",-0.29926781134353
"3756","E. faecium",0.711258325945321
"3757","E. faecium",-0.374247891610865
"3758","E. faecium",0.695146522391062
"3759","E. faecium",0.237675218114547
"3760","E. faecium",0.389301419339288
"3761","E. faecium",-0.127695687460384
"3762","E. faecium",0.412904253741696
"3763","E. faecium",0.117311950147502
"3764","E. faecium",0.123452794596866
"3765","E. faecium",0.433081670436344
"3766","E. faecium",0.126412330144495
"3767","E. faecium",0.115914769194826
"3768","E. faecium",-0.0144477124646851
"3769","E. faecium",0.462846727463428
"3770","E. faecium",0.274113147027784
"3771","E. faecium",0.318168001103368
"3772","E. faecium",0.283625673914029
"3773","E. faecium",0.292796178642142
"3774","E. faecium",0.257800370844484
"3775","E. faecium",0.309436317016788
"3776","E. faecium",0.0807345224380721
"3777","E. faecium",-0.183461310856946
"3778","E. faecium",0.165627369457074
"3779","E. faecium",0.631599643368256
"3780","E. faecium",0.231105402200493
"3781","E. faecium",0.0250553020110364
"3782","E. faecium",0.183192369676851
"3783","E. faecium",0.0933111736754926
"3784","E. faecium",0.281596048679795
"3785","E. faecium",0.120110792302239
"3786","E. faecium",0.109763000419113
"3787","E. faecium",0.646762641309654
"3788","E. faecium",0.460176493948223
"3789","E. faecium",0.378228575146134
"3790","E. faecium",0.269250570520102
"3791","E. faecium",0.13120583038012
"3792","E. faecium",0.380292001576416
"3793","E. faecium",0.559688688349586
"3794","E. faecium",0.125013824790498
"3795","E. faecium",0.438390240541773
"3796","E. faecium",0.138615919967274
"3797","E. faecium",0.388793603910993
"3798","E. faecium",0.343515770608941
"3799","E. faecium",0.271171512720448
"3800","E. faecium",0.508510190954064
"3801","E. faecium",0.0544022178630037
"3802","E. faecium",-0.0201297643048753
"3803","E. faecium",0.506245950160125
"3804","E. faecium",0.028666502199889
"3805","E. faecium",0.199589173069126
"3806","E. faecium",-0.220432772265329
"3807","E. faecium",0.231823217274508
"3808","E. faecium",-0.006810494325003
"3809","E. faecium",0.323774298608016
"3810","E. faecium",0.515552944801301
"3811","E. faecium",0.148684580955284
"3812","E. faecium",0.0335073307912548
"3813","E. faecium",-0.200896519753475
"3814","E. faecium",0.54073071057267
"3815","E. faecium",0.596917141703046
"3816","E. faecium",0.28121726225826
"3817","E. faecium",0.0319167881840442
"3818","E. faecium",0.387130504682016
"3819","E. faecium",0.439165238383445
"3820","E. faecium",0.0276336611757078
"3821","E. faecium",0.129343307082676
"3822","E. faecium",0.163319552711126
"3823","E. faecium",0.312032673418523
"3824","E. faecium",0.164009058322449
"3825","E. faecium",0.485456753465814
"3826","E. faecium",0.185460084620327
"3827","E. faecium",0.232056536812592
"3828","E. faecium",0.108451284393297
"3829","E. faecium",0.268781917692185
"3830","E. faecium",0.153544549989252
"3831","E. faecium",0.423994911591154
"3832","E. faecium",-0.310608404412521
"3833","E. faecium",0.0930453547269258
"3834","E. faecium",-0.038485230765862
"3835","E. faecium",0.299490311622727
"3836","E. faecium",-0.0117893298785119
"3837","E. faecium",-0.0910409566482771
"3838","E. faecium",0.380359023531825
"3839","E. faecium",0.114333300926848
"3840","E. faecium",0.54742641102791
"3841","E. faecium",0.363975621473859
"3842","E. faecium",0.376685824440102
"3843","E. faecium",0.112853872613199
"3844","E. faecium",0.0359324271355475
"3845","E. faecium",0.124130839209603
"3846","E. faecium",0.31312918823908
"3847","E. faecium",0.57060643417543
"3848","E. faecium",0.297443972755948
"3849","E. faecium",0.0375023180474579
"3850","E. faecium",0.268105546139095
"3851","E. faecium",0.217082951182019
"3852","E. faecium",-0.0681215907711813
"3853","E. faecium",0.175618294995993
"3854","E. faecium",0.284881191999332
"3855","E. faecium",0.208785489312641
"3856","E. faecium",0.0194555108986112
"3857","E. faecium",0.36662442143367
"3858","E. faecium",0.468033338901492
"3859","E. faecium",0.306181783290653
"3860","E. faecium",0.378023262886647
"3861","E. faecium",-0.0575357866626549
"3862","E. faecium",-0.131977886651052
"3863","E. faecium",0.386833447521489
"3864","E. faecium",-0.107877571048625
"3865","E. faecium",0.0250906640153224
"3866","E. faecium",0.00885097895273462
"3867","E. faecium",0.229143636432925
"3868","E. faecium",0.601990344632412
"3869","E. faecium",0.09452309103292
"3870","E. faecium",0.694485147208382
"3871","E. faecium",0.180559431034219
"3872","E. faecium",0.169685185371245
"3873","E. faecium",0.401449563356111
"3874","E. faecium",0.353645724581129
"3875","E. faecium",0.119162511532745
"3876","E. faecium",0.10363114098959
"3877","E. faecium",0.170653192228612
"3878","E. faecium",0.357603428715745
"3879","E. faecium",0.509697096633687
"3880","E. faecium",0.17176858412668
"3881","E. faecium",0.0611928101096592
"3882","E. faecium",0.395317390604042
"3883","E. faecium",0.356462435703736
"3884","E. faecium",0.433879585644099
"3885","E. faecium",0.554200159286313
"3886","E. faecium",0.142167955338156
"3887","E. faecium",-0.00683135818354881
"3888","E. faecium",-0.765964508557712
"3889","E. faecium",-0.354737447764796
"3890","E. faecium",0.628763266741381
"3891","E. faecium",0.531570914355641
"3892","E. faecium",0.46415438152643
"3893","E. faecium",0.440014215644692
"3894","E. faecium",-0.0315285902322791
"3895","E. faecium",-0.065393326363366
"3896","E. faecium",0.0758613295396054
"3897","E. faecium",-0.0775321954027995
"3898","E. faecium",0.578552879366316
"3899","E. faecium",0.283457377240497
"3900","E. faecium",-0.321757434153925
"3901","E. faecium",-0.114509359464007
"3902","E. faecium",-0.0178108314462827
"3903","E. faecium",0.363237788971727
"3904","E. faecium",0.467009835668837
"3905","E. faecium",0.0424522279492662
"3906","E. faecium",-0.123957619949075
"3907","E. faecium",0.500364544536747
"3908","E. faecium",0.287713513947984
"3909","E. faecium",0.0939534466164049
"3910","E. faecium",0.338947701545973
"3911","E. faecium",0.392941772061822
"3912","E. faecium",0.382705593004892
"3913","E. faecium",0.0019289540141575
"3914","E. faecium",-0.00655545094011526
"3915","E. faecium",0.0398755183838349
"3916","E. faecium",0.478297478053493
"3917","E. faecium",0.149628682433361
"3918","E. faecium",0.276717572296463
"3919","E. faecium",0.428148376266485
"3920","E. faecium",0.245448673071786
"3921","E. faecium",0.516799201744675
"3922","E. faecium",-0.0396024996422093
"3923","E. faecium",0.635327965591796
"3924","E. faecium",0.0849206335865958
"3925","E. faecium",0.56198868047569
"3926","E. faecium",-0.00925381115926244
"3927","E. faecium",0.414510589371111
"3928","E. faecium",0.096945402804163
"3929","E. faecium",0.325119641660581
"3930","E. faecium",0.0533904989731768
"3931","E. faecium",0.357235714985447
"3932","E. faecium",0.444241912400319
"3933","E. faecium",-0.529272689444475
"3934","E. faecium",0.189708978263345
"3935","E. faecium",0.34582447671978
"3936","E. faecium",0.104929225603895
"3937","E. faecium",0.271690866931928
"3938","E. faecium",0.508195040055944
"3939","E. faecium",0.351090128723971
"3940","E. faecium",0.395809409666212
"3941","E. faecium",0.244740618280212
"3942","E. faecium",0.641456679326914
"3943","E. faecium",0.107908495440063
"3944","E. faecium",0.0387460385433803
"3945","E. faecium",-0.000415656858055507
"3946","E. faecium",0.40776255950028
"3947","E. faecium",0.303597521104875
"3948","E. faecium",0.0126613819187499
"3949","E. faecium",0.404567007109851
"3950","E. faecium",0.55893267398819
"3951","E. faecium",0.258957856787493
"3952","E. faecium",0.0794723578238562
"3953","E. faecium",0.198009765912868
"3954","E. faecium",0.562643921322117
"3955","E. faecium",-0.0586893246261304
"3956","E. faecium",0.398385975163393
"3957","E. faecium",0.0855938463900321
"3958","E. faecium",0.133968984632974
"3959","E. faecium",0.102854372037762
"3960","E. faecium",0.694081221971732
"3961","E. faecium",-0.0160434614316941
"3962","E. faecium",-0.0255020305812958
"3963","E. faecium",0.619564939532215
"3964","E. faecium",-0.0553469200547161
"3965","E. faecium",0.464028829651519
"3966","E. faecium",-0.12553845550345
"3967","E. faecium",0.157444091813282
"3968","E. faecium",0.116693943889284
"3969","E. faecium",0.315889648127128
"3970","E. faecium",-0.0274865059621022
"3971","E. faecium",0.0954159229387814
"3972","E. faecium",0.174540811998628
"3973","E. faecium",0.0347085855964061
"3974","E. faecium",-0.0647657304927667
"3975","E. faecium",0.299517377985115
"3976","E. faecium",0.175612669624974
"3977","E. faecium",0.0747694480887177
"3978","E. faecium",0.331588731195531
"3979","E. faecium",0.287346559101807
"3980","E. faecium",0.531433952977573
"3981","E. faecium",0.236430447267443
"3982","E. faecium",0.708912025103832
"3983","E. faecium",0.226625534114141
"3984","E. faecium",0.29301908919974
"3985","E. faecium",0.373489748236608
"3986","E. faecium",0.0771879275159481
"3987","E. faecium",0.250787984208854
"3988","E. faecium",0.149435474520858
"3989","E. faecium",-0.0614981295818295
"3990","E. faecium",0.034767113511826
"3991","E. faecium",-0.0127726100979872
"3992","E. faecium",-0.261587895935902
"3993","E. faecium",0.187447152513245
"3994","E. faecium",0.222901556891931
"3995","E. faecium",0.391433892464364
"3996","E. faecium",-0.0715456889771172
"3997","E. faecium",0.527580103758812
"3998","E. faecium",0.187309997846604
"3999","E. faecium",0.0228874309404185
"4000","E. faecium",0.893792600819969
"4001","Enterococcus spp.",0.482007546925757
"4002","Enterococcus spp.",0.588140166740116
"4003","Enterococcus spp.",0.431357140008123
"4004","Enterococcus spp.",0.990776980755677
"4005","Enterococcus spp.",0.689089147179963
"4006","Enterococcus spp.",0.469442358213873
"4007","Enterococcus spp.",0.0475038209439842
"4008","Enterococcus spp.",0.992306681768406
"4009","Enterococcus spp.",1.22989936825863
"4010","Enterococcus spp.",0.44914197867008
"4011","Enterococcus spp.",0.181602829032585
"4012","Enterococcus spp.",0.0478917072466248
"4013","Enterococcus spp.",0.525425962434068
"4014","Enterococcus spp.",0.0964427821915357
"4015","Enterococcus spp.",0.63227516176749
"4016","Enterococcus spp.",0.775214077377389
"4017","Enterococcus spp.",0.814563737174633
"4018","Enterococcus spp.",1.32632921010136
"4019","Enterococcus spp.",1.10722492062895
"4020","Enterococcus spp.",0.264149292971916
"4021","Enterococcus spp.",0.82009817110859
"4022","Enterococcus spp.",-0.272389649011509
"4023","Enterococcus spp.",1.19515511801596
"4024","Enterococcus spp.",0.687141638765463
"4025","Enterococcus spp.",0.681263459001221
"4026","Enterococcus spp.",1.26162226119298
"4027","Enterococcus spp.",-0.452444573736341
"4028","Enterococcus spp.",1.11940862218256
"4029","Enterococcus spp.",-0.976271853261914
"4030","Enterococcus spp.",-0.328857230967847
"4031","Enterococcus spp.",-0.0239434446952962
"4032","Enterococcus spp.",0.821216810571681
"4033","Enterococcus spp.",-0.31244854111562
"4034","Enterococcus spp.",0.190836543186488
"4035","Enterococcus spp.",1.75921300236095
"4036","Enterococcus spp.",0.820764611516081
"4037","Enterococcus spp.",0.264195573432267
"4038","Enterococcus spp.",0.480469119188179
"4039","Enterococcus spp.",0.77918422294163
"4040","Enterococcus spp.",0.933088674088308
"4041","Enterococcus spp.",1.32448231278557
"4042","Enterococcus spp.",0.186910813775706
"4043","Enterococcus spp.",0.713927706070724
"4044","Enterococcus spp.",0.128344191677398
"4045","Enterococcus spp.",0.600378418957238
"4046","Enterococcus spp.",-0.254579146257989
"4047","Enterococcus spp.",0.481854737072909
"4048","Enterococcus spp.",0.15257188485975
"4049","Enterococcus spp.",0.708943882512512
"4050","Enterococcus spp.",0.429198160883962
"4051","Enterococcus spp.",0.0734923936782657
"4052","Enterococcus spp.",1.63118354639545
"4053","Enterococcus spp.",0.842254440266515
"4054","Enterococcus spp.",0.687345859410599
"4055","Enterococcus spp.",0.533130328842097
"4056","Enterococcus spp.",-0.917486654007346
"4057","Enterococcus spp.",0.608258402246967
"4058","Enterococcus spp.",0.813632590938651
"4059","Enterococcus spp.",0.0215660683147158
"4060","Enterococcus spp.",0.652580637277555
"4061","Enterococcus spp.",1.39177278958695
"4062","Enterococcus spp.",0.822753060397016
"4063","Enterococcus spp.",0.613360730016957
"4064","Enterococcus spp.",0.780906847793288
"4065","Enterococcus spp.",0.044532759377488
"4066","Enterococcus spp.",1.21307897659177
"4067","Enterococcus spp.",0.724659248678985
"4068","Enterococcus spp.",1.16850107565073
"4069","Enterococcus spp.",0.590444775356933
"4070","Enterococcus spp.",0.455435955596942
"4071","Enterococcus spp.",0.969599919331737
"4072","Enterococcus spp.",0.35495969624088
"4073","Enterococcus spp.",1.10011849063037
"4074","Enterococcus spp.",-0.0377590853370311
"4075","Enterococcus spp.",0.905636289499436
"4076","Enterococcus spp.",-0.307436450338092
"4077","Enterococcus spp.",0.404200454795472
"4078","Enterococcus spp.",0.806878227802085
"4079","Enterococcus spp.",1.01593129903409
"4080","Enterococcus spp.",-0.379161256194845
"4081","Enterococcus spp.",-0.101169988389275
"4082","Enterococcus spp.",1.65762276763537
"4083","Enterococcus spp.",0.549947871334333
"4084","Enterococcus spp.",0.879630797275758
"4085","Enterococcus spp.",1.01382138342432
"4086","Enterococcus spp.",1.13002825798764
"4087","Enterococcus spp.",1.02248757019093
"4088","Enterococcus spp.",0.951533997770367
"4089","Enterococcus spp.",1.11772082821348
"4090","Enterococcus spp.",-0.153798141306281
"4091","Enterococcus spp.",1.75501761568542
"4092","Enterococcus spp.",-0.331815697441559
"4093","Enterococcus spp.",0.997308442497553
"4094","Enterococcus spp.",-0.0178388053113999
"4095","Enterococcus spp.",-0.562087968675559
"4096","Enterococcus spp.",0.83771440850357
"4097","Enterococcus spp.",1.06282265498741
"4098","Enterococcus spp.",1.35719090244913
"4099","Enterococcus spp.",-0.205252032625748
"4100","Enterococcus spp.",0.452777319163193
"4101","Enterococcus spp.",0.62819216018536
"4102","Enterococcus spp.",0.993627456232008
"4103","Enterococcus spp.",-0.270749313701536
"4104","Enterococcus spp.",0.589585652174431
"4105","Enterococcus spp.",-1.0320722074663
"4106","Enterococcus spp.",1.72953235140667
"4107","Enterococcus spp.",-0.393172479940396
"4108","Enterococcus spp.",1.01439800821855
"4109","Enterococcus spp.",0.775253568499599
"4110","Enterococcus spp.",0.683384802461191
"4111","Enterococcus spp.",-0.124441711503122
"4112","Enterococcus spp.",0.362466751870262
"4113","Enterococcus spp.",0.337089165730266
"4114","Enterococcus spp.",0.46081817857492
"4115","Enterococcus spp.",0.00323607225677788
"4116","Enterococcus spp.",0.946484421513123
"4117","Enterococcus spp.",0.434457534525394
"4118","Enterococcus spp.",0.735275449038404
"4119","Enterococcus spp.",0.200311498293126
"4120","Enterococcus spp.",0.564547181798274
"4121","Enterococcus spp.",1.32497153409899
"4122","Enterococcus spp.",0.593950428165824
"4123","Enterococcus spp.",0.166633233545828
"4124","Enterococcus spp.",0.180437395437667
"4125","Enterococcus spp.",-0.120956743118397
"4126","Enterococcus spp.",0.812438004173672
"4127","Enterococcus spp.",-0.0673192799057283
"4128","Enterococcus spp.",-0.031522013540693
"4129","Enterococcus spp.",0.816087234234884
"4130","Enterococcus spp.",1.99272561114859
"4131","Enterococcus spp.",-0.327301464809562
"4132","Enterococcus spp.",0.549014915371349
"4133","Enterococcus spp.",0.715541339153957
"4134","Enterococcus spp.",1.05139884595172
"4135","Enterococcus spp.",-0.107772933454285
"4136","Enterococcus spp.",0.362441807011388
"4137","Enterococcus spp.",2.4494886643672
"4138","Enterococcus spp.",1.10076123884153
"4139","Enterococcus spp.",1.1732360284283
"4140","Enterococcus spp.",0.619607049667954
"4141","Enterococcus spp.",0.126939453519135
"4142","Enterococcus spp.",-0.809704867735341
"4143","Enterococcus spp.",1.21522306638498
"4144","Enterococcus spp.",0.74330974958856
"4145","Enterococcus spp.",0.712302218336094
"4146","Enterococcus spp.",1.09964288116172
"4147","Enterococcus spp.",0.373408124116286
"4148","Enterococcus spp.",0.783124184384674
"4149","Enterococcus spp.",0.465234556398128
"4150","Enterococcus spp.",0.554681952065133
"4151","Enterococcus spp.",0.561379670940406
"4152","Enterococcus spp.",-0.624191460981984
"4153","Enterococcus spp.",0.485992082985441
"4154","Enterococcus spp.",0.0516415687963277
"4155","Enterococcus spp.",-0.231694393331898
"4156","Enterococcus spp.",-0.31348149100821
"4157","Enterococcus spp.",0.156706440613633
"4158","Enterococcus spp.",0.316469018780408
"4159","Enterococcus spp.",0.154643332622027
"4160","Enterococcus spp.",0.246563123556871
"4161","Enterococcus spp.",0.0235611683569493
"4162","Enterococcus spp.",0.250906988301607
"4163","Enterococcus spp.",0.554193692687414
"4164","Enterococcus spp.",0.612271089904692
"4165","Enterococcus spp.",-0.128592551351623
"4166","Enterococcus spp.",0.788857067574912
"4167","Enterococcus spp.",0.328649370947462
"4168","Enterococcus spp.",-0.00099413378271887
"4169","Enterococcus spp.",0.406263422892604
"4170","Enterococcus spp.",1.37685784092419
"4171","Enterococcus spp.",0.50337656771191
"4172","Enterococcus spp.",0.51140588244655
"4173","Enterococcus spp.",0.901665255117217
"4174","Enterococcus spp.",0.474635783043174
"4175","Enterococcus spp.",-0.0458838086597147
"4176","Enterococcus spp.",1.18719533014558
"4177","Enterococcus spp.",-0.554981430859877
"4178","Enterococcus spp.",0.251456069312159
"4179","Enterococcus spp.",1.02041111869388
"4180","Enterococcus spp.",1.81022776228418
"4181","Enterococcus spp.",0.781783433598014
"4182","Enterococcus spp.",1.03137501045543
"4183","Enterococcus spp.",0.357432434819922
"4184","Enterococcus spp.",-0.570412485459414
"4185","Enterococcus spp.",-0.129974744877338
"4186","Enterococcus spp.",-0.102717447867485
"4187","Enterococcus spp.",1.29563033073299
"4188","Enterococcus spp.",0.454890538739191
"4189","Enterococcus spp.",0.653424409870424
"4190","Enterococcus spp.",1.11521052007705
"4191","Enterococcus spp.",0.00825517362951601
"4192","Enterococcus spp.",0.409581305213874
"4193","Enterococcus spp.",0.186773980583393
"4194","Enterococcus spp.",0.394214156307678
"4195","Enterococcus spp.",0.471311972238518
"4196","Enterococcus spp.",1.00346195491243
"4197","Enterococcus spp.",-0.157831153090263
"4198","Enterococcus spp.",1.30583226550533
"4199","Enterococcus spp.",0.659313015875193
"4200","Enterococcus spp.",-0.338610998857404
"4201","Enterococcus spp.",0.284010721015096
"4202","Enterococcus spp.",0.335126023433143
"4203","Enterococcus spp.",1.4350327815395
"4204","Enterococcus spp.",0.587693915316578
"4205","Enterococcus spp.",0.264607673368957
"4206","Enterococcus spp.",1.36308889459654
"4207","Enterococcus spp.",0.40524174856623
"4208","Enterococcus spp.",-0.163084059214157
"4209","Enterococcus spp.",1.5084674377298
"4210","Enterococcus spp.",1.58884380849958
"4211","Enterococcus spp.",-0.305426690195204
"4212","Enterococcus spp.",0.76133871398603
"4213","Enterococcus spp.",0.44747627911876
"4214","Enterococcus spp.",0.673761642041677
"4215","Enterococcus spp.",0.233822290274387
"4216","Enterococcus spp.",0.63165638938897
"4217","Enterococcus spp.",-0.578285389505529
"4218","Enterococcus spp.",1.04632486355239
"4219","Enterococcus spp.",0.929737232191789
"4220","Enterococcus spp.",-0.48750722797441
"4221","Enterococcus spp.",0.69827592842456
"4222","Enterococcus spp.",1.15776644076047
"4223","Enterococcus spp.",-0.0526096547363813
"4224","Enterococcus spp.",0.169433411447866
"4225","Enterococcus spp.",0.537316821777346
"4226","Enterococcus spp.",-0.0587975360936019
"4227","Enterococcus spp.",-0.0150234154012742
"4228","Enterococcus spp.",0.685509900198693
"4229","Enterococcus spp.",0.0542585858143955
"4230","Enterococcus spp.",0.996730692054059
"4231","Enterococcus spp.",-0.139521902359549
"4232","Enterococcus spp.",0.81716784543593
"4233","Enterococcus spp.",-0.558361363232052
"4234","Enterococcus spp.",-0.534772679703698
"4235","Enterococcus spp.",0.783947767011616
"4236","Enterococcus spp.",-0.100910700210834
"4237","Enterococcus spp.",1.17799229758199
"4238","Enterococcus spp.",-0.0328835335955212
"4239","Enterococcus spp.",-0.55508590129754
"4240","Enterococcus spp.",0.443237567796471
"4241","Enterococcus spp.",0.241564720832345
"4242","Enterococcus spp.",1.25876616306478
"4243","Enterococcus spp.",0.582957931048397
"4244","Enterococcus spp.",0.920769123874042
"4245","Enterococcus spp.",1.22152164569049
"4246","Enterococcus spp.",-0.5432485806716
"4247","Enterococcus spp.",0.57979174123268
"4248","Enterococcus spp.",0.863597031500881
"4249","Enterococcus spp.",0.165747301976367
"4250","Enterococcus spp.",-0.0851085130253122
"4251","Enterococcus spp.",0.581129903575268
"4252","Enterococcus spp.",1.38837035616636
"4253","Enterococcus spp.",0.92293207427533
"4254","Enterococcus spp.",1.07855348002891
"4255","Enterococcus spp.",1.48715025858136
"4256","Enterococcus spp.",0.541937147624269
"4257","Enterococcus spp.",-0.395026755720777
"4258","Enterococcus spp.",-0.423813824331001
"4259","Enterococcus spp.",0.639107458859512
"4260","Enterococcus spp.",0.695120957178818
"4261","Enterococcus spp.",0.721137367384627
"4262","Enterococcus spp.",0.941155029900306
"4263","Enterococcus spp.",-0.14545491153731
"4264","Enterococcus spp.",0.659054452254238
"4265","Enterococcus spp.",2.07132319179128
"4266","Enterococcus spp.",-0.698501795898567
"4267","Enterococcus spp.",0.873810969350069
"4268","Enterococcus spp.",0.201821964793331
"4269","Enterococcus spp.",-0.246213933621618
"4270","Enterococcus spp.",1.02176731895045
"4271","Enterococcus spp.",-0.518998703310745
"4272","Enterococcus spp.",0.42884376175075
"4273","Enterococcus spp.",-0.121035120643561
"4274","Enterococcus spp.",1.11663155934247
"4275","Enterococcus spp.",0.0314350960227193
"4276","Enterococcus spp.",-0.354808426808897
"4277","Enterococcus spp.",1.01542610840586
"4278","Enterococcus spp.",1.4782861001634
"4279","Enterococcus spp.",1.19530644716491
"4280","Enterococcus spp.",0.88618682228116
"4281","Enterococcus spp.",0.155820934514242
"4282","Enterococcus spp.",0.558658778117856
"4283","Enterococcus spp.",1.33167650514609
"4284","Enterococcus spp.",0.492181102576486
"4285","Enterococcus spp.",1.31439006246166
"4286","Enterococcus spp.",-0.427276138907492
"4287","Enterococcus spp.",0.0268622966291737
"4288","Enterococcus spp.",0.328077887471075
"4289","Enterococcus spp.",1.47397274031086
"4290","Enterococcus spp.",1.09074411139058
"4291","Enterococcus spp.",-0.104561866118789
"4292","Enterococcus spp.",-0.01901855941669
"4293","Enterococcus spp.",0.325745216915709
"4294","Enterococcus spp.",0.187264534749667
"4295","Enterococcus spp.",0.213192931874743
"4296","Enterococcus spp.",0.343800596218787
"4297","Enterococcus spp.",1.29555164543599
"4298","Enterococcus spp.",1.45632446268598
"4299","Enterococcus spp.",-0.502062927772514
"4300","Enterococcus spp.",0.199923007783413
"4301","Enterococcus spp.",0.25286423091664
"4302","Enterococcus spp.",0.0722417991936827
"4303","Enterococcus spp.",-0.445479134410311
"4304","Enterococcus spp.",0.408832355062144
"4305","Enterococcus spp.",0.086900821967745
"4306","Enterococcus spp.",0.917891343076936
"4307","Enterococcus spp.",0.345130858083694
"4308","Enterococcus spp.",-0.2516698557599
"4309","Enterococcus spp.",1.29201715684777
"4310","Enterococcus spp.",0.824313902967053
"4311","Enterococcus spp.",-0.329505692464174
"4312","Enterococcus spp.",-0.0827513253649698
"4313","Enterococcus spp.",-0.15794924105508
"4314","Enterococcus spp.",1.0402891509949
"4315","Enterococcus spp.",-0.670566223515872
"4316","Enterococcus spp.",1.28027368528629
"4317","Enterococcus spp.",0.231384473939143
"4318","Enterococcus spp.",1.18211026432448
"4319","Enterococcus spp.",0.16938395495746
"4320","Enterococcus spp.",0.855024624684437
"4321","Enterococcus spp.",0.591347610906154
"4322","Enterococcus spp.",0.711421108944375
"4323","Enterococcus spp.",-0.407259053166103
"4324","Enterococcus spp.",-0.440373885237802
"4325","Enterococcus spp.",1.21862818357522
"4326","Enterococcus spp.",0.971767717456639
"4327","Enterococcus spp.",0.877109830312687
"4328","Enterococcus spp.",0.979979471644582
"4329","Enterococcus spp.",0.277642096283773
"4330","Enterococcus spp.",-0.365313006865923
"4331","Enterococcus spp.",0.822980817367003
"4332","Enterococcus spp.",0.479333333375893
"4333","Enterococcus spp.",1.1364704369742
"4334","Enterococcus spp.",0.541569350242598
"4335","Enterococcus spp.",0.576116487886218
"4336","Enterococcus spp.",0.00429409855971516
"4337","Enterococcus spp.",0.756234050724224
"4338","Enterococcus spp.",0.765366085174853
"4339","Enterococcus spp.",-0.26736079265248
"4340","Enterococcus spp.",0.371781309289828
"4341","Enterococcus spp.",-0.139587565887345
"4342","Enterococcus spp.",-0.559715481552567
"4343","Enterococcus spp.",-0.931053907892117
"4344","Enterococcus spp.",1.23005133905885
"4345","Enterococcus spp.",0.507694685783404
"4346","Enterococcus spp.",1.96839170475281
"4347","Enterococcus spp.",0.720549853086473
"4348","Enterococcus spp.",-0.477788140160384
"4349","Enterococcus spp.",0.65243207733481
"4350","Enterococcus spp.",0.666452289367155
"4351","Enterococcus spp.",-0.443220524815127
"4352","Enterococcus spp.",1.10110979446872
"4353","Enterococcus spp.",-0.147535263957601
"4354","Enterococcus spp.",0.0521607315280712
"4355","Enterococcus spp.",0.553074654527328
"4356","Enterococcus spp.",0.254684765244719
"4357","Enterococcus spp.",0.625928394555315
"4358","Enterococcus spp.",0.428236381442846
"4359","Enterococcus spp.",0.159568217550518
"4360","Enterococcus spp.",-0.556157646340012
"4361","Enterococcus spp.",0.192537115947295
"4362","Enterococcus spp.",-0.288251831467014
"4363","Enterococcus spp.",0.620927623940814
"4364","Enterococcus spp.",0.508162330842497
"4365","Enterococcus spp.",0.294960223729011
"4366","Enterococcus spp.",0.233112645802667
"4367","Enterococcus spp.",0.591134606530288
"4368","Enterococcus spp.",0.310710327977918
"4369","Enterococcus spp.",1.09372432909949
"4370","Enterococcus spp.",1.51027762421928
"4371","Enterococcus spp.",0.364470524290229
"4372","Enterococcus spp.",0.198727572373082
"4373","Enterococcus spp.",0.865854441812009
"4374","Enterococcus spp.",-0.272087254131325
"4375","Enterococcus spp.",0.235740702478201
"4376","Enterococcus spp.",-0.617596585196912
"4377","Enterococcus spp.",0.425771882792327
"4378","Enterococcus spp.",0.652232091370669
"4379","Enterococcus spp.",0.565458649326237
"4380","Enterococcus spp.",0.100464817116447
"4381","Enterococcus spp.",0.693378136009034
"4382","Enterococcus spp.",0.688555376691227
"4383","Enterococcus spp.",0.793469141683456
"4384","Enterococcus spp.",0.899562370415015
"4385","Enterococcus spp.",0.2098978850769
"4386","Enterococcus spp.",-0.133296136590325
"4387","Enterococcus spp.",0.843357632323603
"4388","Enterococcus spp.",0.790596780438329
"4389","Enterococcus spp.",0.552638965422341
"4390","Enterococcus spp.",0.640524331689125
"4391","Enterococcus spp.",0.0584168991778005
"4392","Enterococcus spp.",0.599947044062752
"4393","Enterococcus spp.",0.962536302611536
"4394","Enterococcus spp.",-0.0612504303883125
"4395","Enterococcus spp.",0.554879914628458
"4396","Enterococcus spp.",0.136424329392891
"4397","Enterococcus spp.",1.02993170129558
"4398","Enterococcus spp.",0.206585443894948
"4399","Enterococcus spp.",1.59691571305067
"4400","Enterococcus spp.",1.14350823206466
"4401","Enterococcus spp.",-0.102714466916496
"4402","Enterococcus spp.",0.00727619309255574
"4403","Enterococcus spp.",0.140395581959593
"4404","Enterococcus spp.",1.12792297489235
"4405","Enterococcus spp.",0.113907870439665
"4406","Enterococcus spp.",0.680734997761988
"4407","Enterococcus spp.",0.572635245992452
"4408","Enterococcus spp.",0.178562425397582
"4409","Enterococcus spp.",-0.522439625982246
"4410","Enterococcus spp.",0.299670034132081
"4411","Enterococcus spp.",0.652473942646584
"4412","Enterococcus spp.",0.336733021020427
"4413","Enterococcus spp.",0.471861555861346
"4414","Enterococcus spp.",0.269588292973422
"4415","Enterococcus spp.",1.02905365161777
"4416","Enterococcus spp.",0.796431194408481
"4417","Enterococcus spp.",0.240573256805069
"4418","Enterococcus spp.",1.18352089037414
"4419","Enterococcus spp.",-0.0995735876245672
"4420","Enterococcus spp.",1.35144104815075
"4421","Enterococcus spp.",1.10769478408352
"4422","Enterococcus spp.",1.06538248231641
"4423","Enterococcus spp.",0.739401724907676
"4424","Enterococcus spp.",2.09605049644597
"4425","Enterococcus spp.",0.0244464860960922
"4426","Enterococcus spp.",0.35632888767299
"4427","Enterococcus spp.",0.053606732248326
"4428","Enterococcus spp.",0.0800266882217483
"4429","Enterococcus spp.",-0.648814455238421
"4430","Enterococcus spp.",0.255676703186954
"4431","Enterococcus spp.",0.123229774808357
"4432","Enterococcus spp.",1.28296544292873
"4433","Enterococcus spp.",0.895761666138596
"4434","Enterococcus spp.",0.239364469567988
"4435","Enterococcus spp.",0.386483101336458
"4436","Enterococcus spp.",-0.306857101989401
"4437","Enterococcus spp.",1.23412863063409
"4438","Enterococcus spp.",0.731495358753688
"4439","Enterococcus spp.",0.67588570426817
"4440","Enterococcus spp.",0.541495085432306
"4441","Enterococcus spp.",0.937310079333319
"4442","Enterococcus spp.",0.991327457186721
"4443","Enterococcus spp.",1.58213453296484
"4444","Enterococcus spp.",0.59414247689378
"4445","Enterococcus spp.",0.528908330795235
"4446","Enterococcus spp.",1.00278098588164
"4447","Enterococcus spp.",0.00830697500261831
"4448","Enterococcus spp.",1.4208304768855
"4449","Enterococcus spp.",1.03984360893506
"4450","Enterococcus spp.",-0.141516599890592
"4451","Enterococcus spp.",1.63450327139616
"4452","Enterococcus spp.",0.178508114848431
"4453","Enterococcus spp.",1.19062769403613
"4454","Enterococcus spp.",0.87332614626596
"4455","Enterococcus spp.",0.183601511561176
"4456","Enterococcus spp.",-0.226664118067586
"4457","Enterococcus spp.",-0.174126875663824
"4458","Enterococcus spp.",0.0610716236244356
"4459","Enterococcus spp.",1.57551010467193
"4460","Enterococcus spp.",1.09605557038596
"4461","Enterococcus spp.",0.868488797611522
"4462","Enterococcus spp.",1.24294879041101
"4463","Enterococcus spp.",1.32364830495664
"4464","Enterococcus spp.",0.20794456572496
"4465","Enterococcus spp.",0.65509967281547
"4466","Enterococcus spp.",-0.143280442462923
"4467","Enterococcus spp.",-0.175597582387851
"4468","Enterococcus spp.",-0.00863354539246878
"4469","Enterococcus spp.",0.812118718223439
"4470","Enterococcus spp.",1.44771154547325
"4471","Enterococcus spp.",-0.00818645859703926
"4472","Enterococcus spp.",0.357491337727059
"4473","Enterococcus spp.",-0.236481241867966
"4474","Enterococcus spp.",0.715739048386445
"4475","Enterococcus spp.",-0.237811068801343
"4476","Enterococcus spp.",2.14403317209796
"4477","Enterococcus spp.",0.654974886164345
"4478","Enterococcus spp.",1.46704060239646
"4479","Enterococcus spp.",1.25688410152547
"4480","Enterococcus spp.",0.535889324736764
"4481","Enterococcus spp.",1.06017404140784
"4482","Enterococcus spp.",0.471278573823853
"4483","Enterococcus spp.",0.29524672231686
"4484","Enterococcus spp.",1.58414991946542
"4485","Enterococcus spp.",-0.0837061636009292
"4486","Enterococcus spp.",-0.0486465990310373
"4487","Enterococcus spp.",0.91870717474604
"4488","Enterococcus spp.",-0.38312336805966
"4489","Enterococcus spp.",-0.159037387890539
"4490","Enterococcus spp.",1.41563405664786
"4491","Enterococcus spp.",1.11504093060471
"4492","Enterococcus spp.",-0.287306526553161
"4493","Enterococcus spp.",0.056168364027155
"4494","Enterococcus spp.",1.2767574274677
"4495","Enterococcus spp.",0.0980469034816314
"4496","Enterococcus spp.",0.692092526658476
"4497","Enterococcus spp.",0.335337882801952
"4498","Enterococcus spp.",-0.105739669163127
"4499","Enterococcus spp.",1.22662111439982
"4500","Enterococcus spp.",0.58884611726165
"4501","Enterococcus spp.",-0.423976288334781
"4502","Enterococcus spp.",0.566770032929942
"4503","Enterococcus spp.",0.148481287241385
"4504","Enterococcus spp.",0.377644787613285
"4505","Enterococcus spp.",0.905267224039188
"4506","Enterococcus spp.",1.03568140914465
"4507","Enterococcus spp.",1.02554133672865
"4508","Enterococcus spp.",0.199520998225007
"4509","Enterococcus spp.",0.230896200987531
"4510","Enterococcus spp.",0.740559915028218
"4511","Enterococcus spp.",0.256621661711857
"4512","Enterococcus spp.",0.294700222331841
"4513","Enterococcus spp.",-0.63480803380496
"4514","Enterococcus spp.",1.19402282587999
"4515","Enterococcus spp.",-0.084339043678757
"4516","Enterococcus spp.",0.509333951688516
"4517","Enterococcus spp.",0.418682251214185
"4518","Enterococcus spp.",-0.38464940873648
"4519","Enterococcus spp.",1.19148396986247
"4520","Enterococcus spp.",-0.101734194499586
"4521","Enterococcus spp.",0.249883676686202
"4522","Enterococcus spp.",1.60178065144659
"4523","Enterococcus spp.",0.431057281662459
"4524","Enterococcus spp.",0.836474596858573
"4525","Enterococcus spp.",-0.0520358010676598
"4526","Enterococcus spp.",0.73800882510503
"4527","Enterococcus spp.",0.0349694215818852
"4528","Enterococcus spp.",0.365846903501323
"4529","Enterococcus spp.",0.893524165787433
"4530","Enterococcus spp.",1.00018065285115
"4531","Enterococcus spp.",0.0319954334885595
"4532","Enterococcus spp.",0.491440289566042
"4533","Enterococcus spp.",0.420614632029418
"4534","Enterococcus spp.",0.123724391066513
"4535","Enterococcus spp.",0.0559681989212442
"4536","Enterococcus spp.",0.293601287124038
"4537","Enterococcus spp.",-0.159721399208668
"4538","Enterococcus spp.",1.07045160949388
"4539","Enterococcus spp.",1.13272977180546
"4540","Enterococcus spp.",0.233491252988916
"4541","Enterococcus spp.",0.892554258785404
"4542","Enterococcus spp.",-0.555634565915741
"4543","Enterococcus spp.",0.428945324992588
"4544","Enterococcus spp.",0.343815526687338
"4545","Enterococcus spp.",0.522645545117356
"4546","Enterococcus spp.",0.821970098400737
"4547","Enterococcus spp.",0.392679471798006
"4548","Enterococcus spp.",0.661306940698237
"4549","Enterococcus spp.",1.29706341143005
"4550","Enterococcus spp.",0.076375772060902
"4551","Enterococcus spp.",-0.232632069675325
"4552","Enterococcus spp.",0.143507201663409
"4553","Enterococcus spp.",0.111065098059068
"4554","Enterococcus spp.",0.606161496689849
"4555","Enterococcus spp.",0.107697631045732
"4556","Enterococcus spp.",0.273941734146595
"4557","Enterococcus spp.",0.657572068125065
"4558","Enterococcus spp.",0.423421850293407
"4559","Enterococcus spp.",0.147980030436513
"4560","Enterococcus spp.",0.764528348586886
"4561","Enterococcus spp.",0.152208608346128
"4562","Enterococcus spp.",-0.0296010113848488
"4563","Enterococcus spp.",0.0834397209054755
"4564","Enterococcus spp.",1.59918552601344
"4565","Enterococcus spp.",0.541937426782881
"4566","Enterococcus spp.",0.661809784788454
"4567","Enterococcus spp.",1.16398737677929
"4568","Enterococcus spp.",1.24982008271572
"4569","Enterococcus spp.",1.1787135609005
"4570","Enterococcus spp.",0.558023873065408
"4571","Enterococcus spp.",0.144125689361295
"4572","Enterococcus spp.",0.963219943203245
"4573","Enterococcus spp.",-0.2906927871918
"4574","Enterococcus spp.",0.305239342725539
"4575","Enterococcus spp.",0.63909897127969
"4576","Enterococcus spp.",0.332680441513651
"4577","Enterococcus spp.",0.421455798590439
"4578","Enterococcus spp.",-0.118057739364925
"4579","Enterococcus spp.",-0.0773342609212683
"4580","Enterococcus spp.",0.965346268044324
"4581","Enterococcus spp.",0.803495921595038
"4582","Enterococcus spp.",0.449715842351048
"4583","Enterococcus spp.",-0.709917481267803
"4584","Enterococcus spp.",0.0639179032787538
"4585","Enterococcus spp.",0.047627124750392
"4586","Enterococcus spp.",-0.735191758897352
"4587","Enterococcus spp.",0.747519561760963
"4588","Enterococcus spp.",0.0319835367446855
"4589","Enterococcus spp.",0.298286117786097
"4590","Enterococcus spp.",0.286177053090265
"4591","Enterococcus spp.",2.13786188836402
"4592","Enterococcus spp.",0.981736939585038
"4593","Enterococcus spp.",0.136933866053525
"4594","Enterococcus spp.",0.821952047051625
"4595","Enterococcus spp.",1.62051224226297
"4596","Enterococcus spp.",0.150688630284689
"4597","Enterococcus spp.",0.400009507977992
"4598","Enterococcus spp.",0.519817480565446
"4599","Enterococcus spp.",-0.255927362892704
"4600","Enterococcus spp.",0.6433549777576
"4601","Enterococcus spp.",0.447085524450609
"4602","Enterococcus spp.",0.848086473025982
"4603","Enterococcus spp.",0.632761212738309
"4604","Enterococcus spp.",0.445695171253725
"4605","Enterococcus spp.",0.58122280832365
"4606","Enterococcus spp.",1.19856994662857
"4607","Enterococcus spp.",0.711955554887105
"4608","Enterococcus spp.",-0.129260853746061
"4609","Enterococcus spp.",0.78742191333821
"4610","Enterococcus spp.",-0.644905406728314
"4611","Enterococcus spp.",-0.943735339235139
"4612","Enterococcus spp.",0.0332927445385419
"4613","Enterococcus spp.",-0.243030826203278
"4614","Enterococcus spp.",0.302789926728686
"4615","Enterococcus spp.",0.796289175806971
"4616","Enterococcus spp.",0.475972831410573
"4617","Enterococcus spp.",0.305102143810546
"4618","Enterococcus spp.",0.747154867079016
"4619","Enterococcus spp.",0.665030144359824
"4620","Enterococcus spp.",1.36512145859971
"4621","Enterococcus spp.",0.324108697108668
"4622","Enterococcus spp.",0.0162432166281249
"4623","Enterococcus spp.",0.75662173500801
"4624","Enterococcus spp.",0.252255196389825
"4625","Enterococcus spp.",-0.0887946388454104
"4626","Enterococcus spp.",-0.448996681256638
"4627","Enterococcus spp.",0.368971657795675
"4628","Enterococcus spp.",1.42021499012405
"4629","Enterococcus spp.",0.539809111955153
"4630","Enterococcus spp.",0.669004748840174
"4631","Enterococcus spp.",0.128493907796405
"4632","Enterococcus spp.",0.020648446124196
"4633","Enterococcus spp.",0.280331929156832
"4634","Enterococcus spp.",0.690138496109872
"4635","Enterococcus spp.",-0.0516291980860161
"4636","Enterococcus spp.",-0.0683676386420075
"4637","Enterococcus spp.",0.5415225786778
"4638","Enterococcus spp.",0.53336089506977
"4639","Enterococcus spp.",0.303016517668211
"4640","Enterococcus spp.",1.21033770861668
"4641","Enterococcus spp.",1.22586434952551
"4642","Enterococcus spp.",0.475025446855093
"4643","Enterococcus spp.",0.605149865089492
"4644","Enterococcus spp.",1.09354962949237
"4645","Enterococcus spp.",0.567410261923651
"4646","Enterococcus spp.",-0.149876494580018
"4647","Enterococcus spp.",0.438108363103113
"4648","Enterococcus spp.",0.202066452270758
"4649","Enterococcus spp.",0.296825881912788
"4650","Enterococcus spp.",0.493728558584219
"4651","Enterococcus spp.",0.26253574530331
"4652","Enterococcus spp.",-0.193809009212851
"4653","Enterococcus spp.",1.39890867207302
"4654","Enterococcus spp.",0.00818544460001617
"4655","Enterococcus spp.",1.50232832702524
"4656","Enterococcus spp.",-0.587123127592685
"4657","Enterococcus spp.",1.0786962539894
"4658","Enterococcus spp.",0.952234181377586
"4659","Enterococcus spp.",0.276839580409263
"4660","Enterococcus spp.",0.557545065676656
"4661","Enterococcus spp.",-0.737858047094638
"4662","Enterococcus spp.",0.0339471231760802
"4663","Enterococcus spp.",1.10641062046985
"4664","Enterococcus spp.",0.0471785160717288
"4665","Enterococcus spp.",0.654625410832006
"4666","Enterococcus spp.",1.19668297813626
"4667","Enterococcus spp.",0.325064299068289
"4668","Enterococcus spp.",0.335044307053347
"4669","Enterococcus spp.",0.494132682319369
"4670","Enterococcus spp.",0.404234506280679
"4671","Enterococcus spp.",0.567765646315605
"4672","Enterococcus spp.",0.170105003481228
"4673","Enterococcus spp.",2.41275648029456
"4674","Enterococcus spp.",-0.375919654077921
"4675","Enterococcus spp.",-0.030755484019467
"4676","Enterococcus spp.",0.810732359265251
"4677","Enterococcus spp.",0.0711945609904879
"4678","Enterococcus spp.",0.0345923111685493
"4679","Enterococcus spp.",-0.367716815973099
"4680","Enterococcus spp.",0.225726236923124
"4681","Enterococcus spp.",1.28918147006214
"4682","Enterococcus spp.",0.493001406870949
"4683","Enterococcus spp.",0.910572855240211
"4684","Enterococcus spp.",-0.706507198762942
"4685","Enterococcus spp.",0.066061022416426
"4686","Enterococcus spp.",0.319887702359555
"4687","Enterococcus spp.",1.17586028097409
"4688","Enterococcus spp.",0.248105732747855
"4689","Enterococcus spp.",-0.0324615505854006
"4690","Enterococcus spp.",1.27065968639788
"4691","Enterococcus spp.",0.648452462870166
"4692","Enterococcus spp.",0.273036011277886
"4693","Enterococcus spp.",0.00512736384697873
"4694","Enterococcus spp.",0.594249457240348
"4695","Enterococcus spp.",0.563580745747825
"4696","Enterococcus spp.",-0.170258192246029
"4697","Enterococcus spp.",-0.093299572486453
"4698","Enterococcus spp.",0.960632936541604
"4699","Enterococcus spp.",-0.161850183929066
"4700","Enterococcus spp.",0.61606422293198
"4701","Enterococcus spp.",0.668891237894971
"4702","Enterococcus spp.",0.215999344568889
"4703","Enterococcus spp.",0.922726212912147
"4704","Enterococcus spp.",1.44744961634805
"4705","Enterococcus spp.",-0.143535184253353
"4706","Enterococcus spp.",1.26963314667128
"4707","Enterococcus spp.",0.741067445148624
"4708","Enterococcus spp.",0.499476901251078
"4709","Enterococcus spp.",1.21965415728127
"4710","Enterococcus spp.",0.976157719656677
"4711","Enterococcus spp.",0.550345339488263
"4712","Enterococcus spp.",0.57865804439577
"4713","Enterococcus spp.",1.38305946793837
"4714","Enterococcus spp.",0.324647772612531
"4715","Enterococcus spp.",0.696311868343131
"4716","Enterococcus spp.",1.44561784282467
"4717","Enterococcus spp.",0.951595226797597
"4718","Enterococcus spp.",1.08260746823127
"4719","Enterococcus spp.",1.41603103827904
"4720","Enterococcus spp.",0.506628663730478
"4721","Enterococcus spp.",0.859565063057589
"4722","Enterococcus spp.",0.835481239546946
"4723","Enterococcus spp.",0.491364721435193
"4724","Enterococcus spp.",0.516207424547743
"4725","Enterococcus spp.",0.0192815259837109
"4726","Enterococcus spp.",-0.316127998123967
"4727","Enterococcus spp.",0.473649488295476
"4728","Enterococcus spp.",-0.740963511257401
"4729","Enterococcus spp.",0.435925687748018
"4730","Enterococcus spp.",0.391244881630732
"4731","Enterococcus spp.",0.0891011886098062
"4732","Enterococcus spp.",0.999206827562021
"4733","Enterococcus spp.",0.0169723431729484
"4734","Enterococcus spp.",0.222722633604069
"4735","Enterococcus spp.",-0.589852330964766
"4736","Enterococcus spp.",0.456988304426313
"4737","Enterococcus spp.",0.31541920631045
"4738","Enterococcus spp.",1.52478382635159
"4739","Enterococcus spp.",0.616263325988672
"4740","Enterococcus spp.",0.22251021353685
"4741","Enterococcus spp.",0.49835184127872
"4742","Enterococcus spp.",-0.0767435807078293
"4743","Enterococcus spp.",0.391149530288075
"4744","Enterococcus spp.",0.282881848688643
"4745","Enterococcus spp.",0.601323508363484
"4746","Enterococcus spp.",1.32927747241075
"4747","Enterococcus spp.",0.888174580118806
"4748","Enterococcus spp.",0.618024068829646
"4749","Enterococcus spp.",0.74588895808656
"4750","Enterococcus spp.",0.286134376464451
"4751","Enterococcus spp.",1.6866615478546
"4752","Enterococcus spp.",1.12938321218998
"4753","Enterococcus spp.",0.501438922007407
"4754","Enterococcus spp.",0.0323653335974701
"4755","Enterococcus spp.",0.66564495376861
"4756","Enterococcus spp.",0.34822313378498
"4757","Enterococcus spp.",1.06224272893041
"4758","Enterococcus spp.",1.22355235366045
"4759","Enterococcus spp.",0.281940575788955
"4760","Enterococcus spp.",0.94569657131988
"4761","Enterococcus spp.",0.0871340511050141
"4762","Enterococcus spp.",0.851308414739642
"4763","Enterococcus spp.",-0.0538845137513268
"4764","Enterococcus spp.",1.05494840051871
"4765","Enterococcus spp.",0.744251041065335
"4766","Enterococcus spp.",0.15384326868904
"4767","Enterococcus spp.",-0.0410683955909637
"4768","Enterococcus spp.",0.0451425457478826
"4769","Enterococcus spp.",-0.0128487471630837
"4770","Enterococcus spp.",0.768742911797267
"4771","Enterococcus spp.",1.09541522397555
"4772","Enterococcus spp.",-0.44362030996389
"4773","Enterococcus spp.",1.32698459966614
"4774","Enterococcus spp.",0.0915234691747066
"4775","Enterococcus spp.",-0.135984647748069
"4776","Enterococcus spp.",0.596490570788952
"4777","Enterococcus spp.",-0.0413335700311966
"4778","Enterococcus spp.",0.428141101216307
"4779","Enterococcus spp.",0.557548702446401
"4780","Enterococcus spp.",0.7785525130798
"4781","Enterococcus spp.",1.22640805930467
"4782","Enterococcus spp.",0.360976255852196
"4783","Enterococcus spp.",1.6280518833908
"4784","Enterococcus spp.",-0.346898968168222
"4785","Enterococcus spp.",1.03012106198467
"4786","Enterococcus spp.",0.365797520384636
"4787","Enterococcus spp.",-0.376571332020497
"4788","Enterococcus spp.",0.225055791018405
"4789","Enterococcus spp.",-0.247734362147523
"4790","Enterococcus spp.",0.225297118952848
"4791","Enterococcus spp.",0.456900868170695
"4792","Enterococcus spp.",0.661750815854372
"4793","Enterococcus spp.",-0.579592643018912
"4794","Enterococcus spp.",-0.164285025499971
"4795","Enterococcus spp.",0.177122101482608
"4796","Enterococcus spp.",1.1079340601716
"4797","Enterococcus spp.",0.408028967652443
"4798","Enterococcus spp.",1.04537836398676
"4799","Enterococcus spp.",-0.0772134748537368
"4800","Enterococcus spp.",0.487467281932586
"4801","Enterococcus spp.",1.12577846858825
"4802","Enterococcus spp.",1.37639834279736
"4803","Enterococcus spp.",1.51149632544115
"4804","Enterococcus spp.",0.258874979842158
"4805","Enterococcus spp.",0.225932053332636
"4806","Enterococcus spp.",0.605821358397862
"4807","Enterococcus spp.",1.25823469265484
"4808","Enterococcus spp.",-0.102565389839527
"4809","Enterococcus spp.",0.0489799846909398
"4810","Enterococcus spp.",-0.00981072625599844
"4811","Enterococcus spp.",0.165198011425856
"4812","Enterococcus spp.",0.425710243442025
"4813","Enterococcus spp.",0.564871191267576
"4814","Enterococcus spp.",0.549637311968639
"4815","Enterococcus spp.",0.20738485556488
"4816","Enterococcus spp.",0.500932317656815
"4817","Enterococcus spp.",-0.961206285880578
"4818","Enterococcus spp.",0.804437882201737
"4819","Enterococcus spp.",0.0809721479463482
"4820","Enterococcus spp.",0.349444198450896
"4821","Enterococcus spp.",-0.173716862323572
"4822","Enterococcus spp.",0.239565134823893
"4823","Enterococcus spp.",0.712920662653305
"4824","Enterococcus spp.",0.124360077499158
"4825","Enterococcus spp.",0.994209560636911
"4826","Enterococcus spp.",0.617664755934466
"4827","Enterococcus spp.",0.462798229026879
"4828","Enterococcus spp.",0.953737061791726
"4829","Enterococcus spp.",1.32131241034224
"4830","Enterococcus spp.",1.02248913023325
"4831","Enterococcus spp.",-0.125766414509798
"4832","Enterococcus spp.",0.20860761366095
"4833","Enterococcus spp.",-0.155729079191416
"4834","Enterococcus spp.",1.01934822885211
"4835","Enterococcus spp.",0.995572903510385
"4836","Enterococcus spp.",0.785171303495921
"4837","Enterococcus spp.",1.04603729723082
"4838","Enterococcus spp.",1.66584844284969
"4839","Enterococcus spp.",1.07287513857273
"4840","Enterococcus spp.",0.429221574201161
"4841","Enterococcus spp.",-0.634095775117036
"4842","Enterococcus spp.",1.52102517949508
"4843","Enterococcus spp.",0.758168931986335
"4844","Enterococcus spp.",-0.162509958307664
"4845","Enterococcus spp.",1.05694552649459
"4846","Enterococcus spp.",1.08938775455149
"4847","Enterococcus spp.",-0.0745589778226561
"4848","Enterococcus spp.",-0.0958474446492865
"4849","Enterococcus spp.",-0.352573719717894
"4850","Enterococcus spp.",-0.52172967760155
"4851","Enterococcus spp.",0.267531860079563
"4852","Enterococcus spp.",1.0206627972628
"4853","Enterococcus spp.",0.00822562023497245
"4854","Enterococcus spp.",0.0429569458450596
"4855","Enterococcus spp.",0.722446491473372
"4856","Enterococcus spp.",-0.469697145678085
"4857","Enterococcus spp.",0.845220434872491
"4858","Enterococcus spp.",0.728659757699382
"4859","Enterococcus spp.",0.95987090793103
"4860","Enterococcus spp.",0.343104549562148
"4861","Enterococcus spp.",0.809650878130552
"4862","Enterococcus spp.",0.251694003865687
"4863","Enterococcus spp.",0.294953183179679
"4864","Enterococcus spp.",1.34300416534604
"4865","Enterococcus spp.",0.139758365607044
"4866","Enterococcus spp.",-0.220598711704865
"4867","Enterococcus spp.",-0.55739900899303
"4868","Enterococcus spp.",-0.0703776190563367
"4869","Enterococcus spp.",-0.124929950542398
"4870","Enterococcus spp.",0.672096358817331
"4871","Enterococcus spp.",0.453303058760891
"4872","Enterococcus spp.",0.659678518823362
"4873","Enterococcus spp.",-0.0825467721311462
"4874","Enterococcus spp.",-0.036119680611667
"4875","Enterococcus spp.",0.482143650491512
"4876","Enterococcus spp.",-0.153410341500104
"4877","Enterococcus spp.",0.338019048878907
"4878","Enterococcus spp.",0.752510291569331
"4879","Enterococcus spp.",-0.678601125424214
"4880","Enterococcus spp.",0.957956207320338
"4881","Enterococcus spp.",-0.129716701245244
"4882","Enterococcus spp.",0.635282801750482
"4883","Enterococcus spp.",1.20633771396819
"4884","Enterococcus spp.",0.665418862160201
"4885","Enterococcus spp.",-0.0860486610229874
"4886","Enterococcus spp.",0.411473246881705
"4887","Enterococcus spp.",0.0427509652840904
"4888","Enterococcus spp.",-0.219353946326604
"4889","Enterococcus spp.",-0.621349334232945
"4890","Enterococcus spp.",0.0243570313454483
"4891","Enterococcus spp.",0.730809404064258
"4892","Enterococcus spp.",0.771268311270563
"4893","Enterococcus spp.",0.585325040881406
"4894","Enterococcus spp.",0.250661716361639
"4895","Enterococcus spp.",0.126000573775387
"4896","Enterococcus spp.",0.646612165011537
"4897","Enterococcus spp.",-0.179131902365826
"4898","Enterococcus spp.",1.01730293161576
"4899","Enterococcus spp.",-0.352638123971253
"4900","Enterococcus spp.",-0.0652885367071156
"4901","Enterococcus spp.",0.526433143010688
"4902","Enterococcus spp.",0.666095589173405
"4903","Enterococcus spp.",0.473962306480258
"4904","Enterococcus spp.",0.345343577217443
"4905","Enterococcus spp.",0.533208093333451
"4906","Enterococcus spp.",0.679022442312353
"4907","Enterococcus spp.",1.31088961326078
"4908","Enterococcus spp.",1.31505714611536
"4909","Enterococcus spp.",0.796795786519547
"4910","Enterococcus spp.",0.277876208576749
"4911","Enterococcus spp.",0.45894078575632
"4912","Enterococcus spp.",0.190041352711092
"4913","Enterococcus spp.",0.787379914599444
"4914","Enterococcus spp.",-0.225053481011969
"4915","Enterococcus spp.",0.940257610081395
"4916","Enterococcus spp.",0.682864800483766
"4917","Enterococcus spp.",0.244018621722533
"4918","Enterococcus spp.",0.371689655848664
"4919","Enterococcus spp.",0.609106653115835
"4920","Enterococcus spp.",-0.701167451493577
"4921","Enterococcus spp.",1.36053134660579
"4922","Enterococcus spp.",0.068806343956953
"4923","Enterococcus spp.",0.0622310256918819
"4924","Enterococcus spp.",0.92945543839576
"4925","Enterococcus spp.",-0.555555064257616
"4926","Enterococcus spp.",0.954168271989635
"4927","Enterococcus spp.",-0.565478925792477
"4928","Enterococcus spp.",1.25527583527932
"4929","Enterococcus spp.",0.738946353375577
"4930","Enterococcus spp.",0.780227317132833
"4931","Enterococcus spp.",1.26640987516624
"4932","Enterococcus spp.",1.05485583921588
"4933","Enterococcus spp.",0.937027565302048
"4934","Enterococcus spp.",0.446782314355211
"4935","Enterococcus spp.",0.235042013940752
"4936","Enterococcus spp.",0.505011289060517
"4937","Enterococcus spp.",0.0958510740369572
"4938","Enterococcus spp.",-0.425972594740102
"4939","Enterococcus spp.",0.679796231056465
"4940","Enterococcus spp.",-0.706500073449118
"4941","Enterococcus spp.",0.552002846771013
"4942","Enterococcus spp.",0.850451694377351
"4943","Enterococcus spp.",0.873486616924419
"4944","Enterococcus spp.",-0.469758970786222
"4945","Enterococcus spp.",0.138390275263366
"4946","Enterococcus spp.",0.602028819503452
"4947","Enterococcus spp.",0.0841976406006203
"4948","Enterococcus spp.",0.534849624233075
"4949","Enterococcus spp.",0.364626969362752
"4950","Enterococcus spp.",0.542330311897892
"4951","Enterococcus spp.",0.510064824560416
"4952","Enterococcus spp.",0.632687552497728
"4953","Enterococcus spp.",0.401689863664117
"4954","Enterococcus spp.",0.253865288820954
"4955","Enterococcus spp.",1.71262971579696
"4956","Enterococcus spp.",0.694773775947995
"4957","Enterococcus spp.",-0.0325313113954294
"4958","Enterococcus spp.",0.729818128055083
"4959","Enterococcus spp.",-0.0959683132991546
"4960","Enterococcus spp.",0.493491114015783
"4961","Enterococcus spp.",0.810484588685708
"4962","Enterococcus spp.",-0.0854320115197836
"4963","Enterococcus spp.",0.413028815381256
"4964","Enterococcus spp.",0.921791763927825
"4965","Enterococcus spp.",0.469780897706728
"4966","Enterococcus spp.",0.958982868482661
"4967","Enterococcus spp.",0.0609136721152251
"4968","Enterococcus spp.",1.30885132393742
"4969","Enterococcus spp.",0.243613619482319
"4970","Enterococcus spp.",0.508869687701232
"4971","Enterococcus spp.",0.340890976852721
"4972","Enterococcus spp.",0.331771805937781
"4973","Enterococcus spp.",0.318050448327133
"4974","Enterococcus spp.",1.41579033578463
"4975","Enterococcus spp.",0.723298555056833
"4976","Enterococcus spp.",0.342862638947441
"4977","Enterococcus spp.",-0.373951395726631
"4978","Enterococcus spp.",0.966503353455393
"4979","Enterococcus spp.",0.833569049545899
"4980","Enterococcus spp.",0.178355015969014
"4981","Enterococcus spp.",0.959329719522676
"4982","Enterococcus spp.",0.903026178361532
"4983","Enterococcus spp.",0.406631698011631
"4984","Enterococcus spp.",0.346718297879253
"4985","Enterococcus spp.",0.223457447317768
"4986","Enterococcus spp.",0.687147634386178
"4987","Enterococcus spp.",-0.580676070266246
"4988","Enterococcus spp.",0.638871902867409
"4989","Enterococcus spp.",-0.732793800864659
"4990","Enterococcus spp.",0.529598073643147
"4991","Enterococcus spp.",0.745235194153498
"4992","Enterococcus spp.",0.124260480249733
"4993","Enterococcus spp.",-0.0117595928859423
"4994","Enterococcus spp.",-0.0557293526421817
"4995","Enterococcus spp.",-0.000670412930883486
"4996","Enterococcus spp.",0.495540508708859
"4997","Enterococcus spp.",0.894397969724288
"4998","Enterococcus spp.",0.437022328217096
"4999","Enterococcus spp.",2.03170173101037
"5000","Enterococcus spp.",-0.394376535442804
"5001","K. pneumoniae",0.537739552345484
"5002","K. pneumoniae",0.584399253628451
"5003","K. pneumoniae",0.539269856578618
"5004","K. pneumoniae",0.612784116856807
"5005","K. pneumoniae",0.562789449987154
"5006","K. pneumoniae",0.48940992307992
"5007","K. pneumoniae",0.33672921380639
"5008","K. pneumoniae",0.530198719557808
"5009","K. pneumoniae",0.464516351975962
"5010","K. pneumoniae",0.614915172922842
"5011","K. pneumoniae",0.443603070119944
"5012","K. pneumoniae",0.55936849661206
"5013","K. pneumoniae",0.611802505975333
"5014","K. pneumoniae",0.501281200673414
"5015","K. pneumoniae",0.45409913913416
"5016","K. pneumoniae",0.563199634344509
"5017","K. pneumoniae",0.520627456271222
"5018","K. pneumoniae",0.563817995690605
"5019","K. pneumoniae",0.49014132617915
"5020","K. pneumoniae",0.412354596098566
"5021","K. pneumoniae",0.560945238828506
"5022","K. pneumoniae",0.48081705680103
"5023","K. pneumoniae",0.556975345616008
"5024","K. pneumoniae",0.314337989079982
"5025","K. pneumoniae",0.486176474221729
"5026","K. pneumoniae",0.559955288105837
"5027","K. pneumoniae",0.578702877665856
"5028","K. pneumoniae",0.496552052151856
"5029","K. pneumoniae",0.280402341266713
"5030","K. pneumoniae",0.572238088798453
"5031","K. pneumoniae",0.641009961509646
"5032","K. pneumoniae",0.45315775701226
"5033","K. pneumoniae",0.318701158380801
"5034","K. pneumoniae",0.491620125121807
"5035","K. pneumoniae",0.320597861765636
"5036","K. pneumoniae",0.774761717855042
"5037","K. pneumoniae",0.162494928886614
"5038","K. pneumoniae",0.528754881514856
"5039","K. pneumoniae",0.338163372795819
"5040","K. pneumoniae",0.472283207837574
"5041","K. pneumoniae",0.511650366052567
"5042","K. pneumoniae",0.572756217384584
"5043","K. pneumoniae",0.436591528808904
"5044","K. pneumoniae",0.45688145204656
"5045","K. pneumoniae",0.831832119675314
"5046","K. pneumoniae",0.52935918693722
"5047","K. pneumoniae",0.580223690606089
"5048","K. pneumoniae",0.54329941320022
"5049","K. pneumoniae",0.750970364911562
"5050","K. pneumoniae",0.714405989870773
"5051","K. pneumoniae",0.797174697901757
"5052","K. pneumoniae",0.529422867778661
"5053","K. pneumoniae",0.427784275969745
"5054","K. pneumoniae",0.432990691661543
"5055","K. pneumoniae",0.593781360606831
"5056","K. pneumoniae",0.538958111098067
"5057","K. pneumoniae",0.591640282726135
"5058","K. pneumoniae",0.44158035680804
"5059","K. pneumoniae",0.641371983732662
"5060","K. pneumoniae",0.553382655672227
"5061","K. pneumoniae",0.38006474995467
"5062","K. pneumoniae",0.549239328507565
"5063","K. pneumoniae",0.256589582387638
"5064","K. pneumoniae",0.325588439149342
"5065","K. pneumoniae",0.622112727218867
"5066","K. pneumoniae",0.618006029968646
"5067","K. pneumoniae",0.373910148040197
"5068","K. pneumoniae",0.698561012384874
"5069","K. pneumoniae",0.317731392000775
"5070","K. pneumoniae",0.480492504389604
"5071","K. pneumoniae",0.536267651767694
"5072","K. pneumoniae",0.236847678442518
"5073","K. pneumoniae",0.488974087071262
"5074","K. pneumoniae",0.352714208945475
"5075","K. pneumoniae",0.66467191183427
"5076","K. pneumoniae",0.345369113418309
"5077","K. pneumoniae",0.522921460574497
"5078","K. pneumoniae",0.693293063144548
"5079","K. pneumoniae",0.36703235744696
"5080","K. pneumoniae",0.604045550832081
"5081","K. pneumoniae",0.67342906328344
"5082","K. pneumoniae",0.569002598194236
"5083","K. pneumoniae",0.424523078902511
"5084","K. pneumoniae",0.509319765273567
"5085","K. pneumoniae",0.71063168093197
"5086","K. pneumoniae",0.536989970876705
"5087","K. pneumoniae",0.551361934259261
"5088","K. pneumoniae",0.808605821967554
"5089","K. pneumoniae",0.834932811107326
"5090","K. pneumoniae",0.391686259960011
"5091","K. pneumoniae",0.467391151523879
"5092","K. pneumoniae",0.859083639082106
"5093","K. pneumoniae",0.392510150977162
"5094","K. pneumoniae",0.673538951573307
"5095","K. pneumoniae",0.456947922077327
"5096","K. pneumoniae",0.426290395220031
"5097","K. pneumoniae",0.371520250128699
"5098","K. pneumoniae",0.406499060509478
"5099","K. pneumoniae",0.398661420928018
"5100","K. pneumoniae",0.541667586475323
"5101","K. pneumoniae",0.876364560284979
"5102","K. pneumoniae",0.660930958258058
"5103","K. pneumoniae",0.505006785977701
"5104","K. pneumoniae",0.589670187642725
"5105","K. pneumoniae",0.5542171632733
"5106","K. pneumoniae",0.685678343927794
"5107","K. pneumoniae",0.231573753900245
"5108","K. pneumoniae",0.516074797829659
"5109","K. pneumoniae",0.480455407628132
"5110","K. pneumoniae",0.531572514131143
"5111","K. pneumoniae",0.627291914022054
"5112","K. pneumoniae",0.438276444198329
"5113","K. pneumoniae",0.242590102741215
"5114","K. pneumoniae",0.533628795528139
"5115","K. pneumoniae",0.493086419809479
"5116","K. pneumoniae",0.512078541307398
"5117","K. pneumoniae",0.302775766818484
"5118","K. pneumoniae",0.581709323735016
"5119","K. pneumoniae",0.385885924371007
"5120","K. pneumoniae",0.375047411288255
"5121","K. pneumoniae",0.646952188479089
"5122","K. pneumoniae",0.624946073085563
"5123","K. pneumoniae",0.299605434266334
"5124","K. pneumoniae",0.676321419486449
"5125","K. pneumoniae",0.516470080261477
"5126","K. pneumoniae",0.438999913879202
"5127","K. pneumoniae",0.540468407710372
"5128","K. pneumoniae",0.627171115946871
"5129","K. pneumoniae",0.415337450387282
"5130","K. pneumoniae",0.482264733682214
"5131","K. pneumoniae",0.581155061841204
"5132","K. pneumoniae",0.523034294419315
"5133","K. pneumoniae",0.312265785084561
"5134","K. pneumoniae",0.616989699510438
"5135","K. pneumoniae",0.485012145411555
"5136","K. pneumoniae",0.515408413555911
"5137","K. pneumoniae",0.579984940242242
"5138","K. pneumoniae",0.714792021271983
"5139","K. pneumoniae",0.572327193227209
"5140","K. pneumoniae",0.248404666564015
"5141","K. pneumoniae",0.510645508320101
"5142","K. pneumoniae",0.359995893497618
"5143","K. pneumoniae",0.595681830260879
"5144","K. pneumoniae",0.501025882842795
"5145","K. pneumoniae",0.783954233458954
"5146","K. pneumoniae",0.579569223316544
"5147","K. pneumoniae",0.498559275015651
"5148","K. pneumoniae",0.605234969677246
"5149","K. pneumoniae",0.474143647725815
"5150","K. pneumoniae",0.470340545390744
"5151","K. pneumoniae",0.411730319606105
"5152","K. pneumoniae",0.40689577040547
"5153","K. pneumoniae",0.601909783629358
"5154","K. pneumoniae",0.680781741664327
"5155","K. pneumoniae",0.615468821536901
"5156","K. pneumoniae",0.429766516600315
"5157","K. pneumoniae",0.331784471245314
"5158","K. pneumoniae",0.451353917524043
"5159","K. pneumoniae",0.44099567501105
"5160","K. pneumoniae",0.447362460556506
"5161","K. pneumoniae",0.474726965719063
"5162","K. pneumoniae",0.565834981538369
"5163","K. pneumoniae",0.586401596850206
"5164","K. pneumoniae",0.475604728985902
"5165","K. pneumoniae",0.253466321270588
"5166","K. pneumoniae",0.311553131539596
"5167","K. pneumoniae",0.578679289110401
"5168","K. pneumoniae",0.381690619679113
"5169","K. pneumoniae",0.461545311639632
"5170","K. pneumoniae",0.567381624935637
"5171","K. pneumoniae",0.373293224393014
"5172","K. pneumoniae",0.40221946989469
"5173","K. pneumoniae",0.284984131613314
"5174","K. pneumoniae",0.427271759625263
"5175","K. pneumoniae",0.463993138021132
"5176","K. pneumoniae",0.559984331145346
"5177","K. pneumoniae",0.427201897739102
"5178","K. pneumoniae",0.295209357194719
"5179","K. pneumoniae",0.465701120484717
"5180","K. pneumoniae",0.621343017920252
"5181","K. pneumoniae",0.465792587576128
"5182","K. pneumoniae",0.456380845733119
"5183","K. pneumoniae",0.864559207737586
"5184","K. pneumoniae",0.412970261705458
"5185","K. pneumoniae",0.493973145355918
"5186","K. pneumoniae",0.425027193827305
"5187","K. pneumoniae",0.837331166893841
"5188","K. pneumoniae",0.561758624826663
"5189","K. pneumoniae",0.628757432782723
"5190","K. pneumoniae",0.578986770112282
"5191","K. pneumoniae",0.597873338174976
"5192","K. pneumoniae",0.385393493280474
"5193","K. pneumoniae",0.380817319179987
"5194","K. pneumoniae",0.420191940658929
"5195","K. pneumoniae",0.662429886920933
"5196","K. pneumoniae",0.199168733462124
"5197","K. pneumoniae",0.512627919628569
"5198","K. pneumoniae",0.5191042792646
"5199","K. pneumoniae",0.544964576746493
"5200","K. pneumoniae",0.413914450495672
"5201","K. pneumoniae",0.379254735213101
"5202","K. pneumoniae",0.453459090877583
"5203","K. pneumoniae",0.456607214951145
"5204","K. pneumoniae",0.584799833681422
"5205","K. pneumoniae",0.301239483428213
"5206","K. pneumoniae",0.465433822735484
"5207","K. pneumoniae",0.283542254641112
"5208","K. pneumoniae",0.507858808300751
"5209","K. pneumoniae",0.587821489550737
"5210","K. pneumoniae",0.559978994832224
"5211","K. pneumoniae",0.539506474375887
"5212","K. pneumoniae",0.299356084779813
"5213","K. pneumoniae",0.487633025434638
"5214","K. pneumoniae",0.531183241879167
"5215","K. pneumoniae",0.395718095064208
"5216","K. pneumoniae",0.531558579522466
"5217","K. pneumoniae",0.595411293541134
"5218","K. pneumoniae",0.510113479508744
"5219","K. pneumoniae",0.515709650268963
"5220","K. pneumoniae",0.327250213941742
"5221","K. pneumoniae",0.527600605673417
"5222","K. pneumoniae",0.43745138927495
"5223","K. pneumoniae",0.627593524066003
"5224","K. pneumoniae",0.471366950670587
"5225","K. pneumoniae",0.584611971619961
"5226","K. pneumoniae",0.718605902906835
"5227","K. pneumoniae",0.395020133796531
"5228","K. pneumoniae",0.444634863626428
"5229","K. pneumoniae",0.512807543972156
"5230","K. pneumoniae",0.734648299861019
"5231","K. pneumoniae",0.378339249180523
"5232","K. pneumoniae",0.321111853690314
"5233","K. pneumoniae",0.445053620595152
"5234","K. pneumoniae",0.487311043299707
"5235","K. pneumoniae",0.517434292163595
"5236","K. pneumoniae",0.46672471223803
"5237","K. pneumoniae",0.507760661944293
"5238","K. pneumoniae",0.405575277994871
"5239","K. pneumoniae",0.391669032640737
"5240","K. pneumoniae",0.586943053481291
"5241","K. pneumoniae",0.352988366121272
"5242","K. pneumoniae",0.405899683212996
"5243","K. pneumoniae",0.520694325783934
"5244","K. pneumoniae",0.60779829549671
"5245","K. pneumoniae",0.588976029359256
"5246","K. pneumoniae",0.583362942006732
"5247","K. pneumoniae",0.673119616476916
"5248","K. pneumoniae",0.556296343151541
"5249","K. pneumoniae",0.492975442330693
"5250","K. pneumoniae",0.413667611332045
"5251","K. pneumoniae",0.451484333938659
"5252","K. pneumoniae",0.26616203634885
"5253","K. pneumoniae",0.364056537793908
"5254","K. pneumoniae",0.62309704221596
"5255","K. pneumoniae",0.800239722530604
"5256","K. pneumoniae",0.418679734016775
"5257","K. pneumoniae",0.44661476077378
"5258","K. pneumoniae",0.487578076089397
"5259","K. pneumoniae",0.493547437604865
"5260","K. pneumoniae",0.759893132762895
"5261","K. pneumoniae",0.494571498202409
"5262","K. pneumoniae",0.41154260975599
"5263","K. pneumoniae",0.579027486712578
"5264","K. pneumoniae",0.427886212381275
"5265","K. pneumoniae",0.632463790622685
"5266","K. pneumoniae",0.355977767566375
"5267","K. pneumoniae",0.537194872568228
"5268","K. pneumoniae",0.573880692643024
"5269","K. pneumoniae",0.389436776923399
"5270","K. pneumoniae",0.584426719233036
"5271","K. pneumoniae",0.810941191869667
"5272","K. pneumoniae",0.416833530472721
"5273","K. pneumoniae",0.694777439902551
"5274","K. pneumoniae",0.385441568339295
"5275","K. pneumoniae",0.563233728283681
"5276","K. pneumoniae",0.113319333827354
"5277","K. pneumoniae",0.415382255134669
"5278","K. pneumoniae",0.317210938146428
"5279","K. pneumoniae",0.586406254327157
"5280","K. pneumoniae",0.524197986010709
"5281","K. pneumoniae",0.349470602462418
"5282","K. pneumoniae",0.481883835283905
"5283","K. pneumoniae",0.62497113755738
"5284","K. pneumoniae",0.42914799659714
"5285","K. pneumoniae",0.64685466867381
"5286","K. pneumoniae",0.650111038079907
"5287","K. pneumoniae",0.663796992570711
"5288","K. pneumoniae",0.552074557548779
"5289","K. pneumoniae",0.504524643321351
"5290","K. pneumoniae",0.540909157853115
"5291","K. pneumoniae",0.59293218752675
"5292","K. pneumoniae",0.447122256122911
"5293","K. pneumoniae",0.601788687871396
"5294","K. pneumoniae",0.541208080075149
"5295","K. pneumoniae",0.582983747013868
"5296","K. pneumoniae",0.41505032808643
"5297","K. pneumoniae",0.483517046177336
"5298","K. pneumoniae",0.666776625891694
"5299","K. pneumoniae",0.366610929753358
"5300","K. pneumoniae",0.446634724454347
"5301","K. pneumoniae",0.472326242396692
"5302","K. pneumoniae",0.505590504414312
"5303","K. pneumoniae",0.192143009261363
"5304","K. pneumoniae",0.433759750875255
"5305","K. pneumoniae",0.628844639144796
"5306","K. pneumoniae",0.425459931085757
"5307","K. pneumoniae",0.561028466626039
"5308","K. pneumoniae",0.393671417419429
"5309","K. pneumoniae",0.449796665559625
"5310","K. pneumoniae",0.498851636383736
"5311","K. pneumoniae",0.470747670056402
"5312","K. pneumoniae",0.307210441579531
"5313","K. pneumoniae",0.469233943875799
"5314","K. pneumoniae",0.495082183155747
"5315","K. pneumoniae",0.41958256186247
"5316","K. pneumoniae",0.694487823283545
"5317","K. pneumoniae",0.283136646088966
"5318","K. pneumoniae",0.429624125219145
"5319","K. pneumoniae",0.754639326452796
"5320","K. pneumoniae",0.414328692387331
"5321","K. pneumoniae",0.429656737993869
"5322","K. pneumoniae",0.436770417004801
"5323","K. pneumoniae",0.490552452457695
"5324","K. pneumoniae",0.448058792983576
"5325","K. pneumoniae",0.514593316377151
"5326","K. pneumoniae",0.66129480302285
"5327","K. pneumoniae",0.572897231917055
"5328","K. pneumoniae",0.57749400584795
"5329","K. pneumoniae",0.475216252792539
"5330","K. pneumoniae",0.402036378979645
"5331","K. pneumoniae",0.523979811520232
"5332","K. pneumoniae",0.467567170665027
"5333","K. pneumoniae",0.258492807042751
"5334","K. pneumoniae",0.373661198953335
"5335","K. pneumoniae",0.453244317546203
"5336","K. pneumoniae",0.537542365748338
"5337","K. pneumoniae",0.467633834941156
"5338","K. pneumoniae",0.659637146944479
"5339","K. pneumoniae",0.478522669997891
"5340","K. pneumoniae",0.738961319725458
"5341","K. pneumoniae",0.430745969310665
"5342","K. pneumoniae",0.480544069077577
"5343","K. pneumoniae",0.573278070041992
"5344","K. pneumoniae",0.293582498054056
"5345","K. pneumoniae",0.559555187488755
"5346","K. pneumoniae",0.398647817753962
"5347","K. pneumoniae",0.620849204947461
"5348","K. pneumoniae",0.362064278364009
"5349","K. pneumoniae",0.752585258860543
"5350","K. pneumoniae",0.387520992345782
"5351","K. pneumoniae",0.660774062077048
"5352","K. pneumoniae",0.601223187010976
"5353","K. pneumoniae",0.381806141510412
"5354","K. pneumoniae",0.586665580894731
"5355","K. pneumoniae",0.530752665469809
"5356","K. pneumoniae",0.344201016901267
"5357","K. pneumoniae",0.337533357702741
"5358","K. pneumoniae",0.352289869223408
"5359","K. pneumoniae",0.66120987240582
"5360","K. pneumoniae",0.654446786265036
"5361","K. pneumoniae",0.344498997198009
"5362","K. pneumoniae",0.389346861654719
"5363","K. pneumoniae",0.52955922328454
"5364","K. pneumoniae",0.404474280625787
"5365","K. pneumoniae",0.305761803620074
"5366","K. pneumoniae",0.473285277751961
"5367","K. pneumoniae",0.512017318463765
"5368","K. pneumoniae",0.501763539128847
"5369","K. pneumoniae",0.643624812493739
"5370","K. pneumoniae",0.471613458849146
"5371","K. pneumoniae",0.279926866878916
"5372","K. pneumoniae",0.406716218121439
"5373","K. pneumoniae",0.496688930237321
"5374","K. pneumoniae",0.247908854743309
"5375","K. pneumoniae",0.679908860031254
"5376","K. pneumoniae",0.742065691575828
"5377","K. pneumoniae",0.590811890853275
"5378","K. pneumoniae",0.352220517608751
"5379","K. pneumoniae",0.709120925580513
"5380","K. pneumoniae",0.666912021494323
"5381","K. pneumoniae",0.655658846912785
"5382","K. pneumoniae",0.403823379367459
"5383","K. pneumoniae",0.436724900775748
"5384","K. pneumoniae",0.61237709180345
"5385","K. pneumoniae",0.288214413807341
"5386","K. pneumoniae",0.467856935308514
"5387","K. pneumoniae",0.471134746209046
"5388","K. pneumoniae",0.412564198353261
"5389","K. pneumoniae",0.501533283181189
"5390","K. pneumoniae",0.844281651425084
"5391","K. pneumoniae",0.56418033644719
"5392","K. pneumoniae",0.328813950975288
"5393","K. pneumoniae",0.36679590377829
"5394","K. pneumoniae",0.397799134802558
"5395","K. pneumoniae",0.324485910868504
"5396","K. pneumoniae",0.465237774079973
"5397","K. pneumoniae",0.38058346387611
"5398","K. pneumoniae",0.455348426376169
"5399","K. pneumoniae",0.642455591576043
"5400","K. pneumoniae",0.478213811118521
"5401","K. pneumoniae",0.480920158891024
"5402","K. pneumoniae",0.516415934195897
"5403","K. pneumoniae",0.531948795223315
"5404","K. pneumoniae",0.483103236399674
"5405","K. pneumoniae",0.530130895675589
"5406","K. pneumoniae",0.621454922209866
"5407","K. pneumoniae",0.662243175828413
"5408","K. pneumoniae",0.437018993895399
"5409","K. pneumoniae",0.501020059637846
"5410","K. pneumoniae",0.492866124605011
"5411","K. pneumoniae",0.671139295849593
"5412","K. pneumoniae",0.500257075751594
"5413","K. pneumoniae",0.489697452010289
"5414","K. pneumoniae",0.377595321421766
"5415","K. pneumoniae",0.240869471293672
"5416","K. pneumoniae",0.411703287856784
"5417","K. pneumoniae",0.523142159988509
"5418","K. pneumoniae",0.553663768337542
"5419","K. pneumoniae",0.290323865482605
"5420","K. pneumoniae",0.588730180649171
"5421","K. pneumoniae",0.638063635339681
"5422","K. pneumoniae",0.408343858450786
"5423","K. pneumoniae",0.44083067047985
"5424","K. pneumoniae",0.272574908774085
"5425","K. pneumoniae",0.721867294973048
"5426","K. pneumoniae",0.426426373761457
"5427","K. pneumoniae",0.659241969756378
"5428","K. pneumoniae",0.601287430802341
"5429","K. pneumoniae",0.552010325510795
"5430","K. pneumoniae",0.521159161780576
"5431","K. pneumoniae",0.466745715752841
"5432","K. pneumoniae",0.532726705602196
"5433","K. pneumoniae",0.484058700584876
"5434","K. pneumoniae",0.614210109291579
"5435","K. pneumoniae",0.560990140732518
"5436","K. pneumoniae",0.558683262174615
"5437","K. pneumoniae",0.582396068799119
"5438","K. pneumoniae",0.733360102985342
"5439","K. pneumoniae",0.493160945725279
"5440","K. pneumoniae",0.677913368479383
"5441","K. pneumoniae",0.437010746393361
"5442","K. pneumoniae",0.573553263855925
"5443","K. pneumoniae",0.262183075324453
"5444","K. pneumoniae",0.430667206339681
"5445","K. pneumoniae",0.46527043364295
"5446","K. pneumoniae",0.646116010021612
"5447","K. pneumoniae",0.528436226482008
"5448","K. pneumoniae",0.440412067742178
"5449","K. pneumoniae",0.459191458106938
"5450","K. pneumoniae",0.607127408784834
"5451","K. pneumoniae",0.475454744435176
"5452","K. pneumoniae",0.314733287985227
"5453","K. pneumoniae",0.544034506824234
"5454","K. pneumoniae",0.338115718811962
"5455","K. pneumoniae",0.32944298509333
"5456","K. pneumoniae",0.340256741134286
"5457","K. pneumoniae",0.448030511719389
"5458","K. pneumoniae",0.40780447880935
"5459","K. pneumoniae",0.507090839296881
"5460","K. pneumoniae",0.418306217338967
"5461","K. pneumoniae",0.322483458682515
"5462","K. pneumoniae",0.543175891718414
"5463","K. pneumoniae",0.479399102635869
"5464","K. pneumoniae",0.444177225835087
"5465","K. pneumoniae",0.349587396663332
"5466","K. pneumoniae",0.495785837763861
"5467","K. pneumoniae",0.540477495130352
"5468","K. pneumoniae",0.265440949216315
"5469","K. pneumoniae",0.543449914645552
"5470","K. pneumoniae",0.5685930488097
"5471","K. pneumoniae",0.607807392924609
"5472","K. pneumoniae",0.530235375134073
"5473","K. pneumoniae",0.534977340192626
"5474","K. pneumoniae",0.445966133348453
"5475","K. pneumoniae",0.427428176903898
"5476","K. pneumoniae",0.722827628031724
"5477","K. pneumoniae",0.442244651704868
"5478","K. pneumoniae",0.698479005775803
"5479","K. pneumoniae",0.362320269499147
"5480","K. pneumoniae",0.449534210108814
"5481","K. pneumoniae",0.456595649805756
"5482","K. pneumoniae",0.498613633363889
"5483","K. pneumoniae",0.531773325602784
"5484","K. pneumoniae",0.378803256734063
"5485","K. pneumoniae",0.270357494529641
"5486","K. pneumoniae",0.386120683011518
"5487","K. pneumoniae",0.483518925238503
"5488","K. pneumoniae",0.335951403588829
"5489","K. pneumoniae",0.619043783514029
"5490","K. pneumoniae",0.736234474550503
"5491","K. pneumoniae",0.482923045311677
"5492","K. pneumoniae",0.346464740887933
"5493","K. pneumoniae",0.422621694199439
"5494","K. pneumoniae",0.487856757756635
"5495","K. pneumoniae",0.420225221822376
"5496","K. pneumoniae",0.527780879547698
"5497","K. pneumoniae",0.656951493719919
"5498","K. pneumoniae",0.493914303542182
"5499","K. pneumoniae",0.324030532165227
"5500","K. pneumoniae",0.726722491929769
"5501","K. pneumoniae",0.462875543224492
"5502","K. pneumoniae",0.283118642934226
"5503","K. pneumoniae",0.269486188897408
"5504","K. pneumoniae",0.40837174348984
"5505","K. pneumoniae",0.572333736451612
"5506","K. pneumoniae",0.291665560228528
"5507","K. pneumoniae",0.641056816330244
"5508","K. pneumoniae",0.59112339518449
"5509","K. pneumoniae",0.501641514381168
"5510","K. pneumoniae",0.551073867277139
"5511","K. pneumoniae",0.406219400050039
"5512","K. pneumoniae",0.458567910583265
"5513","K. pneumoniae",0.526683346681618
"5514","K. pneumoniae",0.48672340923329
"5515","K. pneumoniae",0.465120609361864
"5516","K. pneumoniae",0.539824280936033
"5517","K. pneumoniae",0.493688593648033
"5518","K. pneumoniae",0.294607710740171
"5519","K. pneumoniae",0.35263470426184
"5520","K. pneumoniae",0.404753887749357
"5521","K. pneumoniae",0.305722141022958
"5522","K. pneumoniae",0.549365193476185
"5523","K. pneumoniae",0.591642103035955
"5524","K. pneumoniae",0.364340173871134
"5525","K. pneumoniae",0.560336028663717
"5526","K. pneumoniae",0.627015969563315
"5527","K. pneumoniae",0.524075978613663
"5528","K. pneumoniae",0.559023518436511
"5529","K. pneumoniae",0.33349284030884
"5530","K. pneumoniae",0.521078807037016
"5531","K. pneumoniae",0.556700037148705
"5532","K. pneumoniae",0.631481759562686
"5533","K. pneumoniae",0.370594507412129
"5534","K. pneumoniae",0.5733983432379
"5535","K. pneumoniae",0.419703781223561
"5536","K. pneumoniae",0.351583363625066
"5537","K. pneumoniae",0.544319589411394
"5538","K. pneumoniae",0.441233055944835
"5539","K. pneumoniae",0.610818431414186
"5540","K. pneumoniae",0.543474910972801
"5541","K. pneumoniae",0.714354759195348
"5542","K. pneumoniae",0.384392192252623
"5543","K. pneumoniae",0.299239706793903
"5544","K. pneumoniae",0.620600840016976
"5545","K. pneumoniae",0.36435760653117
"5546","K. pneumoniae",0.431632213675136
"5547","K. pneumoniae",0.683613770919677
"5548","K. pneumoniae",0.462784478183703
"5549","K. pneumoniae",0.457796705894088
"5550","K. pneumoniae",0.438194235356895
"5551","K. pneumoniae",0.582534674474072
"5552","K. pneumoniae",0.438453023769057
"5553","K. pneumoniae",0.670788003908348
"5554","K. pneumoniae",0.589510962411228
"5555","K. pneumoniae",0.476361677729892
"5556","K. pneumoniae",0.503149079553742
"5557","K. pneumoniae",0.246368366779764
"5558","K. pneumoniae",0.692801615696089
"5559","K. pneumoniae",0.584028707480478
"5560","K. pneumoniae",0.502475212210832
"5561","K. pneumoniae",0.372291695109454
"5562","K. pneumoniae",0.349274639427042
"5563","K. pneumoniae",0.231079655710094
"5564","K. pneumoniae",0.362097581874978
"5565","K. pneumoniae",0.35913062108939
"5566","K. pneumoniae",0.368791400986663
"5567","K. pneumoniae",0.439924896104165
"5568","K. pneumoniae",0.612564270121048
"5569","K. pneumoniae",0.573482160828097
"5570","K. pneumoniae",0.568050250224182
"5571","K. pneumoniae",0.568463456283266
"5572","K. pneumoniae",0.900943462205587
"5573","K. pneumoniae",0.620227957764483
"5574","K. pneumoniae",0.473700131490668
"5575","K. pneumoniae",0.563134046074283
"5576","K. pneumoniae",0.514243642468963
"5577","K. pneumoniae",0.516126332300371
"5578","K. pneumoniae",0.61344514464667
"5579","K. pneumoniae",0.47248299976051
"5580","K. pneumoniae",0.561432014662969
"5581","K. pneumoniae",0.269243058905668
"5582","K. pneumoniae",0.527732597735744
"5583","K. pneumoniae",0.536398842392884
"5584","K. pneumoniae",0.51484287424523
"5585","K. pneumoniae",0.247505697689827
"5586","K. pneumoniae",0.417015823667844
"5587","K. pneumoniae",0.39168907580314
"5588","K. pneumoniae",0.401141829777162
"5589","K. pneumoniae",0.355084272403165
"5590","K. pneumoniae",0.417952529731347
"5591","K. pneumoniae",0.518006656187585
"5592","K. pneumoniae",0.495315876644486
"5593","K. pneumoniae",0.598688250819131
"5594","K. pneumoniae",0.482871458790129
"5595","K. pneumoniae",0.535712177857088
"5596","K. pneumoniae",0.675248761151958
"5597","K. pneumoniae",0.637938105364639
"5598","K. pneumoniae",0.396312051207452
"5599","K. pneumoniae",0.465635887889657
"5600","K. pneumoniae",0.528511523510364
"5601","K. pneumoniae",0.592841900197305
"5602","K. pneumoniae",0.446243851694075
"5603","K. pneumoniae",0.474705286471374
"5604","K. pneumoniae",0.781735848458928
"5605","K. pneumoniae",0.585159353818235
"5606","K. pneumoniae",0.614713548647374
"5607","K. pneumoniae",0.511788281004316
"5608","K. pneumoniae",0.453840188315172
"5609","K. pneumoniae",0.572935862504711
"5610","K. pneumoniae",0.504216381809671
"5611","K. pneumoniae",0.389385605986927
"5612","K. pneumoniae",0.318858505639018
"5613","K. pneumoniae",0.488436085563362
"5614","K. pneumoniae",0.49539728762103
"5615","K. pneumoniae",0.467133644056767
"5616","K. pneumoniae",0.506348971323237
"5617","K. pneumoniae",0.557519415811601
"5618","K. pneumoniae",0.473868773066673
"5619","K. pneumoniae",0.54915267666161
"5620","K. pneumoniae",0.451364223324197
"5621","K. pneumoniae",0.482894537235625
"5622","K. pneumoniae",0.256040527563176
"5623","K. pneumoniae",0.553854377056352
"5624","K. pneumoniae",0.50684596324895
"5625","K. pneumoniae",0.499804702810497
"5626","K. pneumoniae",0.080027253807329
"5627","K. pneumoniae",0.533546525676596
"5628","K. pneumoniae",0.374553324195644
"5629","K. pneumoniae",0.603244228252443
"5630","K. pneumoniae",0.146077224638885
"5631","K. pneumoniae",0.504627116529247
"5632","K. pneumoniae",0.655862518176218
"5633","K. pneumoniae",0.609636860198071
"5634","K. pneumoniae",0.53434318392016
"5635","K. pneumoniae",0.65241100930564
"5636","K. pneumoniae",0.41748400600288
"5637","K. pneumoniae",0.448266104587373
"5638","K. pneumoniae",0.409875801634523
"5639","K. pneumoniae",0.553696436241522
"5640","K. pneumoniae",0.497476075716338
"5641","K. pneumoniae",0.51891165826075
"5642","K. pneumoniae",0.665692513834929
"5643","K. pneumoniae",0.258745277867789
"5644","K. pneumoniae",0.361090621063365
"5645","K. pneumoniae",0.459356554464107
"5646","K. pneumoniae",0.416303842411921
"5647","K. pneumoniae",0.470997035775952
"5648","K. pneumoniae",0.544512220119658
"5649","K. pneumoniae",0.437309223607339
"5650","K. pneumoniae",0.515405593849779
"5651","K. pneumoniae",0.68208103443843
"5652","K. pneumoniae",0.378532573804895
"5653","K. pneumoniae",0.539437550904507
"5654","K. pneumoniae",0.651365999531442
"5655","K. pneumoniae",0.67752343810392
"5656","K. pneumoniae",0.767400213281058
"5657","K. pneumoniae",0.539610656151105
"5658","K. pneumoniae",0.538578946170902
"5659","K. pneumoniae",0.439012936051032
"5660","K. pneumoniae",0.501761435462165
"5661","K. pneumoniae",0.535683831383228
"5662","K. pneumoniae",0.201431650926892
"5663","K. pneumoniae",0.579411945182007
"5664","K. pneumoniae",0.653948578583133
"5665","K. pneumoniae",0.59386289510221
"5666","K. pneumoniae",0.479387072678237
"5667","K. pneumoniae",0.600308796262321
"5668","K. pneumoniae",0.569576036880086
"5669","K. pneumoniae",0.58897229916276
"5670","K. pneumoniae",0.488294713489841
"5671","K. pneumoniae",0.380106214502452
"5672","K. pneumoniae",0.579140041648179
"5673","K. pneumoniae",0.513805950807427
"5674","K. pneumoniae",0.472962987914227
"5675","K. pneumoniae",0.609236409673692
"5676","K. pneumoniae",0.648523902034345
"5677","K. pneumoniae",0.595372556524731
"5678","K. pneumoniae",0.446692673445562
"5679","K. pneumoniae",0.527054598703821
"5680","K. pneumoniae",0.599638556782288
"5681","K. pneumoniae",0.394270636451113
"5682","K. pneumoniae",0.308269496823976
"5683","K. pneumoniae",0.34035447666773
"5684","K. pneumoniae",0.513829585049093
"5685","K. pneumoniae",0.458125624416039
"5686","K. pneumoniae",0.671405156383155
"5687","K. pneumoniae",0.364734748291926
"5688","K. pneumoniae",0.712848848157019
"5689","K. pneumoniae",0.657649084237347
"5690","K. pneumoniae",0.545992506561564
"5691","K. pneumoniae",0.42485651852034
"5692","K. pneumoniae",0.520186659589213
"5693","K. pneumoniae",0.349699530484435
"5694","K. pneumoniae",0.445287035837763
"5695","K. pneumoniae",0.738607963821207
"5696","K. pneumoniae",0.783964878059458
"5697","K. pneumoniae",0.436752107917445
"5698","K. pneumoniae",0.623125738542817
"5699","K. pneumoniae",0.504579186533493
"5700","K. pneumoniae",0.543459481499301
"5701","K. pneumoniae",0.498822929406174
"5702","K. pneumoniae",0.577604683604055
"5703","K. pneumoniae",0.562180217044875
"5704","K. pneumoniae",0.652946860428203
"5705","K. pneumoniae",0.766868520212578
"5706","K. pneumoniae",0.45108113402678
"5707","K. pneumoniae",0.423410800048577
"5708","K. pneumoniae",0.496076253868397
"5709","K. pneumoniae",0.622677802047794
"5710","K. pneumoniae",0.347122864920143
"5711","K. pneumoniae",0.444429397956906
"5712","K. pneumoniae",0.714270167927674
"5713","K. pneumoniae",0.514473227268921
"5714","K. pneumoniae",0.496456181361696
"5715","K. pneumoniae",0.503949916210634
"5716","K. pneumoniae",0.352578806257935
"5717","K. pneumoniae",0.354217199103544
"5718","K. pneumoniae",0.542129100200102
"5719","K. pneumoniae",0.542513167528247
"5720","K. pneumoniae",0.501271614680154
"5721","K. pneumoniae",0.395852827371212
"5722","K. pneumoniae",0.779339320969025
"5723","K. pneumoniae",0.459690572804226
"5724","K. pneumoniae",0.440588857780529
"5725","K. pneumoniae",0.365545228598426
"5726","K. pneumoniae",0.841630831931917
"5727","K. pneumoniae",0.547423932817754
"5728","K. pneumoniae",0.290507398555412
"5729","K. pneumoniae",0.576734603326594
"5730","K. pneumoniae",0.279673904228564
"5731","K. pneumoniae",0.376869995114845
"5732","K. pneumoniae",0.501175928688264
"5733","K. pneumoniae",0.374053713768679
"5734","K. pneumoniae",0.36222866664151
"5735","K. pneumoniae",0.3920314863198
"5736","K. pneumoniae",0.587149119158403
"5737","K. pneumoniae",0.436843256934248
"5738","K. pneumoniae",0.476174369083275
"5739","K. pneumoniae",0.415390981360735
"5740","K. pneumoniae",0.470903223104481
"5741","K. pneumoniae",0.296770189009146
"5742","K. pneumoniae",0.60760868806919
"5743","K. pneumoniae",0.594865290822748
"5744","K. pneumoniae",0.541924417000507
"5745","K. pneumoniae",0.369364283352675
"5746","K. pneumoniae",0.575817314572017
"5747","K. pneumoniae",0.476122392991406
"5748","K. pneumoniae",0.482903831471203
"5749","K. pneumoniae",0.487486156167966
"5750","K. pneumoniae",0.386090789755929
"5751","K. pneumoniae",0.308112598249594
"5752","K. pneumoniae",0.589168591298276
"5753","K. pneumoniae",0.395233280310701
"5754","K. pneumoniae",0.615895485909641
"5755","K. pneumoniae",0.638049305315921
"5756","K. pneumoniae",0.442163898982915
"5757","K. pneumoniae",0.583253090641553
"5758","K. pneumoniae",0.5557605383299
"5759","K. pneumoniae",0.62580034329361
"5760","K. pneumoniae",0.336805289642874
"5761","K. pneumoniae",0.267846270981505
"5762","K. pneumoniae",0.484875577177807
"5763","K. pneumoniae",0.526507076086909
"5764","K. pneumoniae",0.416877169507021
"5765","K. pneumoniae",0.460563011574546
"5766","K. pneumoniae",0.58144944949335
"5767","K. pneumoniae",0.602686527495557
"5768","K. pneumoniae",0.633126758514069
"5769","K. pneumoniae",0.564622260934684
"5770","K. pneumoniae",0.484077173312766
"5771","K. pneumoniae",0.297734258462993
"5772","K. pneumoniae",0.526261974882675
"5773","K. pneumoniae",0.719885652586531
"5774","K. pneumoniae",0.450716830142961
"5775","K. pneumoniae",0.768154306405414
"5776","K. pneumoniae",0.378763148823223
"5777","K. pneumoniae",0.538209652705318
"5778","K. pneumoniae",0.549760058984808
"5779","K. pneumoniae",0.563108365704882
"5780","K. pneumoniae",0.48521359233505
"5781","K. pneumoniae",0.521536377966414
"5782","K. pneumoniae",0.392783430665861
"5783","K. pneumoniae",0.727013622116099
"5784","K. pneumoniae",0.290462749117079
"5785","K. pneumoniae",0.683228523165001
"5786","K. pneumoniae",0.488917310190423
"5787","K. pneumoniae",0.382972962315257
"5788","K. pneumoniae",0.538468928544591
"5789","K. pneumoniae",0.52250174566513
"5790","K. pneumoniae",0.366460642043587
"5791","K. pneumoniae",0.71852775215119
"5792","K. pneumoniae",0.413626584438038
"5793","K. pneumoniae",0.645948865689432
"5794","K. pneumoniae",0.525712995951718
"5795","K. pneumoniae",0.616905656463745
"5796","K. pneumoniae",0.558204000398324
"5797","K. pneumoniae",0.540896665948551
"5798","K. pneumoniae",0.246351652943474
"5799","K. pneumoniae",0.464266060675396
"5800","K. pneumoniae",0.464536899172087
"5801","K. pneumoniae",0.159802164523509
"5802","K. pneumoniae",0.223929616744967
"5803","K. pneumoniae",0.639375321665747
"5804","K. pneumoniae",0.463058459621103
"5805","K. pneumoniae",0.476816087198113
"5806","K. pneumoniae",0.486199220410018
"5807","K. pneumoniae",0.538571099524717
"5808","K. pneumoniae",0.622584075605742
"5809","K. pneumoniae",0.275740890024843
"5810","K. pneumoniae",0.491818321375977
"5811","K. pneumoniae",0.63442911147286
"5812","K. pneumoniae",0.538186062239952
"5813","K. pneumoniae",0.419226961464248
"5814","K. pneumoniae",0.363489117971412
"5815","K. pneumoniae",0.350609595323531
"5816","K. pneumoniae",0.695829586295368
"5817","K. pneumoniae",0.427528911041585
"5818","K. pneumoniae",0.556105370939674
"5819","K. pneumoniae",0.394926193991712
"5820","K. pneumoniae",0.421601453828613
"5821","K. pneumoniae",0.45658784284609
"5822","K. pneumoniae",0.459954384884735
"5823","K. pneumoniae",0.294073533427842
"5824","K. pneumoniae",0.680801058559003
"5825","K. pneumoniae",0.466230378075951
"5826","K. pneumoniae",0.382047695699846
"5827","K. pneumoniae",0.510714422536857
"5828","K. pneumoniae",0.514699960690434
"5829","K. pneumoniae",0.39518997554874
"5830","K. pneumoniae",0.62113772554754
"5831","K. pneumoniae",0.506735688436458
"5832","K. pneumoniae",0.661611430411079
"5833","K. pneumoniae",0.430121372061112
"5834","K. pneumoniae",0.697617593457326
"5835","K. pneumoniae",0.551716033089893
"5836","K. pneumoniae",0.463790907202575
"5837","K. pneumoniae",0.57087737324596
"5838","K. pneumoniae",0.582392238115624
"5839","K. pneumoniae",0.452216268081159
"5840","K. pneumoniae",0.290461656487607
"5841","K. pneumoniae",0.500137291835873
"5842","K. pneumoniae",0.540376890420483
"5843","K. pneumoniae",0.501872089254782
"5844","K. pneumoniae",0.735894068078499
"5845","K. pneumoniae",0.383010612441619
"5846","K. pneumoniae",0.372807413855959
"5847","K. pneumoniae",0.423006359181435
"5848","K. pneumoniae",0.547043871499655
"5849","K. pneumoniae",0.386813965775444
"5850","K. pneumoniae",0.547004071990545
"5851","K. pneumoniae",0.463901496347441
"5852","K. pneumoniae",0.198441754598772
"5853","K. pneumoniae",0.59731966224239
"5854","K. pneumoniae",0.643718737239739
"5855","K. pneumoniae",0.543819551255786
"5856","K. pneumoniae",0.609933881989194
"5857","K. pneumoniae",0.497341941468016
"5858","K. pneumoniae",0.393749600705741
"5859","K. pneumoniae",0.70874875276175
"5860","K. pneumoniae",0.588925400892932
"5861","K. pneumoniae",0.67707345948602
"5862","K. pneumoniae",0.566522634367974
"5863","K. pneumoniae",0.42481542704313
"5864","K. pneumoniae",0.380139196659035
"5865","K. pneumoniae",0.504305855798576
"5866","K. pneumoniae",0.637069771475401
"5867","K. pneumoniae",0.556362885830865
"5868","K. pneumoniae",0.564407602792115
"5869","K. pneumoniae",0.486193184239394
"5870","K. pneumoniae",0.39960711320279
"5871","K. pneumoniae",0.76350091628685
"5872","K. pneumoniae",0.560729000251004
"5873","K. pneumoniae",0.472013959695219
"5874","K. pneumoniae",0.651082458631983
"5875","K. pneumoniae",0.417248093656276
"5876","K. pneumoniae",0.6360976697613
"5877","K. pneumoniae",0.704999193930402
"5878","K. pneumoniae",0.381787648773784
"5879","K. pneumoniae",0.522275365724176
"5880","K. pneumoniae",0.16722469036577
"5881","K. pneumoniae",0.37321110864585
"5882","K. pneumoniae",0.588334401166464
"5883","K. pneumoniae",0.477201118243348
"5884","K. pneumoniae",0.457652796970015
"5885","K. pneumoniae",0.700426981292704
"5886","K. pneumoniae",0.46666211612812
"5887","K. pneumoniae",0.694343895275493
"5888","K. pneumoniae",0.507404168536589
"5889","K. pneumoniae",0.644237250421219
"5890","K. pneumoniae",0.530832046160713
"5891","K. pneumoniae",0.227720646589684
"5892","K. pneumoniae",0.721889913638199
"5893","K. pneumoniae",0.468639982163772
"5894","K. pneumoniae",0.251950140593149
"5895","K. pneumoniae",0.60793149077577
"5896","K. pneumoniae",0.387587505148676
"5897","K. pneumoniae",0.701888517409911
"5898","K. pneumoniae",0.617204737885979
"5899","K. pneumoniae",0.925765823934568
"5900","K. pneumoniae",0.501395233074315
"5901","K. pneumoniae",0.49075871336985
"5902","K. pneumoniae",0.512016822220196
"5903","K. pneumoniae",0.529523029554297
"5904","K. pneumoniae",0.387944372395731
"5905","K. pneumoniae",0.4455285690682
"5906","K. pneumoniae",0.516748647177669
"5907","K. pneumoniae",0.536117613874124
"5908","K. pneumoniae",0.393626941650015
"5909","K. pneumoniae",0.657713386124623
"5910","K. pneumoniae",0.423736257543406
"5911","K. pneumoniae",0.378139585037079
"5912","K. pneumoniae",0.558874326846459
"5913","K. pneumoniae",0.521918171000822
"5914","K. pneumoniae",0.691845656904032
"5915","K. pneumoniae",0.575867368992592
"5916","K. pneumoniae",0.579988906603626
"5917","K. pneumoniae",0.278158437376606
"5918","K. pneumoniae",0.430783768440313
"5919","K. pneumoniae",0.439449051866876
"5920","K. pneumoniae",0.745375951355643
"5921","K. pneumoniae",0.391243330073036
"5922","K. pneumoniae",0.442069270825913
"5923","K. pneumoniae",0.790465382168822
"5924","K. pneumoniae",0.25050805790738
"5925","K. pneumoniae",0.545815108826021
"5926","K. pneumoniae",0.592519498585937
"5927","K. pneumoniae",0.46793439972371
"5928","K. pneumoniae",0.402107403416888
"5929","K. pneumoniae",0.617909220101731
"5930","K. pneumoniae",0.649801691275269
"5931","K. pneumoniae",0.419907921532653
"5932","K. pneumoniae",0.585882683972214
"5933","K. pneumoniae",0.637173890013179
"5934","K. pneumoniae",0.446453663168227
"5935","K. pneumoniae",0.662655105311373
"5936","K. pneumoniae",0.401712785097042
"5937","K. pneumoniae",0.572273933308802
"5938","K. pneumoniae",0.431168155074748
"5939","K. pneumoniae",0.520913415025534
"5940","K. pneumoniae",0.619812982547333
"5941","K. pneumoniae",0.704152512867886
"5942","K. pneumoniae",0.689997813940421
"5943","K. pneumoniae",0.331973092726333
"5944","K. pneumoniae",0.367165856729431
"5945","K. pneumoniae",0.10750942212855
"5946","K. pneumoniae",0.623872893598871
"5947","K. pneumoniae",0.437090202343998
"5948","K. pneumoniae",0.587839139801023
"5949","K. pneumoniae",0.40206435617799
"5950","K. pneumoniae",0.57190541702424
"5951","K. pneumoniae",0.74488533760991
"5952","K. pneumoniae",0.666555570715471
"5953","K. pneumoniae",0.419147427918038
"5954","K. pneumoniae",0.488055610594472
"5955","K. pneumoniae",0.494711222656153
"5956","K. pneumoniae",0.5679003889977
"5957","K. pneumoniae",0.363380109345633
"5958","K. pneumoniae",0.488855762293413
"5959","K. pneumoniae",0.246801163495057
"5960","K. pneumoniae",0.54386484807427
"5961","K. pneumoniae",0.479148808862781
"5962","K. pneumoniae",0.487046641616381
"5963","K. pneumoniae",0.391928369032622
"5964","K. pneumoniae",0.529831280386866
"5965","K. pneumoniae",0.620078296983164
"5966","K. pneumoniae",0.536460156477773
"5967","K. pneumoniae",0.555375464314804
"5968","K. pneumoniae",0.692072566540404
"5969","K. pneumoniae",0.446633456190198
"5970","K. pneumoniae",0.542782788974175
"5971","K. pneumoniae",0.520053824467533
"5972","K. pneumoniae",0.594525078503966
"5973","K. pneumoniae",0.353017153139976
"5974","K. pneumoniae",0.409898068158007
"5975","K. pneumoniae",0.513868059088706
"5976","K. pneumoniae",0.598115448513804
"5977","K. pneumoniae",0.251323086061601
"5978","K. pneumoniae",0.541954468778702
"5979","K. pneumoniae",0.548449680322489
"5980","K. pneumoniae",0.309810709558495
"5981","K. pneumoniae",0.47307282370973
"5982","K. pneumoniae",0.495914884222745
"5983","K. pneumoniae",0.335696179507415
"5984","K. pneumoniae",0.495293137319159
"5985","K. pneumoniae",0.596649575797227
"5986","K. pneumoniae",0.337823245519385
"5987","K. pneumoniae",0.603077179076074
"5988","K. pneumoniae",0.320218962695232
"5989","K. pneumoniae",0.821254302665707
"5990","K. pneumoniae",0.663638222749679
"5991","K. pneumoniae",0.627514911130472
"5992","K. pneumoniae",0.424733479781087
"5993","K. pneumoniae",0.546813374478444
"5994","K. pneumoniae",0.531876081980953
"5995","K. pneumoniae",0.29701388474618
"5996","K. pneumoniae",0.467368609875617
"5997","K. pneumoniae",0.708242489364562
"5998","K. pneumoniae",0.398651244545955
"5999","K. pneumoniae",0.713856907841535
"6000","K. pneumoniae",0.512006701069764
"6001","Morganella spp.",0.152006213040296
"6002","Morganella spp.",0.221906455828903
"6003","Morganella spp.",0.196379644396458
"6004","Morganella spp.",0.198875301392417
"6005","Morganella spp.",0.260381063407214
"6006","Morganella spp.",0.206107274645119
"6007","Morganella spp.",0.234037821874001
"6008","Morganella spp.",0.20790910523305
"6009","Morganella spp.",0.246879566464817
"6010","Morganella spp.",0.246388753490067
"6011","Morganella spp.",0.23519915453139
"6012","Morganella spp.",0.206317702529428
"6013","Morganella spp.",0.25286360078167
"6014","Morganella spp.",0.199195451563937
"6015","Morganella spp.",0.208757757056074
"6016","Morganella spp.",0.215934418948624
"6017","Morganella spp.",0.215320339508442
"6018","Morganella spp.",0.223445379877244
"6019","Morganella spp.",0.175114468155817
"6020","Morganella spp.",0.248582690893435
"6021","Morganella spp.",0.217034924952434
"6022","Morganella spp.",0.167229588446694
"6023","Morganella spp.",0.206675127250022
"6024","Morganella spp.",0.234271780260343
"6025","Morganella spp.",0.19330327263438
"6026","Morganella spp.",0.244065242461215
"6027","Morganella spp.",0.239143516255727
"6028","Morganella spp.",0.228981156239853
"6029","Morganella spp.",0.224290955697644
"6030","Morganella spp.",0.214224437914974
"6031","Morganella spp.",0.21684490856953
"6032","Morganella spp.",0.260311035359599
"6033","Morganella spp.",0.197553756993912
"6034","Morganella spp.",0.268955445122152
"6035","Morganella spp.",0.218038493436255
"6036","Morganella spp.",0.210911268528834
"6037","Morganella spp.",0.192963916338141
"6038","Morganella spp.",0.156964203264652
"6039","Morganella spp.",0.208161934727901
"6040","Morganella spp.",0.209714065874089
"6041","Morganella spp.",0.195177070304967
"6042","Morganella spp.",0.162370288573482
"6043","Morganella spp.",0.181605284796398
"6044","Morganella spp.",0.214937849478677
"6045","Morganella spp.",0.207198354225548
"6046","Morganella spp.",0.183736132946711
"6047","Morganella spp.",0.219360204081718
"6048","Morganella spp.",0.235562550368056
"6049","Morganella spp.",0.259248873607633
"6050","Morganella spp.",0.208442208044519
"6051","Morganella spp.",0.197802007904535
"6052","Morganella spp.",0.231806558631171
"6053","Morganella spp.",0.224313190570121
"6054","Morganella spp.",0.200449538268134
"6055","Morganella spp.",0.208313084478961
"6056","Morganella spp.",0.232911219828555
"6057","Morganella spp.",0.157994277701674
"6058","Morganella spp.",0.233680132291889
"6059","Morganella spp.",0.237955864988206
"6060","Morganella spp.",0.184096499748636
"6061","Morganella spp.",0.213507464896128
"6062","Morganella spp.",0.194564791727466
"6063","Morganella spp.",0.242388706541489
"6064","Morganella spp.",0.263021114204981
"6065","Morganella spp.",0.189870155042756
"6066","Morganella spp.",0.189504365282337
"6067","Morganella spp.",0.225361283996094
"6068","Morganella spp.",0.238842684131496
"6069","Morganella spp.",0.140493498074632
"6070","Morganella spp.",0.193338985581961
"6071","Morganella spp.",0.241835821974921
"6072","Morganella spp.",0.150779987157511
"6073","Morganella spp.",0.254695317841716
"6074","Morganella spp.",0.198843140436888
"6075","Morganella spp.",0.252790963286992
"6076","Morganella spp.",0.201295802479954
"6077","Morganella spp.",0.155423739767524
"6078","Morganella spp.",0.191766317761385
"6079","Morganella spp.",0.253035245485586
"6080","Morganella spp.",0.224169029210352
"6081","Morganella spp.",0.204631421317902
"6082","Morganella spp.",0.22587683305037
"6083","Morganella spp.",0.178732447830759
"6084","Morganella spp.",0.181178855488345
"6085","Morganella spp.",0.141986663057657
"6086","Morganella spp.",0.232044224398177
"6087","Morganella spp.",0.221606623694994
"6088","Morganella spp.",0.151304014283417
"6089","Morganella spp.",0.158902874699708
"6090","Morganella spp.",0.187765373253938
"6091","Morganella spp.",0.270220403063776
"6092","Morganella spp.",0.158553736251702
"6093","Morganella spp.",0.294966909460498
"6094","Morganella spp.",0.194700964126632
"6095","Morganella spp.",0.226377575879235
"6096","Morganella spp.",0.168449972104188
"6097","Morganella spp.",0.200009949704521
"6098","Morganella spp.",0.197930862181811
"6099","Morganella spp.",0.19353005741693
"6100","Morganella spp.",0.245881262680901
"6101","Morganella spp.",0.163537258736683
"6102","Morganella spp.",0.268235080731433
"6103","Morganella spp.",0.221701916191309
"6104","Morganella spp.",0.193145161762605
"6105","Morganella spp.",0.197719238472382
"6106","Morganella spp.",0.218805626054553
"6107","Morganella spp.",0.143135268049193
"6108","Morganella spp.",0.2090665506462
"6109","Morganella spp.",0.204226115335931
"6110","Morganella spp.",0.204885981446706
"6111","Morganella spp.",0.207643361147446
"6112","Morganella spp.",0.230627944410223
"6113","Morganella spp.",0.218021765411887
"6114","Morganella spp.",0.223889931388409
"6115","Morganella spp.",0.212458912135794
"6116","Morganella spp.",0.169297511014546
"6117","Morganella spp.",0.16067273712609
"6118","Morganella spp.",0.226020176660261
"6119","Morganella spp.",0.191004412575701
"6120","Morganella spp.",0.269840886236182
"6121","Morganella spp.",0.190682435983278
"6122","Morganella spp.",0.156422228041708
"6123","Morganella spp.",0.190386067887871
"6124","Morganella spp.",0.199771220116554
"6125","Morganella spp.",0.235125152130446
"6126","Morganella spp.",0.26930299805661
"6127","Morganella spp.",0.1426129932673
"6128","Morganella spp.",0.17885775819263
"6129","Morganella spp.",0.205347346091087
"6130","Morganella spp.",0.213092001358954
"6131","Morganella spp.",0.222478506090648
"6132","Morganella spp.",0.240240647953098
"6133","Morganella spp.",0.218631540903435
"6134","Morganella spp.",0.197816583742764
"6135","Morganella spp.",0.230608595361587
"6136","Morganella spp.",0.243389311493178
"6137","Morganella spp.",0.180502579846095
"6138","Morganella spp.",0.201321649841729
"6139","Morganella spp.",0.221859204539423
"6140","Morganella spp.",0.217613216945571
"6141","Morganella spp.",0.224360021930446
"6142","Morganella spp.",0.258043356114159
"6143","Morganella spp.",0.216281822068035
"6144","Morganella spp.",0.257265126023145
"6145","Morganella spp.",0.179563277603275
"6146","Morganella spp.",0.257309295178118
"6147","Morganella spp.",0.193725142351535
"6148","Morganella spp.",0.153683632382288
"6149","Morganella spp.",0.215355929631379
"6150","Morganella spp.",0.205421852397142
"6151","Morganella spp.",0.162752406210645
"6152","Morganella spp.",0.213337610848283
"6153","Morganella spp.",0.22785245528315
"6154","Morganella spp.",0.274875175523718
"6155","Morganella spp.",0.212432705754202
"6156","Morganella spp.",0.22207241548316
"6157","Morganella spp.",0.22417873336017
"6158","Morganella spp.",0.226443614226654
"6159","Morganella spp.",0.259264401072929
"6160","Morganella spp.",0.160888630217756
"6161","Morganella spp.",0.198456642761903
"6162","Morganella spp.",0.186214584152291
"6163","Morganella spp.",0.193664844022385
"6164","Morganella spp.",0.170535387956188
"6165","Morganella spp.",0.121632226994306
"6166","Morganella spp.",0.205969553685607
"6167","Morganella spp.",0.187865917011936
"6168","Morganella spp.",0.158644495981499
"6169","Morganella spp.",0.172191472238849
"6170","Morganella spp.",0.152215109329601
"6171","Morganella spp.",0.200525727539944
"6172","Morganella spp.",0.242112583933272
"6173","Morganella spp.",0.214919695856701
"6174","Morganella spp.",0.238381595537491
"6175","Morganella spp.",0.202002571604026
"6176","Morganella spp.",0.166333889110072
"6177","Morganella spp.",0.246707405043667
"6178","Morganella spp.",0.206559377526839
"6179","Morganella spp.",0.211895783764596
"6180","Morganella spp.",0.185388432598156
"6181","Morganella spp.",0.227798946809449
"6182","Morganella spp.",0.226466538627807
"6183","Morganella spp.",0.211255449080864
"6184","Morganella spp.",0.178925546970031
"6185","Morganella spp.",0.230836116351232
"6186","Morganella spp.",0.242212754303753
"6187","Morganella spp.",0.233717358155814
"6188","Morganella spp.",0.145235562884832
"6189","Morganella spp.",0.165612542770833
"6190","Morganella spp.",0.168500155841479
"6191","Morganella spp.",0.286077055935752
"6192","Morganella spp.",0.210543351017924
"6193","Morganella spp.",0.149458615209104
"6194","Morganella spp.",0.221450529019744
"6195","Morganella spp.",0.202998158226643
"6196","Morganella spp.",0.195035085985448
"6197","Morganella spp.",0.244800251049824
"6198","Morganella spp.",0.25149539372281
"6199","Morganella spp.",0.193487364064458
"6200","Morganella spp.",0.2752376018033
"6201","Morganella spp.",0.11052461488951
"6202","Morganella spp.",0.184788631294032
"6203","Morganella spp.",0.14924676211905
"6204","Morganella spp.",0.189812292222717
"6205","Morganella spp.",0.210617257197844
"6206","Morganella spp.",0.246993362218014
"6207","Morganella spp.",0.198804214622204
"6208","Morganella spp.",0.137399640413546
"6209","Morganella spp.",0.235582787000503
"6210","Morganella spp.",0.140507817196091
"6211","Morganella spp.",0.222663174140681
"6212","Morganella spp.",0.216292670084798
"6213","Morganella spp.",0.254440496001301
"6214","Morganella spp.",0.177658822552702
"6215","Morganella spp.",0.133437897744448
"6216","Morganella spp.",0.194881835553959
"6217","Morganella spp.",0.23453167156833
"6218","Morganella spp.",0.248998168942699
"6219","Morganella spp.",0.205549070694136
"6220","Morganella spp.",0.292633279677348
"6221","Morganella spp.",0.270706457623734
"6222","Morganella spp.",0.202071287326686
"6223","Morganella spp.",0.170886458037839
"6224","Morganella spp.",0.216576244755587
"6225","Morganella spp.",0.212751402554785
"6226","Morganella spp.",0.203150073490664
"6227","Morganella spp.",0.186131336608344
"6228","Morganella spp.",0.205603160498602
"6229","Morganella spp.",0.241751453391626
"6230","Morganella spp.",0.231910000538896
"6231","Morganella spp.",0.215697177298272
"6232","Morganella spp.",0.218959872080211
"6233","Morganella spp.",0.237990830684886
"6234","Morganella spp.",0.198219972292429
"6235","Morganella spp.",0.181447990104045
"6236","Morganella spp.",0.22398307885168
"6237","Morganella spp.",0.212582120809332
"6238","Morganella spp.",0.243052252205328
"6239","Morganella spp.",0.228125586653737
"6240","Morganella spp.",0.177747233713738
"6241","Morganella spp.",0.18741219528756
"6242","Morganella spp.",0.21941522026906
"6243","Morganella spp.",0.183874994104539
"6244","Morganella spp.",0.18083239865384
"6245","Morganella spp.",0.193135112555335
"6246","Morganella spp.",0.238443663987981
"6247","Morganella spp.",0.219699443239734
"6248","Morganella spp.",0.220558806959357
"6249","Morganella spp.",0.243301467782732
"6250","Morganella spp.",0.228039351087945
"6251","Morganella spp.",0.216757641792426
"6252","Morganella spp.",0.195913071325834
"6253","Morganella spp.",0.22332850563479
"6254","Morganella spp.",0.258624015581078
"6255","Morganella spp.",0.212464970378399
"6256","Morganella spp.",0.133852952657119
"6257","Morganella spp.",0.194768460812471
"6258","Morganella spp.",0.166829824425191
"6259","Morganella spp.",0.226676635116897
"6260","Morganella spp.",0.228710585594376
"6261","Morganella spp.",0.175060517771692
"6262","Morganella spp.",0.196893416949859
"6263","Morganella spp.",0.209566305313301
"6264","Morganella spp.",0.216814264125715
"6265","Morganella spp.",0.200050354563497
"6266","Morganella spp.",0.179933374952738
"6267","Morganella spp.",0.209484493321491
"6268","Morganella spp.",0.163510018442751
"6269","Morganella spp.",0.240009360914262
"6270","Morganella spp.",0.267142345632488
"6271","Morganella spp.",0.236994342933798
"6272","Morganella spp.",0.224047501672156
"6273","Morganella spp.",0.16444075086115
"6274","Morganella spp.",0.211953074119427
"6275","Morganella spp.",0.213005867706358
"6276","Morganella spp.",0.214125616888947
"6277","Morganella spp.",0.201946586758814
"6278","Morganella spp.",0.24077249407149
"6279","Morganella spp.",0.119820365073627
"6280","Morganella spp.",0.255499550294926
"6281","Morganella spp.",0.234530815887648
"6282","Morganella spp.",0.264075115894979
"6283","Morganella spp.",0.209152466511419
"6284","Morganella spp.",0.174646861889875
"6285","Morganella spp.",0.168995848480274
"6286","Morganella spp.",0.211627578723702
"6287","Morganella spp.",0.194589490159958
"6288","Morganella spp.",0.189121704917923
"6289","Morganella spp.",0.199726310956253
"6290","Morganella spp.",0.129612943619251
"6291","Morganella spp.",0.228912940866579
"6292","Morganella spp.",0.158536917512821
"6293","Morganella spp.",0.182478390011083
"6294","Morganella spp.",0.184270037476859
"6295","Morganella spp.",0.244732969614185
"6296","Morganella spp.",0.239692962023663
"6297","Morganella spp.",0.297413022189926
"6298","Morganella spp.",0.182913991034697
"6299","Morganella spp.",0.188010611075103
"6300","Morganella spp.",0.257024614990955
"6301","Morganella spp.",0.268444255268074
"6302","Morganella spp.",0.191773847091944
"6303","Morganella spp.",0.187690291276654
"6304","Morganella spp.",0.247518607201273
"6305","Morganella spp.",0.254828647681081
"6306","Morganella spp.",0.226702911130212
"6307","Morganella spp.",0.195463290048762
"6308","Morganella spp.",0.232397691374353
"6309","Morganella spp.",0.200577809134679
"6310","Morganella spp.",0.242129123684707
"6311","Morganella spp.",0.161281222122786
"6312","Morganella spp.",0.244712638095595
"6313","Morganella spp.",0.210978207668042
"6314","Morganella spp.",0.24590525538348
"6315","Morganella spp.",0.247929186819667
"6316","Morganella spp.",0.171766757410599
"6317","Morganella spp.",0.167780264401601
"6318","Morganella spp.",0.311068843853646
"6319","Morganella spp.",0.22415216381154
"6320","Morganella spp.",0.202397381870422
"6321","Morganella spp.",0.227589705564656
"6322","Morganella spp.",0.171362896244814
"6323","Morganella spp.",0.240569577767461
"6324","Morganella spp.",0.19669865160285
"6325","Morganella spp.",0.225444135769541
"6326","Morganella spp.",0.255087629670614
"6327","Morganella spp.",0.260533099080191
"6328","Morganella spp.",0.279804477938894
"6329","Morganella spp.",0.196333795857774
"6330","Morganella spp.",0.246460589813257
"6331","Morganella spp.",0.255481480077739
"6332","Morganella spp.",0.228790941643527
"6333","Morganella spp.",0.23109350263802
"6334","Morganella spp.",0.24488532152251
"6335","Morganella spp.",0.222231779299311
"6336","Morganella spp.",0.174012330700584
"6337","Morganella spp.",0.24686736742022
"6338","Morganella spp.",0.235753571988058
"6339","Morganella spp.",0.186237003925793
"6340","Morganella spp.",0.242075411565715
"6341","Morganella spp.",0.245955944401599
"6342","Morganella spp.",0.206682152480249
"6343","Morganella spp.",0.269303934001433
"6344","Morganella spp.",0.242943438273776
"6345","Morganella spp.",0.269690212563447
"6346","Morganella spp.",0.227411461214748
"6347","Morganella spp.",0.225835827558174
"6348","Morganella spp.",0.242476830636575
"6349","Morganella spp.",0.187170614258875
"6350","Morganella spp.",0.226781488096997
"6351","Morganella spp.",0.240187400125866
"6352","Morganella spp.",0.233088974658178
"6353","Morganella spp.",0.216900125857286
"6354","Morganella spp.",0.188432841947423
"6355","Morganella spp.",0.181323504232364
"6356","Morganella spp.",0.210698242373344
"6357","Morganella spp.",0.237377787188881
"6358","Morganella spp.",0.245528375597213
"6359","Morganella spp.",0.252009418671663
"6360","Morganella spp.",0.147827793401316
"6361","Morganella spp.",0.207345978279992
"6362","Morganella spp.",0.214988534297149
"6363","Morganella spp.",0.185411982389115
"6364","Morganella spp.",0.239921678473617
"6365","Morganella spp.",0.195161027378838
"6366","Morganella spp.",0.208274164378574
"6367","Morganella spp.",0.221329712422891
"6368","Morganella spp.",0.222314818849639
"6369","Morganella spp.",0.259017968585441
"6370","Morganella spp.",0.201286257227237
"6371","Morganella spp.",0.211547964655556
"6372","Morganella spp.",0.212370006742145
"6373","Morganella spp.",0.186649569959447
"6374","Morganella spp.",0.215699240783564
"6375","Morganella spp.",0.204972460543899
"6376","Morganella spp.",0.205781204847203
"6377","Morganella spp.",0.229990664075803
"6378","Morganella spp.",0.258788920992508
"6379","Morganella spp.",0.199033047948196
"6380","Morganella spp.",0.204086502815778
"6381","Morganella spp.",0.134924851033114
"6382","Morganella spp.",0.238362809495094
"6383","Morganella spp.",0.1717840669123
"6384","Morganella spp.",0.238039004626209
"6385","Morganella spp.",0.227112649948765
"6386","Morganella spp.",0.225277180298552
"6387","Morganella spp.",0.20111068206264
"6388","Morganella spp.",0.159009965730772
"6389","Morganella spp.",0.151538621951975
"6390","Morganella spp.",0.251943908035494
"6391","Morganella spp.",0.248801915632133
"6392","Morganella spp.",0.211816058207428
"6393","Morganella spp.",0.223011497969419
"6394","Morganella spp.",0.147361006018387
"6395","Morganella spp.",0.232603575445757
"6396","Morganella spp.",0.224983360331009
"6397","Morganella spp.",0.20515583336029
"6398","Morganella spp.",0.243240261393906
"6399","Morganella spp.",0.209045156344144
"6400","Morganella spp.",0.279859054253278
"6401","Morganella spp.",0.237789429440093
"6402","Morganella spp.",0.209119122959191
"6403","Morganella spp.",0.175003048767234
"6404","Morganella spp.",0.212063613436337
"6405","Morganella spp.",0.187026995523197
"6406","Morganella spp.",0.16434466517786
"6407","Morganella spp.",0.191953401790522
"6408","Morganella spp.",0.190765575312097
"6409","Morganella spp.",0.257042075930017
"6410","Morganella spp.",0.158692040202438
"6411","Morganella spp.",0.204328155848708
"6412","Morganella spp.",0.276135426881382
"6413","Morganella spp.",0.258753785854586
"6414","Morganella spp.",0.22745629145302
"6415","Morganella spp.",0.153308412546903
"6416","Morganella spp.",0.175597212795336
"6417","Morganella spp.",0.209448390142504
"6418","Morganella spp.",0.181464765067651
"6419","Morganella spp.",0.229561909781203
"6420","Morganella spp.",0.20662425144751
"6421","Morganella spp.",0.203090048463561
"6422","Morganella spp.",0.210066566016602
"6423","Morganella spp.",0.239660283955851
"6424","Morganella spp.",0.212470909719803
"6425","Morganella spp.",0.199253058328088
"6426","Morganella spp.",0.243531773527226
"6427","Morganella spp.",0.147807101032871
"6428","Morganella spp.",0.231356512320386
"6429","Morganella spp.",0.17038757003836
"6430","Morganella spp.",0.223557442598554
"6431","Morganella spp.",0.264947774159897
"6432","Morganella spp.",0.20592392475854
"6433","Morganella spp.",0.199437745694442
"6434","Morganella spp.",0.216209504776736
"6435","Morganella spp.",0.225604156281896
"6436","Morganella spp.",0.318997817038326
"6437","Morganella spp.",0.189608435078513
"6438","Morganella spp.",0.257073128891541
"6439","Morganella spp.",0.231358366681106
"6440","Morganella spp.",0.265702671135911
"6441","Morganella spp.",0.218054318385437
"6442","Morganella spp.",0.192199531992181
"6443","Morganella spp.",0.197510269604582
"6444","Morganella spp.",0.198794640461551
"6445","Morganella spp.",0.259754243351602
"6446","Morganella spp.",0.20595234842053
"6447","Morganella spp.",0.214231430135106
"6448","Morganella spp.",0.128006028578924
"6449","Morganella spp.",0.221190686800765
"6450","Morganella spp.",0.18118682581494
"6451","Morganella spp.",0.19908581433473
"6452","Morganella spp.",0.134227298669176
"6453","Morganella spp.",0.251578747286992
"6454","Morganella spp.",0.159587685607329
"6455","Morganella spp.",0.21064669543488
"6456","Morganella spp.",0.240535394412369
"6457","Morganella spp.",0.26436331192726
"6458","Morganella spp.",0.120899051190146
"6459","Morganella spp.",0.181566139210016
"6460","Morganella spp.",0.268079081323829
"6461","Morganella spp.",0.194937164594126
"6462","Morganella spp.",0.150894542746019
"6463","Morganella spp.",0.15098210748048
"6464","Morganella spp.",0.169364509655347
"6465","Morganella spp.",0.214629516760953
"6466","Morganella spp.",0.222763368765663
"6467","Morganella spp.",0.210356623016117
"6468","Morganella spp.",0.205257380443374
"6469","Morganella spp.",0.256972776742734
"6470","Morganella spp.",0.235520719287478
"6471","Morganella spp.",0.228774880864646
"6472","Morganella spp.",0.16364751588342
"6473","Morganella spp.",0.263647548910544
"6474","Morganella spp.",0.189250746639589
"6475","Morganella spp.",0.173996088504102
"6476","Morganella spp.",0.176898292572861
"6477","Morganella spp.",0.153840613437933
"6478","Morganella spp.",0.175214592656447
"6479","Morganella spp.",0.185297087102622
"6480","Morganella spp.",0.215986366755935
"6481","Morganella spp.",0.258605319639893
"6482","Morganella spp.",0.156892036867222
"6483","Morganella spp.",0.198639536680897
"6484","Morganella spp.",0.255907840987372
"6485","Morganella spp.",0.229517725679215
"6486","Morganella spp.",0.219408742503759
"6487","Morganella spp.",0.211648368333737
"6488","Morganella spp.",0.185705330192245
"6489","Morganella spp.",0.203086587727886
"6490","Morganella spp.",0.196964008056733
"6491","Morganella spp.",0.196429728919289
"6492","Morganella spp.",0.239197242215586
"6493","Morganella spp.",0.254853813977031
"6494","Morganella spp.",0.211703935903574
"6495","Morganella spp.",0.286356413605538
"6496","Morganella spp.",0.195814143237029
"6497","Morganella spp.",0.203206875640922
"6498","Morganella spp.",0.132880154297697
"6499","Morganella spp.",0.199727447836278
"6500","Morganella spp.",0.267607810506178
"6501","Morganella spp.",0.150341759971963
"6502","Morganella spp.",0.241899223136816
"6503","Morganella spp.",0.221906425171479
"6504","Morganella spp.",0.224988239877122
"6505","Morganella spp.",0.219433542170572
"6506","Morganella spp.",0.238146825713795
"6507","Morganella spp.",0.238195842799217
"6508","Morganella spp.",0.202492958568868
"6509","Morganella spp.",0.24318090461416
"6510","Morganella spp.",0.210854862534942
"6511","Morganella spp.",0.188464533903366
"6512","Morganella spp.",0.16799577469427
"6513","Morganella spp.",0.23017241101748
"6514","Morganella spp.",0.201139811912225
"6515","Morganella spp.",0.243900820359445
"6516","Morganella spp.",0.245631192761555
"6517","Morganella spp.",0.26692958918367
"6518","Morganella spp.",0.164868816202317
"6519","Morganella spp.",0.159475899683595
"6520","Morganella spp.",0.159973461041043
"6521","Morganella spp.",0.178990019988839
"6522","Morganella spp.",0.220269493920465
"6523","Morganella spp.",0.239936861257588
"6524","Morganella spp.",0.209409442170207
"6525","Morganella spp.",0.248666403251315
"6526","Morganella spp.",0.210783648165217
"6527","Morganella spp.",0.243407841395396
"6528","Morganella spp.",0.189981542645919
"6529","Morganella spp.",0.228963490350383
"6530","Morganella spp.",0.165640564446267
"6531","Morganella spp.",0.208857918289281
"6532","Morganella spp.",0.196304474959892
"6533","Morganella spp.",0.190835973606473
"6534","Morganella spp.",0.203483919049063
"6535","Morganella spp.",0.243092389307064
"6536","Morganella spp.",0.189081085349414
"6537","Morganella spp.",0.233435703678302
"6538","Morganella spp.",0.259598241572371
"6539","Morganella spp.",0.21939156611412
"6540","Morganella spp.",0.215770768452808
"6541","Morganella spp.",0.176153175503312
"6542","Morganella spp.",0.221339353439151
"6543","Morganella spp.",0.237367178547063
"6544","Morganella spp.",0.220276169808347
"6545","Morganella spp.",0.265596085296611
"6546","Morganella spp.",0.195143828686128
"6547","Morganella spp.",0.2023429362942
"6548","Morganella spp.",0.235453705035151
"6549","Morganella spp.",0.202461856807954
"6550","Morganella spp.",0.202651719817554
"6551","Morganella spp.",0.210110676551055
"6552","Morganella spp.",0.214794507284386
"6553","Morganella spp.",0.251946062597644
"6554","Morganella spp.",0.185156980567013
"6555","Morganella spp.",0.226807620561898
"6556","Morganella spp.",0.178220398905382
"6557","Morganella spp.",0.211039157417221
"6558","Morganella spp.",0.228461587196788
"6559","Morganella spp.",0.239433092646758
"6560","Morganella spp.",0.190681043102976
"6561","Morganella spp.",0.183926850700699
"6562","Morganella spp.",0.218995981345938
"6563","Morganella spp.",0.209243351745351
"6564","Morganella spp.",0.186861001211645
"6565","Morganella spp.",0.161120881267368
"6566","Morganella spp.",0.199135308378752
"6567","Morganella spp.",0.225582050404751
"6568","Morganella spp.",0.19113008108655
"6569","Morganella spp.",0.258114363478353
"6570","Morganella spp.",0.201251456781553
"6571","Morganella spp.",0.256440218595368
"6572","Morganella spp.",0.181855039382049
"6573","Morganella spp.",0.204075181007606
"6574","Morganella spp.",0.234171323001563
"6575","Morganella spp.",0.221062110310185
"6576","Morganella spp.",0.25222047074308
"6577","Morganella spp.",0.162353356730019
"6578","Morganella spp.",0.243566760828269
"6579","Morganella spp.",0.223427381075513
"6580","Morganella spp.",0.216015418313095
"6581","Morganella spp.",0.248969993142427
"6582","Morganella spp.",0.232352637993803
"6583","Morganella spp.",0.213747342553718
"6584","Morganella spp.",0.232730895892201
"6585","Morganella spp.",0.169040573828451
"6586","Morganella spp.",0.182917142122422
"6587","Morganella spp.",0.181501863368288
"6588","Morganella spp.",0.168327355327122
"6589","Morganella spp.",0.190966980779265
"6590","Morganella spp.",0.169621149889421
"6591","Morganella spp.",0.201755057361744
"6592","Morganella spp.",0.214712125905295
"6593","Morganella spp.",0.211352776401889
"6594","Morganella spp.",0.278633751712104
"6595","Morganella spp.",0.300438535462198
"6596","Morganella spp.",0.22181178367806
"6597","Morganella spp.",0.174969628542439
"6598","Morganella spp.",0.252805300924586
"6599","Morganella spp.",0.235517344428531
"6600","Morganella spp.",0.258903242492114
"6601","Morganella spp.",0.21731968441512
"6602","Morganella spp.",0.261172361487859
"6603","Morganella spp.",0.243185867920822
"6604","Morganella spp.",0.182934931239151
"6605","Morganella spp.",0.17759897371833
"6606","Morganella spp.",0.217760062497078
"6607","Morganella spp.",0.184499380183755
"6608","Morganella spp.",0.206520501077124
"6609","Morganella spp.",0.217607705860128
"6610","Morganella spp.",0.215338749984645
"6611","Morganella spp.",0.209929395629429
"6612","Morganella spp.",0.210338008845208
"6613","Morganella spp.",0.257882355610907
"6614","Morganella spp.",0.207599540978088
"6615","Morganella spp.",0.21711627209707
"6616","Morganella spp.",0.269621922305486
"6617","Morganella spp.",0.254528609291697
"6618","Morganella spp.",0.22761565436338
"6619","Morganella spp.",0.249715958323395
"6620","Morganella spp.",0.17525445786964
"6621","Morganella spp.",0.1678104635254
"6622","Morganella spp.",0.194830461821397
"6623","Morganella spp.",0.201037025075396
"6624","Morganella spp.",0.181051430356909
"6625","Morganella spp.",0.248064729717451
"6626","Morganella spp.",0.222294113080199
"6627","Morganella spp.",0.290999762600718
"6628","Morganella spp.",0.250975724602043
"6629","Morganella spp.",0.27275663618671
"6630","Morganella spp.",0.20503070447742
"6631","Morganella spp.",0.206420575634975
"6632","Morganella spp.",0.174364436241904
"6633","Morganella spp.",0.326490283347343
"6634","Morganella spp.",0.143160103204855
"6635","Morganella spp.",0.212239136742541
"6636","Morganella spp.",0.22134274912884
"6637","Morganella spp.",0.221281575151907
"6638","Morganella spp.",0.270199287246196
"6639","Morganella spp.",0.210191310143065
"6640","Morganella spp.",0.220198496938215
"6641","Morganella spp.",0.22981157385282
"6642","Morganella spp.",0.274343543248348
"6643","Morganella spp.",0.230584283888518
"6644","Morganella spp.",0.26547602541292
"6645","Morganella spp.",0.216736002908876
"6646","Morganella spp.",0.201084273470718
"6647","Morganella spp.",0.244297779613163
"6648","Morganella spp.",0.165689104825684
"6649","Morganella spp.",0.222650176555532
"6650","Morganella spp.",0.258406634398802
"6651","Morganella spp.",0.18333862391283
"6652","Morganella spp.",0.162487734117125
"6653","Morganella spp.",0.183578416258909
"6654","Morganella spp.",0.240284170562352
"6655","Morganella spp.",0.156063747909314
"6656","Morganella spp.",0.235569642379528
"6657","Morganella spp.",0.186539411639483
"6658","Morganella spp.",0.189084363005237
"6659","Morganella spp.",0.197341827277808
"6660","Morganella spp.",0.232481917075756
"6661","Morganella spp.",0.210767338429552
"6662","Morganella spp.",0.256475007667438
"6663","Morganella spp.",0.257027285084307
"6664","Morganella spp.",0.198443040507252
"6665","Morganella spp.",0.199316534820895
"6666","Morganella spp.",0.172931576132461
"6667","Morganella spp.",0.182656280588024
"6668","Morganella spp.",0.228918721992573
"6669","Morganella spp.",0.182104981891361
"6670","Morganella spp.",0.249690304647027
"6671","Morganella spp.",0.209059280108023
"6672","Morganella spp.",0.197216294359333
"6673","Morganella spp.",0.202170346566557
"6674","Morganella spp.",0.15928258033888
"6675","Morganella spp.",0.185972437150356
"6676","Morganella spp.",0.213876716922152
"6677","Morganella spp.",0.246730910319374
"6678","Morganella spp.",0.176031712189363
"6679","Morganella spp.",0.195210054218274
"6680","Morganella spp.",0.201482055055254
"6681","Morganella spp.",0.186859590292361
"6682","Morganella spp.",0.160632818680368
"6683","Morganella spp.",0.23651320110791
"6684","Morganella spp.",0.243038656808205
"6685","Morganella spp.",0.254958338974243
"6686","Morganella spp.",0.257064758151335
"6687","Morganella spp.",0.238242141819309
"6688","Morganella spp.",0.241156282788829
"6689","Morganella spp.",0.281884790890202
"6690","Morganella spp.",0.200519598293746
"6691","Morganella spp.",0.248189724696278
"6692","Morganella spp.",0.222073460638884
"6693","Morganella spp.",0.168922655642752
"6694","Morganella spp.",0.202931623775966
"6695","Morganella spp.",0.209037182812217
"6696","Morganella spp.",0.208742216997652
"6697","Morganella spp.",0.243696269769643
"6698","Morganella spp.",0.196971817847865
"6699","Morganella spp.",0.167705498858776
"6700","Morganella spp.",0.251683168453093
"6701","Morganella spp.",0.246754189538642
"6702","Morganella spp.",0.279304641894548
"6703","Morganella spp.",0.153605217914633
"6704","Morganella spp.",0.250472408223748
"6705","Morganella spp.",0.148489484457074
"6706","Morganella spp.",0.188188711567699
"6707","Morganella spp.",0.209593342275019
"6708","Morganella spp.",0.160987618560078
"6709","Morganella spp.",0.148873126780766
"6710","Morganella spp.",0.140211663396048
"6711","Morganella spp.",0.208022748666876
"6712","Morganella spp.",0.237334500691281
"6713","Morganella spp.",0.22687823667701
"6714","Morganella spp.",0.224112660805778
"6715","Morganella spp.",0.159910119138061
"6716","Morganella spp.",0.180388951255159
"6717","Morganella spp.",0.184069959918075
"6718","Morganella spp.",0.170711907254046
"6719","Morganella spp.",0.24704420651629
"6720","Morganella spp.",0.210758518684163
"6721","Morganella spp.",0.192632118926704
"6722","Morganella spp.",0.260422934133016
"6723","Morganella spp.",0.176411709989091
"6724","Morganella spp.",0.208956927958707
"6725","Morganella spp.",0.204249065676281
"6726","Morganella spp.",0.250531790064718
"6727","Morganella spp.",0.166024873382895
"6728","Morganella spp.",0.20027031541756
"6729","Morganella spp.",0.213195943593523
"6730","Morganella spp.",0.19347303074786
"6731","Morganella spp.",0.218334456793566
"6732","Morganella spp.",0.226221962027511
"6733","Morganella spp.",0.247917021680536
"6734","Morganella spp.",0.21288471655031
"6735","Morganella spp.",0.226287453515604
"6736","Morganella spp.",0.209469489995803
"6737","Morganella spp.",0.267080524163315
"6738","Morganella spp.",0.224432669260995
"6739","Morganella spp.",0.227284102417477
"6740","Morganella spp.",0.200824977547183
"6741","Morganella spp.",0.205073659699574
"6742","Morganella spp.",0.165391159362011
"6743","Morganella spp.",0.244829465976212
"6744","Morganella spp.",0.195156547922733
"6745","Morganella spp.",0.225598497234532
"6746","Morganella spp.",0.225008851818773
"6747","Morganella spp.",0.226671914361108
"6748","Morganella spp.",0.192690669892884
"6749","Morganella spp.",0.198244410304006
"6750","Morganella spp.",0.234048201201245
"6751","Morganella spp.",0.234804380301183
"6752","Morganella spp.",0.269638992065917
"6753","Morganella spp.",0.210498688115984
"6754","Morganella spp.",0.222531835747022
"6755","Morganella spp.",0.187734127109418
"6756","Morganella spp.",0.231569144296421
"6757","Morganella spp.",0.194561486845491
"6758","Morganella spp.",0.254577535180145
"6759","Morganella spp.",0.205192170515239
"6760","Morganella spp.",0.258248176528602
"6761","Morganella spp.",0.192670031853699
"6762","Morganella spp.",0.249557823862294
"6763","Morganella spp.",0.239743766401448
"6764","Morganella spp.",0.211516206303704
"6765","Morganella spp.",0.183430138618474
"6766","Morganella spp.",0.231247080091934
"6767","Morganella spp.",0.252204141468322
"6768","Morganella spp.",0.200616009427542
"6769","Morganella spp.",0.231115989417154
"6770","Morganella spp.",0.199620608383616
"6771","Morganella spp.",0.217702514070743
"6772","Morganella spp.",0.243618176335846
"6773","Morganella spp.",0.174827135618434
"6774","Morganella spp.",0.229373374150998
"6775","Morganella spp.",0.230662768036254
"6776","Morganella spp.",0.234825218700161
"6777","Morganella spp.",0.205869388824827
"6778","Morganella spp.",0.201392962368366
"6779","Morganella spp.",0.233503652785867
"6780","Morganella spp.",0.224313226562087
"6781","Morganella spp.",0.160132063997615
"6782","Morganella spp.",0.177597634955156
"6783","Morganella spp.",0.221933771354099
"6784","Morganella spp.",0.248590203713337
"6785","Morganella spp.",0.191348313605158
"6786","Morganella spp.",0.200100914556701
"6787","Morganella spp.",0.203108760646168
"6788","Morganella spp.",0.166394391737562
"6789","Morganella spp.",0.154156339767259
"6790","Morganella spp.",0.201938709785992
"6791","Morganella spp.",0.146264033671719
"6792","Morganella spp.",0.283884918292424
"6793","Morganella spp.",0.286902598858054
"6794","Morganella spp.",0.271981546419725
"6795","Morganella spp.",0.20022316371703
"6796","Morganella spp.",0.210503266815013
"6797","Morganella spp.",0.234428865010906
"6798","Morganella spp.",0.242211148225758
"6799","Morganella spp.",0.236985310170502
"6800","Morganella spp.",0.229640454606452
"6801","Morganella spp.",0.166347243991351
"6802","Morganella spp.",0.176873557237693
"6803","Morganella spp.",0.30693740869076
"6804","Morganella spp.",0.208020341633888
"6805","Morganella spp.",0.209184390983588
"6806","Morganella spp.",0.22059946962919
"6807","Morganella spp.",0.198827769310457
"6808","Morganella spp.",0.176773271676781
"6809","Morganella spp.",0.194590257546349
"6810","Morganella spp.",0.21113367373959
"6811","Morganella spp.",0.196880607402569
"6812","Morganella spp.",0.186234098137479
"6813","Morganella spp.",0.263605643443909
"6814","Morganella spp.",0.153269551252327
"6815","Morganella spp.",0.22035733228709
"6816","Morganella spp.",0.216917581311841
"6817","Morganella spp.",0.121060622201851
"6818","Morganella spp.",0.212942368795123
"6819","Morganella spp.",0.21725143636225
"6820","Morganella spp.",0.210536441141491
"6821","Morganella spp.",0.258462899951509
"6822","Morganella spp.",0.187441415787463
"6823","Morganella spp.",0.186768674040015
"6824","Morganella spp.",0.222636565686159
"6825","Morganella spp.",0.232694387213442
"6826","Morganella spp.",0.232459796291096
"6827","Morganella spp.",0.143170348651586
"6828","Morganella spp.",0.201259432413025
"6829","Morganella spp.",0.163844894839087
"6830","Morganella spp.",0.250824736001134
"6831","Morganella spp.",0.220731752513926
"6832","Morganella spp.",0.265652132538124
"6833","Morganella spp.",0.213666529912024
"6834","Morganella spp.",0.254754242021558
"6835","Morganella spp.",0.207897065083383
"6836","Morganella spp.",0.133116926681297
"6837","Morganella spp.",0.273355551741801
"6838","Morganella spp.",0.255290214243145
"6839","Morganella spp.",0.27909068573557
"6840","Morganella spp.",0.21764097885835
"6841","Morganella spp.",0.207061198476621
"6842","Morganella spp.",0.160420327249584
"6843","Morganella spp.",0.188363264157038
"6844","Morganella spp.",0.206571437999435
"6845","Morganella spp.",0.222025622133256
"6846","Morganella spp.",0.188762048259763
"6847","Morganella spp.",0.237598325428703
"6848","Morganella spp.",0.164645867124107
"6849","Morganella spp.",0.251508388789261
"6850","Morganella spp.",0.196396728950762
"6851","Morganella spp.",0.179108627244488
"6852","Morganella spp.",0.184329821523013
"6853","Morganella spp.",0.251386367279085
"6854","Morganella spp.",0.268713089197328
"6855","Morganella spp.",0.231735148178376
"6856","Morganella spp.",0.2339781245663
"6857","Morganella spp.",0.191846580949289
"6858","Morganella spp.",0.213375718391123
"6859","Morganella spp.",0.274533457025715
"6860","Morganella spp.",0.309287532128589
"6861","Morganella spp.",0.197309914694581
"6862","Morganella spp.",0.263794244304135
"6863","Morganella spp.",0.251769530101271
"6864","Morganella spp.",0.29803190542506
"6865","Morganella spp.",0.199625872493438
"6866","Morganella spp.",0.176532522384362
"6867","Morganella spp.",0.178562003233204
"6868","Morganella spp.",0.22039652867697
"6869","Morganella spp.",0.208757530417463
"6870","Morganella spp.",0.230387116906478
"6871","Morganella spp.",0.212282063104516
"6872","Morganella spp.",0.197929088367966
"6873","Morganella spp.",0.217310376824547
"6874","Morganella spp.",0.186986589931857
"6875","Morganella spp.",0.199906368366551
"6876","Morganella spp.",0.233363326307292
"6877","Morganella spp.",0.247026200407272
"6878","Morganella spp.",0.209503092855809
"6879","Morganella spp.",0.288986460147684
"6880","Morganella spp.",0.290065674632931
"6881","Morganella spp.",0.167628294813697
"6882","Morganella spp.",0.219951305431638
"6883","Morganella spp.",0.221951414429631
"6884","Morganella spp.",0.241001441252068
"6885","Morganella spp.",0.189396092387896
"6886","Morganella spp.",0.214908929662482
"6887","Morganella spp.",0.147310210391387
"6888","Morganella spp.",0.227051586854652
"6889","Morganella spp.",0.209744362040936
"6890","Morganella spp.",0.221125272510228
"6891","Morganella spp.",0.240433077707755
"6892","Morganella spp.",0.214061278518291
"6893","Morganella spp.",0.195554170179366
"6894","Morganella spp.",0.177702034457287
"6895","Morganella spp.",0.236407432541614
"6896","Morganella spp.",0.222736138491169
"6897","Morganella spp.",0.261210189855965
"6898","Morganella spp.",0.235717957780983
"6899","Morganella spp.",0.183811495620996
"6900","Morganella spp.",0.272494264679062
"6901","Morganella spp.",0.137612941172975
"6902","Morganella spp.",0.279899809488566
"6903","Morganella spp.",0.256526002051738
"6904","Morganella spp.",0.240977237435321
"6905","Morganella spp.",0.141510205730871
"6906","Morganella spp.",0.225850365534289
"6907","Morganella spp.",0.185083148861113
"6908","Morganella spp.",0.233533089993157
"6909","Morganella spp.",0.18224086132425
"6910","Morganella spp.",0.183583537066613
"6911","Morganella spp.",0.191675660979288
"6912","Morganella spp.",0.206131633086049
"6913","Morganella spp.",0.149156855919619
"6914","Morganella spp.",0.159179471569868
"6915","Morganella spp.",0.209951453036084
"6916","Morganella spp.",0.198418282330625
"6917","Morganella spp.",0.292530665088335
"6918","Morganella spp.",0.202643262236579
"6919","Morganella spp.",0.204688150300751
"6920","Morganella spp.",0.200596666625436
"6921","Morganella spp.",0.180917811266269
"6922","Morganella spp.",0.179099903358375
"6923","Morganella spp.",0.194504926397123
"6924","Morganella spp.",0.260706592835959
"6925","Morganella spp.",0.272667350985658
"6926","Morganella spp.",0.169004797362054
"6927","Morganella spp.",0.249074762564755
"6928","Morganella spp.",0.186735709116606
"6929","Morganella spp.",0.178766183501454
"6930","Morganella spp.",0.237649738749834
"6931","Morganella spp.",0.2085511231994
"6932","Morganella spp.",0.254770092902108
"6933","Morganella spp.",0.190460485264902
"6934","Morganella spp.",0.260683645700093
"6935","Morganella spp.",0.215645249134319
"6936","Morganella spp.",0.18498281363293
"6937","Morganella spp.",0.164925529764323
"6938","Morganella spp.",0.219779300116214
"6939","Morganella spp.",0.163416164845156
"6940","Morganella spp.",0.234564515455653
"6941","Morganella spp.",0.20462707699422
"6942","Morganella spp.",0.189327111796317
"6943","Morganella spp.",0.217308386126023
"6944","Morganella spp.",0.197748210113257
"6945","Morganella spp.",0.220934543333925
"6946","Morganella spp.",0.179097783188795
"6947","Morganella spp.",0.208794204252778
"6948","Morganella spp.",0.173558907084649
"6949","Morganella spp.",0.204413310278787
"6950","Morganella spp.",0.235318277288977
"6951","Morganella spp.",0.260465011530417
"6952","Morganella spp.",0.208189398297837
"6953","Morganella spp.",0.26253824952189
"6954","Morganella spp.",0.203793182114431
"6955","Morganella spp.",0.234889809955001
"6956","Morganella spp.",0.173163300435405
"6957","Morganella spp.",0.265528607985764
"6958","Morganella spp.",0.235725137728044
"6959","Morganella spp.",0.229273649384826
"6960","Morganella spp.",0.193012414041196
"6961","Morganella spp.",0.165394500291211
"6962","Morganella spp.",0.206239222237088
"6963","Morganella spp.",0.237222238684727
"6964","Morganella spp.",0.175988953151198
"6965","Morganella spp.",0.247532718359487
"6966","Morganella spp.",0.192440814191246
"6967","Morganella spp.",0.226000169022044
"6968","Morganella spp.",0.23484845627946
"6969","Morganella spp.",0.228656769968323
"6970","Morganella spp.",0.233150508318633
"6971","Morganella spp.",0.222420727072469
"6972","Morganella spp.",0.177274211635085
"6973","Morganella spp.",0.229161894004096
"6974","Morganella spp.",0.238232647040334
"6975","Morganella spp.",0.201985099749314
"6976","Morganella spp.",0.201882840181242
"6977","Morganella spp.",0.206539691414117
"6978","Morganella spp.",0.259301650286384
"6979","Morganella spp.",0.122871273598052
"6980","Morganella spp.",0.214631559988799
"6981","Morganella spp.",0.229408361104187
"6982","Morganella spp.",0.20691071921233
"6983","Morganella spp.",0.269650062323403
"6984","Morganella spp.",0.21054009991738
"6985","Morganella spp.",0.245235531046359
"6986","Morganella spp.",0.264551159408201
"6987","Morganella spp.",0.190920638408033
"6988","Morganella spp.",0.20652879656829
"6989","Morganella spp.",0.298326169178268
"6990","Morganella spp.",0.229249236886718
"6991","Morganella spp.",0.201758741420079
"6992","Morganella spp.",0.194444935628052
"6993","Morganella spp.",0.167345676510447
"6994","Morganella spp.",0.275233929030698
"6995","Morganella spp.",0.166504574082669
"6996","Morganella spp.",0.256486425959491
"6997","Morganella spp.",0.181598071714838
"6998","Morganella spp.",0.247126352532486
"6999","Morganella spp.",0.206873615945141
"7000","Morganella spp.",0.221952856747623
"7001","P. aeruginosa",0.722855452735556
"7002","P. aeruginosa",0.700971933899425
"7003","P. aeruginosa",0.644017508723829
"7004","P. aeruginosa",0.30617599132442
"7005","P. aeruginosa",0.588179462176681
"7006","P. aeruginosa",0.355341678646221
"7007","P. aeruginosa",0.249446994605499
"7008","P. aeruginosa",0.384331126074481
"7009","P. aeruginosa",0.472334593587289
"7010","P. aeruginosa",0.215433591650887
"7011","P. aeruginosa",0.379986728009362
"7012","P. aeruginosa",0.546804856479689
"7013","P. aeruginosa",0.46587442163061
"7014","P. aeruginosa",0.307588362262946
"7015","P. aeruginosa",0.459171085373735
"7016","P. aeruginosa",0.754569924581913
"7017","P. aeruginosa",0.472256218653314
"7018","P. aeruginosa",0.416016814055645
"7019","P. aeruginosa",0.647897768624752
"7020","P. aeruginosa",0.538608095217925
"7021","P. aeruginosa",0.431655365999357
"7022","P. aeruginosa",0.53085110188848
"7023","P. aeruginosa",0.477726135345024
"7024","P. aeruginosa",0.468173344363244
"7025","P. aeruginosa",0.392975474847332
"7026","P. aeruginosa",0.432257923012825
"7027","P. aeruginosa",0.380014236173961
"7028","P. aeruginosa",0.679190241869249
"7029","P. aeruginosa",0.4432754386435
"7030","P. aeruginosa",0.548747190151854
"7031","P. aeruginosa",0.419140645661359
"7032","P. aeruginosa",0.500951865298921
"7033","P. aeruginosa",0.212788328175894
"7034","P. aeruginosa",0.1288016612344
"7035","P. aeruginosa",0.150598041174095
"7036","P. aeruginosa",0.792729000665484
"7037","P. aeruginosa",0.738042618575392
"7038","P. aeruginosa",0.673967008388114
"7039","P. aeruginosa",0.628046178816663
"7040","P. aeruginosa",0.246945146594206
"7041","P. aeruginosa",0.377723368029216
"7042","P. aeruginosa",0.180340000671814
"7043","P. aeruginosa",0.354737530317913
"7044","P. aeruginosa",0.542954179145953
"7045","P. aeruginosa",0.552007577386376
"7046","P. aeruginosa",0.365015252482246
"7047","P. aeruginosa",0.711340920804212
"7048","P. aeruginosa",0.415319837483619
"7049","P. aeruginosa",0.0685767857118499
"7050","P. aeruginosa",0.374540679294728
"7051","P. aeruginosa",0.682484549955424
"7052","P. aeruginosa",0.970031841241833
"7053","P. aeruginosa",0.409720424933249
"7054","P. aeruginosa",0.65392126789721
"7055","P. aeruginosa",0.58208471807322
"7056","P. aeruginosa",0.614885111828846
"7057","P. aeruginosa",0.319417553164292
"7058","P. aeruginosa",0.479449322986981
"7059","P. aeruginosa",0.549458188973542
"7060","P. aeruginosa",0.528935654347769
"7061","P. aeruginosa",0.656822567845815
"7062","P. aeruginosa",0.692631753737568
"7063","P. aeruginosa",0.707120846739124
"7064","P. aeruginosa",0.591707091776271
"7065","P. aeruginosa",0.318865703046686
"7066","P. aeruginosa",0.40991462989811
"7067","P. aeruginosa",0.484820048104713
"7068","P. aeruginosa",0.386547179265485
"7069","P. aeruginosa",0.407027031484307
"7070","P. aeruginosa",0.633318104345842
"7071","P. aeruginosa",0.532247088887488
"7072","P. aeruginosa",0.723455315802211
"7073","P. aeruginosa",0.35059117350967
"7074","P. aeruginosa",0.53921176108114
"7075","P. aeruginosa",0.519243111274643
"7076","P. aeruginosa",0.737357746029391
"7077","P. aeruginosa",0.72911402009218
"7078","P. aeruginosa",0.310221956022638
"7079","P. aeruginosa",0.609716098764891
"7080","P. aeruginosa",0.457152216354787
"7081","P. aeruginosa",0.489888366237484
"7082","P. aeruginosa",0.774815782654202
"7083","P. aeruginosa",0.301742699250736
"7084","P. aeruginosa",0.622969522268101
"7085","P. aeruginosa",0.498516345018395
"7086","P. aeruginosa",0.357323551159813
"7087","P. aeruginosa",0.651643136551103
"7088","P. aeruginosa",0.287958142501218
"7089","P. aeruginosa",0.269097940529743
"7090","P. aeruginosa",0.46070176964489
"7091","P. aeruginosa",0.327747490992458
"7092","P. aeruginosa",0.499392034945953
"7093","P. aeruginosa",0.533326008853164
"7094","P. aeruginosa",0.426720123414166
"7095","P. aeruginosa",0.249284307510793
"7096","P. aeruginosa",0.448957655027344
"7097","P. aeruginosa",0.752229974022398
"7098","P. aeruginosa",0.602132503599421
"7099","P. aeruginosa",0.227797694401603
"7100","P. aeruginosa",0.291285964313884
"7101","P. aeruginosa",0.435499678020796
"7102","P. aeruginosa",0.679856919893676
"7103","P. aeruginosa",0.351960233560127
"7104","P. aeruginosa",0.719854554399944
"7105","P. aeruginosa",0.393599703029479
"7106","P. aeruginosa",0.218300605145918
"7107","P. aeruginosa",0.720881374445871
"7108","P. aeruginosa",0.657542328054203
"7109","P. aeruginosa",0.475697168978601
"7110","P. aeruginosa",0.426323773492684
"7111","P. aeruginosa",0.4557104601577
"7112","P. aeruginosa",0.423967914671969
"7113","P. aeruginosa",0.22072322620935
"7114","P. aeruginosa",0.512464557476044
"7115","P. aeruginosa",0.567101300913184
"7116","P. aeruginosa",0.26046624173851
"7117","P. aeruginosa",0.372194045491776
"7118","P. aeruginosa",0.29511538306069
"7119","P. aeruginosa",0.504673895972205
"7120","P. aeruginosa",0.505391244909043
"7121","P. aeruginosa",0.223804860014723
"7122","P. aeruginosa",0.475549440426984
"7123","P. aeruginosa",0.541028426659478
"7124","P. aeruginosa",0.545644862136265
"7125","P. aeruginosa",0.905116227165259
"7126","P. aeruginosa",0.936556049850604
"7127","P. aeruginosa",0.336688671083071
"7128","P. aeruginosa",0.67830513388255
"7129","P. aeruginosa",0.283388668082154
"7130","P. aeruginosa",0.47879237452538
"7131","P. aeruginosa",0.61732008064437
"7132","P. aeruginosa",0.441525255408607
"7133","P. aeruginosa",0.0764353155819445
"7134","P. aeruginosa",0.638670915041821
"7135","P. aeruginosa",0.195668756579007
"7136","P. aeruginosa",0.556663676771506
"7137","P. aeruginosa",0.571250754008531
"7138","P. aeruginosa",0.571095340731853
"7139","P. aeruginosa",0.568591191969377
"7140","P. aeruginosa",0.492901960828874
"7141","P. aeruginosa",0.522667879814949
"7142","P. aeruginosa",0.558813119938061
"7143","P. aeruginosa",0.31935695125026
"7144","P. aeruginosa",0.345311834766154
"7145","P. aeruginosa",0.350545348396177
"7146","P. aeruginosa",0.450451462321439
"7147","P. aeruginosa",0.0605433001670944
"7148","P. aeruginosa",0.695319703436977
"7149","P. aeruginosa",0.61451037240024
"7150","P. aeruginosa",0.856379232742488
"7151","P. aeruginosa",0.610444791352513
"7152","P. aeruginosa",0.470321347855235
"7153","P. aeruginosa",0.787669711216549
"7154","P. aeruginosa",0.369298902572476
"7155","P. aeruginosa",0.330036938820762
"7156","P. aeruginosa",0.731218418253908
"7157","P. aeruginosa",0.447640796779096
"7158","P. aeruginosa",0.606014264774875
"7159","P. aeruginosa",0.431970831331486
"7160","P. aeruginosa",-0.0723331012318045
"7161","P. aeruginosa",0.444723986847378
"7162","P. aeruginosa",0.805988067472638
"7163","P. aeruginosa",0.288834118214147
"7164","P. aeruginosa",0.40714799113004
"7165","P. aeruginosa",0.338461580767
"7166","P. aeruginosa",0.430512026135077
"7167","P. aeruginosa",0.749448152697878
"7168","P. aeruginosa",0.421478583504464
"7169","P. aeruginosa",-0.0483814260968084
"7170","P. aeruginosa",0.577367993171797
"7171","P. aeruginosa",0.739229344628528
"7172","P. aeruginosa",0.197247360075636
"7173","P. aeruginosa",0.913201240759255
"7174","P. aeruginosa",0.711634100374533
"7175","P. aeruginosa",0.613356895960546
"7176","P. aeruginosa",0.252354336888233
"7177","P. aeruginosa",0.600871668651726
"7178","P. aeruginosa",0.475809719696507
"7179","P. aeruginosa",0.291891175281395
"7180","P. aeruginosa",0.235487069259056
"7181","P. aeruginosa",0.424065777089913
"7182","P. aeruginosa",0.769987220944198
"7183","P. aeruginosa",0.386078372272023
"7184","P. aeruginosa",0.627260162162586
"7185","P. aeruginosa",0.780198747748133
"7186","P. aeruginosa",0.22662100723369
"7187","P. aeruginosa",0.694464310151948
"7188","P. aeruginosa",0.492782708675598
"7189","P. aeruginosa",0.598099914820973
"7190","P. aeruginosa",0.377423514484408
"7191","P. aeruginosa",0.787728473027814
"7192","P. aeruginosa",0.225359802509161
"7193","P. aeruginosa",0.192797474375984
"7194","P. aeruginosa",0.779688546057537
"7195","P. aeruginosa",0.372839363201508
"7196","P. aeruginosa",0.255945242065774
"7197","P. aeruginosa",0.381092359068077
"7198","P. aeruginosa",0.310162060984891
"7199","P. aeruginosa",0.64544739049199
"7200","P. aeruginosa",0.633857428139954
"7201","P. aeruginosa",0.436167557179002
"7202","P. aeruginosa",0.628752081230881
"7203","P. aeruginosa",0.286872354931781
"7204","P. aeruginosa",0.46135169771937
"7205","P. aeruginosa",0.689059808895735
"7206","P. aeruginosa",0.222870003982824
"7207","P. aeruginosa",0.200600515320285
"7208","P. aeruginosa",0.702964045857896
"7209","P. aeruginosa",0.296393830986559
"7210","P. aeruginosa",0.490994366570996
"7211","P. aeruginosa",0.705399585827048
"7212","P. aeruginosa",0.356536687059239
"7213","P. aeruginosa",0.336225738523957
"7214","P. aeruginosa",0.452195558095153
"7215","P. aeruginosa",0.490171968228901
"7216","P. aeruginosa",0.3269123729851
"7217","P. aeruginosa",0.447525122972821
"7218","P. aeruginosa",0.74908541502476
"7219","P. aeruginosa",0.579090959912907
"7220","P. aeruginosa",0.480492010421584
"7221","P. aeruginosa",0.912142188853842
"7222","P. aeruginosa",0.779072907360297
"7223","P. aeruginosa",0.561488898381291
"7224","P. aeruginosa",0.417415048006052
"7225","P. aeruginosa",0.33831462057872
"7226","P. aeruginosa",0.295248319318631
"7227","P. aeruginosa",0.312835358798832
"7228","P. aeruginosa",0.351182498305416
"7229","P. aeruginosa",0.440574020224733
"7230","P. aeruginosa",0.478409910742168
"7231","P. aeruginosa",0.612354939521241
"7232","P. aeruginosa",0.621808945323299
"7233","P. aeruginosa",0.310337337673594
"7234","P. aeruginosa",0.446993386857875
"7235","P. aeruginosa",0.647249748595068
"7236","P. aeruginosa",0.27458518834125
"7237","P. aeruginosa",0.475288864277191
"7238","P. aeruginosa",0.579144366706586
"7239","P. aeruginosa",0.604461771529813
"7240","P. aeruginosa",0.605426973734135
"7241","P. aeruginosa",0.474738314762686
"7242","P. aeruginosa",0.267386905805094
"7243","P. aeruginosa",0.209761780066729
"7244","P. aeruginosa",0.601794248981223
"7245","P. aeruginosa",0.748619101420435
"7246","P. aeruginosa",0.52383151372964
"7247","P. aeruginosa",0.521216168521232
"7248","P. aeruginosa",0.738054778752613
"7249","P. aeruginosa",0.4753548522928
"7250","P. aeruginosa",0.40296415686471
"7251","P. aeruginosa",0.773149431709106
"7252","P. aeruginosa",0.54403726255783
"7253","P. aeruginosa",0.249491785089919
"7254","P. aeruginosa",0.428018058325114
"7255","P. aeruginosa",0.537938403575788
"7256","P. aeruginosa",0.59821852257983
"7257","P. aeruginosa",0.361356656938071
"7258","P. aeruginosa",0.458527319861705
"7259","P. aeruginosa",0.390970296205891
"7260","P. aeruginosa",0.203076767364301
"7261","P. aeruginosa",0.521550632121353
"7262","P. aeruginosa",0.492467291233638
"7263","P. aeruginosa",0.494623554772983
"7264","P. aeruginosa",0.547911004965933
"7265","P. aeruginosa",0.57865753057957
"7266","P. aeruginosa",0.212085562042401
"7267","P. aeruginosa",0.453888883627135
"7268","P. aeruginosa",0.384206610060694
"7269","P. aeruginosa",0.558508244803738
"7270","P. aeruginosa",0.470764904857035
"7271","P. aeruginosa",0.325552801095854
"7272","P. aeruginosa",0.50995702313807
"7273","P. aeruginosa",0.707429043917685
"7274","P. aeruginosa",0.555577095522153
"7275","P. aeruginosa",0.452772699195333
"7276","P. aeruginosa",0.421305323452408
"7277","P. aeruginosa",0.598889588375852
"7278","P. aeruginosa",0.923144569829706
"7279","P. aeruginosa",0.313408027995586
"7280","P. aeruginosa",0.696455004080382
"7281","P. aeruginosa",0.543139744807391
"7282","P. aeruginosa",0.461830310310974
"7283","P. aeruginosa",0.579802740099022
"7284","P. aeruginosa",0.0107289194230704
"7285","P. aeruginosa",0.456713465992355
"7286","P. aeruginosa",0.831136871991599
"7287","P. aeruginosa",0.594753130979836
"7288","P. aeruginosa",0.807142477848879
"7289","P. aeruginosa",0.405204727966386
"7290","P. aeruginosa",0.450567369328315
"7291","P. aeruginosa",0.301126356059575
"7292","P. aeruginosa",0.376892369755881
"7293","P. aeruginosa",0.512553410198957
"7294","P. aeruginosa",0.452662163657012
"7295","P. aeruginosa",0.264629480138207
"7296","P. aeruginosa",0.476849195005307
"7297","P. aeruginosa",0.503860355677085
"7298","P. aeruginosa",0.650060059144583
"7299","P. aeruginosa",0.344289405449255
"7300","P. aeruginosa",0.421729176298719
"7301","P. aeruginosa",0.403659147657914
"7302","P. aeruginosa",0.551759604322753
"7303","P. aeruginosa",0.408103087506581
"7304","P. aeruginosa",0.317480490862565
"7305","P. aeruginosa",0.427201532239883
"7306","P. aeruginosa",0.378351323168026
"7307","P. aeruginosa",0.518069502203033
"7308","P. aeruginosa",0.449663021368814
"7309","P. aeruginosa",0.435627828764936
"7310","P. aeruginosa",0.623923971603361
"7311","P. aeruginosa",0.314052010497329
"7312","P. aeruginosa",0.457185168075891
"7313","P. aeruginosa",0.39079892994971
"7314","P. aeruginosa",0.911064546177471
"7315","P. aeruginosa",0.505930040557739
"7316","P. aeruginosa",0.523200139059957
"7317","P. aeruginosa",0.537277468420414
"7318","P. aeruginosa",0.133016788401297
"7319","P. aeruginosa",0.192717152421068
"7320","P. aeruginosa",0.562815248042716
"7321","P. aeruginosa",0.72981667142882
"7322","P. aeruginosa",0.322645902023808
"7323","P. aeruginosa",0.506721745657421
"7324","P. aeruginosa",0.684901048279027
"7325","P. aeruginosa",0.253276292503874
"7326","P. aeruginosa",0.455878140400204
"7327","P. aeruginosa",0.227124119185241
"7328","P. aeruginosa",0.437920953735671
"7329","P. aeruginosa",0.655474669224857
"7330","P. aeruginosa",0.477245169563986
"7331","P. aeruginosa",0.491656085423514
"7332","P. aeruginosa",0.527030564664048
"7333","P. aeruginosa",0.592713400960767
"7334","P. aeruginosa",0.532744672092558
"7335","P. aeruginosa",0.462027656350711
"7336","P. aeruginosa",0.487029025149173
"7337","P. aeruginosa",0.511684030852458
"7338","P. aeruginosa",0.202599091337752
"7339","P. aeruginosa",0.642892736848446
"7340","P. aeruginosa",0.757066636539504
"7341","P. aeruginosa",0.706997037067221
"7342","P. aeruginosa",0.621199507253161
"7343","P. aeruginosa",0.150927628075252
"7344","P. aeruginosa",0.631829901618347
"7345","P. aeruginosa",0.569352731938885
"7346","P. aeruginosa",0.923421932452047
"7347","P. aeruginosa",0.248460989072967
"7348","P. aeruginosa",0.526799226149829
"7349","P. aeruginosa",0.442643222704174
"7350","P. aeruginosa",0.227713495967673
"7351","P. aeruginosa",0.731792717109466
"7352","P. aeruginosa",0.529594670588977
"7353","P. aeruginosa",0.516151819477206
"7354","P. aeruginosa",0.298627498953491
"7355","P. aeruginosa",0.296138669915023
"7356","P. aeruginosa",0.736292475990013
"7357","P. aeruginosa",0.392281738891004
"7358","P. aeruginosa",0.596133432299468
"7359","P. aeruginosa",0.515098750571773
"7360","P. aeruginosa",0.598540214989359
"7361","P. aeruginosa",0.595765717992536
"7362","P. aeruginosa",0.461560426554856
"7363","P. aeruginosa",0.33171165039908
"7364","P. aeruginosa",0.195736678236609
"7365","P. aeruginosa",0.6258734141557
"7366","P. aeruginosa",0.370198782533539
"7367","P. aeruginosa",0.543895761707098
"7368","P. aeruginosa",0.42047831634505
"7369","P. aeruginosa",0.322521659941548
"7370","P. aeruginosa",0.607199159073289
"7371","P. aeruginosa",0.729461334434182
"7372","P. aeruginosa",0.109857392757656
"7373","P. aeruginosa",0.526033771211328
"7374","P. aeruginosa",0.380924632404494
"7375","P. aeruginosa",0.468762539040727
"7376","P. aeruginosa",0.468722904687634
"7377","P. aeruginosa",0.550420213099586
"7378","P. aeruginosa",0.53280650105957
"7379","P. aeruginosa",0.340398021031592
"7380","P. aeruginosa",0.336744974246183
"7381","P. aeruginosa",0.367905048841982
"7382","P. aeruginosa",0.712845240027155
"7383","P. aeruginosa",0.402124297005451
"7384","P. aeruginosa",0.483084242662569
"7385","P. aeruginosa",0.573461668284738
"7386","P. aeruginosa",0.544075809598223
"7387","P. aeruginosa",0.529333446557063
"7388","P. aeruginosa",0.707294122092569
"7389","P. aeruginosa",0.418088556151728
"7390","P. aeruginosa",0.61871532797692
"7391","P. aeruginosa",0.620873260744546
"7392","P. aeruginosa",0.315273091856703
"7393","P. aeruginosa",0.58604941803811
"7394","P. aeruginosa",0.23715990342002
"7395","P. aeruginosa",0.674959678917055
"7396","P. aeruginosa",0.361246907397567
"7397","P. aeruginosa",0.475893287425014
"7398","P. aeruginosa",0.594341367862739
"7399","P. aeruginosa",0.639652469668791
"7400","P. aeruginosa",0.609047735259732
"7401","P. aeruginosa",0.706930138732605
"7402","P. aeruginosa",0.310180214963326
"7403","P. aeruginosa",0.199231787346635
"7404","P. aeruginosa",0.451974164138765
"7405","P. aeruginosa",0.286112592157324
"7406","P. aeruginosa",0.413851827538262
"7407","P. aeruginosa",0.340033230804418
"7408","P. aeruginosa",0.386493341310353
"7409","P. aeruginosa",0.578889639833544
"7410","P. aeruginosa",0.615756413495524
"7411","P. aeruginosa",0.635255719927494
"7412","P. aeruginosa",0.309686894319386
"7413","P. aeruginosa",0.465308961285364
"7414","P. aeruginosa",0.320616204754995
"7415","P. aeruginosa",0.570590854642835
"7416","P. aeruginosa",0.668572825565985
"7417","P. aeruginosa",0.53711289386122
"7418","P. aeruginosa",0.818628610031872
"7419","P. aeruginosa",0.362770956549823
"7420","P. aeruginosa",0.19245979660708
"7421","P. aeruginosa",0.448725885072424
"7422","P. aeruginosa",0.270305282670181
"7423","P. aeruginosa",0.681805028290946
"7424","P. aeruginosa",0.264997118050972
"7425","P. aeruginosa",0.468267730349824
"7426","P. aeruginosa",0.292784917588324
"7427","P. aeruginosa",0.451708608987149
"7428","P. aeruginosa",0.469706962385331
"7429","P. aeruginosa",0.597722501208421
"7430","P. aeruginosa",0.601842016725041
"7431","P. aeruginosa",0.528615193881074
"7432","P. aeruginosa",0.71794307416805
"7433","P. aeruginosa",0.579664081355708
"7434","P. aeruginosa",0.78590362266831
"7435","P. aeruginosa",0.251111569492629
"7436","P. aeruginosa",0.396440540235848
"7437","P. aeruginosa",0.747952337574436
"7438","P. aeruginosa",0.346669139142436
"7439","P. aeruginosa",0.533401417459338
"7440","P. aeruginosa",0.345234694349345
"7441","P. aeruginosa",0.367129360787802
"7442","P. aeruginosa",0.664637372406754
"7443","P. aeruginosa",0.262746223113733
"7444","P. aeruginosa",0.537732557560423
"7445","P. aeruginosa",0.970592937272173
"7446","P. aeruginosa",0.676757010213245
"7447","P. aeruginosa",0.623419222236673
"7448","P. aeruginosa",0.102596618950658
"7449","P. aeruginosa",0.456572725572901
"7450","P. aeruginosa",0.528672252132721
"7451","P. aeruginosa",0.739781722818134
"7452","P. aeruginosa",0.896359115567873
"7453","P. aeruginosa",0.378772855005669
"7454","P. aeruginosa",0.526811726143914
"7455","P. aeruginosa",0.414023521911762
"7456","P. aeruginosa",0.439589454728435
"7457","P. aeruginosa",0.556272153390494
"7458","P. aeruginosa",0.630716262091558
"7459","P. aeruginosa",0.627209450944431
"7460","P. aeruginosa",0.613476939070616
"7461","P. aeruginosa",0.810724132777866
"7462","P. aeruginosa",0.499641353127291
"7463","P. aeruginosa",0.501987370950252
"7464","P. aeruginosa",0.569868112555656
"7465","P. aeruginosa",0.47442517601669
"7466","P. aeruginosa",0.452131872018702
"7467","P. aeruginosa",0.345651005956956
"7468","P. aeruginosa",0.542924327931181
"7469","P. aeruginosa",0.543165525876668
"7470","P. aeruginosa",0.395377162092636
"7471","P. aeruginosa",0.5983725536333
"7472","P. aeruginosa",0.277697695992049
"7473","P. aeruginosa",0.549494229935808
"7474","P. aeruginosa",0.57767899273518
"7475","P. aeruginosa",0.429147319701902
"7476","P. aeruginosa",0.552752262145128
"7477","P. aeruginosa",0.346028889257825
"7478","P. aeruginosa",0.230626486662106
"7479","P. aeruginosa",0.467210563966984
"7480","P. aeruginosa",0.594536431118232
"7481","P. aeruginosa",0.712002988338247
"7482","P. aeruginosa",0.417870476140859
"7483","P. aeruginosa",0.471259659825403
"7484","P. aeruginosa",0.460862803379994
"7485","P. aeruginosa",0.55027015753186
"7486","P. aeruginosa",0.315486913355367
"7487","P. aeruginosa",0.745298523047485
"7488","P. aeruginosa",0.118460635256405
"7489","P. aeruginosa",0.509679307674662
"7490","P. aeruginosa",0.588350338611326
"7491","P. aeruginosa",0.345761846339552
"7492","P. aeruginosa",0.635540250380699
"7493","P. aeruginosa",0.355113226347092
"7494","P. aeruginosa",0.514098116367371
"7495","P. aeruginosa",0.644442467151632
"7496","P. aeruginosa",0.665109988953263
"7497","P. aeruginosa",0.59481489499133
"7498","P. aeruginosa",0.289573563775028
"7499","P. aeruginosa",0.635391413996379
"7500","P. aeruginosa",0.23022300303737
"7501","P. aeruginosa",0.718183420839294
"7502","P. aeruginosa",0.493028560512495
"7503","P. aeruginosa",0.684690871143597
"7504","P. aeruginosa",0.418620022539493
"7505","P. aeruginosa",0.564081693870735
"7506","P. aeruginosa",0.32976194551092
"7507","P. aeruginosa",0.485973317173448
"7508","P. aeruginosa",0.0574600345431295
"7509","P. aeruginosa",0.290370534472804
"7510","P. aeruginosa",0.3850781146974
"7511","P. aeruginosa",0.394520134865074
"7512","P. aeruginosa",0.455710260437389
"7513","P. aeruginosa",0.801382390993003
"7514","P. aeruginosa",0.434394134680312
"7515","P. aeruginosa",0.617606756364466
"7516","P. aeruginosa",0.0402008804295918
"7517","P. aeruginosa",0.644160551607904
"7518","P. aeruginosa",0.270424003453125
"7519","P. aeruginosa",0.21386189027946
"7520","P. aeruginosa",0.729664875469787
"7521","P. aeruginosa",0.610524439499879
"7522","P. aeruginosa",0.595815961794038
"7523","P. aeruginosa",0.606644305158092
"7524","P. aeruginosa",0.391608835050938
"7525","P. aeruginosa",0.404776520827731
"7526","P. aeruginosa",0.436800212216383
"7527","P. aeruginosa",0.419761031997264
"7528","P. aeruginosa",0.250677167617226
"7529","P. aeruginosa",0.420339693668804
"7530","P. aeruginosa",0.305223501900178
"7531","P. aeruginosa",0.396106763037859
"7532","P. aeruginosa",0.429164893270749
"7533","P. aeruginosa",0.356283508857252
"7534","P. aeruginosa",0.167862469841725
"7535","P. aeruginosa",0.396267357256418
"7536","P. aeruginosa",0.731856107323722
"7537","P. aeruginosa",0.992784798596987
"7538","P. aeruginosa",0.41678185460582
"7539","P. aeruginosa",0.385571726047964
"7540","P. aeruginosa",0.419386941384445
"7541","P. aeruginosa",0.242529160075037
"7542","P. aeruginosa",0.329533604192619
"7543","P. aeruginosa",0.192585781508574
"7544","P. aeruginosa",0.378284054535092
"7545","P. aeruginosa",0.61360503977436
"7546","P. aeruginosa",0.478127396627735
"7547","P. aeruginosa",0.438648766554364
"7548","P. aeruginosa",0.397950889217269
"7549","P. aeruginosa",0.529765129232194
"7550","P. aeruginosa",0.233488248532891
"7551","P. aeruginosa",0.698286380576854
"7552","P. aeruginosa",0.43669698976886
"7553","P. aeruginosa",0.132039897646563
"7554","P. aeruginosa",0.44965742679488
"7555","P. aeruginosa",0.691716936232949
"7556","P. aeruginosa",0.486036677279986
"7557","P. aeruginosa",0.484946870880241
"7558","P. aeruginosa",0.539977463143403
"7559","P. aeruginosa",0.410894559654755
"7560","P. aeruginosa",0.243668382854421
"7561","P. aeruginosa",0.329953392819076
"7562","P. aeruginosa",0.556461961795002
"7563","P. aeruginosa",0.259785403605268
"7564","P. aeruginosa",0.518710556410684
"7565","P. aeruginosa",0.569116491027897
"7566","P. aeruginosa",0.803106301449587
"7567","P. aeruginosa",0.675453121941859
"7568","P. aeruginosa",0.220413888705563
"7569","P. aeruginosa",0.580111857394804
"7570","P. aeruginosa",0.387792743798637
"7571","P. aeruginosa",0.79535344276795
"7572","P. aeruginosa",0.383219948441792
"7573","P. aeruginosa",0.538899247567044
"7574","P. aeruginosa",0.683322743404998
"7575","P. aeruginosa",0.989411946913085
"7576","P. aeruginosa",0.717653494763522
"7577","P. aeruginosa",0.343545447870872
"7578","P. aeruginosa",0.32103609422909
"7579","P. aeruginosa",0.254378848216623
"7580","P. aeruginosa",0.793417991050428
"7581","P. aeruginosa",0.437223692412985
"7582","P. aeruginosa",0.778506371015203
"7583","P. aeruginosa",0.81229513225909
"7584","P. aeruginosa",0.409255626268644
"7585","P. aeruginosa",0.875994954602574
"7586","P. aeruginosa",0.70131455331735
"7587","P. aeruginosa",0.0983592090641478
"7588","P. aeruginosa",0.604852963217166
"7589","P. aeruginosa",0.44978921767902
"7590","P. aeruginosa",0.273339146938444
"7591","P. aeruginosa",0.54516483712644
"7592","P. aeruginosa",0.686135201536583
"7593","P. aeruginosa",0.117357409647273
"7594","P. aeruginosa",0.549795873407961
"7595","P. aeruginosa",0.357044506694607
"7596","P. aeruginosa",0.57658531961166
"7597","P. aeruginosa",0.483993803184918
"7598","P. aeruginosa",0.730975101566981
"7599","P. aeruginosa",0.561668654073749
"7600","P. aeruginosa",0.40110594429432
"7601","P. aeruginosa",0.432210159427081
"7602","P. aeruginosa",0.413257073641898
"7603","P. aeruginosa",0.0415784170123276
"7604","P. aeruginosa",0.349525392284402
"7605","P. aeruginosa",0.360551207476612
"7606","P. aeruginosa",0.648552149535751
"7607","P. aeruginosa",0.4350145826238
"7608","P. aeruginosa",0.78282211656933
"7609","P. aeruginosa",0.609965533160393
"7610","P. aeruginosa",0.696207336766122
"7611","P. aeruginosa",0.559327753343816
"7612","P. aeruginosa",0.483727041901669
"7613","P. aeruginosa",0.492701362142739
"7614","P. aeruginosa",0.534926791614583
"7615","P. aeruginosa",0.387199959861055
"7616","P. aeruginosa",0.426881779686699
"7617","P. aeruginosa",0.563417408119884
"7618","P. aeruginosa",0.710667549429769
"7619","P. aeruginosa",0.420333604118308
"7620","P. aeruginosa",0.429123796008995
"7621","P. aeruginosa",0.491844541298743
"7622","P. aeruginosa",0.452016360889826
"7623","P. aeruginosa",0.690220205401246
"7624","P. aeruginosa",0.343342432474964
"7625","P. aeruginosa",0.678345371746363
"7626","P. aeruginosa",0.198810092050188
"7627","P. aeruginosa",0.537721008371707
"7628","P. aeruginosa",0.348739465347482
"7629","P. aeruginosa",0.201530710799422
"7630","P. aeruginosa",0.488413080241787
"7631","P. aeruginosa",0.655110876508104
"7632","P. aeruginosa",0.631042016415552
"7633","P. aeruginosa",0.481616131192503
"7634","P. aeruginosa",0.475182469710445
"7635","P. aeruginosa",0.808647668790214
"7636","P. aeruginosa",0.542877639891744
"7637","P. aeruginosa",0.629586297157932
"7638","P. aeruginosa",0.359107171176978
"7639","P. aeruginosa",0.318712630952909
"7640","P. aeruginosa",0.630454155705387
"7641","P. aeruginosa",0.449316930997404
"7642","P. aeruginosa",0.398017549179892
"7643","P. aeruginosa",0.585419450331256
"7644","P. aeruginosa",0.674469149238805
"7645","P. aeruginosa",0.517052670286575
"7646","P. aeruginosa",0.42204250903674
"7647","P. aeruginosa",0.157951471045342
"7648","P. aeruginosa",0.373987061200164
"7649","P. aeruginosa",0.348550829754687
"7650","P. aeruginosa",0.154334472469502
"7651","P. aeruginosa",0.625478457739895
"7652","P. aeruginosa",0.475735228964517
"7653","P. aeruginosa",0.619281462626083
"7654","P. aeruginosa",0.27996835232518
"7655","P. aeruginosa",0.227300333557315
"7656","P. aeruginosa",0.619159147707835
"7657","P. aeruginosa",0.601958234864335
"7658","P. aeruginosa",0.499557943178741
"7659","P. aeruginosa",0.445658943675816
"7660","P. aeruginosa",0.706670621182114
"7661","P. aeruginosa",0.735160325231633
"7662","P. aeruginosa",0.428687522076628
"7663","P. aeruginosa",0.2996312061011
"7664","P. aeruginosa",0.346199250221431
"7665","P. aeruginosa",0.254278515776022
"7666","P. aeruginosa",0.664215491107433
"7667","P. aeruginosa",0.387141892432652
"7668","P. aeruginosa",0.290832480377037
"7669","P. aeruginosa",0.541448059314769
"7670","P. aeruginosa",0.470051517487015
"7671","P. aeruginosa",0.459896028821996
"7672","P. aeruginosa",0.635265689942884
"7673","P. aeruginosa",0.161550022180501
"7674","P. aeruginosa",0.466271302631543
"7675","P. aeruginosa",0.209546510003015
"7676","P. aeruginosa",0.502455799550691
"7677","P. aeruginosa",0.73572804216587
"7678","P. aeruginosa",0.320681195657013
"7679","P. aeruginosa",0.33618160218393
"7680","P. aeruginosa",0.767189652805127
"7681","P. aeruginosa",0.596798439718701
"7682","P. aeruginosa",0.285643244933784
"7683","P. aeruginosa",0.523097649489031
"7684","P. aeruginosa",0.462971624886751
"7685","P. aeruginosa",0.848202602378666
"7686","P. aeruginosa",0.429037988175359
"7687","P. aeruginosa",0.302161115990556
"7688","P. aeruginosa",0.590326011946454
"7689","P. aeruginosa",0.705573486593291
"7690","P. aeruginosa",0.288832948385998
"7691","P. aeruginosa",0.4845147541657
"7692","P. aeruginosa",0.546124824030222
"7693","P. aeruginosa",0.59197057938654
"7694","P. aeruginosa",0.414293629278416
"7695","P. aeruginosa",0.689794148343056
"7696","P. aeruginosa",0.855018112578268
"7697","P. aeruginosa",0.654235383677197
"7698","P. aeruginosa",0.83545174021495
"7699","P. aeruginosa",0.675530414296128
"7700","P. aeruginosa",0.675412363079845
"7701","P. aeruginosa",0.765648608082283
"7702","P. aeruginosa",0.186391186936332
"7703","P. aeruginosa",0.438327115491353
"7704","P. aeruginosa",0.48424561721351
"7705","P. aeruginosa",0.473633346605753
"7706","P. aeruginosa",0.760780624875183
"7707","P. aeruginosa",0.54804541624813
"7708","P. aeruginosa",0.117551470987143
"7709","P. aeruginosa",0.677140232849697
"7710","P. aeruginosa",0.736509100724667
"7711","P. aeruginosa",0.60795893192363
"7712","P. aeruginosa",0.735698830827967
"7713","P. aeruginosa",0.550590546979405
"7714","P. aeruginosa",0.717260855960208
"7715","P. aeruginosa",0.78118684620969
"7716","P. aeruginosa",0.544172125377347
"7717","P. aeruginosa",0.0951513601203506
"7718","P. aeruginosa",0.52263047028916
"7719","P. aeruginosa",0.376946082582663
"7720","P. aeruginosa",0.269097996091247
"7721","P. aeruginosa",0.332421693512001
"7722","P. aeruginosa",0.584959533859298
"7723","P. aeruginosa",0.576266498287994
"7724","P. aeruginosa",0.267649103088549
"7725","P. aeruginosa",0.481562697787739
"7726","P. aeruginosa",0.414736171908557
"7727","P. aeruginosa",0.577018123611234
"7728","P. aeruginosa",0.52491415245875
"7729","P. aeruginosa",0.605102855467292
"7730","P. aeruginosa",0.376262987713281
"7731","P. aeruginosa",0.0860769272019611
"7732","P. aeruginosa",0.186117516571083
"7733","P. aeruginosa",0.093752614827783
"7734","P. aeruginosa",0.421730006745888
"7735","P. aeruginosa",0.173918895809178
"7736","P. aeruginosa",0.331654304220733
"7737","P. aeruginosa",0.283399387363081
"7738","P. aeruginosa",0.59951861334386
"7739","P. aeruginosa",0.472777340882191
"7740","P. aeruginosa",0.754818450854762
"7741","P. aeruginosa",0.36934604826246
"7742","P. aeruginosa",0.692088307752079
"7743","P. aeruginosa",0.329211972606618
"7744","P. aeruginosa",0.309364298972422
"7745","P. aeruginosa",0.372543535109523
"7746","P. aeruginosa",0.520517878678183
"7747","P. aeruginosa",0.521280344328955
"7748","P. aeruginosa",0.786362896563914
"7749","P. aeruginosa",0.558519984706512
"7750","P. aeruginosa",0.426953545407097
"7751","P. aeruginosa",0.617931698894815
"7752","P. aeruginosa",0.762969826190699
"7753","P. aeruginosa",0.49257469952373
"7754","P. aeruginosa",0.26737093152568
"7755","P. aeruginosa",0.678930913241603
"7756","P. aeruginosa",0.160100888358975
"7757","P. aeruginosa",0.455823865418178
"7758","P. aeruginosa",0.295743154991047
"7759","P. aeruginosa",0.223578392441327
"7760","P. aeruginosa",0.360850714868777
"7761","P. aeruginosa",0.645247555954074
"7762","P. aeruginosa",0.432574095567208
"7763","P. aeruginosa",0.208677719879642
"7764","P. aeruginosa",0.539849663261331
"7765","P. aeruginosa",0.246231323351735
"7766","P. aeruginosa",0.502945664202708
"7767","P. aeruginosa",0.78211538464641
"7768","P. aeruginosa",0.553036484274056
"7769","P. aeruginosa",0.573069678623442
"7770","P. aeruginosa",0.615457043532647
"7771","P. aeruginosa",0.515049400299564
"7772","P. aeruginosa",0.60887057561303
"7773","P. aeruginosa",0.862608752115689
"7774","P. aeruginosa",0.62276456463007
"7775","P. aeruginosa",0.46202625213499
"7776","P. aeruginosa",0.493860199793879
"7777","P. aeruginosa",0.370153057554683
"7778","P. aeruginosa",0.83419307914989
"7779","P. aeruginosa",0.369487730108913
"7780","P. aeruginosa",0.764334359593288
"7781","P. aeruginosa",0.232336191389536
"7782","P. aeruginosa",0.396970217024404
"7783","P. aeruginosa",0.696902149019159
"7784","P. aeruginosa",0.427647724594278
"7785","P. aeruginosa",0.43547292406249
"7786","P. aeruginosa",0.724610924069586
"7787","P. aeruginosa",0.375347402973045
"7788","P. aeruginosa",0.396005282940431
"7789","P. aeruginosa",0.565989193211524
"7790","P. aeruginosa",0.921116316835621
"7791","P. aeruginosa",0.570990452754818
"7792","P. aeruginosa",0.212599246974046
"7793","P. aeruginosa",0.331628723319794
"7794","P. aeruginosa",0.590263471714053
"7795","P. aeruginosa",0.568679809809898
"7796","P. aeruginosa",0.548995768194878
"7797","P. aeruginosa",0.462561653617885
"7798","P. aeruginosa",0.575614132447967
"7799","P. aeruginosa",0.295830149419698
"7800","P. aeruginosa",0.514715912815572
"7801","P. aeruginosa",0.538308139925124
"7802","P. aeruginosa",0.317342626400501
"7803","P. aeruginosa",0.386608704253849
"7804","P. aeruginosa",0.714504845267728
"7805","P. aeruginosa",0.461858995271818
"7806","P. aeruginosa",0.626846667353522
"7807","P. aeruginosa",0.773559337371814
"7808","P. aeruginosa",0.393218235911789
"7809","P. aeruginosa",0.279291006667876
"7810","P. aeruginosa",0.0766899856487951
"7811","P. aeruginosa",0.440800926513998
"7812","P. aeruginosa",0.727518139816493
"7813","P. aeruginosa",0.406142048278379
"7814","P. aeruginosa",0.593171691093289
"7815","P. aeruginosa",0.495653011633146
"7816","P. aeruginosa",0.379822458792978
"7817","P. aeruginosa",0.486994271010908
"7818","P. aeruginosa",0.420326787597199
"7819","P. aeruginosa",0.519214462325508
"7820","P. aeruginosa",0.476270096097254
"7821","P. aeruginosa",0.692173558499265
"7822","P. aeruginosa",0.454834306487049
"7823","P. aeruginosa",0.600270942881339
"7824","P. aeruginosa",0.188865792369209
"7825","P. aeruginosa",0.4874339162604
"7826","P. aeruginosa",0.501583893945582
"7827","P. aeruginosa",0.739562743642138
"7828","P. aeruginosa",0.55482264593032
"7829","P. aeruginosa",0.572794419640132
"7830","P. aeruginosa",0.756199469726314
"7831","P. aeruginosa",0.624399059671318
"7832","P. aeruginosa",0.680403323577746
"7833","P. aeruginosa",0.532667131606927
"7834","P. aeruginosa",0.529900774153496
"7835","P. aeruginosa",0.675308461436324
"7836","P. aeruginosa",0.462362629899368
"7837","P. aeruginosa",0.702369062797308
"7838","P. aeruginosa",0.299357668711183
"7839","P. aeruginosa",0.476270457202399
"7840","P. aeruginosa",0.604066166205504
"7841","P. aeruginosa",0.480369566176663
"7842","P. aeruginosa",0.573019213333676
"7843","P. aeruginosa",0.17504105978161
"7844","P. aeruginosa",0.761543541180061
"7845","P. aeruginosa",0.210898585176846
"7846","P. aeruginosa",0.454335751903225
"7847","P. aeruginosa",0.553367783196127
"7848","P. aeruginosa",0.770344329692753
"7849","P. aeruginosa",0.819227907899465
"7850","P. aeruginosa",0.239842212069597
"7851","P. aeruginosa",0.205168613680017
"7852","P. aeruginosa",0.686838860915039
"7853","P. aeruginosa",0.337632356423191
"7854","P. aeruginosa",0.41275347394728
"7855","P. aeruginosa",0.325321865600058
"7856","P. aeruginosa",0.516315778465485
"7857","P. aeruginosa",0.240046504445897
"7858","P. aeruginosa",0.335876157132782
"7859","P. aeruginosa",0.622922146908435
"7860","P. aeruginosa",0.435357074246565
"7861","P. aeruginosa",0.668058847211253
"7862","P. aeruginosa",0.715531890659214
"7863","P. aeruginosa",0.317219789379514
"7864","P. aeruginosa",0.669338133759095
"7865","P. aeruginosa",0.51064161682
"7866","P. aeruginosa",0.414763136246875
"7867","P. aeruginosa",0.299413079752695
"7868","P. aeruginosa",0.452016472727242
"7869","P. aeruginosa",0.574622175660423
"7870","P. aeruginosa",0.613390155119427
"7871","P. aeruginosa",0.539995496497138
"7872","P. aeruginosa",0.437542529305465
"7873","P. aeruginosa",0.416681329285564
"7874","P. aeruginosa",0.81674565300242
"7875","P. aeruginosa",0.291046988898521
"7876","P. aeruginosa",0.39261854477923
"7877","P. aeruginosa",0.571253079078705
"7878","P. aeruginosa",0.765070212025525
"7879","P. aeruginosa",0.597247198848693
"7880","P. aeruginosa",0.463890764682346
"7881","P. aeruginosa",0.484220470446715
"7882","P. aeruginosa",0.331818020209269
"7883","P. aeruginosa",0.276882755981974
"7884","P. aeruginosa",0.48303045086031
"7885","P. aeruginosa",0.768400115454345
"7886","P. aeruginosa",0.447183125855317
"7887","P. aeruginosa",0.649302129179558
"7888","P. aeruginosa",0.379298955256699
"7889","P. aeruginosa",0.562838820588324
"7890","P. aeruginosa",0.513552805077162
"7891","P. aeruginosa",0.498915519989747
"7892","P. aeruginosa",0.218179196941483
"7893","P. aeruginosa",0.604977026139161
"7894","P. aeruginosa",0.542730549796323
"7895","P. aeruginosa",0.524601528674517
"7896","P. aeruginosa",0.360522325525578
"7897","P. aeruginosa",0.518084407137661
"7898","P. aeruginosa",0.395056889461932
"7899","P. aeruginosa",0.302879658095217
"7900","P. aeruginosa",0.509454231946573
"7901","P. aeruginosa",0.746661496429783
"7902","P. aeruginosa",0.697529067427086
"7903","P. aeruginosa",0.446250810693195
"7904","P. aeruginosa",0.511468181348299
"7905","P. aeruginosa",0.305280097241862
"7906","P. aeruginosa",0.606847336064073
"7907","P. aeruginosa",0.694962896990367
"7908","P. aeruginosa",0.855500319553463
"7909","P. aeruginosa",0.346163512138214
"7910","P. aeruginosa",0.492325257784922
"7911","P. aeruginosa",0.886708381244117
"7912","P. aeruginosa",0.584055120726321
"7913","P. aeruginosa",0.435197125372015
"7914","P. aeruginosa",0.495498694826149
"7915","P. aeruginosa",0.35159379793578
"7916","P. aeruginosa",0.493084952627644
"7917","P. aeruginosa",0.817073039142718
"7918","P. aeruginosa",0.386152437073721
"7919","P. aeruginosa",0.610582693388684
"7920","P. aeruginosa",0.659221795811216
"7921","P. aeruginosa",0.521318774102823
"7922","P. aeruginosa",0.53516827255287
"7923","P. aeruginosa",0.752165495137405
"7924","P. aeruginosa",0.549030006320947
"7925","P. aeruginosa",0.89340056841732
"7926","P. aeruginosa",0.486193505649599
"7927","P. aeruginosa",0.454086611460592
"7928","P. aeruginosa",0.362459235640915
"7929","P. aeruginosa",0.448276365172549
"7930","P. aeruginosa",0.316295071650577
"7931","P. aeruginosa",0.588199609712069
"7932","P. aeruginosa",0.325881837651231
"7933","P. aeruginosa",0.411688618789011
"7934","P. aeruginosa",0.622480306690406
"7935","P. aeruginosa",0.457598547257395
"7936","P. aeruginosa",0.335235079092782
"7937","P. aeruginosa",0.296012308973174
"7938","P. aeruginosa",0.295392211258015
"7939","P. aeruginosa",0.248964405459948
"7940","P. aeruginosa",0.660374720026121
"7941","P. aeruginosa",0.399502821987094
"7942","P. aeruginosa",0.584343146210935
"7943","P. aeruginosa",0.410586460502215
"7944","P. aeruginosa",0.390672501382581
"7945","P. aeruginosa",0.690706198613015
"7946","P. aeruginosa",0.30854894542574
"7947","P. aeruginosa",0.396755271386225
"7948","P. aeruginosa",0.63907967127452
"7949","P. aeruginosa",0.609731819312075
"7950","P. aeruginosa",0.460013598140384
"7951","P. aeruginosa",0.41039320983505
"7952","P. aeruginosa",0.199654155126386
"7953","P. aeruginosa",0.264432555452371
"7954","P. aeruginosa",0.406908632591697
"7955","P. aeruginosa",0.328136513888234
"7956","P. aeruginosa",0.321292418252003
"7957","P. aeruginosa",0.451719767538578
"7958","P. aeruginosa",0.686502684158068
"7959","P. aeruginosa",0.317406827206489
"7960","P. aeruginosa",0.58776010250289
"7961","P. aeruginosa",0.440088277997519
"7962","P. aeruginosa",0.439826146386478
"7963","P. aeruginosa",0.508898207079387
"7964","P. aeruginosa",0.606935962533505
"7965","P. aeruginosa",0.218031460032308
"7966","P. aeruginosa",0.610032711293882
"7967","P. aeruginosa",0.267077971467545
"7968","P. aeruginosa",0.625279501011094
"7969","P. aeruginosa",0.147973743049356
"7970","P. aeruginosa",0.639715779487313
"7971","P. aeruginosa",0.462068516697479
"7972","P. aeruginosa",0.097044478416896
"7973","P. aeruginosa",0.473113060844024
"7974","P. aeruginosa",0.507277612746736
"7975","P. aeruginosa",0.48352021604658
"7976","P. aeruginosa",0.437152208704196
"7977","P. aeruginosa",0.542353700809335
"7978","P. aeruginosa",0.471521496741417
"7979","P. aeruginosa",0.279810686476819
"7980","P. aeruginosa",0.593304169329095
"7981","P. aeruginosa",0.262090964126947
"7982","P. aeruginosa",0.58396913434227
"7983","P. aeruginosa",0.517350386423295
"7984","P. aeruginosa",0.283110901121464
"7985","P. aeruginosa",0.480145500809124
"7986","P. aeruginosa",0.651697739559635
"7987","P. aeruginosa",0.531011797807474
"7988","P. aeruginosa",0.233340367095574
"7989","P. aeruginosa",0.505757218668236
"7990","P. aeruginosa",0.680733392958584
"7991","P. aeruginosa",0.366790261087266
"7992","P. aeruginosa",0.319252785255049
"7993","P. aeruginosa",0.423400220554301
"7994","P. aeruginosa",0.787577225373531
"7995","P. aeruginosa",0.285155615227776
"7996","P. aeruginosa",0.430459619725876
"7997","P. aeruginosa",0.578628703516569
"7998","P. aeruginosa",0.471884964958285
"7999","P. aeruginosa",0.533307581371992
"8000","P. aeruginosa",0.441898798780464
"8001","S. aureus",0.897863054043476
"8002","S. aureus",0.941881149217269
"8003","S. aureus",0.976931063328306
"8004","S. aureus",0.831124502297451
"8005","S. aureus",0.777231176879238
"8006","S. aureus",0.518424855499438
"8007","S. aureus",0.896871031652018
"8008","S. aureus",0.747973357644935
"8009","S. aureus",0.982992682811658
"8010","S. aureus",0.758396912692101
"8011","S. aureus",0.94629039638604
"8012","S. aureus",0.414708963698206
"8013","S. aureus",0.414162384354093
"8014","S. aureus",0.553477394494045
"8015","S. aureus",0.972382828649496
"8016","S. aureus",0.859599174700829
"8017","S. aureus",0.583497818787266
"8018","S. aureus",0.686233166280208
"8019","S. aureus",0.682683339329503
"8020","S. aureus",0.666076791455806
"8021","S. aureus",0.705339464264592
"8022","S. aureus",0.698852027033873
"8023","S. aureus",0.516976677656536
"8024","S. aureus",0.532831937907587
"8025","S. aureus",0.523067854807769
"8026","S. aureus",0.569854721325872
"8027","S. aureus",0.990610308268656
"8028","S. aureus",0.719773541702982
"8029","S. aureus",0.735873898947
"8030","S. aureus",0.699639079549183
"8031","S. aureus",0.751387850890804
"8032","S. aureus",0.467802208148939
"8033","S. aureus",0.770293265574132
"8034","S. aureus",0.835668085218873
"8035","S. aureus",0.851293974425903
"8036","S. aureus",0.989200402387738
"8037","S. aureus",0.770266479473467
"8038","S. aureus",0.692942644913598
"8039","S. aureus",0.731634760754293
"8040","S. aureus",0.787699755041155
"8041","S. aureus",0.634174160874269
"8042","S. aureus",0.730270311069099
"8043","S. aureus",0.884508393351733
"8044","S. aureus",0.758532928157782
"8045","S. aureus",0.800495634694646
"8046","S. aureus",0.597647662389634
"8047","S. aureus",0.771070813710894
"8048","S. aureus",0.678921088961384
"8049","S. aureus",0.871120288245613
"8050","S. aureus",0.6691908071932
"8051","S. aureus",0.602059742950831
"8052","S. aureus",0.776655848274147
"8053","S. aureus",0.794705572662485
"8054","S. aureus",0.692776873895296
"8055","S. aureus",0.678157665427263
"8056","S. aureus",0.606549057421136
"8057","S. aureus",0.707307778677785
"8058","S. aureus",0.632260757902111
"8059","S. aureus",0.567364626661005
"8060","S. aureus",0.676070058592219
"8061","S. aureus",0.565974684901375
"8062","S. aureus",0.548536561768007
"8063","S. aureus",0.868045510931809
"8064","S. aureus",0.477458082003353
"8065","S. aureus",0.771821957498775
"8066","S. aureus",0.686384790475499
"8067","S. aureus",0.590310158433995
"8068","S. aureus",0.506159991742236
"8069","S. aureus",0.586923361716009
"8070","S. aureus",0.85914799687508
"8071","S. aureus",0.970000921389938
"8072","S. aureus",0.879059151546124
"8073","S. aureus",0.611705813011483
"8074","S. aureus",0.69086228671772
"8075","S. aureus",0.821786691620567
"8076","S. aureus",0.97504239950691
"8077","S. aureus",0.573467639169311
"8078","S. aureus",0.405253720418049
"8079","S. aureus",0.876121517559888
"8080","S. aureus",0.78475839872113
"8081","S. aureus",0.687826765337763
"8082","S. aureus",0.729639337807818
"8083","S. aureus",0.735690248401824
"8084","S. aureus",0.894396903505124
"8085","S. aureus",0.674121034325124
"8086","S. aureus",0.408566916030197
"8087","S. aureus",1.01422665336684
"8088","S. aureus",0.892324508254836
"8089","S. aureus",0.709836795530297
"8090","S. aureus",0.77033684981195
"8091","S. aureus",0.707826260201503
"8092","S. aureus",0.73805388715402
"8093","S. aureus",0.80131356242211
"8094","S. aureus",0.746183633619442
"8095","S. aureus",0.839757398713427
"8096","S. aureus",0.703571911341945
"8097","S. aureus",0.774346582278249
"8098","S. aureus",0.592367879109686
"8099","S. aureus",0.631538921282105
"8100","S. aureus",0.990361450022116
"8101","S. aureus",0.948465199491991
"8102","S. aureus",0.404319450884745
"8103","S. aureus",0.906500437401072
"8104","S. aureus",0.718307346125757
"8105","S. aureus",0.975745698492559
"8106","S. aureus",0.526080910733774
"8107","S. aureus",0.852360230536476
"8108","S. aureus",0.677050145306294
"8109","S. aureus",0.674080659437754
"8110","S. aureus",0.629526917295541
"8111","S. aureus",0.790290231862356
"8112","S. aureus",0.704137592863204
"8113","S. aureus",0.651175022540714
"8114","S. aureus",0.810291974521607
"8115","S. aureus",0.530811587667921
"8116","S. aureus",0.645020152266495
"8117","S. aureus",0.887528941457946
"8118","S. aureus",0.877194813111976
"8119","S. aureus",0.576513496444557
"8120","S. aureus",0.380384858961432
"8121","S. aureus",0.612788360999362
"8122","S. aureus",0.633214933902891
"8123","S. aureus",0.754676905096385
"8124","S. aureus",0.317657185853422
"8125","S. aureus",0.776143723606399
"8126","S. aureus",0.619690812445905
"8127","S. aureus",0.878321683723106
"8128","S. aureus",0.798367892188015
"8129","S. aureus",0.645760179094132
"8130","S. aureus",0.673291892391475
"8131","S. aureus",0.56479029666562
"8132","S. aureus",0.614833860698802
"8133","S. aureus",0.755191280841257
"8134","S. aureus",0.738256009685217
"8135","S. aureus",0.921324568563406
"8136","S. aureus",0.814823291062138
"8137","S. aureus",0.768042215962495
"8138","S. aureus",1.15801814966073
"8139","S. aureus",0.56089449931979
"8140","S. aureus",0.637036319620908
"8141","S. aureus",0.650056194636726
"8142","S. aureus",0.785141226007368
"8143","S. aureus",0.413626599041354
"8144","S. aureus",0.503756444839484
"8145","S. aureus",0.597934786955151
"8146","S. aureus",0.712755794365516
"8147","S. aureus",0.952228534716709
"8148","S. aureus",0.669675342522209
"8149","S. aureus",0.552237480162416
"8150","S. aureus",0.787809656909161
"8151","S. aureus",0.989635279017002
"8152","S. aureus",0.426051192552012
"8153","S. aureus",0.829878255076509
"8154","S. aureus",0.913255169673609
"8155","S. aureus",0.710697816510918
"8156","S. aureus",0.778521641914148
"8157","S. aureus",0.500043129170331
"8158","S. aureus",0.626674537139444
"8159","S. aureus",0.686024388051498
"8160","S. aureus",0.404521349594345
"8161","S. aureus",0.724054235765831
"8162","S. aureus",0.708593687342583
"8163","S. aureus",0.80200358825056
"8164","S. aureus",0.635483833341777
"8165","S. aureus",0.92670969944472
"8166","S. aureus",0.82761202134643
"8167","S. aureus",0.437742385146785
"8168","S. aureus",0.689339304690507
"8169","S. aureus",1.0509411523669
"8170","S. aureus",1.04117878476103
"8171","S. aureus",0.888827378004345
"8172","S. aureus",0.668794809741346
"8173","S. aureus",0.64951777345455
"8174","S. aureus",0.497161503242001
"8175","S. aureus",0.683058297615945
"8176","S. aureus",0.671437082672201
"8177","S. aureus",1.05091812849876
"8178","S. aureus",0.733065292118898
"8179","S. aureus",0.717726496731178
"8180","S. aureus",0.631994888664386
"8181","S. aureus",0.523363493036881
"8182","S. aureus",0.72837628977857
"8183","S. aureus",0.762560596328229
"8184","S. aureus",0.699138096529938
"8185","S. aureus",0.616432902955665
"8186","S. aureus",0.643246945058037
"8187","S. aureus",0.863977907940544
"8188","S. aureus",0.804484825503989
"8189","S. aureus",0.705650312302468
"8190","S. aureus",0.721722976782159
"8191","S. aureus",0.636955276121062
"8192","S. aureus",0.653463761422203
"8193","S. aureus",0.833379295600988
"8194","S. aureus",0.875692711143485
"8195","S. aureus",0.606115289391657
"8196","S. aureus",0.612304997256837
"8197","S. aureus",0.482556880564397
"8198","S. aureus",0.500747316832471
"8199","S. aureus",0.610228974592733
"8200","S. aureus",0.506621093775303
"8201","S. aureus",0.672506837007098
"8202","S. aureus",0.697013333189075
"8203","S. aureus",0.727509666387526
"8204","S. aureus",0.530367116425272
"8205","S. aureus",1.18169783271624
"8206","S. aureus",0.562148080153802
"8207","S. aureus",0.576731772409084
"8208","S. aureus",0.437095226304862
"8209","S. aureus",0.629329805892726
"8210","S. aureus",0.608937661094505
"8211","S. aureus",0.557626413004466
"8212","S. aureus",0.806691614634756
"8213","S. aureus",0.878966330514156
"8214","S. aureus",0.690625178460056
"8215","S. aureus",0.836639092960969
"8216","S. aureus",0.712999850800173
"8217","S. aureus",0.874576270136282
"8218","S. aureus",0.61713152957941
"8219","S. aureus",0.628817520050635
"8220","S. aureus",0.741191350589315
"8221","S. aureus",0.750899687678811
"8222","S. aureus",1.02196040389544
"8223","S. aureus",0.821567332812227
"8224","S. aureus",0.691126111770239
"8225","S. aureus",0.61440026186415
"8226","S. aureus",0.589959015632204
"8227","S. aureus",0.60707339206742
"8228","S. aureus",0.674540232196328
"8229","S. aureus",0.818008856887993
"8230","S. aureus",0.794994776245542
"8231","S. aureus",0.90625117535133
"8232","S. aureus",1.05096239295913
"8233","S. aureus",0.71788224830332
"8234","S. aureus",0.491327142222733
"8235","S. aureus",0.672003953717896
"8236","S. aureus",0.839293949484344
"8237","S. aureus",0.740947641744239
"8238","S. aureus",0.481580205851663
"8239","S. aureus",0.720260717637561
"8240","S. aureus",0.874003520735223
"8241","S. aureus",0.695662471818389
"8242","S. aureus",0.810048743145678
"8243","S. aureus",0.421313039466076
"8244","S. aureus",0.643349155814725
"8245","S. aureus",0.848700290800483
"8246","S. aureus",0.752948426577816
"8247","S. aureus",0.61052550707891
"8248","S. aureus",0.655765035598896
"8249","S. aureus",0.361569272585884
"8250","S. aureus",1.01250807157661
"8251","S. aureus",0.797630177915732
"8252","S. aureus",0.539619788256701
"8253","S. aureus",0.716071646399561
"8254","S. aureus",0.698997979661548
"8255","S. aureus",0.631205063121765
"8256","S. aureus",0.757594551265851
"8257","S. aureus",0.745221015134982
"8258","S. aureus",0.813890329140979
"8259","S. aureus",0.760072423945503
"8260","S. aureus",0.561209780143672
"8261","S. aureus",0.732320411935981
"8262","S. aureus",0.623796045028579
"8263","S. aureus",0.683002546080316
"8264","S. aureus",0.622433369713696
"8265","S. aureus",0.610295146382985
"8266","S. aureus",0.769878337327782
"8267","S. aureus",0.623446283270733
"8268","S. aureus",0.690171201511163
"8269","S. aureus",0.515441608991609
"8270","S. aureus",0.870962290207624
"8271","S. aureus",0.666018596876444
"8272","S. aureus",0.552675635080193
"8273","S. aureus",0.481863868139611
"8274","S. aureus",0.727696432459389
"8275","S. aureus",0.871789672273529
"8276","S. aureus",0.688335189785147
"8277","S. aureus",0.80759101275737
"8278","S. aureus",0.651214903071398
"8279","S. aureus",0.798651590857081
"8280","S. aureus",0.622989761541248
"8281","S. aureus",0.690316027045888
"8282","S. aureus",0.893293678447102
"8283","S. aureus",0.449263040144013
"8284","S. aureus",0.831693588926734
"8285","S. aureus",0.985253964519096
"8286","S. aureus",0.569009217624156
"8287","S. aureus",0.578008157761777
"8288","S. aureus",0.678926984879545
"8289","S. aureus",0.932280806760879
"8290","S. aureus",0.80913731671882
"8291","S. aureus",0.410323124706535
"8292","S. aureus",0.664665738137185
"8293","S. aureus",0.529874602448137
"8294","S. aureus",0.750976618331977
"8295","S. aureus",0.624731197463634
"8296","S. aureus",0.750914268220898
"8297","S. aureus",0.799474824537564
"8298","S. aureus",0.702599300140039
"8299","S. aureus",0.416361971508084
"8300","S. aureus",0.757164840992612
"8301","S. aureus",0.420951492678748
"8302","S. aureus",0.838128390615758
"8303","S. aureus",0.677144351641737
"8304","S. aureus",0.669595492292792
"8305","S. aureus",0.604413203724284
"8306","S. aureus",0.531217332651768
"8307","S. aureus",0.631963519893827
"8308","S. aureus",0.524293934486694
"8309","S. aureus",0.742198346555364
"8310","S. aureus",0.725244238123239
"8311","S. aureus",0.639276426249953
"8312","S. aureus",0.714068153538712
"8313","S. aureus",0.724211517474366
"8314","S. aureus",0.656283136630792
"8315","S. aureus",0.560869301491515
"8316","S. aureus",0.693970058980019
"8317","S. aureus",0.651863742416662
"8318","S. aureus",0.612623062402793
"8319","S. aureus",0.489705406820224
"8320","S. aureus",0.80626739961485
"8321","S. aureus",1.0132684305978
"8322","S. aureus",0.829599410054262
"8323","S. aureus",0.923684132129486
"8324","S. aureus",0.724445170895047
"8325","S. aureus",0.784764468124248
"8326","S. aureus",0.639242831382822
"8327","S. aureus",0.689165351412166
"8328","S. aureus",0.58574200334632
"8329","S. aureus",0.865169831057501
"8330","S. aureus",0.788762796063377
"8331","S. aureus",0.298142145259004
"8332","S. aureus",0.809655971665536
"8333","S. aureus",0.913758135295491
"8334","S. aureus",0.764242685996714
"8335","S. aureus",0.582069721317102
"8336","S. aureus",0.5506372159226
"8337","S. aureus",0.685401438053841
"8338","S. aureus",1.06134238903868
"8339","S. aureus",0.711658168384641
"8340","S. aureus",0.81394890892458
"8341","S. aureus",0.690721211746978
"8342","S. aureus",0.634591987783789
"8343","S. aureus",0.410060121441361
"8344","S. aureus",0.713217902563156
"8345","S. aureus",0.676456028464383
"8346","S. aureus",0.647249785504527
"8347","S. aureus",0.632912402141823
"8348","S. aureus",0.65452232867685
"8349","S. aureus",0.492885656053856
"8350","S. aureus",0.661728959662936
"8351","S. aureus",0.648545203159217
"8352","S. aureus",0.683207490563482
"8353","S. aureus",0.705019173071021
"8354","S. aureus",0.911333577060025
"8355","S. aureus",0.775400753861707
"8356","S. aureus",0.877482002843415
"8357","S. aureus",0.873085357496588
"8358","S. aureus",0.791213397148454
"8359","S. aureus",0.554805363571201
"8360","S. aureus",0.84958805706328
"8361","S. aureus",0.751605757606271
"8362","S. aureus",0.832939064279704
"8363","S. aureus",0.630465560490405
"8364","S. aureus",0.697321873147304
"8365","S. aureus",0.608867906881632
"8366","S. aureus",0.563266009568703
"8367","S. aureus",0.772540836964236
"8368","S. aureus",0.929131095680847
"8369","S. aureus",0.872581391982687
"8370","S. aureus",0.450208732007966
"8371","S. aureus",0.869708965270948
"8372","S. aureus",0.772875155925313
"8373","S. aureus",0.701287764637501
"8374","S. aureus",0.922344961278483
"8375","S. aureus",0.739621865637668
"8376","S. aureus",0.658703748598412
"8377","S. aureus",0.851883549072562
"8378","S. aureus",0.82099720365398
"8379","S. aureus",0.496580869102881
"8380","S. aureus",0.56618694857462
"8381","S. aureus",0.856978683956913
"8382","S. aureus",0.643901542347286
"8383","S. aureus",0.70950284282923
"8384","S. aureus",0.692615151381444
"8385","S. aureus",0.770662194707069
"8386","S. aureus",0.696830863429237
"8387","S. aureus",0.862806200315448
"8388","S. aureus",0.629266001279823
"8389","S. aureus",1.01022209859927
"8390","S. aureus",0.770463565285909
"8391","S. aureus",0.508876381808569
"8392","S. aureus",0.841911185328929
"8393","S. aureus",0.694005774398394
"8394","S. aureus",0.463598419637576
"8395","S. aureus",0.601021687879908
"8396","S. aureus",0.55826063225693
"8397","S. aureus",0.761274075564778
"8398","S. aureus",0.557747075564535
"8399","S. aureus",0.700132979429441
"8400","S. aureus",0.823946323938785
"8401","S. aureus",0.561586681044115
"8402","S. aureus",0.810194246682096
"8403","S. aureus",0.394863010420075
"8404","S. aureus",0.523557980273856
"8405","S. aureus",0.664077886603128
"8406","S. aureus",0.844222592317929
"8407","S. aureus",0.855383356274946
"8408","S. aureus",0.518403718764114
"8409","S. aureus",0.496258107049925
"8410","S. aureus",0.888848809710602
"8411","S. aureus",0.569890209339655
"8412","S. aureus",0.742872277586517
"8413","S. aureus",0.705588313949197
"8414","S. aureus",0.677183555496891
"8415","S. aureus",0.87540856447721
"8416","S. aureus",0.775001856648898
"8417","S. aureus",0.554736184884467
"8418","S. aureus",0.711270003826531
"8419","S. aureus",0.857122178387318
"8420","S. aureus",0.769182720281758
"8421","S. aureus",0.655860268596412
"8422","S. aureus",0.607183893338305
"8423","S. aureus",0.604312578632119
"8424","S. aureus",0.60841186151415
"8425","S. aureus",0.693546174806515
"8426","S. aureus",0.719459144886066
"8427","S. aureus",0.742773093391509
"8428","S. aureus",0.684135419672006
"8429","S. aureus",0.995881702281651
"8430","S. aureus",0.424033273271484
"8431","S. aureus",0.532199110668002
"8432","S. aureus",0.780979743728067
"8433","S. aureus",0.501255224696524
"8434","S. aureus",0.837171204642407
"8435","S. aureus",0.675376746124987
"8436","S. aureus",0.553395063357466
"8437","S. aureus",0.655339547587416
"8438","S. aureus",0.848443372079739
"8439","S. aureus",0.495372918391591
"8440","S. aureus",0.792809640533547
"8441","S. aureus",0.673014251848391
"8442","S. aureus",0.376291926056532
"8443","S. aureus",0.582133066681636
"8444","S. aureus",0.490083007240464
"8445","S. aureus",0.981821066459308
"8446","S. aureus",0.79651502450473
"8447","S. aureus",0.881439761443887
"8448","S. aureus",0.538743830772831
"8449","S. aureus",0.559501372153906
"8450","S. aureus",0.592856097729948
"8451","S. aureus",0.718421844459373
"8452","S. aureus",0.768096202487881
"8453","S. aureus",0.550559193795518
"8454","S. aureus",0.498671879227449
"8455","S. aureus",0.486619930439884
"8456","S. aureus",0.813249250002832
"8457","S. aureus",0.560112684960462
"8458","S. aureus",0.544448476940054
"8459","S. aureus",1.01506434410479
"8460","S. aureus",0.585049022328794
"8461","S. aureus",0.8105247421535
"8462","S. aureus",0.820152087854966
"8463","S. aureus",0.678726927783617
"8464","S. aureus",0.908262656389392
"8465","S. aureus",0.802796537603317
"8466","S. aureus",0.558719925001453
"8467","S. aureus",0.39720247737269
"8468","S. aureus",0.478869440736292
"8469","S. aureus",0.825605067841838
"8470","S. aureus",0.455782302321627
"8471","S. aureus",0.749965966480323
"8472","S. aureus",0.830564185882058
"8473","S. aureus",0.336300831387952
"8474","S. aureus",0.519546408094994
"8475","S. aureus",0.705717875471499
"8476","S. aureus",0.790628575078483
"8477","S. aureus",0.774425732448681
"8478","S. aureus",0.909982785681459
"8479","S. aureus",0.680886534663856
"8480","S. aureus",0.578203277748869
"8481","S. aureus",0.521399385776016
"8482","S. aureus",0.759923061047761
"8483","S. aureus",0.904113371144133
"8484","S. aureus",0.838771214476618
"8485","S. aureus",0.546716690687205
"8486","S. aureus",0.383778495184307
"8487","S. aureus",0.50914147801048
"8488","S. aureus",0.844507054241362
"8489","S. aureus",0.659030975032213
"8490","S. aureus",0.756953073182726
"8491","S. aureus",0.757399310181877
"8492","S. aureus",0.797663231840878
"8493","S. aureus",0.783481573560554
"8494","S. aureus",0.886643218597999
"8495","S. aureus",0.54192836920086
"8496","S. aureus",0.663426032825167
"8497","S. aureus",0.64567493596876
"8498","S. aureus",0.84244898696762
"8499","S. aureus",0.760016910342227
"8500","S. aureus",0.768801768278643
"8501","S. aureus",0.765505684989455
"8502","S. aureus",0.860608389398043
"8503","S. aureus",0.736830051289259
"8504","S. aureus",0.426744739268341
"8505","S. aureus",0.457532403233066
"8506","S. aureus",0.801893940357097
"8507","S. aureus",0.7477901833767
"8508","S. aureus",0.646422207162288
"8509","S. aureus",0.667362132131157
"8510","S. aureus",0.759213775759815
"8511","S. aureus",0.509324624585696
"8512","S. aureus",0.569227080593623
"8513","S. aureus",0.498684757371911
"8514","S. aureus",0.631363303476243
"8515","S. aureus",0.416549847785002
"8516","S. aureus",0.555110023190105
"8517","S. aureus",0.572203903865414
"8518","S. aureus",0.780734801116478
"8519","S. aureus",0.702412265281426
"8520","S. aureus",0.616867100946337
"8521","S. aureus",0.841548806511468
"8522","S. aureus",0.485819796990197
"8523","S. aureus",0.736189664212222
"8524","S. aureus",0.857090728096546
"8525","S. aureus",0.985056521032592
"8526","S. aureus",0.688351647491743
"8527","S. aureus",0.694889595202779
"8528","S. aureus",0.784397477985398
"8529","S. aureus",0.573057742271021
"8530","S. aureus",0.821026602030024
"8531","S. aureus",0.845063397462542
"8532","S. aureus",0.956091874604136
"8533","S. aureus",0.778366431323827
"8534","S. aureus",0.571703625707426
"8535","S. aureus",0.731550688196768
"8536","S. aureus",0.860010115428214
"8537","S. aureus",0.612431571140306
"8538","S. aureus",0.547784401931225
"8539","S. aureus",0.477356204661801
"8540","S. aureus",0.905150413156196
"8541","S. aureus",0.793670690967733
"8542","S. aureus",0.734730957403422
"8543","S. aureus",0.637817175850264
"8544","S. aureus",0.605217446121154
"8545","S. aureus",0.8626811834103
"8546","S. aureus",0.570732408090591
"8547","S. aureus",0.647251453333605
"8548","S. aureus",0.455612998109787
"8549","S. aureus",0.75751117268048
"8550","S. aureus",0.531783771995042
"8551","S. aureus",0.718099028456841
"8552","S. aureus",0.667549984903297
"8553","S. aureus",0.535878571462017
"8554","S. aureus",0.763526996051453
"8555","S. aureus",0.698589062078326
"8556","S. aureus",0.471461407987777
"8557","S. aureus",0.647671834438494
"8558","S. aureus",0.740991058194275
"8559","S. aureus",0.971438522420793
"8560","S. aureus",0.979754635020908
"8561","S. aureus",0.645772784438566
"8562","S. aureus",0.834518833838784
"8563","S. aureus",0.777370833845717
"8564","S. aureus",0.570160241419973
"8565","S. aureus",0.697765281249637
"8566","S. aureus",0.733521481996516
"8567","S. aureus",0.634681767219942
"8568","S. aureus",0.820637801307711
"8569","S. aureus",0.704978363308351
"8570","S. aureus",0.355087612915274
"8571","S. aureus",0.753129195056332
"8572","S. aureus",0.642002690894424
"8573","S. aureus",0.58174414638352
"8574","S. aureus",0.747003611166022
"8575","S. aureus",0.645238490702553
"8576","S. aureus",0.633282813439811
"8577","S. aureus",0.51294460031997
"8578","S. aureus",0.465029716228212
"8579","S. aureus",0.587684082252599
"8580","S. aureus",0.823354360735769
"8581","S. aureus",0.937542231597792
"8582","S. aureus",0.389060843017638
"8583","S. aureus",0.847859306698441
"8584","S. aureus",0.938688229039929
"8585","S. aureus",0.416377958387201
"8586","S. aureus",0.649721900868297
"8587","S. aureus",0.386952992330553
"8588","S. aureus",0.661823822476622
"8589","S. aureus",0.98199393526738
"8590","S. aureus",0.6096389326145
"8591","S. aureus",0.535058323328567
"8592","S. aureus",0.720910283396919
"8593","S. aureus",0.677056083735894
"8594","S. aureus",0.844288975311414
"8595","S. aureus",0.481583830626779
"8596","S. aureus",0.717824409256213
"8597","S. aureus",0.609638909137121
"8598","S. aureus",0.745498955604992
"8599","S. aureus",0.711269548102531
"8600","S. aureus",0.609706981658268
"8601","S. aureus",0.761952283836272
"8602","S. aureus",0.954118529566878
"8603","S. aureus",0.67817058119068
"8604","S. aureus",0.806821623838885
"8605","S. aureus",0.620279905949798
"8606","S. aureus",0.894515331403218
"8607","S. aureus",0.709610423916544
"8608","S. aureus",0.593300137997251
"8609","S. aureus",0.727133059595056
"8610","S. aureus",0.884840194603769
"8611","S. aureus",0.535279143349685
"8612","S. aureus",0.907176517003441
"8613","S. aureus",0.796075096748353
"8614","S. aureus",0.69340545833846
"8615","S. aureus",0.323326409532135
"8616","S. aureus",0.446765691649743
"8617","S. aureus",0.490622019494742
"8618","S. aureus",0.802330090203494
"8619","S. aureus",0.688133301789793
"8620","S. aureus",0.83783442567971
"8621","S. aureus",0.816143622112839
"8622","S. aureus",0.638114063096191
"8623","S. aureus",0.912624451442775
"8624","S. aureus",0.667390083740645
"8625","S. aureus",0.634981348465452
"8626","S. aureus",0.649082480790319
"8627","S. aureus",0.610621982862057
"8628","S. aureus",0.829812453938661
"8629","S. aureus",0.736180851554859
"8630","S. aureus",0.719604110477825
"8631","S. aureus",0.583213479410557
"8632","S. aureus",0.753932265205474
"8633","S. aureus",0.458688940603806
"8634","S. aureus",0.659590435187043
"8635","S. aureus",0.687791991215842
"8636","S. aureus",0.577469217763433
"8637","S. aureus",0.852827375913857
"8638","S. aureus",0.759532093101829
"8639","S. aureus",0.708532704158001
"8640","S. aureus",0.790029890244944
"8641","S. aureus",0.942952050238494
"8642","S. aureus",0.678454880881287
"8643","S. aureus",0.779214051737369
"8644","S. aureus",0.546395967339262
"8645","S. aureus",0.374502544716267
"8646","S. aureus",0.690282242435498
"8647","S. aureus",0.632543113488981
"8648","S. aureus",0.672271492639147
"8649","S. aureus",0.608740802346511
"8650","S. aureus",0.605849823449884
"8651","S. aureus",0.851792074184932
"8652","S. aureus",0.633508805218311
"8653","S. aureus",0.714221411890948
"8654","S. aureus",0.769533407312599
"8655","S. aureus",0.695392784599215
"8656","S. aureus",0.684038696546967
"8657","S. aureus",0.743541948130452
"8658","S. aureus",0.617993961489147
"8659","S. aureus",0.644820629186681
"8660","S. aureus",0.36021663964261
"8661","S. aureus",0.612685908082673
"8662","S. aureus",0.928921318600536
"8663","S. aureus",0.436037661186462
"8664","S. aureus",0.735176105554068
"8665","S. aureus",0.652648304931407
"8666","S. aureus",0.659488989075323
"8667","S. aureus",0.754981057296631
"8668","S. aureus",0.632189153776631
"8669","S. aureus",0.466936875631158
"8670","S. aureus",0.759626804548467
"8671","S. aureus",0.47120274300808
"8672","S. aureus",0.58937392367026
"8673","S. aureus",0.646816080740135
"8674","S. aureus",0.688053021614607
"8675","S. aureus",0.687512313907795
"8676","S. aureus",0.836128657243865
"8677","S. aureus",0.54280339438241
"8678","S. aureus",0.627993070309106
"8679","S. aureus",0.561837248836804
"8680","S. aureus",1.07576938774121
"8681","S. aureus",0.381447288810806
"8682","S. aureus",0.796863687709584
"8683","S. aureus",0.62104807706943
"8684","S. aureus",0.771216265374642
"8685","S. aureus",1.0629791587439
"8686","S. aureus",0.448300294849631
"8687","S. aureus",1.04483591120262
"8688","S. aureus",0.515446263653891
"8689","S. aureus",0.688798993019819
"8690","S. aureus",0.750381541928536
"8691","S. aureus",0.826685700783344
"8692","S. aureus",0.648357389189847
"8693","S. aureus",0.72939844896528
"8694","S. aureus",0.732319737631807
"8695","S. aureus",0.718195063156426
"8696","S. aureus",0.735293050344537
"8697","S. aureus",0.675244856838957
"8698","S. aureus",0.893725440322474
"8699","S. aureus",0.453594380879706
"8700","S. aureus",0.784905709098633
"8701","S. aureus",0.605561565594322
"8702","S. aureus",0.811766544546374
"8703","S. aureus",0.762911229984504
"8704","S. aureus",0.689571512954157
"8705","S. aureus",0.841039322282554
"8706","S. aureus",0.737919359167155
"8707","S. aureus",0.783740571978403
"8708","S. aureus",0.83041969404022
"8709","S. aureus",0.79844985989195
"8710","S. aureus",0.887734147051791
"8711","S. aureus",0.693855521004877
"8712","S. aureus",0.679412099226359
"8713","S. aureus",0.617182496008315
"8714","S. aureus",0.79353745761873
"8715","S. aureus",1.00985055681829
"8716","S. aureus",0.529409824909085
"8717","S. aureus",0.458442520971044
"8718","S. aureus",0.663944210282068
"8719","S. aureus",0.70512560093929
"8720","S. aureus",0.514726437906947
"8721","S. aureus",0.774094439584823
"8722","S. aureus",0.506279106137632
"8723","S. aureus",0.89142851073257
"8724","S. aureus",0.756645991628135
"8725","S. aureus",0.458545419362971
"8726","S. aureus",0.496895921459588
"8727","S. aureus",0.853403783856116
"8728","S. aureus",0.812285082936245
"8729","S. aureus",0.534553094926807
"8730","S. aureus",0.784397550382157
"8731","S. aureus",0.844371255508878
"8732","S. aureus",0.801129363052834
"8733","S. aureus",0.582675302847253
"8734","S. aureus",0.645041424845044
"8735","S. aureus",0.766418195723123
"8736","S. aureus",0.64504661658244
"8737","S. aureus",0.552222795757863
"8738","S. aureus",0.77426897285478
"8739","S. aureus",0.617362891676158
"8740","S. aureus",0.62911159092189
"8741","S. aureus",0.538632189758402
"8742","S. aureus",0.718466508520059
"8743","S. aureus",0.387908247903526
"8744","S. aureus",0.416091293550855
"8745","S. aureus",1.00660434718911
"8746","S. aureus",0.492642533884791
"8747","S. aureus",0.524490211183508
"8748","S. aureus",0.547226208663903
"8749","S. aureus",0.607273122855113
"8750","S. aureus",0.721006006995493
"8751","S. aureus",0.729863747626791
"8752","S. aureus",0.553635739312978
"8753","S. aureus",0.56500725637981
"8754","S. aureus",0.482800860923279
"8755","S. aureus",0.620867951410646
"8756","S. aureus",0.535590834281331
"8757","S. aureus",0.809132453272881
"8758","S. aureus",0.777325843781023
"8759","S. aureus",0.521691616394893
"8760","S. aureus",1.0635825162046
"8761","S. aureus",0.72175897206883
"8762","S. aureus",0.926823109900709
"8763","S. aureus",0.48529185458237
"8764","S. aureus",0.729361351552238
"8765","S. aureus",0.92557990401579
"8766","S. aureus",0.407904724662532
"8767","S. aureus",0.663801938367563
"8768","S. aureus",0.543591913025719
"8769","S. aureus",0.71572910941494
"8770","S. aureus",0.522173017892203
"8771","S. aureus",0.588120666980482
"8772","S. aureus",0.464027380253853
"8773","S. aureus",0.572130525022183
"8774","S. aureus",0.942706576526049
"8775","S. aureus",0.680486277204333
"8776","S. aureus",0.55344309256779
"8777","S. aureus",0.697707288140105
"8778","S. aureus",1.02478410077781
"8779","S. aureus",0.946551864577317
"8780","S. aureus",0.874492713152653
"8781","S. aureus",0.911966669154849
"8782","S. aureus",0.702570567476455
"8783","S. aureus",0.563458813915957
"8784","S. aureus",0.739870097870218
"8785","S. aureus",0.617921860830407
"8786","S. aureus",0.649876427298306
"8787","S. aureus",0.703102155365039
"8788","S. aureus",0.747596647067419
"8789","S. aureus",0.785351684613057
"8790","S. aureus",0.578236436636149
"8791","S. aureus",0.700478333292378
"8792","S. aureus",0.70968785577918
"8793","S. aureus",0.746381913966136
"8794","S. aureus",0.703654168524194
"8795","S. aureus",0.437717019255165
"8796","S. aureus",0.775973064693911
"8797","S. aureus",0.416909584529374
"8798","S. aureus",0.555750396911195
"8799","S. aureus",0.940068719673954
"8800","S. aureus",0.907713449064245
"8801","S. aureus",0.562881040891488
"8802","S. aureus",0.841132685771454
"8803","S. aureus",0.80365557927846
"8804","S. aureus",0.938372950517098
"8805","S. aureus",0.570743841661965
"8806","S. aureus",0.701468630950976
"8807","S. aureus",0.672427581823714
"8808","S. aureus",0.674760147342243
"8809","S. aureus",0.757837484059077
"8810","S. aureus",0.607611897896246
"8811","S. aureus",0.622971883820613
"8812","S. aureus",0.958199359918877
"8813","S. aureus",0.546490221072067
"8814","S. aureus",0.45375244867806
"8815","S. aureus",0.661143902559245
"8816","S. aureus",0.813264373514974
"8817","S. aureus",1.02546404383126
"8818","S. aureus",0.716484602366748
"8819","S. aureus",0.530662080264973
"8820","S. aureus",0.671757668596514
"8821","S. aureus",0.709531289482958
"8822","S. aureus",0.827568241479184
"8823","S. aureus",0.708927603918399
"8824","S. aureus",0.86283003776509
"8825","S. aureus",0.900082103243783
"8826","S. aureus",0.496392880694092
"8827","S. aureus",0.742252091266984
"8828","S. aureus",0.515192397050632
"8829","S. aureus",0.519545923234755
"8830","S. aureus",0.502422959668994
"8831","S. aureus",0.761740841698408
"8832","S. aureus",0.585974388536826
"8833","S. aureus",1.24922267924218
"8834","S. aureus",0.770026803411104
"8835","S. aureus",0.665411374632905
"8836","S. aureus",0.9920862006053
"8837","S. aureus",0.636888245419475
"8838","S. aureus",0.486395742627432
"8839","S. aureus",0.887306508733075
"8840","S. aureus",0.647379913945116
"8841","S. aureus",0.643444536972469
"8842","S. aureus",0.896019536389619
"8843","S. aureus",0.486473021225858
"8844","S. aureus",0.894761176882081
"8845","S. aureus",0.672168727467054
"8846","S. aureus",0.927816867660171
"8847","S. aureus",0.718305870749878
"8848","S. aureus",0.567098279426303
"8849","S. aureus",0.83014265736272
"8850","S. aureus",0.839584016524957
"8851","S. aureus",0.879187363126521
"8852","S. aureus",0.820469414717816
"8853","S. aureus",0.591087572371056
"8854","S. aureus",0.67981086806547
"8855","S. aureus",0.688055727355101
"8856","S. aureus",0.91374100702613
"8857","S. aureus",0.763671590151828
"8858","S. aureus",0.94096446162646
"8859","S. aureus",0.749002715027229
"8860","S. aureus",0.778165074794695
"8861","S. aureus",0.79465636981239
"8862","S. aureus",0.621549683653871
"8863","S. aureus",0.707748738767154
"8864","S. aureus",0.58940133470809
"8865","S. aureus",0.846481097558003
"8866","S. aureus",0.588875403314676
"8867","S. aureus",0.582877884286857
"8868","S. aureus",0.25097121297562
"8869","S. aureus",0.733000800649979
"8870","S. aureus",0.352448849453525
"8871","S. aureus",0.61216108005355
"8872","S. aureus",0.791273734327456
"8873","S. aureus",0.879767906694092
"8874","S. aureus",0.901662896756973
"8875","S. aureus",0.461922290389924
"8876","S. aureus",0.636985275910492
"8877","S. aureus",0.99814340143119
"8878","S. aureus",0.950377664281537
"8879","S. aureus",0.9473273156701
"8880","S. aureus",0.90265813326626
"8881","S. aureus",0.718772884641652
"8882","S. aureus",0.873083130567718
"8883","S. aureus",0.604902128913805
"8884","S. aureus",0.72162132201783
"8885","S. aureus",0.648144302095833
"8886","S. aureus",0.656241144239549
"8887","S. aureus",0.410112110189639
"8888","S. aureus",0.455168475372551
"8889","S. aureus",0.677060478380408
"8890","S. aureus",0.537692620492372
"8891","S. aureus",0.548775016124244
"8892","S. aureus",0.706877273507848
"8893","S. aureus",0.503669891400054
"8894","S. aureus",0.762006302224808
"8895","S. aureus",0.657738573979891
"8896","S. aureus",0.626229922430628
"8897","S. aureus",0.731326894755163
"8898","S. aureus",0.757920095904276
"8899","S. aureus",0.547772623937614
"8900","S. aureus",0.683369375287005
"8901","S. aureus",0.752952479214628
"8902","S. aureus",0.907027954139233
"8903","S. aureus",0.693530247945445
"8904","S. aureus",0.823358158437263
"8905","S. aureus",0.581358319866556
"8906","S. aureus",0.538689689981047
"8907","S. aureus",0.281493691341854
"8908","S. aureus",0.689927838886341
"8909","S. aureus",0.953635554674505
"8910","S. aureus",0.789052666511192
"8911","S. aureus",0.830624550586864
"8912","S. aureus",0.785881402889064
"8913","S. aureus",0.496888587655091
"8914","S. aureus",0.393038574727907
"8915","S. aureus",0.757031638082756
"8916","S. aureus",1.0140868671582
"8917","S. aureus",0.972072525470593
"8918","S. aureus",0.67702515740423
"8919","S. aureus",0.467922123935069
"8920","S. aureus",0.478413127656141
"8921","S. aureus",0.760386621970213
"8922","S. aureus",0.466455096157414
"8923","S. aureus",0.831529764931032
"8924","S. aureus",0.705450441968712
"8925","S. aureus",0.495972942943033
"8926","S. aureus",0.5735658393422
"8927","S. aureus",0.677140651277418
"8928","S. aureus",0.749501141861996
"8929","S. aureus",1.00382810681558
"8930","S. aureus",0.820370342133338
"8931","S. aureus",0.837766578451108
"8932","S. aureus",0.812179153673827
"8933","S. aureus",0.975813202781876
"8934","S. aureus",0.687452548028515
"8935","S. aureus",0.898213063367082
"8936","S. aureus",0.649140499897984
"8937","S. aureus",0.922218504308799
"8938","S. aureus",0.902886766216458
"8939","S. aureus",0.780274691049674
"8940","S. aureus",0.64858337208993
"8941","S. aureus",0.847731455758347
"8942","S. aureus",0.591865598484652
"8943","S. aureus",0.557323290812309
"8944","S. aureus",0.537209619481454
"8945","S. aureus",0.661892425674143
"8946","S. aureus",0.521460854981204
"8947","S. aureus",0.826678690710896
"8948","S. aureus",0.907448504962036
"8949","S. aureus",0.707226299263741
"8950","S. aureus",0.761443224422618
"8951","S. aureus",0.717107822959704
"8952","S. aureus",0.734616333420658
"8953","S. aureus",0.850126858251193
"8954","S. aureus",0.608019388949796
"8955","S. aureus",0.882558768467304
"8956","S. aureus",0.564040601354806
"8957","S. aureus",0.90851936362297
"8958","S. aureus",0.647768566416116
"8959","S. aureus",0.67423131687543
"8960","S. aureus",0.807192888660544
"8961","S. aureus",0.997322929862347
"8962","S. aureus",0.745143090533916
"8963","S. aureus",0.906149926883792
"8964","S. aureus",0.633150967806271
"8965","S. aureus",0.488464379095424
"8966","S. aureus",0.412421932897331
"8967","S. aureus",0.652622252321251
"8968","S. aureus",0.85595430066005
"8969","S. aureus",0.780789597610642
"8970","S. aureus",0.37130878322592
"8971","S. aureus",0.950964269923066
"8972","S. aureus",0.869040020691281
"8973","S. aureus",0.575499871508912
"8974","S. aureus",0.726120618071376
"8975","S. aureus",0.872829765335133
"8976","S. aureus",0.698866978123399
"8977","S. aureus",0.592053849898261
"8978","S. aureus",0.685421275628588
"8979","S. aureus",0.918256658368802
"8980","S. aureus",0.686131434458386
"8981","S. aureus",0.490371714753179
"8982","S. aureus",0.8277714649051
"8983","S. aureus",0.836894528097372
"8984","S. aureus",0.488262099484698
"8985","S. aureus",0.34572275871026
"8986","S. aureus",0.687122370448176
"8987","S. aureus",0.786596154255825
"8988","S. aureus",0.684206194168772
"8989","S. aureus",0.762024627192599
"8990","S. aureus",0.697115215394294
"8991","S. aureus",0.664064276021535
"8992","S. aureus",0.750809173596543
"8993","S. aureus",0.675991545116094
"8994","S. aureus",0.724877146146243
"8995","S. aureus",0.724069926962361
"8996","S. aureus",0.760484960833088
"8997","S. aureus",0.7276795236816
"8998","S. aureus",0.91064456795879
"8999","S. aureus",0.652919889194352
"9000","S. aureus",0.824811207858169
"9001","S. pneumoniae",0.400326044305238
"9002","S. pneumoniae",0.907533126739203
"9003","S. pneumoniae",0.708906265590794
"9004","S. pneumoniae",0.683832640772674
"9005","S. pneumoniae",0.598551865090937
"9006","S. pneumoniae",0.443315842867107
"9007","S. pneumoniae",0.872835283343869
"9008","S. pneumoniae",0.714197579767959
"9009","S. pneumoniae",1.06292542827724
"9010","S. pneumoniae",0.552564174448341
"9011","S. pneumoniae",0.679871223061268
"9012","S. pneumoniae",0.843449794954968
"9013","S. pneumoniae",1.16135780669184
"9014","S. pneumoniae",0.585554385647128
"9015","S. pneumoniae",0.718875019828839
"9016","S. pneumoniae",0.613152691740727
"9017","S. pneumoniae",0.889574566364138
"9018","S. pneumoniae",0.425724052696935
"9019","S. pneumoniae",0.920129168198456
"9020","S. pneumoniae",0.93697013068252
"9021","S. pneumoniae",0.819543100082992
"9022","S. pneumoniae",0.847234687803907
"9023","S. pneumoniae",1.17168319478375
"9024","S. pneumoniae",0.943901688796531
"9025","S. pneumoniae",0.963203177073885
"9026","S. pneumoniae",0.746017317989588
"9027","S. pneumoniae",0.911989327711017
"9028","S. pneumoniae",0.703678060939107
"9029","S. pneumoniae",0.763693341032166
"9030","S. pneumoniae",0.653787954887309
"9031","S. pneumoniae",0.853959786307055
"9032","S. pneumoniae",0.777382320946112
"9033","S. pneumoniae",0.427605262389056
"9034","S. pneumoniae",1.01859713836598
"9035","S. pneumoniae",0.789232673881692
"9036","S. pneumoniae",1.03578718785067
"9037","S. pneumoniae",1.22356704218198
"9038","S. pneumoniae",1.03219370679194
"9039","S. pneumoniae",0.531608739981921
"9040","S. pneumoniae",0.866880230972245
"9041","S. pneumoniae",0.688893837003453
"9042","S. pneumoniae",0.734588424958468
"9043","S. pneumoniae",0.955408205313961
"9044","S. pneumoniae",1.16102152227844
"9045","S. pneumoniae",1.08219778188344
"9046","S. pneumoniae",0.596565789751467
"9047","S. pneumoniae",0.52806120070409
"9048","S. pneumoniae",0.836421262034645
"9049","S. pneumoniae",0.62952229903273
"9050","S. pneumoniae",0.751921649445083
"9051","S. pneumoniae",0.630175230592095
"9052","S. pneumoniae",0.589846890054973
"9053","S. pneumoniae",0.858612176189568
"9054","S. pneumoniae",0.779285030231796
"9055","S. pneumoniae",1.07549947703035
"9056","S. pneumoniae",0.876877440489279
"9057","S. pneumoniae",0.993634532842619
"9058","S. pneumoniae",0.906039696315112
"9059","S. pneumoniae",0.354578580627955
"9060","S. pneumoniae",1.13920414448916
"9061","S. pneumoniae",0.471946778981319
"9062","S. pneumoniae",0.701849120969711
"9063","S. pneumoniae",0.345991209462547
"9064","S. pneumoniae",0.677119170828388
"9065","S. pneumoniae",1.02575594918023
"9066","S. pneumoniae",0.366454678030375
"9067","S. pneumoniae",0.947788198702937
"9068","S. pneumoniae",0.643102929753048
"9069","S. pneumoniae",0.712091407486757
"9070","S. pneumoniae",0.787143103964004
"9071","S. pneumoniae",1.15931935478597
"9072","S. pneumoniae",0.951266837189422
"9073","S. pneumoniae",0.269801014683501
"9074","S. pneumoniae",0.611509647471627
"9075","S. pneumoniae",0.715342732928385
"9076","S. pneumoniae",0.398579198088298
"9077","S. pneumoniae",0.638364018529001
"9078","S. pneumoniae",0.637116720685347
"9079","S. pneumoniae",0.658364067763722
"9080","S. pneumoniae",0.850888523207763
"9081","S. pneumoniae",0.552690243079252
"9082","S. pneumoniae",0.927872144516671
"9083","S. pneumoniae",1.06388793786078
"9084","S. pneumoniae",0.684281154747503
"9085","S. pneumoniae",0.262906167745599
"9086","S. pneumoniae",0.806531769845111
"9087","S. pneumoniae",0.829950628299318
"9088","S. pneumoniae",0.752759928401638
"9089","S. pneumoniae",0.673204226472769
"9090","S. pneumoniae",0.624620869904217
"9091","S. pneumoniae",1.01822223383295
"9092","S. pneumoniae",1.129170092347
"9093","S. pneumoniae",0.21504249672222
"9094","S. pneumoniae",0.928034922092567
"9095","S. pneumoniae",0.790810855564065
"9096","S. pneumoniae",0.531253471753605
"9097","S. pneumoniae",0.855920813250172
"9098","S. pneumoniae",0.624868591057655
"9099","S. pneumoniae",0.538968261513844
"9100","S. pneumoniae",0.968507709820908
"9101","S. pneumoniae",0.917150711669404
"9102","S. pneumoniae",0.859811343973078
"9103","S. pneumoniae",0.610565233982249
"9104","S. pneumoniae",0.429528756528329
"9105","S. pneumoniae",1.35302947405248
"9106","S. pneumoniae",1.11767949080174
"9107","S. pneumoniae",0.842893230715224
"9108","S. pneumoniae",1.00222631207315
"9109","S. pneumoniae",0.999977920649113
"9110","S. pneumoniae",0.775356719283372
"9111","S. pneumoniae",0.341030780076099
"9112","S. pneumoniae",0.502458773126433
"9113","S. pneumoniae",0.665905568779983
"9114","S. pneumoniae",0.402994815219956
"9115","S. pneumoniae",0.848448153988018
"9116","S. pneumoniae",0.533002020510766
"9117","S. pneumoniae",0.914166910067106
"9118","S. pneumoniae",0.598598704157494
"9119","S. pneumoniae",1.03968407801092
"9120","S. pneumoniae",0.495089809289887
"9121","S. pneumoniae",0.169514685324588
"9122","S. pneumoniae",0.673041093100338
"9123","S. pneumoniae",0.488647108576496
"9124","S. pneumoniae",0.601281101072637
"9125","S. pneumoniae",0.868814978607287
"9126","S. pneumoniae",0.646885993722294
"9127","S. pneumoniae",0.715854677521521
"9128","S. pneumoniae",0.803018936921181
"9129","S. pneumoniae",0.629327296589052
"9130","S. pneumoniae",0.781120926906901
"9131","S. pneumoniae",0.704107890050053
"9132","S. pneumoniae",0.776650762926482
"9133","S. pneumoniae",1.24998608514754
"9134","S. pneumoniae",0.779770680107385
"9135","S. pneumoniae",0.842339142785412
"9136","S. pneumoniae",0.391134820103801
"9137","S. pneumoniae",0.377170890583033
"9138","S. pneumoniae",1.00383294819728
"9139","S. pneumoniae",0.75275462330118
"9140","S. pneumoniae",1.05423227270371
"9141","S. pneumoniae",0.509908491057051
"9142","S. pneumoniae",0.929712848906329
"9143","S. pneumoniae",0.802762815188574
"9144","S. pneumoniae",0.759454137388418
"9145","S. pneumoniae",0.789556477430309
"9146","S. pneumoniae",1.07047271093541
"9147","S. pneumoniae",0.579391265825248
"9148","S. pneumoniae",1.04026936022119
"9149","S. pneumoniae",0.836303637720277
"9150","S. pneumoniae",0.984201133998225
"9151","S. pneumoniae",0.886597620364128
"9152","S. pneumoniae",0.233561813609722
"9153","S. pneumoniae",0.88961534924036
"9154","S. pneumoniae",0.809960175597511
"9155","S. pneumoniae",1.1543956369558
"9156","S. pneumoniae",0.766226784652416
"9157","S. pneumoniae",0.715913436200677
"9158","S. pneumoniae",0.973373794855041
"9159","S. pneumoniae",0.872027330836026
"9160","S. pneumoniae",0.752017659302741
"9161","S. pneumoniae",0.564804700753927
"9162","S. pneumoniae",0.944173076529207
"9163","S. pneumoniae",1.26172252448422
"9164","S. pneumoniae",0.864467345338544
"9165","S. pneumoniae",1.01989604528608
"9166","S. pneumoniae",1.16695999559699
"9167","S. pneumoniae",0.829130591072664
"9168","S. pneumoniae",0.961933994486845
"9169","S. pneumoniae",0.924314348055213
"9170","S. pneumoniae",0.881471996178329
"9171","S. pneumoniae",0.95557137561905
"9172","S. pneumoniae",1.01982243995497
"9173","S. pneumoniae",0.771107320637014
"9174","S. pneumoniae",0.60693635474375
"9175","S. pneumoniae",0.481094298896711
"9176","S. pneumoniae",0.809182898133417
"9177","S. pneumoniae",0.550632515360872
"9178","S. pneumoniae",0.569943888469228
"9179","S. pneumoniae",1.09848165579791
"9180","S. pneumoniae",0.895918976457004
"9181","S. pneumoniae",0.558893453934049
"9182","S. pneumoniae",1.11789013625201
"9183","S. pneumoniae",0.839070353090825
"9184","S. pneumoniae",0.988672530395148
"9185","S. pneumoniae",0.654270905406605
"9186","S. pneumoniae",0.819379568498805
"9187","S. pneumoniae",0.74199734505871
"9188","S. pneumoniae",0.718119312590778
"9189","S. pneumoniae",0.783425358765623
"9190","S. pneumoniae",0.832087580324389
"9191","S. pneumoniae",0.439861219949491
"9192","S. pneumoniae",0.825826733292544
"9193","S. pneumoniae",0.525947184382342
"9194","S. pneumoniae",0.831809566223253
"9195","S. pneumoniae",0.682992906619736
"9196","S. pneumoniae",0.87833236532525
"9197","S. pneumoniae",0.417861924611
"9198","S. pneumoniae",0.628619512906131
"9199","S. pneumoniae",0.703931491211333
"9200","S. pneumoniae",0.992787166009653
"9201","S. pneumoniae",0.720032205305993
"9202","S. pneumoniae",0.835845597788296
"9203","S. pneumoniae",1.02421704169504
"9204","S. pneumoniae",1.10721395103158
"9205","S. pneumoniae",0.813176398800092
"9206","S. pneumoniae",0.743564810821953
"9207","S. pneumoniae",0.943529919073592
"9208","S. pneumoniae",0.803103545575601
"9209","S. pneumoniae",0.713170079126912
"9210","S. pneumoniae",0.787058967111102
"9211","S. pneumoniae",1.05377093424824
"9212","S. pneumoniae",0.853497276012274
"9213","S. pneumoniae",0.921282219731381
"9214","S. pneumoniae",1.18132955003171
"9215","S. pneumoniae",0.341920299283876
"9216","S. pneumoniae",0.809836423279331
"9217","S. pneumoniae",0.685965180831279
"9218","S. pneumoniae",0.934454301185142
"9219","S. pneumoniae",0.446750925862367
"9220","S. pneumoniae",1.06939375990988
"9221","S. pneumoniae",0.979690892151607
"9222","S. pneumoniae",0.86724174989949
"9223","S. pneumoniae",0.778856570184184
"9224","S. pneumoniae",1.06494730378364
"9225","S. pneumoniae",1.11208684219731
"9226","S. pneumoniae",0.822215135495706
"9227","S. pneumoniae",0.801139632763183
"9228","S. pneumoniae",0.747547434715579
"9229","S. pneumoniae",0.922489710918225
"9230","S. pneumoniae",0.96129445636858
"9231","S. pneumoniae",1.15606654910377
"9232","S. pneumoniae",0.6336046146607
"9233","S. pneumoniae",0.860746056228628
"9234","S. pneumoniae",0.759957962141363
"9235","S. pneumoniae",0.912332094260515
"9236","S. pneumoniae",0.730965207012356
"9237","S. pneumoniae",1.04212174809451
"9238","S. pneumoniae",0.90609171823601
"9239","S. pneumoniae",0.322616571349811
"9240","S. pneumoniae",1.00403942864675
"9241","S. pneumoniae",0.647301758848946
"9242","S. pneumoniae",0.559773734897274
"9243","S. pneumoniae",0.427648684210636
"9244","S. pneumoniae",0.26351604676202
"9245","S. pneumoniae",0.805544212526245
"9246","S. pneumoniae",1.38858967355155
"9247","S. pneumoniae",1.18443802930163
"9248","S. pneumoniae",0.26786903475518
"9249","S. pneumoniae",0.849699690975525
"9250","S. pneumoniae",0.3723616032147
"9251","S. pneumoniae",0.990916067283111
"9252","S. pneumoniae",0.440021962367129
"9253","S. pneumoniae",0.879531505554196
"9254","S. pneumoniae",0.768322969138292
"9255","S. pneumoniae",0.76498583642593
"9256","S. pneumoniae",0.819680767396047
"9257","S. pneumoniae",1.09851137139747
"9258","S. pneumoniae",1.1893748997462
"9259","S. pneumoniae",0.806277319855846
"9260","S. pneumoniae",0.678705299308652
"9261","S. pneumoniae",0.640675165161618
"9262","S. pneumoniae",1.0694387138944
"9263","S. pneumoniae",0.686580170216398
"9264","S. pneumoniae",0.996642801802702
"9265","S. pneumoniae",0.993293633872493
"9266","S. pneumoniae",0.422136934462783
"9267","S. pneumoniae",0.998610014660255
"9268","S. pneumoniae",0.824467468891817
"9269","S. pneumoniae",1.00238521840545
"9270","S. pneumoniae",0.974907246698437
"9271","S. pneumoniae",0.664602619493453
"9272","S. pneumoniae",0.991871362561858
"9273","S. pneumoniae",0.586671978532717
"9274","S. pneumoniae",1.09229462346941
"9275","S. pneumoniae",1.01425018372624
"9276","S. pneumoniae",0.574192036416717
"9277","S. pneumoniae",0.887039275326939
"9278","S. pneumoniae",0.893482866472273
"9279","S. pneumoniae",1.05353150360454
"9280","S. pneumoniae",0.968812911331747
"9281","S. pneumoniae",1.2044337968474
"9282","S. pneumoniae",1.03666448661698
"9283","S. pneumoniae",0.798262281774317
"9284","S. pneumoniae",1.06516632656343
"9285","S. pneumoniae",0.977211440301995
"9286","S. pneumoniae",0.533200116524354
"9287","S. pneumoniae",0.933170153861
"9288","S. pneumoniae",0.412786208830621
"9289","S. pneumoniae",1.12556282766921
"9290","S. pneumoniae",0.708588317284435
"9291","S. pneumoniae",0.966403856908028
"9292","S. pneumoniae",0.679435620649463
"9293","S. pneumoniae",0.95337253746984
"9294","S. pneumoniae",0.970516953929007
"9295","S. pneumoniae",0.626943748418104
"9296","S. pneumoniae",0.337618446331507
"9297","S. pneumoniae",0.645699755138605
"9298","S. pneumoniae",1.00391863603674
"9299","S. pneumoniae",1.00964739584455
"9300","S. pneumoniae",0.949656199294366
"9301","S. pneumoniae",0.621286521345662
"9302","S. pneumoniae",1.0114762580526
"9303","S. pneumoniae",0.550856498061379
"9304","S. pneumoniae",0.757230663217536
"9305","S. pneumoniae",0.989198835815042
"9306","S. pneumoniae",0.726508329943129
"9307","S. pneumoniae",0.948124443667882
"9308","S. pneumoniae",0.55950966207816
"9309","S. pneumoniae",0.76914691785995
"9310","S. pneumoniae",0.651532917620601
"9311","S. pneumoniae",0.695493438555105
"9312","S. pneumoniae",0.901776586461697
"9313","S. pneumoniae",0.869838721587467
"9314","S. pneumoniae",0.970850166257374
"9315","S. pneumoniae",0.942857717898119
"9316","S. pneumoniae",0.835082895320816
"9317","S. pneumoniae",0.798033808368081
"9318","S. pneumoniae",0.889320544111392
"9319","S. pneumoniae",0.682755546565775
"9320","S. pneumoniae",0.993194402219296
"9321","S. pneumoniae",0.972110725930454
"9322","S. pneumoniae",0.549254560484706
"9323","S. pneumoniae",0.459735566624009
"9324","S. pneumoniae",0.648335242908876
"9325","S. pneumoniae",0.651395787447856
"9326","S. pneumoniae",0.788914880751305
"9327","S. pneumoniae",0.997037823491917
"9328","S. pneumoniae",0.708166747140301
"9329","S. pneumoniae",0.562788077381519
"9330","S. pneumoniae",1.18194246882691
"9331","S. pneumoniae",0.584009759664815
"9332","S. pneumoniae",0.496739544768017
"9333","S. pneumoniae",0.765976721174831
"9334","S. pneumoniae",0.77019615885444
"9335","S. pneumoniae",0.459213064305772
"9336","S. pneumoniae",1.01556459536319
"9337","S. pneumoniae",0.684123531773759
"9338","S. pneumoniae",0.194079312818958
"9339","S. pneumoniae",0.787182601414884
"9340","S. pneumoniae",0.846288498355147
"9341","S. pneumoniae",1.19247396988391
"9342","S. pneumoniae",0.566197575544464
"9343","S. pneumoniae",0.872556761674033
"9344","S. pneumoniae",0.949464355756435
"9345","S. pneumoniae",0.66663715357969
"9346","S. pneumoniae",1.10669673701955
"9347","S. pneumoniae",0.659835143335216
"9348","S. pneumoniae",1.03275477590582
"9349","S. pneumoniae",0.71366046348807
"9350","S. pneumoniae",0.696629087250437
"9351","S. pneumoniae",0.138199223778997
"9352","S. pneumoniae",1.16148634799228
"9353","S. pneumoniae",0.986701968479555
"9354","S. pneumoniae",0.717619923128266
"9355","S. pneumoniae",0.669394421752669
"9356","S. pneumoniae",0.784285077481183
"9357","S. pneumoniae",0.978603384141774
"9358","S. pneumoniae",0.901574796235586
"9359","S. pneumoniae",0.860576041100992
"9360","S. pneumoniae",0.65766095048684
"9361","S. pneumoniae",0.756863138719072
"9362","S. pneumoniae",0.615067318415284
"9363","S. pneumoniae",1.06125467275626
"9364","S. pneumoniae",0.799444136845525
"9365","S. pneumoniae",1.20735155671858
"9366","S. pneumoniae",0.976047799741495
"9367","S. pneumoniae",0.678918099799384
"9368","S. pneumoniae",0.873334491036961
"9369","S. pneumoniae",0.545133133197587
"9370","S. pneumoniae",0.78718940603011
"9371","S. pneumoniae",0.909317910707733
"9372","S. pneumoniae",0.685226313109497
"9373","S. pneumoniae",0.940939181904696
"9374","S. pneumoniae",0.491012539140419
"9375","S. pneumoniae",0.559209704059258
"9376","S. pneumoniae",0.89949216085228
"9377","S. pneumoniae",0.658864870055963
"9378","S. pneumoniae",0.710607218300096
"9379","S. pneumoniae",0.250713986907558
"9380","S. pneumoniae",1.29045277971893
"9381","S. pneumoniae",0.840239533827327
"9382","S. pneumoniae",0.949087723219741
"9383","S. pneumoniae",0.803183849278103
"9384","S. pneumoniae",0.754209330684153
"9385","S. pneumoniae",0.864994826408654
"9386","S. pneumoniae",1.18289117472441
"9387","S. pneumoniae",0.577959320722976
"9388","S. pneumoniae",0.437002989647301
"9389","S. pneumoniae",1.13945160884049
"9390","S. pneumoniae",0.717864076798333
"9391","S. pneumoniae",0.815162361131665
"9392","S. pneumoniae",0.994369485538092
"9393","S. pneumoniae",0.839780249260748
"9394","S. pneumoniae",1.00116277399435
"9395","S. pneumoniae",0.583003880057971
"9396","S. pneumoniae",0.96920183370506
"9397","S. pneumoniae",0.844332420457899
"9398","S. pneumoniae",0.437795501256276
"9399","S. pneumoniae",1.025761875505
"9400","S. pneumoniae",0.792949942760911
"9401","S. pneumoniae",1.08883194728899
"9402","S. pneumoniae",0.745434535607595
"9403","S. pneumoniae",0.3068550973966
"9404","S. pneumoniae",0.631798532197211
"9405","S. pneumoniae",0.66314789785325
"9406","S. pneumoniae",0.738994667585059
"9407","S. pneumoniae",0.453587832574802
"9408","S. pneumoniae",1.10951417289402
"9409","S. pneumoniae",0.705013100084309
"9410","S. pneumoniae",0.758257429321239
"9411","S. pneumoniae",0.656719709345493
"9412","S. pneumoniae",0.748190901727878
"9413","S. pneumoniae",0.728581323225167
"9414","S. pneumoniae",0.684313389364434
"9415","S. pneumoniae",0.668815060489003
"9416","S. pneumoniae",1.10825037049412
"9417","S. pneumoniae",0.743187084392569
"9418","S. pneumoniae",0.582539084788061
"9419","S. pneumoniae",0.761015286827953
"9420","S. pneumoniae",0.928126883141022
"9421","S. pneumoniae",0.45821365561855
"9422","S. pneumoniae",0.918206401977506
"9423","S. pneumoniae",1.41930877722991
"9424","S. pneumoniae",0.819128683521336
"9425","S. pneumoniae",0.468816034000597
"9426","S. pneumoniae",0.477547583362669
"9427","S. pneumoniae",1.26212000045125
"9428","S. pneumoniae",0.765401878107081
"9429","S. pneumoniae",0.812826494664285
"9430","S. pneumoniae",0.770356070301881
"9431","S. pneumoniae",1.09260150415322
"9432","S. pneumoniae",0.933888152360285
"9433","S. pneumoniae",0.601727606248589
"9434","S. pneumoniae",0.87235088588143
"9435","S. pneumoniae",0.649901161635529
"9436","S. pneumoniae",0.59261473334712
"9437","S. pneumoniae",0.466346621729137
"9438","S. pneumoniae",0.500507947254441
"9439","S. pneumoniae",0.918245931904288
"9440","S. pneumoniae",0.935812451783153
"9441","S. pneumoniae",0.781384645086712
"9442","S. pneumoniae",1.01384131783001
"9443","S. pneumoniae",0.374207720092403
"9444","S. pneumoniae",0.934913081532691
"9445","S. pneumoniae",0.587235328111148
"9446","S. pneumoniae",0.811331909955417
"9447","S. pneumoniae",0.807499008433917
"9448","S. pneumoniae",0.647286325356411
"9449","S. pneumoniae",0.881373652738947
"9450","S. pneumoniae",0.903567773383609
"9451","S. pneumoniae",0.774847456488382
"9452","S. pneumoniae",0.637683843165567
"9453","S. pneumoniae",0.542447178575587
"9454","S. pneumoniae",0.759103477278241
"9455","S. pneumoniae",0.374226362393318
"9456","S. pneumoniae",0.793031768529609
"9457","S. pneumoniae",0.679637265643635
"9458","S. pneumoniae",0.642324876294502
"9459","S. pneumoniae",0.822060931655778
"9460","S. pneumoniae",0.913358182508974
"9461","S. pneumoniae",0.835511740418295
"9462","S. pneumoniae",0.89062796394904
"9463","S. pneumoniae",0.815770058723794
"9464","S. pneumoniae",0.663247047926185
"9465","S. pneumoniae",0.910585043358997
"9466","S. pneumoniae",0.774355970059109
"9467","S. pneumoniae",0.729273064067287
"9468","S. pneumoniae",0.884815357588268
"9469","S. pneumoniae",0.826892714466649
"9470","S. pneumoniae",0.973412243365556
"9471","S. pneumoniae",0.755270922847114
"9472","S. pneumoniae",0.837402140368465
"9473","S. pneumoniae",0.649518320963564
"9474","S. pneumoniae",0.561718651587053
"9475","S. pneumoniae",0.677356150960989
"9476","S. pneumoniae",0.986422393414867
"9477","S. pneumoniae",0.701569401242753
"9478","S. pneumoniae",1.14584083080703
"9479","S. pneumoniae",0.703739047555219
"9480","S. pneumoniae",1.14832773896441
"9481","S. pneumoniae",0.886940199196517
"9482","S. pneumoniae",0.617555108328003
"9483","S. pneumoniae",0.793129513962613
"9484","S. pneumoniae",0.596519940636019
"9485","S. pneumoniae",0.880923115590748
"9486","S. pneumoniae",0.821951985052125
"9487","S. pneumoniae",1.23289972227915
"9488","S. pneumoniae",0.70543189956839
"9489","S. pneumoniae",1.045554529158
"9490","S. pneumoniae",0.913461643605753
"9491","S. pneumoniae",0.687362650347148
"9492","S. pneumoniae",0.596300406316029
"9493","S. pneumoniae",0.407624902817952
"9494","S. pneumoniae",0.758203124865863
"9495","S. pneumoniae",0.539645716014578
"9496","S. pneumoniae",1.01550825070761
"9497","S. pneumoniae",0.523522354466159
"9498","S. pneumoniae",0.871256895044339
"9499","S. pneumoniae",0.52962779442759
"9500","S. pneumoniae",0.826838044906366
"9501","S. pneumoniae",0.578604896913487
"9502","S. pneumoniae",0.765707324287647
"9503","S. pneumoniae",0.830408248469404
"9504","S. pneumoniae",0.459287361051863
"9505","S. pneumoniae",0.337459337198925
"9506","S. pneumoniae",0.580316237890283
"9507","S. pneumoniae",0.609180093916519
"9508","S. pneumoniae",0.506724972722617
"9509","S. pneumoniae",0.93142975760201
"9510","S. pneumoniae",0.969848464670656
"9511","S. pneumoniae",0.541262430867733
"9512","S. pneumoniae",1.16377052812525
"9513","S. pneumoniae",0.800962617807067
"9514","S. pneumoniae",0.539021871440365
"9515","S. pneumoniae",0.611720859926154
"9516","S. pneumoniae",0.931852640361374
"9517","S. pneumoniae",0.716131247505527
"9518","S. pneumoniae",0.894258247251403
"9519","S. pneumoniae",0.696742892075119
"9520","S. pneumoniae",1.21915082592469
"9521","S. pneumoniae",0.860030630886592
"9522","S. pneumoniae",0.775389969746528
"9523","S. pneumoniae",1.18541484948689
"9524","S. pneumoniae",0.817434313663537
"9525","S. pneumoniae",0.618286577717264
"9526","S. pneumoniae",0.983995356456375
"9527","S. pneumoniae",1.03214212648495
"9528","S. pneumoniae",0.813925458482638
"9529","S. pneumoniae",0.693165989416414
"9530","S. pneumoniae",0.81641519921571
"9531","S. pneumoniae",0.744745024869197
"9532","S. pneumoniae",1.03922553645332
"9533","S. pneumoniae",0.887135563004715
"9534","S. pneumoniae",0.713859913600742
"9535","S. pneumoniae",0.511973564656585
"9536","S. pneumoniae",0.714312343134825
"9537","S. pneumoniae",0.76011897363697
"9538","S. pneumoniae",0.969056305968015
"9539","S. pneumoniae",0.859882453555194
"9540","S. pneumoniae",0.997428039821185
"9541","S. pneumoniae",0.442585956067715
"9542","S. pneumoniae",1.07137288924386
"9543","S. pneumoniae",0.434945335981284
"9544","S. pneumoniae",0.60650956812529
"9545","S. pneumoniae",0.625334204540306
"9546","S. pneumoniae",0.581739451484233
"9547","S. pneumoniae",0.754258011434469
"9548","S. pneumoniae",0.931573865657417
"9549","S. pneumoniae",0.610888341968379
"9550","S. pneumoniae",0.699377569785134
"9551","S. pneumoniae",1.1009127464326
"9552","S. pneumoniae",0.684201607649298
"9553","S. pneumoniae",0.662506784534672
"9554","S. pneumoniae",1.14444216241678
"9555","S. pneumoniae",0.73396664623749
"9556","S. pneumoniae",0.8979166007623
"9557","S. pneumoniae",0.825758626449301
"9558","S. pneumoniae",0.991268578223722
"9559","S. pneumoniae",0.534272796835556
"9560","S. pneumoniae",0.995889294003371
"9561","S. pneumoniae",0.823619304157075
"9562","S. pneumoniae",0.64947118658397
"9563","S. pneumoniae",0.775253017732634
"9564","S. pneumoniae",0.761607598746819
"9565","S. pneumoniae",0.7279904312849
"9566","S. pneumoniae",0.642613097553233
"9567","S. pneumoniae",0.70610096561939
"9568","S. pneumoniae",0.604663085373255
"9569","S. pneumoniae",0.845103493306207
"9570","S. pneumoniae",0.536609522714409
"9571","S. pneumoniae",0.562930306269245
"9572","S. pneumoniae",0.690027836361983
"9573","S. pneumoniae",0.771589208032658
"9574","S. pneumoniae",0.881769556602102
"9575","S. pneumoniae",0.704044999541374
"9576","S. pneumoniae",1.02757194817079
"9577","S. pneumoniae",0.634986157103036
"9578","S. pneumoniae",0.827620974843469
"9579","S. pneumoniae",0.712423203057153
"9580","S. pneumoniae",0.674643513595381
"9581","S. pneumoniae",0.367685071688545
"9582","S. pneumoniae",0.821454613448728
"9583","S. pneumoniae",0.369731775074817
"9584","S. pneumoniae",0.545674678892198
"9585","S. pneumoniae",0.695241976297677
"9586","S. pneumoniae",0.908640034022604
"9587","S. pneumoniae",0.827262999900455
"9588","S. pneumoniae",0.559877460681982
"9589","S. pneumoniae",0.591878106551702
"9590","S. pneumoniae",0.786069926887553
"9591","S. pneumoniae",0.32457183266723
"9592","S. pneumoniae",0.890890607045919
"9593","S. pneumoniae",0.958601783594849
"9594","S. pneumoniae",0.698170134660719
"9595","S. pneumoniae",0.918220482761864
"9596","S. pneumoniae",0.649842699202884
"9597","S. pneumoniae",1.00465627463985
"9598","S. pneumoniae",0.58965250352175
"9599","S. pneumoniae",1.28256071705187
"9600","S. pneumoniae",0.901201209800205
"9601","S. pneumoniae",0.915957520176068
"9602","S. pneumoniae",1.18014319034848
"9603","S. pneumoniae",1.18645005959658
"9604","S. pneumoniae",0.988574524386836
"9605","S. pneumoniae",0.645141419745559
"9606","S. pneumoniae",0.602366284343134
"9607","S. pneumoniae",0.955080751325183
"9608","S. pneumoniae",1.02566288834196
"9609","S. pneumoniae",0.98152581029689
"9610","S. pneumoniae",1.0474193696803
"9611","S. pneumoniae",0.839674891121457
"9612","S. pneumoniae",0.75739982960791
"9613","S. pneumoniae",0.924363676994219
"9614","S. pneumoniae",0.97717729131279
"9615","S. pneumoniae",0.700816762535216
"9616","S. pneumoniae",0.577706181340085
"9617","S. pneumoniae",0.910196178382664
"9618","S. pneumoniae",1.04603039074296
"9619","S. pneumoniae",1.02005093830168
"9620","S. pneumoniae",0.998244387201439
"9621","S. pneumoniae",0.459352319794298
"9622","S. pneumoniae",0.784818882255481
"9623","S. pneumoniae",0.637430370033735
"9624","S. pneumoniae",0.497847197058269
"9625","S. pneumoniae",0.99851033851362
"9626","S. pneumoniae",0.585174255851879
"9627","S. pneumoniae",0.55427423616791
"9628","S. pneumoniae",1.08222820764773
"9629","S. pneumoniae",0.9181948661873
"9630","S. pneumoniae",0.771287842299026
"9631","S. pneumoniae",1.00590713334316
"9632","S. pneumoniae",1.04478678383376
"9633","S. pneumoniae",0.737620830515791
"9634","S. pneumoniae",0.984828156359139
"9635","S. pneumoniae",0.767977648394066
"9636","S. pneumoniae",0.848188128673359
"9637","S. pneumoniae",0.74646968824247
"9638","S. pneumoniae",1.06953479304664
"9639","S. pneumoniae",0.44909312535309
"9640","S. pneumoniae",0.695743619245961
"9641","S. pneumoniae",0.553905904185267
"9642","S. pneumoniae",1.03336550109828
"9643","S. pneumoniae",0.60871827979938
"9644","S. pneumoniae",0.770072387674306
"9645","S. pneumoniae",0.881725737753501
"9646","S. pneumoniae",0.732822453923213
"9647","S. pneumoniae",0.677377796245463
"9648","S. pneumoniae",0.592225214114456
"9649","S. pneumoniae",0.563212575546783
"9650","S. pneumoniae",1.05102676715962
"9651","S. pneumoniae",0.728990975452414
"9652","S. pneumoniae",0.303701351280922
"9653","S. pneumoniae",0.872138811645432
"9654","S. pneumoniae",0.894499720863868
"9655","S. pneumoniae",0.581591232070669
"9656","S. pneumoniae",0.889193663180897
"9657","S. pneumoniae",0.470912172924058
"9658","S. pneumoniae",0.728427823125485
"9659","S. pneumoniae",0.429567209422494
"9660","S. pneumoniae",1.01716973390578
"9661","S. pneumoniae",0.730183470828643
"9662","S. pneumoniae",0.969765117666134
"9663","S. pneumoniae",0.841768469616887
"9664","S. pneumoniae",1.25160701077113
"9665","S. pneumoniae",0.657442993706199
"9666","S. pneumoniae",0.450779274696228
"9667","S. pneumoniae",0.811056092609881
"9668","S. pneumoniae",0.774706651559841
"9669","S. pneumoniae",0.73518869599795
"9670","S. pneumoniae",0.45552131097458
"9671","S. pneumoniae",0.792528676503133
"9672","S. pneumoniae",0.744636501057278
"9673","S. pneumoniae",0.868121206489035
"9674","S. pneumoniae",0.501414816440762
"9675","S. pneumoniae",0.793113793851213
"9676","S. pneumoniae",0.731581138329065
"9677","S. pneumoniae",0.552849907841226
"9678","S. pneumoniae",0.763139914914104
"9679","S. pneumoniae",0.843531965719019
"9680","S. pneumoniae",0.752662498482412
"9681","S. pneumoniae",1.00865825797013
"9682","S. pneumoniae",0.492670052607956
"9683","S. pneumoniae",1.28417535691159
"9684","S. pneumoniae",0.675974210006043
"9685","S. pneumoniae",0.475154287010228
"9686","S. pneumoniae",0.79252512967563
"9687","S. pneumoniae",0.808503335733694
"9688","S. pneumoniae",1.15466666298712
"9689","S. pneumoniae",0.960232180015501
"9690","S. pneumoniae",1.20438150748237
"9691","S. pneumoniae",0.942594790061858
"9692","S. pneumoniae",0.749852110356576
"9693","S. pneumoniae",0.81183410719465
"9694","S. pneumoniae",0.756233225479478
"9695","S. pneumoniae",0.799030557185132
"9696","S. pneumoniae",0.808225787179591
"9697","S. pneumoniae",0.83281442193777
"9698","S. pneumoniae",0.646632596763455
"9699","S. pneumoniae",0.84494764834245
"9700","S. pneumoniae",0.6467516630085
"9701","S. pneumoniae",1.11502342782096
"9702","S. pneumoniae",0.715719679344399
"9703","S. pneumoniae",0.32054326903341
"9704","S. pneumoniae",0.817957676478572
"9705","S. pneumoniae",0.506305477139266
"9706","S. pneumoniae",0.913991246047384
"9707","S. pneumoniae",0.344853103586594
"9708","S. pneumoniae",0.394826354211663
"9709","S. pneumoniae",1.07846350912635
"9710","S. pneumoniae",0.950291696908711
"9711","S. pneumoniae",0.505946066058212
"9712","S. pneumoniae",1.00017863501525
"9713","S. pneumoniae",0.53974685786208
"9714","S. pneumoniae",0.437177687424502
"9715","S. pneumoniae",0.833998612213189
"9716","S. pneumoniae",0.533280885523318
"9717","S. pneumoniae",0.659064517621119
"9718","S. pneumoniae",0.813560883392019
"9719","S. pneumoniae",0.958730356557307
"9720","S. pneumoniae",0.722750794062272
"9721","S. pneumoniae",0.766808521332544
"9722","S. pneumoniae",0.953883574534864
"9723","S. pneumoniae",0.907962553607299
"9724","S. pneumoniae",0.863145578020234
"9725","S. pneumoniae",0.480188373580192
"9726","S. pneumoniae",0.534579684513677
"9727","S. pneumoniae",1.10836742341301
"9728","S. pneumoniae",0.912572657310211
"9729","S. pneumoniae",0.81970152309634
"9730","S. pneumoniae",1.03884696608721
"9731","S. pneumoniae",0.930540287920618
"9732","S. pneumoniae",0.9394941839382
"9733","S. pneumoniae",0.914979300637198
"9734","S. pneumoniae",0.652926916780317
"9735","S. pneumoniae",0.471092881740908
"9736","S. pneumoniae",0.650264382645147
"9737","S. pneumoniae",0.573234878507637
"9738","S. pneumoniae",1.07465063371619
"9739","S. pneumoniae",0.859756148127881
"9740","S. pneumoniae",1.24850351526611
"9741","S. pneumoniae",0.823192592935275
"9742","S. pneumoniae",1.01227187460136
"9743","S. pneumoniae",0.726044143000808
"9744","S. pneumoniae",0.681424244812991
"9745","S. pneumoniae",0.735457417990673
"9746","S. pneumoniae",0.519776614990599
"9747","S. pneumoniae",0.627468168165054
"9748","S. pneumoniae",0.836023488051179
"9749","S. pneumoniae",1.33994222988469
"9750","S. pneumoniae",0.775398812811951
"9751","S. pneumoniae",0.882032545160333
"9752","S. pneumoniae",0.595871998971774
"9753","S. pneumoniae",0.895242649150735
"9754","S. pneumoniae",1.28777463100089
"9755","S. pneumoniae",0.59116357929552
"9756","S. pneumoniae",0.95790262577409
"9757","S. pneumoniae",0.742075929747967
"9758","S. pneumoniae",0.841926741514648
"9759","S. pneumoniae",0.59859625735009
"9760","S. pneumoniae",0.922819280417654
"9761","S. pneumoniae",0.729691991883151
"9762","S. pneumoniae",0.489098721370759
"9763","S. pneumoniae",0.9082076075595
"9764","S. pneumoniae",0.595738691064973
"9765","S. pneumoniae",0.651647499873216
"9766","S. pneumoniae",0.804626680740037
"9767","S. pneumoniae",1.06460167609816
"9768","S. pneumoniae",1.03462863247916
"9769","S. pneumoniae",0.570380661573496
"9770","S. pneumoniae",0.988490575605013
"9771","S. pneumoniae",0.901324130721244
"9772","S. pneumoniae",1.26883618188156
"9773","S. pneumoniae",0.661762645011512
"9774","S. pneumoniae",0.575955916113612
"9775","S. pneumoniae",0.790101312246137
"9776","S. pneumoniae",0.606889134833862
"9777","S. pneumoniae",1.01815310423866
"9778","S. pneumoniae",0.792903805885506
"9779","S. pneumoniae",0.289462551991341
"9780","S. pneumoniae",0.616818874681706
"9781","S. pneumoniae",0.784466034518538
"9782","S. pneumoniae",1.25083270202734
"9783","S. pneumoniae",0.746327686405157
"9784","S. pneumoniae",1.17406856385319
"9785","S. pneumoniae",0.917557220564761
"9786","S. pneumoniae",1.42060404939632
"9787","S. pneumoniae",0.832621073420279
"9788","S. pneumoniae",0.773192892971958
"9789","S. pneumoniae",0.717390529517936
"9790","S. pneumoniae",0.863211108056444
"9791","S. pneumoniae",0.771920306804272
"9792","S. pneumoniae",0.565969101424487
"9793","S. pneumoniae",1.07535802892403
"9794","S. pneumoniae",0.782699487614263
"9795","S. pneumoniae",0.846331790569211
"9796","S. pneumoniae",0.783235563386904
"9797","S. pneumoniae",0.993660608514815
"9798","S. pneumoniae",1.02390761688987
"9799","S. pneumoniae",0.442911671755353
"9800","S. pneumoniae",0.555271776367383
"9801","S. pneumoniae",0.80738617085445
"9802","S. pneumoniae",0.910923036272233
"9803","S. pneumoniae",0.939603998621163
"9804","S. pneumoniae",0.77273109437485
"9805","S. pneumoniae",1.14016883584052
"9806","S. pneumoniae",1.3270912060061
"9807","S. pneumoniae",1.10161950015407
"9808","S. pneumoniae",0.91531902266244
"9809","S. pneumoniae",0.884991627982485
"9810","S. pneumoniae",0.429045565145733
"9811","S. pneumoniae",0.703783426255453
"9812","S. pneumoniae",0.770113766911585
"9813","S. pneumoniae",1.06050901641486
"9814","S. pneumoniae",0.742688701885437
"9815","S. pneumoniae",0.36414502811846
"9816","S. pneumoniae",0.653588222476496
"9817","S. pneumoniae",0.519791782340058
"9818","S. pneumoniae",1.09528213839282
"9819","S. pneumoniae",0.624644397704151
"9820","S. pneumoniae",0.843574137230072
"9821","S. pneumoniae",1.10160811210396
"9822","S. pneumoniae",1.06509330471459
"9823","S. pneumoniae",1.01312985329913
"9824","S. pneumoniae",1.14313851087803
"9825","S. pneumoniae",0.622228799044231
"9826","S. pneumoniae",0.92495943621471
"9827","S. pneumoniae",0.751865767043584
"9828","S. pneumoniae",0.945631871260532
"9829","S. pneumoniae",0.559116922099069
"9830","S. pneumoniae",0.68727635486214
"9831","S. pneumoniae",0.985695127172781
"9832","S. pneumoniae",0.545220120378055
"9833","S. pneumoniae",0.760571412410322
"9834","S. pneumoniae",1.1475318828179
"9835","S. pneumoniae",0.9167635480504
"9836","S. pneumoniae",0.784455823476272
"9837","S. pneumoniae",0.563456286706786
"9838","S. pneumoniae",1.03071078356461
"9839","S. pneumoniae",0.977318695035059
"9840","S. pneumoniae",0.941151690456722
"9841","S. pneumoniae",0.925767722569063
"9842","S. pneumoniae",0.763736497846899
"9843","S. pneumoniae",0.530979750568477
"9844","S. pneumoniae",0.693807516702598
"9845","S. pneumoniae",1.25426337364958
"9846","S. pneumoniae",1.07973961659352
"9847","S. pneumoniae",1.00126976066617
"9848","S. pneumoniae",0.827531444719927
"9849","S. pneumoniae",0.623993350744446
"9850","S. pneumoniae",0.726222224792756
"9851","S. pneumoniae",0.750997942227888
"9852","S. pneumoniae",0.840700050347641
"9853","S. pneumoniae",0.714248741225284
"9854","S. pneumoniae",0.446695372052089
"9855","S. pneumoniae",0.786522258480434
"9856","S. pneumoniae",0.61352757618892
"9857","S. pneumoniae",0.680398577913609
"9858","S. pneumoniae",1.0815524004483
"9859","S. pneumoniae",1.03943400147418
"9860","S. pneumoniae",0.820578658005735
"9861","S. pneumoniae",0.649139662672376
"9862","S. pneumoniae",1.03981553120337
"9863","S. pneumoniae",0.956820185601129
"9864","S. pneumoniae",1.2313355155074
"9865","S. pneumoniae",0.994565499603563
"9866","S. pneumoniae",0.731035678462799
"9867","S. pneumoniae",0.614600744345485
"9868","S. pneumoniae",0.600379659131129
"9869","S. pneumoniae",0.7797640880704
"9870","S. pneumoniae",0.694990899540092
"9871","S. pneumoniae",0.548496861908982
"9872","S. pneumoniae",0.894961329405072
"9873","S. pneumoniae",1.04138443514503
"9874","S. pneumoniae",0.972055518108078
"9875","S. pneumoniae",0.846945252289827
"9876","S. pneumoniae",0.827957863343945
"9877","S. pneumoniae",0.375575852491994
"9878","S. pneumoniae",0.93035135670249
"9879","S. pneumoniae",0.665973853769387
"9880","S. pneumoniae",0.486936971752815
"9881","S. pneumoniae",0.932196377489843
"9882","S. pneumoniae",0.908343141563673
"9883","S. pneumoniae",0.802973832206749
"9884","S. pneumoniae",0.686984869518119
"9885","S. pneumoniae",0.430581530878135
"9886","S. pneumoniae",1.06477491937335
"9887","S. pneumoniae",0.148656838214792
"9888","S. pneumoniae",0.577062345032097
"9889","S. pneumoniae",1.12606708869298
"9890","S. pneumoniae",0.630313473984171
"9891","S. pneumoniae",0.516755010203218
"9892","S. pneumoniae",0.983743018164207
"9893","S. pneumoniae",0.698932375942223
"9894","S. pneumoniae",0.779057860973176
"9895","S. pneumoniae",1.11717109734959
"9896","S. pneumoniae",0.72095061048581
"9897","S. pneumoniae",0.547519703759675
"9898","S. pneumoniae",0.851229182384594
"9899","S. pneumoniae",0.961425402383303
"9900","S. pneumoniae",0.591559627180053
"9901","S. pneumoniae",0.942131125669524
"9902","S. pneumoniae",0.416796815724923
"9903","S. pneumoniae",0.597146674065284
"9904","S. pneumoniae",0.869468633794241
"9905","S. pneumoniae",0.965355314502888
"9906","S. pneumoniae",0.349363385369008
"9907","S. pneumoniae",0.349177853121552
"9908","S. pneumoniae",0.995852893275202
"9909","S. pneumoniae",1.02640174344854
"9910","S. pneumoniae",0.705821393995401
"9911","S. pneumoniae",0.563781279694623
"9912","S. pneumoniae",1.08277150557529
"9913","S. pneumoniae",0.497085924140191
"9914","S. pneumoniae",0.810294591936008
"9915","S. pneumoniae",0.758117239031063
"9916","S. pneumoniae",0.946417287234406
"9917","S. pneumoniae",1.19789167790657
"9918","S. pneumoniae",0.791866483930571
"9919","S. pneumoniae",0.931863300090632
"9920","S. pneumoniae",1.0646320931428
"9921","S. pneumoniae",0.903852081132249
"9922","S. pneumoniae",0.743278135419398
"9923","S. pneumoniae",1.07972183105402
"9924","S. pneumoniae",1.17365095413183
"9925","S. pneumoniae",1.00718097379466
"9926","S. pneumoniae",0.497041525234466
"9927","S. pneumoniae",0.840716940913831
"9928","S. pneumoniae",0.79241932709503
"9929","S. pneumoniae",0.972591126245518
"9930","S. pneumoniae",0.450814485351167
"9931","S. pneumoniae",0.945784271284573
"9932","S. pneumoniae",0.99790174072826
"9933","S. pneumoniae",0.638085677590312
"9934","S. pneumoniae",1.14672155237587
"9935","S. pneumoniae",0.544213584978996
"9936","S. pneumoniae",1.14693022712532
"9937","S. pneumoniae",0.863878591401142
"9938","S. pneumoniae",1.16289818015559
"9939","S. pneumoniae",0.568451629750719
"9940","S. pneumoniae",0.352395859846198
"9941","S. pneumoniae",0.702517019773903
"9942","S. pneumoniae",1.028243457948
"9943","S. pneumoniae",0.69101574758263
"9944","S. pneumoniae",1.27208656276624
"9945","S. pneumoniae",0.444996109779264
"9946","S. pneumoniae",0.672783956202972
"9947","S. pneumoniae",0.904740017698733
"9948","S. pneumoniae",0.633272738718811
"9949","S. pneumoniae",0.21805479806029
"9950","S. pneumoniae",0.896180953700858
"9951","S. pneumoniae",1.16279895988997
"9952","S. pneumoniae",0.575980375063007
"9953","S. pneumoniae",0.591279229976852
"9954","S. pneumoniae",0.94268713227559
"9955","S. pneumoniae",0.692256007814481
"9956","S. pneumoniae",0.657124405078431
"9957","S. pneumoniae",0.931451412986037
"9958","S. pneumoniae",0.656257485787545
"9959","S. pneumoniae",0.772246840920837
"9960","S. pneumoniae",0.519894455220387
"9961","S. pneumoniae",1.01442324685666
"9962","S. pneumoniae",0.678296553898324
"9963","S. pneumoniae",0.72964010796984
"9964","S. pneumoniae",1.01439213300456
"9965","S. pneumoniae",0.617501057612341
"9966","S. pneumoniae",0.955874698007194
"9967","S. pneumoniae",0.396040517025783
"9968","S. pneumoniae",0.955627244771394
"9969","S. pneumoniae",0.566238879601972
"9970","S. pneumoniae",0.716671846527192
"9971","S. pneumoniae",0.929530681225269
"9972","S. pneumoniae",0.827818268857854
"9973","S. pneumoniae",0.82924620495913
"9974","S. pneumoniae",0.493290665204927
"9975","S. pneumoniae",0.776504346404858
"9976","S. pneumoniae",1.07572710829189
"9977","S. pneumoniae",1.07567463015388
"9978","S. pneumoniae",0.430344875302813
"9979","S. pneumoniae",0.875063820840034
"9980","S. pneumoniae",0.54045647531539
"9981","S. pneumoniae",0.941409804213356
"9982","S. pneumoniae",0.833047745220215
"9983","S. pneumoniae",0.936683541487101
"9984","S. pneumoniae",0.48547838143111
"9985","S. pneumoniae",0.63561256657618
"9986","S. pneumoniae",1.13335658923001
"9987","S. pneumoniae",0.881486429358098
"9988","S. pneumoniae",1.3862003489881
"9989","S. pneumoniae",0.931414493302223
"9990","S. pneumoniae",0.56134839110606
"9991","S. pneumoniae",0.661273294730335
"9992","S. pneumoniae",0.826627158202753
"9993","S. pneumoniae",0.901739858816183
"9994","S. pneumoniae",0.750291654983483
"9995","S. pneumoniae",0.461416278965936
"9996","S. pneumoniae",0.734629368531228
"9997","S. pneumoniae",0.301153740863991
"9998","S. pneumoniae",0.683462701287831
"9999","S. pneumoniae",0.44233033977878
"10000","S. pneumoniae",0.551201591026103
"10001","S. pyogenes",0.134617972646381
"10002","S. pyogenes",0.123920578918844
"10003","S. pyogenes",0.0512415567176162
"10004","S. pyogenes",0.122436388363045
"10005","S. pyogenes",0.0274211688519025
"10006","S. pyogenes",0.0887534926880488
"10007","S. pyogenes",0.107822066702446
"10008","S. pyogenes",0.0541158422001631
"10009","S. pyogenes",0.0858025690599476
"10010","S. pyogenes",-0.0223923327506185
"10011","S. pyogenes",0.142057255287911
"10012","S. pyogenes",0.0376035304312641
"10013","S. pyogenes",0.0612475707683706
"10014","S. pyogenes",0.159714787473577
"10015","S. pyogenes",0.0260697893757297
"10016","S. pyogenes",0.0973609100018503
"10017","S. pyogenes",0.0173019848208789
"10018","S. pyogenes",0.00841078751410106
"10019","S. pyogenes",0.107606194249854
"10020","S. pyogenes",0.122276535863816
"10021","S. pyogenes",0.123086238854796
"10022","S. pyogenes",0.0230432564031193
"10023","S. pyogenes",0.138569939651184
"10024","S. pyogenes",0.0153112041456829
"10025","S. pyogenes",0.00887487335131832
"10026","S. pyogenes",0.211222153269982
"10027","S. pyogenes",0.0579255822329792
"10028","S. pyogenes",0.029699772734645
"10029","S. pyogenes",-0.0529083387584162
"10030","S. pyogenes",0.0859193693652255
"10031","S. pyogenes",0.161052232435432
"10032","S. pyogenes",0.0750124899654343
"10033","S. pyogenes",0.150174590871805
"10034","S. pyogenes",-0.000401737850456285
"10035","S. pyogenes",0.0652495716491405
"10036","S. pyogenes",0.280858162202175
"10037","S. pyogenes",0.141966612080964
"10038","S. pyogenes",0.0556083730693957
"10039","S. pyogenes",0.159710685198858
"10040","S. pyogenes",-0.0715055571644431
"10041","S. pyogenes",0.00701297919900642
"10042","S. pyogenes",0.0306981891742879
"10043","S. pyogenes",-0.0613549677654426
"10044","S. pyogenes",0.0842510389870693
"10045","S. pyogenes",0.000558223929052761
"10046","S. pyogenes",0.090543562305605
"10047","S. pyogenes",0.129867699841862
"10048","S. pyogenes",0.0648711521720723
"10049","S. pyogenes",0.0722480692786987
"10050","S. pyogenes",-0.00481569838878183
"10051","S. pyogenes",0.0120950797865586
"10052","S. pyogenes",0.100177844967292
"10053","S. pyogenes",-0.0317219998585833
"10054","S. pyogenes",0.033508024481186
"10055","S. pyogenes",0.233460862910498
"10056","S. pyogenes",0.0395971493920684
"10057","S. pyogenes",-0.0392089805844717
"10058","S. pyogenes",0.0885052296435252
"10059","S. pyogenes",0.055236058464229
"10060","S. pyogenes",0.130456247969842
"10061","S. pyogenes",-0.0210651687298557
"10062","S. pyogenes",0.0805175083244511
"10063","S. pyogenes",0.151121006510871
"10064","S. pyogenes",0.0132143400483423
"10065","S. pyogenes",0.0612499241535756
"10066","S. pyogenes",0.138223534036607
"10067","S. pyogenes",0.0990569286842487
"10068","S. pyogenes",0.0317754650957428
"10069","S. pyogenes",-2.11398495755342e-05
"10070","S. pyogenes",0.136687188608439
"10071","S. pyogenes",-0.024822903343357
"10072","S. pyogenes",0.124274645170038
"10073","S. pyogenes",0.0740367838681562
"10074","S. pyogenes",0.0108966092839339
"10075","S. pyogenes",0.0227173993749267
"10076","S. pyogenes",0.0734503880171141
"10077","S. pyogenes",0.160047265193327
"10078","S. pyogenes",-0.0105544134005321
"10079","S. pyogenes",0.0969870683457629
"10080","S. pyogenes",0.0828904583037479
"10081","S. pyogenes",0.00831206578494474
"10082","S. pyogenes",0.150270490369527
"10083","S. pyogenes",0.073133223896155
"10084","S. pyogenes",0.0413186928496735
"10085","S. pyogenes",0.14670443075636
"10086","S. pyogenes",0.174393439653804
"10087","S. pyogenes",0.0330600472810886
"10088","S. pyogenes",0.114638322278894
"10089","S. pyogenes",0.116141454122086
"10090","S. pyogenes",0.0836333244713387
"10091","S. pyogenes",0.174786145475729
"10092","S. pyogenes",0.151090645945303
"10093","S. pyogenes",0.157461949775028
"10094","S. pyogenes",0.125529471641884
"10095","S. pyogenes",0.0311740973816828
"10096","S. pyogenes",0.099287195292049
"10097","S. pyogenes",0.0472832155431551
"10098","S. pyogenes",0.0746932187891045
"10099","S. pyogenes",0.0731788847426208
"10100","S. pyogenes",-0.0151663690258353
"10101","S. pyogenes",0.0880620006481319
"10102","S. pyogenes",0.141222912684413
"10103","S. pyogenes",0.153648747846155
"10104","S. pyogenes",0.119726058502098
"10105","S. pyogenes",-0.00215058503384567
"10106","S. pyogenes",0.197410536360675
"10107","S. pyogenes",0.0321077755599931
"10108","S. pyogenes",0.175668386785646
"10109","S. pyogenes",-0.0370666425256382
"10110","S. pyogenes",-0.0253516670285684
"10111","S. pyogenes",0.0848374289584038
"10112","S. pyogenes",0.0341821137057204
"10113","S. pyogenes",0.128353511090754
"10114","S. pyogenes",0.0772390740107486
"10115","S. pyogenes",0.0555252263988537
"10116","S. pyogenes",0.143097772507802
"10117","S. pyogenes",-0.0324872893776615
"10118","S. pyogenes",0.000711903844437024
"10119","S. pyogenes",0.0343705904249766
"10120","S. pyogenes",0.0697732881789558
"10121","S. pyogenes",-0.033361095203946
"10122","S. pyogenes",0.043487489773414
"10123","S. pyogenes",0.115029374684606
"10124","S. pyogenes",0.145037649678453
"10125","S. pyogenes",-0.0120276079989633
"10126","S. pyogenes",0.0315785585826071
"10127","S. pyogenes",0.146037762138273
"10128","S. pyogenes",0.0130994368429743
"10129","S. pyogenes",0.00698405057922231
"10130","S. pyogenes",0.0490758869334623
"10131","S. pyogenes",0.0303813086007893
"10132","S. pyogenes",0.0602541271990845
"10133","S. pyogenes",0.0303476017560422
"10134","S. pyogenes",0.12336598029922
"10135","S. pyogenes",0.122510709178193
"10136","S. pyogenes",0.147145010185511
"10137","S. pyogenes",-0.0341858769818037
"10138","S. pyogenes",0.124439391674586
"10139","S. pyogenes",0.210102303314638
"10140","S. pyogenes",0.0236643451338365
"10141","S. pyogenes",-0.073770191248079
"10142","S. pyogenes",0.140428395745185
"10143","S. pyogenes",0.0617304430242185
"10144","S. pyogenes",0.047198852611753
"10145","S. pyogenes",0.0371800370755839
"10146","S. pyogenes",0.124144759501953
"10147","S. pyogenes",0.072775633998301
"10148","S. pyogenes",0.173311513241704
"10149","S. pyogenes",0.120012637716016
"10150","S. pyogenes",0.0858666353257862
"10151","S. pyogenes",-0.0424181362786272
"10152","S. pyogenes",0.128829660624674
"10153","S. pyogenes",0.154060844872003
"10154","S. pyogenes",0.132292148302899
"10155","S. pyogenes",-0.015619160209062
"10156","S. pyogenes",0.0158703496737014
"10157","S. pyogenes",0.144550441498569
"10158","S. pyogenes",0.187033370745167
"10159","S. pyogenes",-0.0287390405200024
"10160","S. pyogenes",0.227146231073085
"10161","S. pyogenes",0.0661809295229347
"10162","S. pyogenes",0.203170637813361
"10163","S. pyogenes",0.0269623496345597
"10164","S. pyogenes",0.0206894117094412
"10165","S. pyogenes",0.0708846052554569
"10166","S. pyogenes",-0.0501753420594773
"10167","S. pyogenes",0.0445480413173794
"10168","S. pyogenes",0.111788502707307
"10169","S. pyogenes",0.107784145898031
"10170","S. pyogenes",0.0401122059609657
"10171","S. pyogenes",0.101851715978319
"10172","S. pyogenes",0.00475081591788492
"10173","S. pyogenes",0.220883075372622
"10174","S. pyogenes",0.0525742117145669
"10175","S. pyogenes",-0.0156199726135294
"10176","S. pyogenes",0.0919574371184513
"10177","S. pyogenes",0.0389206504057784
"10178","S. pyogenes",-0.015158334043936
"10179","S. pyogenes",0.203636475100526
"10180","S. pyogenes",0.0682158491965698
"10181","S. pyogenes",0.0223049759007382
"10182","S. pyogenes",-0.0503478601407534
"10183","S. pyogenes",-0.023965477875746
"10184","S. pyogenes",0.00964386527243754
"10185","S. pyogenes",0.102080697820998
"10186","S. pyogenes",0.085576232852
"10187","S. pyogenes",0.0688740803414109
"10188","S. pyogenes",0.144843930183075
"10189","S. pyogenes",0.222691034680522
"10190","S. pyogenes",0.136903438736929
"10191","S. pyogenes",0.119936517760764
"10192","S. pyogenes",0.063091535817457
"10193","S. pyogenes",0.050001443941063
"10194","S. pyogenes",0.0491887171607518
"10195","S. pyogenes",0.0856340455550017
"10196","S. pyogenes",0.0411452602101835
"10197","S. pyogenes",0.135365121309968
"10198","S. pyogenes",0.0255349234483621
"10199","S. pyogenes",0.0946150571171558
"10200","S. pyogenes",0.200232862698904
"10201","S. pyogenes",0.099505548642319
"10202","S. pyogenes",0.11668699134779
"10203","S. pyogenes",0.123576473474826
"10204","S. pyogenes",-0.0132807553587664
"10205","S. pyogenes",0.095135650861553
"10206","S. pyogenes",0.129317584316671
"10207","S. pyogenes",-0.0299961957992239
"10208","S. pyogenes",0.1130824244001
"10209","S. pyogenes",7.59782728855853e-05
"10210","S. pyogenes",0.0569997916190521
"10211","S. pyogenes",0.158930057888707
"10212","S. pyogenes",0.0802189334129814
"10213","S. pyogenes",-0.0762219252981355
"10214","S. pyogenes",0.0211013409714917
"10215","S. pyogenes",0.13768543219763
"10216","S. pyogenes",0.102800124670294
"10217","S. pyogenes",0.146538082512926
"10218","S. pyogenes",0.0594193376254637
"10219","S. pyogenes",0.130104420351727
"10220","S. pyogenes",0.0596809828671786
"10221","S. pyogenes",0.0737711102136334
"10222","S. pyogenes",0.144128908954847
"10223","S. pyogenes",-0.000304509792136571
"10224","S. pyogenes",-0.0329839606856335
"10225","S. pyogenes",0.0440795101376796
"10226","S. pyogenes",0.106844073409017
"10227","S. pyogenes",0.106366188871943
"10228","S. pyogenes",0.235304811432375
"10229","S. pyogenes",0.110925074045011
"10230","S. pyogenes",0.0952584710102211
"10231","S. pyogenes",0.0252574371992878
"10232","S. pyogenes",0.116177720163211
"10233","S. pyogenes",0.12730233022047
"10234","S. pyogenes",0.087762216194963
"10235","S. pyogenes",-0.0134169115495585
"10236","S. pyogenes",0.034254765292667
"10237","S. pyogenes",0.0376993413441719
"10238","S. pyogenes",0.104735103783461
"10239","S. pyogenes",0.0381717160301316
"10240","S. pyogenes",0.0706363321780411
"10241","S. pyogenes",0.101320358342595
"10242","S. pyogenes",0.0434607222800659
"10243","S. pyogenes",0.142302787751465
"10244","S. pyogenes",0.118342187289956
"10245","S. pyogenes",0.0163068272442791
"10246","S. pyogenes",-0.0130563343090673
"10247","S. pyogenes",-0.034472737837777
"10248","S. pyogenes",0.0716356256082817
"10249","S. pyogenes",-0.013361452368625
"10250","S. pyogenes",-0.062886454981735
"10251","S. pyogenes",0.0754783683542579
"10252","S. pyogenes",0.137506733548088
"10253","S. pyogenes",0.110872592574873
"10254","S. pyogenes",0.0798865291946276
"10255","S. pyogenes",0.112690034433215
"10256","S. pyogenes",-0.0204592236433214
"10257","S. pyogenes",0.131727889800114
"10258","S. pyogenes",0.144943370318337
"10259","S. pyogenes",0.078550706568754
"10260","S. pyogenes",0.0413295549290829
"10261","S. pyogenes",0.205086414322112
"10262","S. pyogenes",0.152724856770607
"10263","S. pyogenes",0.202769024302254
"10264","S. pyogenes",0.00856906667147855
"10265","S. pyogenes",0.0824683419079958
"10266","S. pyogenes",0.0760254390470067
"10267","S. pyogenes",0.113203495652635
"10268","S. pyogenes",0.255720499807275
"10269","S. pyogenes",-0.0453233797426853
"10270","S. pyogenes",0.0371399099651931
"10271","S. pyogenes",0.00144801660589275
"10272","S. pyogenes",0.0305148824394356
"10273","S. pyogenes",0.0149314121738813
"10274","S. pyogenes",-0.0147121716071118
"10275","S. pyogenes",0.0906356630970862
"10276","S. pyogenes",0.218337193652483
"10277","S. pyogenes",0.0756563664737042
"10278","S. pyogenes",0.191119896383943
"10279","S. pyogenes",-0.0755176583837344
"10280","S. pyogenes",0.0601330400265733
"10281","S. pyogenes",0.158711227424559
"10282","S. pyogenes",0.0591254658974874
"10283","S. pyogenes",0.147132779574886
"10284","S. pyogenes",0.0400896902655024
"10285","S. pyogenes",0.177160231305074
"10286","S. pyogenes",0.00821952256424435
"10287","S. pyogenes",0.0833216018593597
"10288","S. pyogenes",0.156775636316497
"10289","S. pyogenes",0.120240379908143
"10290","S. pyogenes",0.124298300142659
"10291","S. pyogenes",0.0552047595974586
"10292","S. pyogenes",0.190924389866605
"10293","S. pyogenes",0.174373242782354
"10294","S. pyogenes",0.0931025496181296
"10295","S. pyogenes",0.136529643633974
"10296","S. pyogenes",0.106882465998612
"10297","S. pyogenes",0.0703643221424114
"10298","S. pyogenes",0.114340858933837
"10299","S. pyogenes",0.128910287707758
"10300","S. pyogenes",0.0820245212428679
"10301","S. pyogenes",0.0777804125540571
"10302","S. pyogenes",0.167115164441533
"10303","S. pyogenes",0.0695559799910769
"10304","S. pyogenes",0.105514665944718
"10305","S. pyogenes",0.204836804076279
"10306","S. pyogenes",0.188711995897341
"10307","S. pyogenes",0.107262988587227
"10308","S. pyogenes",0.0659317342066062
"10309","S. pyogenes",0.0552456854376405
"10310","S. pyogenes",0.213899635134147
"10311","S. pyogenes",0.17450221655721
"10312","S. pyogenes",0.173210770661514
"10313","S. pyogenes",0.167268255317491
"10314","S. pyogenes",0.13341904063384
"10315","S. pyogenes",0.148848512369931
"10316","S. pyogenes",0.130191591870786
"10317","S. pyogenes",0.0395384412794887
"10318","S. pyogenes",0.0359507488150614
"10319","S. pyogenes",0.10856188347794
"10320","S. pyogenes",0.0175068688495482
"10321","S. pyogenes",0.102522917188618
"10322","S. pyogenes",0.0832510201358054
"10323","S. pyogenes",0.100473854938949
"10324","S. pyogenes",0.141021537213174
"10325","S. pyogenes",0.0923110178087205
"10326","S. pyogenes",0.0217335347747833
"10327","S. pyogenes",0.0385345922119648
"10328","S. pyogenes",0.0486628500124512
"10329","S. pyogenes",0.0811826626462514
"10330","S. pyogenes",0.00632630359266486
"10331","S. pyogenes",0.0520862770752827
"10332","S. pyogenes",-0.00327442211972076
"10333","S. pyogenes",0.0168457887848256
"10334","S. pyogenes",0.0488664770233092
"10335","S. pyogenes",0.106485563289433
"10336","S. pyogenes",0.0582925477254671
"10337","S. pyogenes",0.0662797027791211
"10338","S. pyogenes",0.16308575620557
"10339","S. pyogenes",0.0147396343915613
"10340","S. pyogenes",0.11828869038905
"10341","S. pyogenes",0.0501141437119135
"10342","S. pyogenes",0.196984952308601
"10343","S. pyogenes",0.107164419320648
"10344","S. pyogenes",0.120750589684981
"10345","S. pyogenes",0.055347086520452
"10346","S. pyogenes",0.0402275088147413
"10347","S. pyogenes",0.0418476316011579
"10348","S. pyogenes",0.0996140020349649
"10349","S. pyogenes",-0.0120285256861303
"10350","S. pyogenes",0.157579880083513
"10351","S. pyogenes",0.0192480639604842
"10352","S. pyogenes",-0.0387655762452722
"10353","S. pyogenes",0.113037915937829
"10354","S. pyogenes",-0.0239937533787657
"10355","S. pyogenes",0.0211892717106757
"10356","S. pyogenes",0.0428414632916983
"10357","S. pyogenes",0.206124555184043
"10358","S. pyogenes",0.0402416996574063
"10359","S. pyogenes",-0.00895242590059025
"10360","S. pyogenes",0.193378064783723
"10361","S. pyogenes",0.0330237610136859
"10362","S. pyogenes",0.0243612445675874
"10363","S. pyogenes",0.0512017047353345
"10364","S. pyogenes",0.176951167267084
"10365","S. pyogenes",0.0305286342173566
"10366","S. pyogenes",0.189646347988617
"10367","S. pyogenes",0.116063893937406
"10368","S. pyogenes",0.160783760493372
"10369","S. pyogenes",0.0659877020027766
"10370","S. pyogenes",0.052894962347316
"10371","S. pyogenes",0.225109906293484
"10372","S. pyogenes",0.0398299458695389
"10373","S. pyogenes",-0.0322669172270524
"10374","S. pyogenes",0.058460018946122
"10375","S. pyogenes",0.0165918146121087
"10376","S. pyogenes",0.165213228091974
"10377","S. pyogenes",0.0704998126957075
"10378","S. pyogenes",0.0628363256719655
"10379","S. pyogenes",0.0384782574936689
"10380","S. pyogenes",0.160239641398928
"10381","S. pyogenes",0.0762749763352971
"10382","S. pyogenes",0.0549950513089154
"10383","S. pyogenes",0.114777792894039
"10384","S. pyogenes",0.0413414139865883
"10385","S. pyogenes",0.161892303436581
"10386","S. pyogenes",0.161498152217209
"10387","S. pyogenes",0.0995362494631634
"10388","S. pyogenes",0.0220992376090978
"10389","S. pyogenes",0.156954687887684
"10390","S. pyogenes",0.171610234753088
"10391","S. pyogenes",0.171378770141165
"10392","S. pyogenes",0.0433452223036643
"10393","S. pyogenes",0.131770473797537
"10394","S. pyogenes",0.0253363022627834
"10395","S. pyogenes",0.077856651349422
"10396","S. pyogenes",0.135253534413913
"10397","S. pyogenes",0.0712480060432533
"10398","S. pyogenes",0.0925382661832285
"10399","S. pyogenes",0.0183386303046255
"10400","S. pyogenes",0.148090194528134
"10401","S. pyogenes",-0.0259688217564759
"10402","S. pyogenes",0.0613826418343666
"10403","S. pyogenes",0.0690078087952152
"10404","S. pyogenes",0.13440168762893
"10405","S. pyogenes",0.235354107644831
"10406","S. pyogenes",0.0219416226544558
"10407","S. pyogenes",0.0882682034329633
"10408","S. pyogenes",0.19429377115103
"10409","S. pyogenes",0.162670694386606
"10410","S. pyogenes",0.0258096468953275
"10411","S. pyogenes",0.142670228115263
"10412","S. pyogenes",0.160705118441304
"10413","S. pyogenes",0.0719473613064712
"10414","S. pyogenes",0.102926486559019
"10415","S. pyogenes",-0.0229246909636542
"10416","S. pyogenes",0.146837423974195
"10417","S. pyogenes",0.138698110857345
"10418","S. pyogenes",0.00743097696545534
"10419","S. pyogenes",0.0338226198962856
"10420","S. pyogenes",0.00764351594540368
"10421","S. pyogenes",0.0234648180651145
"10422","S. pyogenes",0.0509563898583052
"10423","S. pyogenes",0.0555999263168846
"10424","S. pyogenes",0.023564430826581
"10425","S. pyogenes",0.0815361353096562
"10426","S. pyogenes",0.106516381495744
"10427","S. pyogenes",0.182332539142817
"10428","S. pyogenes",0.105771808484198
"10429","S. pyogenes",0.0482154205007977
"10430","S. pyogenes",0.0105900706156231
"10431","S. pyogenes",0.194544372916724
"10432","S. pyogenes",0.018121411368936
"10433","S. pyogenes",0.0528826307415767
"10434","S. pyogenes",0.0629381214273658
"10435","S. pyogenes",0.0773919128820238
"10436","S. pyogenes",0.0126341951301018
"10437","S. pyogenes",0.138831720493534
"10438","S. pyogenes",0.156645506184729
"10439","S. pyogenes",0.0823807092506971
"10440","S. pyogenes",-0.00632923335996436
"10441","S. pyogenes",0.0727649685173854
"10442","S. pyogenes",-0.0901414577756434
"10443","S. pyogenes",0.0759023779592566
"10444","S. pyogenes",0.0827303635406612
"10445","S. pyogenes",0.14344386340169
"10446","S. pyogenes",0.174235724808704
"10447","S. pyogenes",0.0304366190053864
"10448","S. pyogenes",0.0474850654040107
"10449","S. pyogenes",0.0297580251591652
"10450","S. pyogenes",-0.0410071297614044
"10451","S. pyogenes",-0.0440010100073362
"10452","S. pyogenes",-0.00121838356054555
"10453","S. pyogenes",0.0799714923330395
"10454","S. pyogenes",0.241299838433106
"10455","S. pyogenes",0.105655791445755
"10456","S. pyogenes",0.039808417602473
"10457","S. pyogenes",0.0892763386818201
"10458","S. pyogenes",0.169300424195712
"10459","S. pyogenes",0.0164948131834362
"10460","S. pyogenes",-0.0107788081133205
"10461","S. pyogenes",0.0878593284555142
"10462","S. pyogenes",0.0227464564677688
"10463","S. pyogenes",0.0110034274677183
"10464","S. pyogenes",0.0689456210860902
"10465","S. pyogenes",0.0544292906923343
"10466","S. pyogenes",0.150252826667158
"10467","S. pyogenes",0.0529291039189656
"10468","S. pyogenes",0.03496996877789
"10469","S. pyogenes",0.130211896098671
"10470","S. pyogenes",-0.00885241334009037
"10471","S. pyogenes",0.0634937341119332
"10472","S. pyogenes",0.0701010951219722
"10473","S. pyogenes",0.100770905922615
"10474","S. pyogenes",0.0134276040773468
"10475","S. pyogenes",0.177215493290036
"10476","S. pyogenes",0.14745521257855
"10477","S. pyogenes",0.105215228971554
"10478","S. pyogenes",0.0869480107165336
"10479","S. pyogenes",-0.0127082251628024
"10480","S. pyogenes",0.0696791158638282
"10481","S. pyogenes",0.109458205671591
"10482","S. pyogenes",0.0937086376991931
"10483","S. pyogenes",0.135128438143689
"10484","S. pyogenes",0.0776093550935857
"10485","S. pyogenes",0.00354868745214106
"10486","S. pyogenes",0.115971341846864
"10487","S. pyogenes",0.0919675867003122
"10488","S. pyogenes",0.0177595290033111
"10489","S. pyogenes",0.0827968118127939
"10490","S. pyogenes",0.0909438304266565
"10491","S. pyogenes",0.0695999756707985
"10492","S. pyogenes",0.169738032242
"10493","S. pyogenes",0.0677053778864433
"10494","S. pyogenes",0.0617542309557543
"10495","S. pyogenes",0.0179637633830284
"10496","S. pyogenes",0.04979960903975
"10497","S. pyogenes",0.00423218399547303
"10498","S. pyogenes",0.108142497313489
"10499","S. pyogenes",0.0163374401668292
"10500","S. pyogenes",-0.0487742616698493
"10501","S. pyogenes",0.148804562667745
"10502","S. pyogenes",0.0964788395990169
"10503","S. pyogenes",0.10084089705298
"10504","S. pyogenes",0.162805720415734
"10505","S. pyogenes",0.131038852105083
"10506","S. pyogenes",0.0402900386978831
"10507","S. pyogenes",0.167131348620693
"10508","S. pyogenes",0.137744228293971
"10509","S. pyogenes",0.160661323150154
"10510","S. pyogenes",0.139422092111898
"10511","S. pyogenes",-0.043003042104156
"10512","S. pyogenes",0.153265941958232
"10513","S. pyogenes",0.00674397982344823
"10514","S. pyogenes",0.0295900254068957
"10515","S. pyogenes",0.0119397427813929
"10516","S. pyogenes",0.174130355282774
"10517","S. pyogenes",0.0711834586176838
"10518","S. pyogenes",-0.00150103249116632
"10519","S. pyogenes",0.141735811828416
"10520","S. pyogenes",0.00422574672780253
"10521","S. pyogenes",0.0843672167212064
"10522","S. pyogenes",-0.00651228072290543
"10523","S. pyogenes",-0.0180721536790728
"10524","S. pyogenes",0.177328785849028
"10525","S. pyogenes",0.0175206538794423
"10526","S. pyogenes",0.136722341598428
"10527","S. pyogenes",0.118378453676414
"10528","S. pyogenes",0.0411162097129266
"10529","S. pyogenes",0.0796258328626861
"10530","S. pyogenes",0.0501320867828629
"10531","S. pyogenes",0.0977828304571355
"10532","S. pyogenes",0.0624920941560783
"10533","S. pyogenes",0.170652242255719
"10534","S. pyogenes",0.0571051256295656
"10535","S. pyogenes",0.0856630808542356
"10536","S. pyogenes",0.182335677724234
"10537","S. pyogenes",0.00215878886984757
"10538","S. pyogenes",0.0299680480792017
"10539","S. pyogenes",0.0422487070328899
"10540","S. pyogenes",0.142591187449029
"10541","S. pyogenes",-0.0446036171709686
"10542","S. pyogenes",0.0032516127212272
"10543","S. pyogenes",0.152560229680851
"10544","S. pyogenes",0.199832502739354
"10545","S. pyogenes",0.0906666043298611
"10546","S. pyogenes",0.122773713878526
"10547","S. pyogenes",0.0882437220046695
"10548","S. pyogenes",0.0954494772640849
"10549","S. pyogenes",0.093573529674389
"10550","S. pyogenes",0.115067070141711
"10551","S. pyogenes",0.120117590720197
"10552","S. pyogenes",0.0488876142634903
"10553","S. pyogenes",0.0815433928883303
"10554","S. pyogenes",0.0713932859654769
"10555","S. pyogenes",0.165624675993204
"10556","S. pyogenes",0.063199997374467
"10557","S. pyogenes",0.0972242213316822
"10558","S. pyogenes",0.154427319228494
"10559","S. pyogenes",0.0754505570503882
"10560","S. pyogenes",0.218704608448211
"10561","S. pyogenes",-0.0316872574233771
"10562","S. pyogenes",0.0451486810126936
"10563","S. pyogenes",0.0750566514338455
"10564","S. pyogenes",0.0964686998271936
"10565","S. pyogenes",0.0728986245445721
"10566","S. pyogenes",0.0679587385445499
"10567","S. pyogenes",0.0242384283862333
"10568","S. pyogenes",0.196150772435173
"10569","S. pyogenes",-0.0427096642936486
"10570","S. pyogenes",-0.0105316970094532
"10571","S. pyogenes",0.0373197773853341
"10572","S. pyogenes",0.200955808661697
"10573","S. pyogenes",0.0178741756637132
"10574","S. pyogenes",0.0709053249749433
"10575","S. pyogenes",0.0896869445295831
"10576","S. pyogenes",0.00430964709470388
"10577","S. pyogenes",0.0845090856784443
"10578","S. pyogenes",0.147292517234974
"10579","S. pyogenes",0.0450311573603296
"10580","S. pyogenes",-0.0236285785860403
"10581","S. pyogenes",0.0446511973986914
"10582","S. pyogenes",0.0824370148789597
"10583","S. pyogenes",0.0262549791522656
"10584","S. pyogenes",0.186686678258663
"10585","S. pyogenes",0.14200587296723
"10586","S. pyogenes",0.0550823073604252
"10587","S. pyogenes",-0.0974285067387094
"10588","S. pyogenes",0.0106303855596096
"10589","S. pyogenes",0.0576136502032058
"10590","S. pyogenes",-0.0430479567045539
"10591","S. pyogenes",0.0351209885734844
"10592","S. pyogenes",-0.00979756532048433
"10593","S. pyogenes",0.0814920927034365
"10594","S. pyogenes",-0.000509960010537133
"10595","S. pyogenes",0.0505130558129738
"10596","S. pyogenes",0.0983890770165828
"10597","S. pyogenes",0.144439843293913
"10598","S. pyogenes",0.114003347090402
"10599","S. pyogenes",0.0296255206096826
"10600","S. pyogenes",0.0337380657240914
"10601","S. pyogenes",0.169862815849796
"10602","S. pyogenes",0.0445171487694615
"10603","S. pyogenes",0.089258895514878
"10604","S. pyogenes",0.02066875631904
"10605","S. pyogenes",0.0955648526576154
"10606","S. pyogenes",0.203594665178923
"10607","S. pyogenes",0.112877458155515
"10608","S. pyogenes",0.0463305282378239
"10609","S. pyogenes",0.0111004099058382
"10610","S. pyogenes",0.0742937446346477
"10611","S. pyogenes",0.197595430687938
"10612","S. pyogenes",0.181045559661382
"10613","S. pyogenes",0.15615912002867
"10614","S. pyogenes",0.134290667181041
"10615","S. pyogenes",0.234066561281745
"10616","S. pyogenes",0.0370932343202406
"10617","S. pyogenes",0.0902005010696548
"10618","S. pyogenes",-0.0303389116113799
"10619","S. pyogenes",0.0578612322022106
"10620","S. pyogenes",0.0395499920433612
"10621","S. pyogenes",0.0519057175492916
"10622","S. pyogenes",0.0930175036005964
"10623","S. pyogenes",0.0604278834774154
"10624","S. pyogenes",0.0994972322218146
"10625","S. pyogenes",0.0373677992720809
"10626","S. pyogenes",0.215593792134363
"10627","S. pyogenes",0.181475703132193
"10628","S. pyogenes",-0.0246399988006302
"10629","S. pyogenes",0.175886319321633
"10630","S. pyogenes",0.13619681077574
"10631","S. pyogenes",-0.00251675269160551
"10632","S. pyogenes",0.106749498306247
"10633","S. pyogenes",0.183496632700343
"10634","S. pyogenes",-0.0801792285281975
"10635","S. pyogenes",-0.0171661573689362
"10636","S. pyogenes",0.121792594567416
"10637","S. pyogenes",0.0672987319089973
"10638","S. pyogenes",0.0305511646956556
"10639","S. pyogenes",-0.0369052778274447
"10640","S. pyogenes",0.093168620706532
"10641","S. pyogenes",0.144341861197778
"10642","S. pyogenes",0.146159770020064
"10643","S. pyogenes",0.16511248818169
"10644","S. pyogenes",0.0564707099896797
"10645","S. pyogenes",0.108303718308222
"10646","S. pyogenes",0.053354179283055
"10647","S. pyogenes",0.0308189347436741
"10648","S. pyogenes",0.0756608076762447
"10649","S. pyogenes",0.181488567779973
"10650","S. pyogenes",0.0333587840516636
"10651","S. pyogenes",0.0620378680821824
"10652","S. pyogenes",0.12271095118534
"10653","S. pyogenes",0.150772800548593
"10654","S. pyogenes",0.0742871971167354
"10655","S. pyogenes",-0.0271936275486966
"10656","S. pyogenes",0.19362503013001
"10657","S. pyogenes",0.195039438426924
"10658","S. pyogenes",0.0345680263808394
"10659","S. pyogenes",0.139668810652531
"10660","S. pyogenes",-0.0022185441521587
"10661","S. pyogenes",0.0548827746685573
"10662","S. pyogenes",0.145172319177135
"10663","S. pyogenes",0.186564995247033
"10664","S. pyogenes",0.102563761086497
"10665","S. pyogenes",0.0260356719913205
"10666","S. pyogenes",0.0352811511225453
"10667","S. pyogenes",0.0405635828065247
"10668","S. pyogenes",0.0596250584140035
"10669","S. pyogenes",0.184732246392564
"10670","S. pyogenes",-0.0225103656213793
"10671","S. pyogenes",0.221886692800388
"10672","S. pyogenes",0.0579180294774263
"10673","S. pyogenes",0.033870934349588
"10674","S. pyogenes",0.100473275017192
"10675","S. pyogenes",-0.0924310038195253
"10676","S. pyogenes",0.103731035031147
"10677","S. pyogenes",0.140778473338528
"10678","S. pyogenes",0.0867858231814151
"10679","S. pyogenes",0.083703186585709
"10680","S. pyogenes",0.0553362027398927
"10681","S. pyogenes",0.129739043368675
"10682","S. pyogenes",-0.0020514762361597
"10683","S. pyogenes",0.077333807991575
"10684","S. pyogenes",0.0733983683028859
"10685","S. pyogenes",0.10672934271036
"10686","S. pyogenes",0.100751945544189
"10687","S. pyogenes",0.0825679355032927
"10688","S. pyogenes",0.164343213778765
"10689","S. pyogenes",0.114531397466079
"10690","S. pyogenes",0.108229046926722
"10691","S. pyogenes",0.00870535857905472
"10692","S. pyogenes",0.164543498696709
"10693","S. pyogenes",0.0417761498760903
"10694","S. pyogenes",-0.00206779719636369
"10695","S. pyogenes",0.0679027063816527
"10696","S. pyogenes",0.185214875077213
"10697","S. pyogenes",0.0440697526899712
"10698","S. pyogenes",0.0716626795208372
"10699","S. pyogenes",0.0590554259245448
"10700","S. pyogenes",0.139149381463468
"10701","S. pyogenes",0.178632275099324
"10702","S. pyogenes",0.2404086953635
"10703","S. pyogenes",0.0760830767067054
"10704","S. pyogenes",0.0342862740172659
"10705","S. pyogenes",0.128800989546955
"10706","S. pyogenes",0.145345868062213
"10707","S. pyogenes",-0.0598303518674289
"10708","S. pyogenes",0.111292219756499
"10709","S. pyogenes",0.112526341777484
"10710","S. pyogenes",0.0499387174408476
"10711","S. pyogenes",0.0877698414076094
"10712","S. pyogenes",0.0186615144944336
"10713","S. pyogenes",0.155000307881693
"10714","S. pyogenes",0.0441076175183413
"10715","S. pyogenes",0.0509565082568376
"10716","S. pyogenes",0.0789881522337333
"10717","S. pyogenes",0.125618963259655
"10718","S. pyogenes",-0.0208890454128112
"10719","S. pyogenes",0.0258404762674888
"10720","S. pyogenes",0.131593762173614
"10721","S. pyogenes",0.0689436490982767
"10722","S. pyogenes",-0.0858595181713663
"10723","S. pyogenes",0.116360711903722
"10724","S. pyogenes",0.0840134164550523
"10725","S. pyogenes",0.205196596634467
"10726","S. pyogenes",0.20226297005691
"10727","S. pyogenes",0.107846542138637
"10728","S. pyogenes",0.0909343915258232
"10729","S. pyogenes",0.0136524055284
"10730","S. pyogenes",0.0504330436886654
"10731","S. pyogenes",0.184412376164492
"10732","S. pyogenes",0.166036447359404
"10733","S. pyogenes",0.159758244038209
"10734","S. pyogenes",0.167352744038094
"10735","S. pyogenes",0.145722492580741
"10736","S. pyogenes",0.189853195454196
"10737","S. pyogenes",0.0395709963866502
"10738","S. pyogenes",0.12517009530107
"10739","S. pyogenes",0.201420157078016
"10740","S. pyogenes",-0.0130479578628613
"10741","S. pyogenes",0.0575525634216577
"10742","S. pyogenes",0.10776845608141
"10743","S. pyogenes",0.0193280884274176
"10744","S. pyogenes",0.119909970162258
"10745","S. pyogenes",0.176101563847276
"10746","S. pyogenes",-0.00750803808711446
"10747","S. pyogenes",0.108972432775377
"10748","S. pyogenes",0.09931913877298
"10749","S. pyogenes",0.16134849964163
"10750","S. pyogenes",0.146508482316985
"10751","S. pyogenes",0.0464941828183165
"10752","S. pyogenes",0.124045089229761
"10753","S. pyogenes",0.0356056985901169
"10754","S. pyogenes",0.0916161542783042
"10755","S. pyogenes",0.00930447987156479
"10756","S. pyogenes",0.0657004260268816
"10757","S. pyogenes",0.162398405642414
"10758","S. pyogenes",0.0572900337434125
"10759","S. pyogenes",0.120916060368523
"10760","S. pyogenes",0.0785272764578532
"10761","S. pyogenes",0.0285330689534445
"10762","S. pyogenes",0.170584312042424
"10763","S. pyogenes",0.0355276035112288
"10764","S. pyogenes",0.16674824057698
"10765","S. pyogenes",0.251336973259916
"10766","S. pyogenes",0.0144404944152475
"10767","S. pyogenes",0.0592141843761657
"10768","S. pyogenes",0.108786209351737
"10769","S. pyogenes",0.161553593211811
"10770","S. pyogenes",0.125209122488021
"10771","S. pyogenes",0.0469101581239006
"10772","S. pyogenes",0.136510185096639
"10773","S. pyogenes",0.126115940204871
"10774","S. pyogenes",0.0592156286980758
"10775","S. pyogenes",0.190075252439779
"10776","S. pyogenes",0.0534665447381402
"10777","S. pyogenes",-0.00102841211466624
"10778","S. pyogenes",-0.0299558332776816
"10779","S. pyogenes",0.174070873996534
"10780","S. pyogenes",0.227956308103295
"10781","S. pyogenes",0.0834732693483428
"10782","S. pyogenes",0.215357271206315
"10783","S. pyogenes",0.0286719905915713
"10784","S. pyogenes",-0.00599160812804617
"10785","S. pyogenes",-0.0116528762490889
"10786","S. pyogenes",0.111551389209973
"10787","S. pyogenes",0.201949978453551
"10788","S. pyogenes",0.131892816585496
"10789","S. pyogenes",0.185937703787176
"10790","S. pyogenes",0.11043209143581
"10791","S. pyogenes",0.061644644323441
"10792","S. pyogenes",0.0675298010895619
"10793","S. pyogenes",0.0434052650367864
"10794","S. pyogenes",0.109915354899803
"10795","S. pyogenes",-0.010191562163615
"10796","S. pyogenes",0.129298343809091
"10797","S. pyogenes",0.122086593561179
"10798","S. pyogenes",-0.00301097582634175
"10799","S. pyogenes",-0.120388857611397
"10800","S. pyogenes",-0.0397172391391107
"10801","S. pyogenes",0.010338180950331
"10802","S. pyogenes",0.0631035574936715
"10803","S. pyogenes",0.164272048068361
"10804","S. pyogenes",-0.0440128051533928
"10805","S. pyogenes",0.10790007046558
"10806","S. pyogenes",0.092909694813573
"10807","S. pyogenes",0.0385411923727593
"10808","S. pyogenes",-0.0874926053457349
"10809","S. pyogenes",0.0114806141194367
"10810","S. pyogenes",0.106364379523681
"10811","S. pyogenes",0.140836879018667
"10812","S. pyogenes",0.141880077521881
"10813","S. pyogenes",0.0907217486020985
"10814","S. pyogenes",0.0510838775313697
"10815","S. pyogenes",0.00549995130651637
"10816","S. pyogenes",0.148668186606493
"10817","S. pyogenes",0.0995825082407661
"10818","S. pyogenes",0.224868273591585
"10819","S. pyogenes",0.0961864149451424
"10820","S. pyogenes",0.0299767624301075
"10821","S. pyogenes",0.0895873450953018
"10822","S. pyogenes",0.0687350642981553
"10823","S. pyogenes",-0.0646999525618784
"10824","S. pyogenes",0.0532910549180355
"10825","S. pyogenes",0.0519493417422346
"10826","S. pyogenes",0.172120727198689
"10827","S. pyogenes",0.0368595355723867
"10828","S. pyogenes",0.0811593834240314
"10829","S. pyogenes",0.0511271057050925
"10830","S. pyogenes",9.13405833731092e-05
"10831","S. pyogenes",0.129656448736778
"10832","S. pyogenes",0.0892559527021596
"10833","S. pyogenes",0.138444955352047
"10834","S. pyogenes",0.07167114103713
"10835","S. pyogenes",0.0960501043805815
"10836","S. pyogenes",0.248409885679244
"10837","S. pyogenes",0.133371389470476
"10838","S. pyogenes",0.093837835331675
"10839","S. pyogenes",-0.0142694826856682
"10840","S. pyogenes",0.0601843298089817
"10841","S. pyogenes",-0.0290639809928638
"10842","S. pyogenes",-0.0287184281280747
"10843","S. pyogenes",0.119365069201015
"10844","S. pyogenes",0.102089342351947
"10845","S. pyogenes",0.0264191027246584
"10846","S. pyogenes",0.00731337067743414
"10847","S. pyogenes",0.133746167140522
"10848","S. pyogenes",0.0277844517140232
"10849","S. pyogenes",0.0352276334875311
"10850","S. pyogenes",0.0753075830390634
"10851","S. pyogenes",0.0318263320868911
"10852","S. pyogenes",0.167639250129389
"10853","S. pyogenes",0.107008323148973
"10854","S. pyogenes",0.0779821296942139
"10855","S. pyogenes",2.66934014376356e-05
"10856","S. pyogenes",0.0102475271359369
"10857","S. pyogenes",0.114492778263664
"10858","S. pyogenes",0.15868354680338
"10859","S. pyogenes",-0.00822035055202909
"10860","S. pyogenes",0.0665436946519269
"10861","S. pyogenes",0.0961218433912708
"10862","S. pyogenes",0.162872391357073
"10863","S. pyogenes",0.105939935867042
"10864","S. pyogenes",0.100913541422853
"10865","S. pyogenes",0.022883534232168
"10866","S. pyogenes",-0.0330389323953795
"10867","S. pyogenes",0.0288941692847269
"10868","S. pyogenes",0.285689772901357
"10869","S. pyogenes",-0.0276981126383561
"10870","S. pyogenes",-0.040543869052112
"10871","S. pyogenes",0.0267900095133744
"10872","S. pyogenes",0.161077590155651
"10873","S. pyogenes",0.080481643826316
"10874","S. pyogenes",0.0723646069008386
"10875","S. pyogenes",-0.0172761062317341
"10876","S. pyogenes",0.145252950801282
"10877","S. pyogenes",0.0903435748724582
"10878","S. pyogenes",0.0624630033678076
"10879","S. pyogenes",0.0570041920649439
"10880","S. pyogenes",0.118953122832583
"10881","S. pyogenes",0.180856362196944
"10882","S. pyogenes",0.12248404596281
"10883","S. pyogenes",0.257457733215395
"10884","S. pyogenes",0.164765452171083
"10885","S. pyogenes",0.0651528369513067
"10886","S. pyogenes",0.124477379975594
"10887","S. pyogenes",0.0251174655376003
"10888","S. pyogenes",0.168060103536716
"10889","S. pyogenes",0.0694917857923561
"10890","S. pyogenes",0.0711747972323991
"10891","S. pyogenes",0.0737048485442897
"10892","S. pyogenes",0.031223798431772
"10893","S. pyogenes",0.0868113086412474
"10894","S. pyogenes",0.0422617803909299
"10895","S. pyogenes",0.0721557745673266
"10896","S. pyogenes",0.0400842521083885
"10897","S. pyogenes",0.112628001801729
"10898","S. pyogenes",0.0284367050172638
"10899","S. pyogenes",0.10413085666781
"10900","S. pyogenes",0.00102978265519803
"10901","S. pyogenes",0.111125741901704
"10902","S. pyogenes",0.0528776480777546
"10903","S. pyogenes",0.159335392546091
"10904","S. pyogenes",0.0355684841539424
"10905","S. pyogenes",-0.0295280177600229
"10906","S. pyogenes",0.0996128930685816
"10907","S. pyogenes",0.175002624507307
"10908","S. pyogenes",0.0344313426342328
"10909","S. pyogenes",0.0665643347759017
"10910","S. pyogenes",0.161879144804629
"10911","S. pyogenes",0.0120527092092178
"10912","S. pyogenes",0.215918753614877
"10913","S. pyogenes",0.136541751210792
"10914","S. pyogenes",0.169967924199293
"10915","S. pyogenes",0.0311554518770151
"10916","S. pyogenes",0.00788780658600825
"10917","S. pyogenes",0.0218433277127819
"10918","S. pyogenes",0.0320227757716008
"10919","S. pyogenes",0.0632214855871508
"10920","S. pyogenes",0.113426513226378
"10921","S. pyogenes",0.0680159644278181
"10922","S. pyogenes",-0.00492399332703947
"10923","S. pyogenes",0.0465303405475764
"10924","S. pyogenes",0.110943218994086
"10925","S. pyogenes",0.0867628818405695
"10926","S. pyogenes",0.142492349655985
"10927","S. pyogenes",0.191985327733487
"10928","S. pyogenes",0.128772711396216
"10929","S. pyogenes",0.126980705230579
"10930","S. pyogenes",0.146576054557043
"10931","S. pyogenes",0.0798511438790109
"10932","S. pyogenes",0.00545791110053887
"10933","S. pyogenes",0.0968846508810577
"10934","S. pyogenes",0.0648683614541132
"10935","S. pyogenes",0.117939660845415
"10936","S. pyogenes",0.117042618086278
"10937","S. pyogenes",0.0338401599435173
"10938","S. pyogenes",0.0895876568484009
"10939","S. pyogenes",0.105579501447644
"10940","S. pyogenes",0.108838210388001
"10941","S. pyogenes",0.197290090691934
"10942","S. pyogenes",0.109082902861023
"10943","S. pyogenes",0.0893953130379171
"10944","S. pyogenes",0.0777440879004158
"10945","S. pyogenes",-0.0360873570009673
"10946","S. pyogenes",-0.0659948663643434
"10947","S. pyogenes",0.160338156383307
"10948","S. pyogenes",-0.0142761231701315
"10949","S. pyogenes",0.025661892654125
"10950","S. pyogenes",0.0938078240014089
"10951","S. pyogenes",0.123528197172995
"10952","S. pyogenes",0.108836768099076
"10953","S. pyogenes",0.028077664456634
"10954","S. pyogenes",0.0651852451460889
"10955","S. pyogenes",0.0822894140254409
"10956","S. pyogenes",0.0836995802773343
"10957","S. pyogenes",0.151661295308275
"10958","S. pyogenes",0.245824994113655
"10959","S. pyogenes",0.0431861552734148
"10960","S. pyogenes",-0.00110392826202419
"10961","S. pyogenes",-0.0383869586252917
"10962","S. pyogenes",-0.0169418909625432
"10963","S. pyogenes",0.0992963511336703
"10964","S. pyogenes",0.136942617167688
"10965","S. pyogenes",0.174591395856039
"10966","S. pyogenes",0.143778531146018
"10967","S. pyogenes",-0.0381791585493428
"10968","S. pyogenes",0.0580122810868961
"10969","S. pyogenes",0.0812659392452725
"10970","S. pyogenes",-0.0482061792199657
"10971","S. pyogenes",0.0398656199939546
"10972","S. pyogenes",0.146137813335508
"10973","S. pyogenes",0.0762750974100768
"10974","S. pyogenes",0.0577229670205805
"10975","S. pyogenes",0.108919883483314
"10976","S. pyogenes",0.0620054513793248
"10977","S. pyogenes",0.13830808223796
"10978","S. pyogenes",0.0708996834934843
"10979","S. pyogenes",0.0195948449914619
"10980","S. pyogenes",0.123185792838202
"10981","S. pyogenes",0.204135129828626
"10982","S. pyogenes",0.0438689040720754
"10983","S. pyogenes",0.091948510747965
"10984","S. pyogenes",0.228542383457256
"10985","S. pyogenes",0.0265775380419797
"10986","S. pyogenes",0.0505718654708239
"10987","S. pyogenes",0.0640517168784335
"10988","S. pyogenes",0.0415727462433979
"10989","S. pyogenes",0.13660549642464
"10990","S. pyogenes",0.18175973251377
"10991","S. pyogenes",0.247319428127699
"10992","S. pyogenes",0.101930748619355
"10993","S. pyogenes",-0.0123822072713962
"10994","S. pyogenes",0.0326768449076728
"10995","S. pyogenes",0.201448508052133
"10996","S. pyogenes",-0.0348168099844866
"10997","S. pyogenes",0.086408763513718
"10998","S. pyogenes",0.110264182916994
"10999","S. pyogenes",0.100028298240441
"11000","S. pyogenes",0.133706054146097
