"","Antibiotic","Gradient"
"1","J01A",0.128244804524773
"2","J01A",0.0150658682756569
"3","J01A",-0.0159441147671308
"4","J01A",0.245524229443269
"5","J01A",-0.0421441269049987
"6","J01A",0.0381971572747379
"7","J01A",0.201538177470096
"8","J01A",0.195957365525776
"9","J01A",0.144499405269498
"10","J01A",0.110217444276071
"11","J01A",0.329920366900313
"12","J01A",0.0354278661378792
"13","J01A",0.3057427937886
"14","J01A",0.0430657466466068
"15","J01A",0.142163035063757
"16","J01A",0.188499710720697
"17","J01A",0.128876177319924
"18","J01A",-0.0635881724171896
"19","J01A",0.108345442129125
"20","J01A",0.0793894411356073
"21","J01A",0.209608782641772
"22","J01A",0.180944179559383
"23","J01A",0.31876920944315
"24","J01A",0.0765271903956945
"25","J01A",0.0518740418109859
"26","J01A",0.0588971911254532
"27","J01A",0.213593638964054
"28","J01A",0.163439396078664
"29","J01A",0.0995038753126575
"30","J01A",0.124693872328811
"31","J01A",0.19001058292941
"32","J01A",0.0730177610486843
"33","J01A",0.0894338538507491
"34","J01A",0.187823378893949
"35","J01A",0.254044019157561
"36","J01A",0.215184194074691
"37","J01A",0.106773295190268
"38","J01A",0.0631042857838048
"39","J01A",0.238144368171832
"40","J01A",-0.0702199582951178
"41","J01A",0.270527992438355
"42","J01A",-0.0110205190375011
"43","J01A",0.0785108732545053
"44","J01A",0.318313990346364
"45","J01A",0.158435163881983
"46","J01A",0.0206191848829778
"47","J01A",0.119529976275415
"48","J01A",0.160848370729435
"49","J01A",0.145909513635941
"50","J01A",0.180712811221358
"51","J01A",0.233338141302051
"52","J01A",-0.0416780591740302
"53","J01A",0.0847540606166258
"54","J01A",0.227342670544757
"55","J01A",-0.0288707175303263
"56","J01A",0.0329649190528148
"57","J01A",0.0880637117154762
"58","J01A",0.296133582140686
"59","J01A",0.170086755425783
"60","J01A",0.0826191879965379
"61","J01A",0.0201552906611094
"62","J01A",0.172491609307643
"63","J01A",0.18226475088396
"64","J01A",0.147296075248547
"65","J01A",0.232098078744148
"66","J01A",0.401109520980098
"67","J01A",0.124264349293861
"68","J01A",-0.0400840667592956
"69","J01A",0.220132079549394
"70","J01A",0.18910985464146
"71","J01A",0.136917025274626
"72","J01A",0.157532054873578
"73","J01A",0.190558188253728
"74","J01A",0.22526861718622
"75","J01A",0.260900445786883
"76","J01A",-0.0344833620411418
"77","J01A",0.299086228501853
"78","J01A",0.236847042312848
"79","J01A",0.349864917778818
"80","J01A",-0.0706264862342031
"81","J01A",0.265988693663157
"82","J01A",0.0752397662930102
"83","J01A",0.320601756237636
"84","J01A",0.118844604773354
"85","J01A",0.249058630822574
"86","J01A",0.0950694438159987
"87","J01A",0.148211121418837
"88","J01A",0.285162798744706
"89","J01A",0.0548256739546
"90","J01A",0.134375235710293
"91","J01A",0.0312896008656517
"92","J01A",-0.00310469692617107
"93","J01A",0.157700680662612
"94","J01A",0.147854917439863
"95","J01A",0.0793543742643342
"96","J01A",0.121629840314696
"97","J01A",0.209692825505488
"98","J01A",-0.0172767195030038
"99","J01A",-0.00682441019739341
"100","J01A",0.18368609368988
"101","J01A",0.180991409597848
"102","J01A",0.0439153750791277
"103","J01A",0.189486559952503
"104","J01A",0.259812850003112
"105","J01A",0.345668129291148
"106","J01A",0.181771825656427
"107","J01A",0.171118075028437
"108","J01A",0.155405664975562
"109","J01A",0.33422607188413
"110","J01A",0.175132138190911
"111","J01A",0.386049483529285
"112","J01A",0.126595931332096
"113","J01A",0.093845135343954
"114","J01A",0.18506286085237
"115","J01A",0.0717360546241547
"116","J01A",0.186872092489866
"117","J01A",0.025395640603961
"118","J01A",0.059045709560686
"119","J01A",0.108350144296437
"120","J01A",0.257687323991861
"121","J01A",0.298996463138247
"122","J01A",0.250768847240232
"123","J01A",-0.0681149809302397
"124","J01A",0.14922974958
"125","J01A",0.215018596257714
"126","J01A",0.207893985520483
"127","J01A",0.083869790533339
"128","J01A",-0.0697103715294726
"129","J01A",0.0592309870656777
"130","J01A",0.184762225316287
"131","J01A",0.0233834040399051
"132","J01A",0.323870746642674
"133","J01A",0.38912489388989
"134","J01A",0.17928636945347
"135","J01A",0.045137365674838
"136","J01A",0.239535685673455
"137","J01A",0.120123629406579
"138","J01A",-0.0863279056064245
"139","J01A",0.234763974796903
"140","J01A",0.230896797397431
"141","J01A",0.0539213946483904
"142","J01A",0.200082643421156
"143","J01A",0.092590443815064
"144","J01A",0.158762719481505
"145","J01A",0.372749487305591
"146","J01A",0.0517241981539667
"147","J01A",0.125676479540269
"148","J01A",0.1343848147007
"149","J01A",-0.0588761491729947
"150","J01A",0.0986545827411094
"151","J01A",0.189549925594464
"152","J01A",-0.0241544370665733
"153","J01A",0.12296202337875
"154","J01A",0.0971579076836859
"155","J01A",-0.0627658873852915
"156","J01A",0.188631876304685
"157","J01A",0.2861365306252
"158","J01A",0.205558088079624
"159","J01A",0.36900533150059
"160","J01A",0.0410882649195443
"161","J01A",0.124120556648467
"162","J01A",0.129768121748926
"163","J01A",0.26959452875561
"164","J01A",0.0979103065559292
"165","J01A",0.141998394404157
"166","J01A",0.0889481921140659
"167","J01A",0.00435238305180455
"168","J01A",0.00737016936788066
"169","J01A",0.0939361096029431
"170","J01A",0.0883108531691498
"171","J01A",0.254839957354412
"172","J01A",0.285021913761521
"173","J01A",0.113909046980255
"174","J01A",-0.00658231120506426
"175","J01A",0.0998523795557689
"176","J01A",0.150392543203427
"177","J01A",0.255957277686485
"178","J01A",0.331904073073105
"179","J01A",0.123674965679342
"180","J01A",-0.00710045321264708
"181","J01A",0.166049568318887
"182","J01A",0.220686309561977
"183","J01A",0.175748476237587
"184","J01A",0.0935686239359868
"185","J01A",0.3084654924679
"186","J01A",0.186451246069625
"187","J01A",0.0258433739026191
"188","J01A",-0.0350409875357114
"189","J01A",0.170902693484459
"190","J01A",0.0541286274010818
"191","J01A",-0.0204803878582687
"192","J01A",0.156200916222255
"193","J01A",-0.115253817109674
"194","J01A",0.135410698866704
"195","J01A",0.139526747868828
"196","J01A",0.199967628343414
"197","J01A",-0.00947651650650516
"198","J01A",0.245295125030628
"199","J01A",0.20527895216182
"200","J01A",0.176971137421056
"201","J01A",0.164245240211473
"202","J01A",0.397243702114859
"203","J01A",0.210222311570429
"204","J01A",-0.102145758839436
"205","J01A",0.148896017452655
"206","J01A",0.224729105986837
"207","J01A",0.194076939492646
"208","J01A",0.394887648466109
"209","J01A",0.296829471877677
"210","J01A",0.0937444370253091
"211","J01A",0.247809625663455
"212","J01A",0.168163337141562
"213","J01A",0.164013651898762
"214","J01A",0.0985689221270633
"215","J01A",0.0567546536165588
"216","J01A",0.33180069349209
"217","J01A",-0.10165166685223
"218","J01A",0.0786652570730885
"219","J01A",0.233880889989659
"220","J01A",0.240328374247729
"221","J01A",0.0972135683283982
"222","J01A",0.144505097018772
"223","J01A",0.0562897878939474
"224","J01A",0.168356243912444
"225","J01A",-0.0109748631220069
"226","J01A",0.212449328102146
"227","J01A",0.114402967148774
"228","J01A",0.295507741456654
"229","J01A",0.135493806008779
"230","J01A",0.0609058234271496
"231","J01A",0.121676183752467
"232","J01A",0.146615706124427
"233","J01A",0.145568792733291
"234","J01A",0.00289019443077592
"235","J01A",-0.112136603194732
"236","J01A",0.178872936318565
"237","J01A",0.225248540378808
"238","J01A",0.0501483854975747
"239","J01A",0.258830440828443
"240","J01A",0.171506549508031
"241","J01A",0.18117414782771
"242","J01A",0.0209119459535359
"243","J01A",0.371291884139602
"244","J01A",0.0877840965585135
"245","J01A",0.169585754765935
"246","J01A",0.00359931076273955
"247","J01A",0.219245306250312
"248","J01A",-0.0134672112477049
"249","J01A",0.444242492210961
"250","J01A",0.109388122501539
"251","J01A",0.159070792460345
"252","J01A",0.0368999295308644
"253","J01A",0.178438810074206
"254","J01A",-0.0283816169850384
"255","J01A",0.426953590115244
"256","J01A",-0.0198474901683771
"257","J01A",0.145249381004401
"258","J01A",-0.0125200507007386
"259","J01A",0.550271082966775
"260","J01A",0.142800311167276
"261","J01A",0.108526803512717
"262","J01A",0.16269235564614
"263","J01A",0.0613328873254409
"264","J01A",0.300289062433638
"265","J01A",-0.00834678734886532
"266","J01A",0.00375203354864095
"267","J01A",0.0262721113425359
"268","J01A",0.0347465868996917
"269","J01A",0.0535385023513528
"270","J01A",-0.0764820937242381
"271","J01A",0.202016789757927
"272","J01A",0.0332005102011896
"273","J01A",0.44796807824045
"274","J01A",0.144346495209753
"275","J01A",0.0913238129290655
"276","J01A",0.159543808226932
"277","J01A",-0.152691579905511
"278","J01A",0.0247978604484569
"279","J01A",0.228325508487199
"280","J01A",0.206152532923587
"281","J01A",-0.0856087346390916
"282","J01A",0.168833904542291
"283","J01A",0.0472008993775932
"284","J01A",0.161123140025685
"285","J01A",0.184206021931472
"286","J01A",0.183289174015554
"287","J01A",0.0944975905238371
"288","J01A",0.0573884138581923
"289","J01A",0.186425585672668
"290","J01A",0.283526129181639
"291","J01A",0.299962475002288
"292","J01A",0.240862970204503
"293","J01A",0.284734391808046
"294","J01A",0.0461711342485488
"295","J01A",0.0108152940619606
"296","J01A",0.338628933782374
"297","J01A",0.200318397172984
"298","J01A",0.243912440602137
"299","J01A",0.119506080892172
"300","J01A",0.229977128367012
"301","J01A",0.09038624583885
"302","J01A",0.337539519589831
"303","J01A",0.0244242236784736
"304","J01A",-0.0726138668985413
"305","J01A",0.299001520490764
"306","J01A",0.148920768273415
"307","J01A",0.0940245633876424
"308","J01A",0.0919212675594301
"309","J01A",0.133148589812662
"310","J01A",0.0629566094108615
"311","J01A",0.146377105581962
"312","J01A",0.301982874473799
"313","J01A",0.107191091772102
"314","J01A",0.370532797573254
"315","J01A",0.262327777478137
"316","J01A",0.239370388203682
"317","J01A",0.18837000938802
"318","J01A",0.151341568715764
"319","J01A",-0.00166409293443096
"320","J01A",0.0464939926825403
"321","J01A",0.140407121428936
"322","J01A",-0.00385426275150494
"323","J01A",0.20264203272935
"324","J01A",0.158658650600264
"325","J01A",0.176519474956076
"326","J01A",0.163847988619793
"327","J01A",0.0924629397550843
"328","J01A",-0.093136151291226
"329","J01A",0.335923036497004
"330","J01A",0.135983299248932
"331","J01A",-0.0584945830099765
"332","J01A",-0.0132782889502944
"333","J01A",0.0570127802736006
"334","J01A",0.0665110628684871
"335","J01A",0.200210261879529
"336","J01A",-0.00306649551631751
"337","J01A",0.0424521724126607
"338","J01A",0.110390776718919
"339","J01A",0.0379958225228545
"340","J01A",0.158123734459854
"341","J01A",0.176093055307528
"342","J01A",0.126786566982272
"343","J01A",0.0694921620368102
"344","J01A",0.166559006656022
"345","J01A",0.218169503560618
"346","J01A",0.170296942288819
"347","J01A",0.237043243992691
"348","J01A",0.255571285293182
"349","J01A",0.180834213439492
"350","J01A",0.0659034327575948
"351","J01A",-0.0124255144229344
"352","J01A",0.221247239859089
"353","J01A",0.251062145527457
"354","J01A",0.195423226291987
"355","J01A",-0.00132293399320527
"356","J01A",0.284468420260264
"357","J01A",0.425771237812324
"358","J01A",-0.0192849912238222
"359","J01A",0.287629191771604
"360","J01A",0.156711924646497
"361","J01A",0.279898333945948
"362","J01A",0.14767975614841
"363","J01A",0.115185830852831
"364","J01A",0.198170298219447
"365","J01A",-0.00084862590174982
"366","J01A",0.0298733825540275
"367","J01A",0.140178074579646
"368","J01A",0.34914720212964
"369","J01A",0.168100388353895
"370","J01A",0.0772846121320942
"371","J01A",-0.187944647708031
"372","J01A",0.368482453171143
"373","J01A",0.241688589408063
"374","J01A",0.132436547204353
"375","J01A",0.216251013836139
"376","J01A",0.201547437249712
"377","J01A",0.0544725548723608
"378","J01A",0.250431598430213
"379","J01A",0.0799712749244041
"380","J01A",0.187360407765956
"381","J01A",0.0559595636829389
"382","J01A",0.11880048765046
"383","J01A",0.0466353682367711
"384","J01A",-0.00441891189782759
"385","J01A",0.0811149222550588
"386","J01A",0.19434225371875
"387","J01A",0.317917543005646
"388","J01A",-0.0713258579924658
"389","J01A",0.196621826484706
"390","J01A",-0.034439105746708
"391","J01A",0.215293558708446
"392","J01A",0.183710561132837
"393","J01A",0.306459975714523
"394","J01A",0.304906468403166
"395","J01A",-0.0174231346056014
"396","J01A",0.374068388971438
"397","J01A",0.238328681893534
"398","J01A",0.138531778319902
"399","J01A",0.100550064184952
"400","J01A",0.168354295211404
"401","J01A",0.344614548045372
"402","J01A",0.201132127190501
"403","J01A",0.0691145927900836
"404","J01A",0.033916516693472
"405","J01A",0.185810793536557
"406","J01A",-0.0665043040941326
"407","J01A",0.253429182514904
"408","J01A",0.271665704272581
"409","J01A",0.316402561113959
"410","J01A",-0.00235499623737395
"411","J01A",0.131137934422578
"412","J01A",0.300928538634456
"413","J01A",0.165853117610568
"414","J01A",0.307157683928531
"415","J01A",0.23272504695413
"416","J01A",0.163316422277507
"417","J01A",0.208319129874039
"418","J01A",0.23850420092516
"419","J01A",0.0630649912355472
"420","J01A",0.25153004057971
"421","J01A",0.104972920510268
"422","J01A",-0.0180575937151482
"423","J01A",0.00577063531021116
"424","J01A",0.173277376500856
"425","J01A",0.036071961279481
"426","J01A",0.203183472701541
"427","J01A",0.349136762398971
"428","J01A",0.0904247922053358
"429","J01A",-0.0445953612168347
"430","J01A",0.194624148824175
"431","J01A",0.341440028539396
"432","J01A",0.236799205731382
"433","J01A",0.290889465842984
"434","J01A",0.111633598231579
"435","J01A",0.0901638464866114
"436","J01A",0.0251734381070792
"437","J01A",0.25447004210166
"438","J01A",0.0317157454477684
"439","J01A",0.136994315437351
"440","J01A",0.125836769673805
"441","J01A",0.130826941947913
"442","J01A",-0.0688881418677258
"443","J01A",0.21566980345369
"444","J01A",0.0727084856943022
"445","J01A",0.23286695065784
"446","J01A",0.145339312699446
"447","J01A",0.153889128492477
"448","J01A",0.220823645781434
"449","J01A",-0.115273109644144
"450","J01A",0.112268731518417
"451","J01A",0.112936474069824
"452","J01A",-0.0379638323389615
"453","J01A",0.126553012329149
"454","J01A",-0.0383385048416706
"455","J01A",0.020636932292768
"456","J01A",0.267924786243944
"457","J01A",0.139744725236748
"458","J01A",0.214455133847226
"459","J01A",0.229239879379366
"460","J01A",0.173790467610374
"461","J01A",0.233385420751677
"462","J01A",0.064419546968153
"463","J01A",-0.0263767729630895
"464","J01A",0.083997211046424
"465","J01A",0.0791032513634426
"466","J01A",0.17641680844716
"467","J01A",0.161045205189915
"468","J01A",0.0527635155468353
"469","J01A",0.199002752933439
"470","J01A",-0.0377144885297274
"471","J01A",-0.0568633892657614
"472","J01A",0.10480571207731
"473","J01A",0.0953930626120153
"474","J01A",0.342227799783686
"475","J01A",0.439938165484535
"476","J01A",0.337564528798528
"477","J01A",0.146701710225718
"478","J01A",0.394719138038138
"479","J01A",0.230427653545749
"480","J01A",-0.143472273314945
"481","J01A",0.0507946873266491
"482","J01A",0.139266754593199
"483","J01A",0.30522826409402
"484","J01A",0.04687845421377
"485","J01A",0.126518452889765
"486","J01A",0.290429658657183
"487","J01A",0.151254211523848
"488","J01A",-0.0165166234623382
"489","J01A",0.144749300881804
"490","J01A",0.26390991020075
"491","J01A",0.0623631595861102
"492","J01A",-0.111615850619274
"493","J01A",0.32030781933332
"494","J01A",0.160083301141831
"495","J01A",-0.0124307580056133
"496","J01A",0.108512522197989
"497","J01A",0.0114675177131207
"498","J01A",0.151428415592482
"499","J01A",0.18213284924394
"500","J01A",-0.0163792572419473
"501","J01A",0.331300840711125
"502","J01A",0.160766374725037
"503","J01A",0.0386673696392131
"504","J01A",0.137103365844256
"505","J01A",0.0227804816822366
"506","J01A",0.102088130464863
"507","J01A",0.205688380524138
"508","J01A",0.0874975018813314
"509","J01A",0.0887504440090307
"510","J01A",0.0913241557587356
"511","J01A",0.202082338929307
"512","J01A",-0.029868299063465
"513","J01A",0.112712724261288
"514","J01A",0.0587846580292295
"515","J01A",0.138629182277362
"516","J01A",0.0556999571259214
"517","J01A",0.0509924982905742
"518","J01A",-0.0192209607826553
"519","J01A",0.148907806623513
"520","J01A",0.262744221548809
"521","J01A",0.084598983951428
"522","J01A",0.154213192611573
"523","J01A",0.0409844065293314
"524","J01A",0.223592032550395
"525","J01A",0.153396116391064
"526","J01A",0.384303305185885
"527","J01A",0.230614108078621
"528","J01A",0.0352530603788403
"529","J01A",0.142356564357832
"530","J01A",0.0228618540357772
"531","J01A",0.350409162537153
"532","J01A",0.158666897380562
"533","J01A",0.0970081655444508
"534","J01A",0.172389956009616
"535","J01A",0.183624371865205
"536","J01A",0.216806361786117
"537","J01A",0.0595907871431684
"538","J01A",0.179506332110335
"539","J01A",0.0742080966380172
"540","J01A",0.426474267734192
"541","J01A",0.191342468423286
"542","J01A",0.157287437385263
"543","J01A",0.335165650131079
"544","J01A",0.0195872894423065
"545","J01A",0.210108136771658
"546","J01A",0.300154329777509
"547","J01A",0.113456506061655
"548","J01A",0.0653248260382469
"549","J01A",0.310266054911078
"550","J01A",0.0643671916765481
"551","J01A",0.314301850001457
"552","J01A",0.170749177689682
"553","J01A",0.0856166861918568
"554","J01A",-0.0023358816449495
"555","J01A",0.0816552261292764
"556","J01A",0.178790515632696
"557","J01A",0.430865838712257
"558","J01A",0.278640034097332
"559","J01A",0.00516399295794492
"560","J01A",-0.0437854430721367
"561","J01A",0.111760041048636
"562","J01A",0.3734044677395
"563","J01A",0.102771907280669
"564","J01A",-0.0151655613391104
"565","J01A",0.164469905849839
"566","J01A",0.134024742482326
"567","J01A",-0.0231899434016287
"568","J01A",0.136229681514889
"569","J01A",0.316335338433796
"570","J01A",0.211994659140931
"571","J01A",0.136831191285658
"572","J01A",0.379073577616324
"573","J01A",0.03016527351212
"574","J01A",0.203685254434789
"575","J01A",0.142089366340971
"576","J01A",0.260356271417143
"577","J01A",0.189835389146798
"578","J01A",-0.0333578591551475
"579","J01A",0.0883154277053684
"580","J01A",0.204153859088071
"581","J01A",0.158551085249062
"582","J01A",0.0444804337671039
"583","J01A",0.166704455149514
"584","J01A",0.098234456231511
"585","J01A",0.120461520265176
"586","J01A",-0.00456093387316773
"587","J01A",0.115525092701075
"588","J01A",0.119962880134054
"589","J01A",0.117770533888512
"590","J01A",0.0731058944136749
"591","J01A",0.285867355603202
"592","J01A",0.179718552163766
"593","J01A",0.256449922198844
"594","J01A",0.187084231573124
"595","J01A",0.092605252063836
"596","J01A",0.117499948117392
"597","J01A",0.155994158774728
"598","J01A",0.179972376635682
"599","J01A",0.189277273568721
"600","J01A",-0.096326609630917
"601","J01A",0.120513728957999
"602","J01A",0.131634781009365
"603","J01A",0.3392187758332
"604","J01A",0.150868161697009
"605","J01A",0.0957909521226447
"606","J01A",0.217102372351973
"607","J01A",0.189163567243174
"608","J01A",0.159041793891041
"609","J01A",0.00820692274478544
"610","J01A",0.197374776106742
"611","J01A",0.106184412067892
"612","J01A",-0.0418442446000821
"613","J01A",0.00208597491637121
"614","J01A",0.0689038829907894
"615","J01A",0.214365449455576
"616","J01A",-0.0904372615112859
"617","J01A",-0.0557393387096392
"618","J01A",0.0384373661068226
"619","J01A",0.224326964117635
"620","J01A",0.218854683613604
"621","J01A",0.166939701590776
"622","J01A",0.19112274941442
"623","J01A",0.0739310545897887
"624","J01A",0.159674181014518
"625","J01A",-0.0912763972828656
"626","J01A",0.00894128365516293
"627","J01A",0.052026929052222
"628","J01A",0.474157727460051
"629","J01A",0.292574454136608
"630","J01A",0.155731078714524
"631","J01A",0.092021773019229
"632","J01A",0.374815891956849
"633","J01A",0.260843739259417
"634","J01A",0.253307710111984
"635","J01A",-0.244742882361594
"636","J01A",0.169836289125704
"637","J01A",-0.0300106643407924
"638","J01A",0.146936533664827
"639","J01A",0.189886222195689
"640","J01A",0.0962915065435315
"641","J01A",0.203146169412519
"642","J01A",0.214060603528603
"643","J01A",0.304748718855095
"644","J01A",-0.0752794221512014
"645","J01A",-0.0310505695805192
"646","J01A",0.0605942342134971
"647","J01A",0.135569469496683
"648","J01A",0.124888767913074
"649","J01A",0.108915431726173
"650","J01A",0.214871862354936
"651","J01A",0.104590164348437
"652","J01A",0.178334142553273
"653","J01A",0.0268940067032348
"654","J01A",0.0867844011402267
"655","J01A",0.0455658789027607
"656","J01A",0.101118864329139
"657","J01A",-0.104854212736745
"658","J01A",0.0896152399293003
"659","J01A",0.123008191781471
"660","J01A",0.26794514531247
"661","J01A",0.0586072215403679
"662","J01A",0.103231822201447
"663","J01A",-0.0942327519885483
"664","J01A",0.135891381529448
"665","J01A",-0.00365621831381747
"666","J01A",0.114515753415869
"667","J01A",0.115009843030936
"668","J01A",0.188408553737468
"669","J01A",0.115773707462721
"670","J01A",0.120003308927122
"671","J01A",-0.0753382561076315
"672","J01A",0.287399066116036
"673","J01A",-0.00880654193052225
"674","J01A",0.135791734265287
"675","J01A",0.154326420209231
"676","J01A",0.10345951167852
"677","J01A",0.0936179128212055
"678","J01A",0.174238374635641
"679","J01A",0.028940918366004
"680","J01A",0.189812041325345
"681","J01A",0.0755946207339228
"682","J01A",0.157347889437142
"683","J01A",0.128185697234203
"684","J01A",0.154932646928301
"685","J01A",0.144225828345416
"686","J01A",0.16848215517618
"687","J01A",0.0596816374186626
"688","J01A",0.00101188432818851
"689","J01A",-0.10879703611945
"690","J01A",0.0982924947533211
"691","J01A",0.0665054360249016
"692","J01A",0.173782334125434
"693","J01A",0.285074521823859
"694","J01A",-0.102364122269158
"695","J01A",0.118362049534373
"696","J01A",0.15134544948012
"697","J01A",0.113537444075766
"698","J01A",0.045770713043042
"699","J01A",0.163583414101169
"700","J01A",0.286837757818362
"701","J01A",-0.0294959051839434
"702","J01A",-0.0364917955418499
"703","J01A",0.050617002103448
"704","J01A",0.0769823733442535
"705","J01A",0.122101475652673
"706","J01A",0.320372474300187
"707","J01A",-0.0204741994522633
"708","J01A",0.1368331900521
"709","J01A",0.148181156784424
"710","J01A",0.191660596129587
"711","J01A",0.101651202822979
"712","J01A",0.177316088155768
"713","J01A",0.195978370730812
"714","J01A",0.0995921173050433
"715","J01A",0.327200808479255
"716","J01A",0.0979648824887142
"717","J01A",-0.070921052122274
"718","J01A",0.0816772803989453
"719","J01A",0.15903877747275
"720","J01A",0.233893074498475
"721","J01A",0.23289283314837
"722","J01A",0.22262373934029
"723","J01A",0.214907831187965
"724","J01A",0.0926641982305947
"725","J01A",0.105869120425161
"726","J01A",-0.0469674799326654
"727","J01A",0.0862522090766926
"728","J01A",0.00235424325454897
"729","J01A",0.180343317226569
"730","J01A",0.229801974323045
"731","J01A",0.236504668705521
"732","J01A",0.00732378614697309
"733","J01A",0.0961836835583534
"734","J01A",0.308382128733011
"735","J01A",0.0211610432577148
"736","J01A",0.271712328269728
"737","J01A",0.203505207355924
"738","J01A",0.107814509376733
"739","J01A",0.0126723893250622
"740","J01A",0.13031943311677
"741","J01A",0.15847787233447
"742","J01A",0.0943334549696716
"743","J01A",0.17306115828081
"744","J01A",0.09305071555153
"745","J01A",0.0718341320175651
"746","J01A",0.256384699821978
"747","J01A",-0.0872702985684428
"748","J01A",0.0439257922900842
"749","J01A",0.169042795585034
"750","J01A",0.338570996914643
"751","J01A",0.169689925546939
"752","J01A",0.0360766202674442
"753","J01A",-0.00356152683765166
"754","J01A",0.245659451852382
"755","J01A",0.111017373355703
"756","J01A",0.0923760547109637
"757","J01A",0.0519848314474218
"758","J01A",0.12887016140097
"759","J01A",0.287705373013778
"760","J01A",0.0223431547636068
"761","J01A",0.113444702300265
"762","J01A",0.147380764255189
"763","J01A",0.237923245624636
"764","J01A",0.0602670243764763
"765","J01A",0.0218845361350244
"766","J01A",0.15499015513207
"767","J01A",-0.0438721450076764
"768","J01A",-0.0187739410161534
"769","J01A",-0.0958277970016428
"770","J01A",0.152641588381016
"771","J01A",0.292850269898629
"772","J01A",-0.0500404494275059
"773","J01A",0.120431798085385
"774","J01A",0.14245622188078
"775","J01A",0.10773269149
"776","J01A",-0.0114914600088345
"777","J01A",-0.0995245449213038
"778","J01A",0.0231367202805473
"779","J01A",0.187446892929575
"780","J01A",0.158510518358828
"781","J01A",0.147127025052688
"782","J01A",0.171523547243455
"783","J01A",0.39332690958173
"784","J01A",0.20762595875574
"785","J01A",0.0798381459730527
"786","J01A",0.343375164107305
"787","J01A",0.0410016970471511
"788","J01A",0.0240996787510204
"789","J01A",0.0245671902242931
"790","J01A",0.24319281675842
"791","J01A",0.131968217611584
"792","J01A",-0.0356819148813767
"793","J01A",0.229700569468616
"794","J01A",-0.0535917872432373
"795","J01A",0.343498060769008
"796","J01A",0.133752158770929
"797","J01A",0.0399975958826642
"798","J01A",0.0287569689554681
"799","J01A",0.322778777476181
"800","J01A",0.296056816012712
"801","J01A",-0.0597221923999338
"802","J01A",0.046556822527696
"803","J01A",0.0680030842796835
"804","J01A",0.135342478432863
"805","J01A",-0.020744315245121
"806","J01A",0.179293587039969
"807","J01A",0.315848024203922
"808","J01A",0.224693004285887
"809","J01A",-0.00720976709845692
"810","J01A",0.357271688698853
"811","J01A",0.208888960960265
"812","J01A",0.0921614594287864
"813","J01A",0.156283702554987
"814","J01A",0.220604765068224
"815","J01A",0.0875727154723534
"816","J01A",0.112433245378399
"817","J01A",0.0229760742929381
"818","J01A",-0.0107257406305849
"819","J01A",0.134231202142022
"820","J01A",0.133724982131958
"821","J01A",0.132254984700554
"822","J01A",0.286823297276924
"823","J01A",0.219616216143148
"824","J01A",0.33862298115064
"825","J01A",0.0546176605367036
"826","J01A",0.402306243792842
"827","J01A",0.191458072953211
"828","J01A",-0.00502499903459892
"829","J01A",0.173069780849915
"830","J01A",-0.0199599890760239
"831","J01A",0.0423568632421275
"832","J01A",0.267919769521055
"833","J01A",0.114882836602932
"834","J01A",0.301021886607969
"835","J01A",0.232094663242656
"836","J01A",0.0420551902269132
"837","J01A",0.217636037891171
"838","J01A",0.22596831304426
"839","J01A",0.124893399974279
"840","J01A",0.391558101073163
"841","J01A",-0.0142504881632128
"842","J01A",0.329632415693584
"843","J01A",0.211337520664159
"844","J01A",0.0990061215110102
"845","J01A",0.126851003775813
"846","J01A",0.00482842319911028
"847","J01A",0.282711422460804
"848","J01A",0.120847962709497
"849","J01A",-0.147956300111964
"850","J01A",0.0874956009579768
"851","J01A",0.112106605868146
"852","J01A",0.315765674043302
"853","J01A",0.066417106426058
"854","J01A",0.0695341857961904
"855","J01A",0.0319951310083741
"856","J01A",0.143447369361211
"857","J01A",-0.00496344373351436
"858","J01A",0.213103499702512
"859","J01A",0.0290054658369292
"860","J01A",0.147863881161697
"861","J01A",0.0963951492901795
"862","J01A",0.138654155456916
"863","J01A",0.114253869607748
"864","J01A",0.155691331365716
"865","J01A",0.045724311116876
"866","J01A",0.177868231201062
"867","J01A",0.199610292009405
"868","J01A",0.265621382387617
"869","J01A",0.0209480856913537
"870","J01A",0.325109005366561
"871","J01A",0.0784446343364811
"872","J01A",0.217242998071993
"873","J01A",0.217005269496934
"874","J01A",0.201090730187976
"875","J01A",0.154543294732307
"876","J01A",0.131613128733062
"877","J01A",0.140174367615465
"878","J01A",0.116893854493402
"879","J01A",0.105600735325764
"880","J01A",0.0465212428736597
"881","J01A",0.06968337440209
"882","J01A",0.241800321302995
"883","J01A",0.0686668242612123
"884","J01A",0.184135439496127
"885","J01A",-0.0376307669268811
"886","J01A",0.0443038990930871
"887","J01A",0.0285919554905315
"888","J01A",-0.00612008188359225
"889","J01A",-0.0698614794093875
"890","J01A",0.200051780059919
"891","J01A",-0.0285378930421586
"892","J01A",0.14348134143013
"893","J01A",0.0993526187738478
"894","J01A",0.162123434213156
"895","J01A",0.268574306671645
"896","J01A",0.0663846693745632
"897","J01A",0.147089345166387
"898","J01A",0.0623920194902763
"899","J01A",-0.0580788563007979
"900","J01A",0.362873948557921
"901","J01A",0.284646396113523
"902","J01A",-0.0254162681706776
"903","J01A",0.0434583617890699
"904","J01A",0.0639600361893929
"905","J01A",0.237536299559999
"906","J01A",0.0157005536712161
"907","J01A",0.154816241901569
"908","J01A",0.346305320172682
"909","J01A",0.243528323077649
"910","J01A",0.0804214913796708
"911","J01A",0.129672728070392
"912","J01A",0.152119397194223
"913","J01A",0.278726496650493
"914","J01A",0.128500612828979
"915","J01A",0.136901412106755
"916","J01A",0.302748484135508
"917","J01A",0.115506609419957
"918","J01A",-0.0480377453180722
"919","J01A",0.147745957290718
"920","J01A",0.23921142711276
"921","J01A",0.220197743760886
"922","J01A",0.0570573676408027
"923","J01A",0.0799935859783544
"924","J01A",0.166387484450044
"925","J01A",-0.0712479809338433
"926","J01A",0.176235904442473
"927","J01A",0.114888840341513
"928","J01A",0.315497587428955
"929","J01A",0.123988018266233
"930","J01A",-0.0656556805102105
"931","J01A",0.175934856672181
"932","J01A",0.372890247876716
"933","J01A",0.213632681517333
"934","J01A",-0.0393975816760873
"935","J01A",0.0244338502631833
"936","J01A",0.0506035064293465
"937","J01A",0.133212867562964
"938","J01A",0.148056990265521
"939","J01A",0.23184517118203
"940","J01A",0.0722383054162556
"941","J01A",0.182447279607188
"942","J01A",0.141766516372164
"943","J01A",-0.057215378092818
"944","J01A",0.197807592258367
"945","J01A",0.161042200480411
"946","J01A",0.0745165605085088
"947","J01A",0.0839160834652541
"948","J01A",0.0300746019697296
"949","J01A",0.265865651610202
"950","J01A",0.0983634601466825
"951","J01A",-0.00336230705721357
"952","J01A",0.174505789313444
"953","J01A",0.125952171377542
"954","J01A",0.21340228706879
"955","J01A",0.262122760953377
"956","J01A",-0.0326920236023712
"957","J01A",0.248618361259449
"958","J01A",0.0736647983091775
"959","J01A",-0.03698304537902
"960","J01A",0.130759145186681
"961","J01A",0.185571840150635
"962","J01A",0.0683035521071384
"963","J01A",0.188423043657737
"964","J01A",0.202678018138826
"965","J01A",0.0448149085237023
"966","J01A",0.00424085326104131
"967","J01A",0.509337150842005
"968","J01A",0.157972873861063
"969","J01A",0.0661189472985908
"970","J01A",0.0367824030121964
"971","J01A",0.011067946341372
"972","J01A",0.119020487562304
"973","J01A",0.133766636508316
"974","J01A",0.11019427348549
"975","J01A",0.174266737687566
"976","J01A",0.125976876441269
"977","J01A",0.225710580305938
"978","J01A",0.237452024458303
"979","J01A",0.0732090101846014
"980","J01A",0.136839312274772
"981","J01A",0.143340101278178
"982","J01A",0.19103289220882
"983","J01A",0.0832288046060745
"984","J01A",0.0551793476869343
"985","J01A",0.332014924166801
"986","J01A",0.120044521366644
"987","J01A",0.178936790559168
"988","J01A",0.178833677796416
"989","J01A",0.289120381274104
"990","J01A",0.231513913207148
"991","J01A",0.0971635655465242
"992","J01A",0.238379703368001
"993","J01A",0.276610201932018
"994","J01A",0.0918473337559302
"995","J01A",0.0564584900966626
"996","J01A",0.290171248740709
"997","J01A",0.288431412468878
"998","J01A",-0.032091589709392
"999","J01A",0.159040502181869
"1000","J01A",0.037328072377455
"1001","J01C",0.0258612815797441
"1002","J01C",-0.00557370490485453
"1003","J01C",0.148218527208806
"1004","J01C",0.0810573282034475
"1005","J01C",0.140822721768505
"1006","J01C",0.0168717927316632
"1007","J01C",0.0234051439657396
"1008","J01C",-0.0723449469605277
"1009","J01C",0.0512395759045194
"1010","J01C",0.128974301536486
"1011","J01C",0.117447285324386
"1012","J01C",0.0576935627554533
"1013","J01C",0.193411173409224
"1014","J01C",0.0501383368185923
"1015","J01C",0.296992756038459
"1016","J01C",0.0244814636665381
"1017","J01C",0.0360897678387236
"1018","J01C",0.280410806206408
"1019","J01C",0.187600699194784
"1020","J01C",-0.0543605728308334
"1021","J01C",-0.0126918700729014
"1022","J01C",0.00271421216905541
"1023","J01C",-0.0120273607218457
"1024","J01C",0.0604018793520356
"1025","J01C",0.0412600713092969
"1026","J01C",-0.0417345659255937
"1027","J01C",0.349399505297649
"1028","J01C",-0.0101664979252418
"1029","J01C",-0.0305271844601588
"1030","J01C",0.110022510805053
"1031","J01C",0.0278875586845068
"1032","J01C",-0.0825537557630723
"1033","J01C",0.0663318822426936
"1034","J01C",-0.0191636095636088
"1035","J01C",0.0258875310048335
"1036","J01C",0.133166817508701
"1037","J01C",0.102743112338487
"1038","J01C",-0.00842962590069906
"1039","J01C",-0.111279872409508
"1040","J01C",0.0938745662277473
"1041","J01C",0.150477199590039
"1042","J01C",-0.0875047850108485
"1043","J01C",0.00353312699732202
"1044","J01C",0.16304944629138
"1045","J01C",0.0968570527203311
"1046","J01C",0.0196736387594578
"1047","J01C",0.171725001574683
"1048","J01C",0.0715852868853165
"1049","J01C",0.083322109526381
"1050","J01C",0.0808546836095045
"1051","J01C",0.0614686791520243
"1052","J01C",-0.0195903532861812
"1053","J01C",0.219778970740481
"1054","J01C",0.247108750646765
"1055","J01C",-0.052388214153405
"1056","J01C",0.0941718318927193
"1057","J01C",0.222497756811616
"1058","J01C",0.00924906598699058
"1059","J01C",0.0780865155921577
"1060","J01C",0.155667835637815
"1061","J01C",0.00231342594115078
"1062","J01C",0.0038420529040357
"1063","J01C",0.201058526235508
"1064","J01C",-0.0215620503798718
"1065","J01C",0.135353797823009
"1066","J01C",0.213942801048067
"1067","J01C",0.0755950850795849
"1068","J01C",-0.0449328377572759
"1069","J01C",0.280259049323088
"1070","J01C",0.207058329662899
"1071","J01C",0.0977947161545573
"1072","J01C",0.117250977507973
"1073","J01C",-0.00626161456797324
"1074","J01C",0.0865668068209809
"1075","J01C",-0.0677821477806316
"1076","J01C",-0.0555819442655493
"1077","J01C",-0.189223319876346
"1078","J01C",-0.0017602915859148
"1079","J01C",0.118201061202144
"1080","J01C",0.1191078092674
"1081","J01C",0.118431078826886
"1082","J01C",-0.0207184870850126
"1083","J01C",0.0754032117762644
"1084","J01C",0.0177821611758077
"1085","J01C",0.156066765819095
"1086","J01C",0.112151101587938
"1087","J01C",0.0553638735719171
"1088","J01C",-0.0582812194983454
"1089","J01C",0.0943023625196264
"1090","J01C",0.150915340977551
"1091","J01C",0.132206412606915
"1092","J01C",-0.0557362863960236
"1093","J01C",-0.0256120029909211
"1094","J01C",0.256722977577762
"1095","J01C",0.051925433441224
"1096","J01C",0.0095882849060895
"1097","J01C",0.130301656174266
"1098","J01C",0.203946411801869
"1099","J01C",0.207524551704367
"1100","J01C",0.125991760395283
"1101","J01C",-0.116494713974532
"1102","J01C",0.165104782593818
"1103","J01C",0.0107271416997421
"1104","J01C",0.138373769917032
"1105","J01C",0.231121513545336
"1106","J01C",0.105140649176349
"1107","J01C",-0.0236115397740215
"1108","J01C",0.144805266140587
"1109","J01C",0.140192672413619
"1110","J01C",-0.0259877321128431
"1111","J01C",0.187227480531959
"1112","J01C",0.210804996708211
"1113","J01C",0.115219263687242
"1114","J01C",0.0805277205105446
"1115","J01C",-0.126241926226893
"1116","J01C",0.116778217073651
"1117","J01C",0.207621770954944
"1118","J01C",0.0823683045858904
"1119","J01C",0.192405218597235
"1120","J01C",0.0229916773590271
"1121","J01C",0.0641446507570988
"1122","J01C",0.122674011908269
"1123","J01C",0.0608996982542941
"1124","J01C",-0.0608251533099991
"1125","J01C",0.0822389705948718
"1126","J01C",0.347979082464469
"1127","J01C",-0.0308669464184662
"1128","J01C",0.186508720922545
"1129","J01C",0.0844419387374042
"1130","J01C",-0.010452046412119
"1131","J01C",0.209053579653225
"1132","J01C",0.0790515064789203
"1133","J01C",0.151030832013644
"1134","J01C",0.133126767067033
"1135","J01C",0.161449484875474
"1136","J01C",0.110255524459428
"1137","J01C",0.167233915285785
"1138","J01C",0.0319726545564004
"1139","J01C",0.151358293651004
"1140","J01C",0.0716789124502056
"1141","J01C",0.0952006412623093
"1142","J01C",0.146954823465769
"1143","J01C",0.185539854983137
"1144","J01C",0.0847303538341282
"1145","J01C",0.176333136934906
"1146","J01C",-0.0156883949039349
"1147","J01C",0.223521871207079
"1148","J01C",0.0145298265080359
"1149","J01C",0.202687819151979
"1150","J01C",0.0959428755859669
"1151","J01C",0.143018476071915
"1152","J01C",0.144095935604865
"1153","J01C",-0.0521613649341914
"1154","J01C",0.11511370887814
"1155","J01C",0.158347622919627
"1156","J01C",0.114818307772528
"1157","J01C",-0.00730940516702299
"1158","J01C",0.168478380675618
"1159","J01C",0.236323859892198
"1160","J01C",0.0570048774679
"1161","J01C",0.034371476784562
"1162","J01C",0.108135459564344
"1163","J01C",0.167142645810661
"1164","J01C",0.134082593684901
"1165","J01C",0.0676084774705521
"1166","J01C",0.230732011590825
"1167","J01C",0.0131681354787716
"1168","J01C",0.0690730908031583
"1169","J01C",0.150369488776744
"1170","J01C",0.122739609438234
"1171","J01C",0.105840434555519
"1172","J01C",-0.034094478684131
"1173","J01C",0.0281787944011316
"1174","J01C",0.0311101060741182
"1175","J01C",0.124496016533174
"1176","J01C",0.000874146368109591
"1177","J01C",-0.134102220197197
"1178","J01C",0.102111776947708
"1179","J01C",-0.0595131027474212
"1180","J01C",0.0632261583267288
"1181","J01C",0.234235032323971
"1182","J01C",-0.115390453691049
"1183","J01C",0.226973041642972
"1184","J01C",0.0673342925209125
"1185","J01C",0.25044861841766
"1186","J01C",0.0247771754707274
"1187","J01C",0.148476942521729
"1188","J01C",0.144402542852529
"1189","J01C",0.296393296897225
"1190","J01C",-0.0831154287070328
"1191","J01C",0.0636177334251317
"1192","J01C",0.117704791751142
"1193","J01C",0.267986285135064
"1194","J01C",0.106958193014767
"1195","J01C",0.198832161744119
"1196","J01C",-0.0158990678023573
"1197","J01C",0.203798648900151
"1198","J01C",-0.0272634098781693
"1199","J01C",0.147965714558667
"1200","J01C",0.148889553526819
"1201","J01C",0.156282292844695
"1202","J01C",0.0120206082105867
"1203","J01C",0.0668885424783925
"1204","J01C",-0.0109572957829164
"1205","J01C",0.024082362715562
"1206","J01C",0.0759489559426244
"1207","J01C",0.104740260768626
"1208","J01C",0.11454286818025
"1209","J01C",0.302179761790014
"1210","J01C",0.091757191777431
"1211","J01C",0.0484949009683669
"1212","J01C",0.270376289761806
"1213","J01C",0.16538617763258
"1214","J01C",-0.0240127090423997
"1215","J01C",-0.0295046139987795
"1216","J01C",0.0379222317124449
"1217","J01C",0.0014428092369373
"1218","J01C",0.0333090613566517
"1219","J01C",0.141499475533431
"1220","J01C",0.0704229562390212
"1221","J01C",0.0846770720933971
"1222","J01C",0.102793776555021
"1223","J01C",0.0962505537298445
"1224","J01C",0.0533268596847565
"1225","J01C",0.213276409426825
"1226","J01C",0.0580639699897161
"1227","J01C",-0.00201533498332285
"1228","J01C",0.395408128494701
"1229","J01C",0.124211761459307
"1230","J01C",0.112225126432441
"1231","J01C",0.119171499531919
"1232","J01C",0.0195456661185397
"1233","J01C",0.114592660189342
"1234","J01C",0.173918631195697
"1235","J01C",0.0714843177908495
"1236","J01C",-0.0108827687608057
"1237","J01C",-0.0229245471038299
"1238","J01C",0.0465836186297374
"1239","J01C",0.229265099836863
"1240","J01C",0.166254079880563
"1241","J01C",0.114118146709993
"1242","J01C",-0.0719543722010459
"1243","J01C",-0.0162284154584605
"1244","J01C",0.195117265568673
"1245","J01C",0.0995313784791747
"1246","J01C",0.0406938380645422
"1247","J01C",0.313225564544354
"1248","J01C",0.140649767152027
"1249","J01C",0.142527133267247
"1250","J01C",0.160630330413933
"1251","J01C",0.12421225181008
"1252","J01C",0.297925478171106
"1253","J01C",-0.0473127650642177
"1254","J01C",0.122074072191268
"1255","J01C",-0.114245283413732
"1256","J01C",0.0780411617275618
"1257","J01C",0.0417681003814755
"1258","J01C",-0.105318555664143
"1259","J01C",0.062482470631942
"1260","J01C",0.149851915776395
"1261","J01C",0.188968427671208
"1262","J01C",0.0186988533405675
"1263","J01C",0.317536516729468
"1264","J01C",0.109954679326576
"1265","J01C",0.217546985772165
"1266","J01C",0.0463210886652006
"1267","J01C",0.248859844050958
"1268","J01C",0.0542343677180801
"1269","J01C",-0.00840003597258278
"1270","J01C",0.0386986899019771
"1271","J01C",0.0870961812128569
"1272","J01C",0.0415621194310634
"1273","J01C",0.337055876819977
"1274","J01C",0.113018227926713
"1275","J01C",0.0903017338200201
"1276","J01C",0.170340782140806
"1277","J01C",-0.0684153882614836
"1278","J01C",0.0957902067257531
"1279","J01C",0.154804731256994
"1280","J01C",0.0167008762114371
"1281","J01C",0.155475289996883
"1282","J01C",0.0340610773863754
"1283","J01C",0.0129546214166769
"1284","J01C",0.11155749736257
"1285","J01C",0.0716180873564925
"1286","J01C",0.261588785036966
"1287","J01C",0.106725065328761
"1288","J01C",0.0292115677357028
"1289","J01C",0.0619531331501807
"1290","J01C",0.0525777254896482
"1291","J01C",0.0567635497787901
"1292","J01C",0.0165586499298152
"1293","J01C",-0.0708486097177089
"1294","J01C",0.172880728490341
"1295","J01C",-0.00789681527530128
"1296","J01C",0.133616456766927
"1297","J01C",0.0331397506594087
"1298","J01C",0.0563902312652333
"1299","J01C",0.0974150268310131
"1300","J01C",-0.0738816518243026
"1301","J01C",0.0909940278361809
"1302","J01C",-0.111153791349247
"1303","J01C",0.209207336309134
"1304","J01C",0.0301402431756507
"1305","J01C",0.0675831661076823
"1306","J01C",0.19060784348737
"1307","J01C",0.0982062540753476
"1308","J01C",0.0298789969089645
"1309","J01C",0.0401991757030026
"1310","J01C",-0.131874569170266
"1311","J01C",0.289751484851715
"1312","J01C",0.0213878725237233
"1313","J01C",0.309199345190646
"1314","J01C",0.0134497441216889
"1315","J01C",0.163928704351369
"1316","J01C",0.0726097431694563
"1317","J01C",0.0753374526914044
"1318","J01C",-0.00801639333058184
"1319","J01C",0.197250739117046
"1320","J01C",0.252320514277562
"1321","J01C",0.0909940632493847
"1322","J01C",0.128955518810224
"1323","J01C",0.0349873085700563
"1324","J01C",0.256637513859469
"1325","J01C",0.225282693427081
"1326","J01C",-0.00988527573446194
"1327","J01C",0.169332811770222
"1328","J01C",0.114904743305871
"1329","J01C",0.0614767753079068
"1330","J01C",0.117921541914789
"1331","J01C",0.00796048055667393
"1332","J01C",0.123802043239542
"1333","J01C",0.234206759802196
"1334","J01C",0.142322962318938
"1335","J01C",0.0669124819246016
"1336","J01C",-0.0284125989939432
"1337","J01C",0.160020256248124
"1338","J01C",0.117976428191194
"1339","J01C",0.172369931343616
"1340","J01C",0.076003958374936
"1341","J01C",0.0726846034036459
"1342","J01C",0.13677415256269
"1343","J01C",-0.113880992159114
"1344","J01C",0.133998790640502
"1345","J01C",0.160775690640851
"1346","J01C",-0.0439409251002147
"1347","J01C",0.202315775676005
"1348","J01C",0.061550337576266
"1349","J01C",0.0413542228891885
"1350","J01C",0.152722712453175
"1351","J01C",0.0656348501546979
"1352","J01C",0.0226835382894457
"1353","J01C",0.292979050128042
"1354","J01C",0.128977961426948
"1355","J01C",0.068429530519484
"1356","J01C",0.150516429865843
"1357","J01C",0.0245221420953864
"1358","J01C",0.0834308215481029
"1359","J01C",0.0902440280358676
"1360","J01C",0.0555150150298418
"1361","J01C",-0.00085204664824889
"1362","J01C",0.0852579370460954
"1363","J01C",0.174819250196867
"1364","J01C",0.148211918081608
"1365","J01C",-0.0463582129706851
"1366","J01C",0.237369297191315
"1367","J01C",0.0614242971593253
"1368","J01C",0.218628386523751
"1369","J01C",-0.0538541627677638
"1370","J01C",0.137409968171594
"1371","J01C",0.087062064967975
"1372","J01C",-0.0495259285793498
"1373","J01C",-0.157313206407905
"1374","J01C",-0.0491612299768149
"1375","J01C",0.0741227247135123
"1376","J01C",-0.128182847752661
"1377","J01C",0.0166806843419245
"1378","J01C",-0.0505508013765592
"1379","J01C",0.130525148572938
"1380","J01C",0.132847081798769
"1381","J01C",0.2305201312682
"1382","J01C",0.166130271928662
"1383","J01C",0.0940329061026774
"1384","J01C",0.0829651580572752
"1385","J01C",0.0449807426232391
"1386","J01C",0.0408885346176427
"1387","J01C",0.22577708762514
"1388","J01C",0.0484470762169578
"1389","J01C",0.133822481878239
"1390","J01C",0.029299463071089
"1391","J01C",0.0941503229062203
"1392","J01C",0.0837048063624836
"1393","J01C",0.150543173589065
"1394","J01C",0.0666882614991738
"1395","J01C",0.150101685491736
"1396","J01C",0.102476942758582
"1397","J01C",0.0189808668367989
"1398","J01C",0.212547645463593
"1399","J01C",0.122160424515131
"1400","J01C",0.25832343015649
"1401","J01C",0.0740667898332015
"1402","J01C",0.165010057192351
"1403","J01C",0.147404124885913
"1404","J01C",0.142046834474072
"1405","J01C",0.0367128214620263
"1406","J01C",0.144078850503478
"1407","J01C",0.0799065919957733
"1408","J01C",-0.0689971300333149
"1409","J01C",-0.00967024375140888
"1410","J01C",-0.00231706524367208
"1411","J01C",0.100442300743665
"1412","J01C",0.067907239101603
"1413","J01C",0.122777977340013
"1414","J01C",0.140349127953404
"1415","J01C",0.0324964296296913
"1416","J01C",-0.0721591537896075
"1417","J01C",0.0863901928057211
"1418","J01C",0.183501278794026
"1419","J01C",0.0985660350044986
"1420","J01C",0.169400052571321
"1421","J01C",0.00588144763851167
"1422","J01C",0.112934799322988
"1423","J01C",0.0355924625189945
"1424","J01C",0.209131703565241
"1425","J01C",0.122096746742564
"1426","J01C",0.0723341382771362
"1427","J01C",0.179705327980867
"1428","J01C",-0.0342144413265698
"1429","J01C",0.204486266835251
"1430","J01C",0.19011171378945
"1431","J01C",0.2141914033459
"1432","J01C",-0.0702379958075944
"1433","J01C",0.0650758322774012
"1434","J01C",0.103448755381378
"1435","J01C",-0.209325873869107
"1436","J01C",0.183560808553171
"1437","J01C",0.119318498374627
"1438","J01C",-0.0327100906543667
"1439","J01C",0.132703747166821
"1440","J01C",0.15077396893089
"1441","J01C",0.0345489441259181
"1442","J01C",0.0693411318605614
"1443","J01C",0.112138155883915
"1444","J01C",0.169016307281393
"1445","J01C",0.206104440775067
"1446","J01C",0.00437663101594926
"1447","J01C",0.135967519562223
"1448","J01C",0.0104894151034794
"1449","J01C",-0.115313629291416
"1450","J01C",0.243929918630181
"1451","J01C",0.152498171723831
"1452","J01C",0.0229711288152485
"1453","J01C",0.129627680888033
"1454","J01C",0.0074458567260608
"1455","J01C",0.119316506328933
"1456","J01C",-0.0451273274278285
"1457","J01C",-0.0195414107500512
"1458","J01C",0.0571778716391047
"1459","J01C",0.209856138251141
"1460","J01C",0.231713711974701
"1461","J01C",0.120635597930569
"1462","J01C",0.0644508255495592
"1463","J01C",0.243923747158251
"1464","J01C",0.178489872234512
"1465","J01C",0.143362757907018
"1466","J01C",-0.0539746473620905
"1467","J01C",0.0159366199080224
"1468","J01C",0.127575630406474
"1469","J01C",0.162046737591995
"1470","J01C",0.227820268822648
"1471","J01C",0.0990102075126208
"1472","J01C",0.091722688249256
"1473","J01C",0.0625176734400732
"1474","J01C",0.0828102552287443
"1475","J01C",-0.170068916318308
"1476","J01C",0.0696240766905775
"1477","J01C",0.114558194866188
"1478","J01C",0.0994458413628475
"1479","J01C",-0.06540557654704
"1480","J01C",-0.0133620931902844
"1481","J01C",0.265806966408949
"1482","J01C",0.0270668780886899
"1483","J01C",0.205969704494913
"1484","J01C",0.0560517563021222
"1485","J01C",0.0444605772562173
"1486","J01C",0.0527559786149825
"1487","J01C",0.294184583991392
"1488","J01C",0.0948838572815679
"1489","J01C",-0.0024154698333192
"1490","J01C",0.163228899355158
"1491","J01C",0.0592147838025573
"1492","J01C",0.211131136855393
"1493","J01C",0.204113846174942
"1494","J01C",0.0706082671551709
"1495","J01C",0.131940563222911
"1496","J01C",0.226229047595667
"1497","J01C",0.144236937782642
"1498","J01C",0.249717101211534
"1499","J01C",0.105476263898407
"1500","J01C",0.105274641915162
"1501","J01C",0.145110543373779
"1502","J01C",0.040165823811307
"1503","J01C",0.0631440691859389
"1504","J01C",0.141268742066484
"1505","J01C",0.157300652405472
"1506","J01C",0.0298249683521129
"1507","J01C",0.113073371966058
"1508","J01C",-0.00729730018786861
"1509","J01C",0.141001775002715
"1510","J01C",0.0167387343179667
"1511","J01C",0.12281480624598
"1512","J01C",0.0342996073987685
"1513","J01C",0.18908256398361
"1514","J01C",0.232448540389264
"1515","J01C",0.166475665198736
"1516","J01C",0.0592387115262644
"1517","J01C",0.0991061050894736
"1518","J01C",-0.209155558867045
"1519","J01C",0.214476889769901
"1520","J01C",0.122985804234984
"1521","J01C",0.181222272678806
"1522","J01C",0.243132874756419
"1523","J01C",0.340955509720883
"1524","J01C",0.052288142630565
"1525","J01C",0.122466665389655
"1526","J01C",-0.13731387191849
"1527","J01C",0.0706465267825499
"1528","J01C",-0.0371175927999862
"1529","J01C",-0.0518321673095902
"1530","J01C",-0.060604129948243
"1531","J01C",0.00960352706398918
"1532","J01C",0.141276258959652
"1533","J01C",-0.0409133563777754
"1534","J01C",0.218249955536049
"1535","J01C",0.327615206595508
"1536","J01C",0.101903920698228
"1537","J01C",-0.0361427239024439
"1538","J01C",0.0594820640100112
"1539","J01C",-0.00609670595512718
"1540","J01C",0.156303519429618
"1541","J01C",0.111032408202983
"1542","J01C",0.0469674410382181
"1543","J01C",-0.0623090524780331
"1544","J01C",0.0812083766978474
"1545","J01C",0.00851849979364857
"1546","J01C",0.0991899768733724
"1547","J01C",0.0849538084650431
"1548","J01C",0.117379074793661
"1549","J01C",0.166889823722847
"1550","J01C",0.0185541803447659
"1551","J01C",-0.0945672903798818
"1552","J01C",0.0650738616184551
"1553","J01C",0.0806226474592296
"1554","J01C",0.0346846502052371
"1555","J01C",0.0105633106920474
"1556","J01C",0.101511689202119
"1557","J01C",0.123843819472914
"1558","J01C",0.103939113227699
"1559","J01C",0.229775490860305
"1560","J01C",-0.00939964388053803
"1561","J01C",0.182918983933316
"1562","J01C",-0.0543282502718727
"1563","J01C",0.146748644078861
"1564","J01C",0.156462459769594
"1565","J01C",0.212482076803562
"1566","J01C",0.021031650114343
"1567","J01C",-0.048151220978989
"1568","J01C",0.0470420218463332
"1569","J01C",0.136993948222154
"1570","J01C",0.107384510604622
"1571","J01C",0.115600856083875
"1572","J01C",0.0739162825961041
"1573","J01C",0.0763959296269782
"1574","J01C",0.139330705557206
"1575","J01C",0.0507244825757444
"1576","J01C",-0.0188028940634328
"1577","J01C",0.0183331148588599
"1578","J01C",0.149529474378936
"1579","J01C",0.11024548424021
"1580","J01C",-0.0583487022934395
"1581","J01C",0.0936154952224218
"1582","J01C",0.182406317535138
"1583","J01C",0.00982104647412539
"1584","J01C",0.129605211944163
"1585","J01C",-0.0355641464228924
"1586","J01C",0.0151138454643668
"1587","J01C",0.0129050228360835
"1588","J01C",0.103217633062023
"1589","J01C",0.0028198260225645
"1590","J01C",0.0495872013865035
"1591","J01C",0.140489539229161
"1592","J01C",0.140902597660302
"1593","J01C",0.106204312046411
"1594","J01C",0.0924410705156029
"1595","J01C",-0.0856208425911868
"1596","J01C",0.224985452154058
"1597","J01C",0.197942892974167
"1598","J01C",0.0802586925860966
"1599","J01C",0.169796072235857
"1600","J01C",-0.0284359987205472
"1601","J01C",0.0834422904077043
"1602","J01C",0.183956749867175
"1603","J01C",0.100676796264622
"1604","J01C",0.364544182355608
"1605","J01C",0.122981623413176
"1606","J01C",0.0752628684977179
"1607","J01C",0.0696942374249731
"1608","J01C",0.065000572613865
"1609","J01C",-0.0162080469728157
"1610","J01C",0.12957373948141
"1611","J01C",0.112297081400004
"1612","J01C",0.0189510352140872
"1613","J01C",0.0218306336556726
"1614","J01C",0.0722899549863691
"1615","J01C",0.044118092431639
"1616","J01C",0.0534067567114155
"1617","J01C",0.123210229532255
"1618","J01C",0.0947839587971692
"1619","J01C",0.249317772852239
"1620","J01C",0.196128433983074
"1621","J01C",0.0885068472195678
"1622","J01C",-0.0249386623485457
"1623","J01C",0.0122314625972675
"1624","J01C",0.170941396669514
"1625","J01C",0.181567548841775
"1626","J01C",0.0490730639858496
"1627","J01C",0.102421072045658
"1628","J01C",0.166483037068846
"1629","J01C",0.0377322340981352
"1630","J01C",0.166002889155413
"1631","J01C",0.20153760352516
"1632","J01C",-0.0125251302915533
"1633","J01C",0.068095557565477
"1634","J01C",0.055391278663623
"1635","J01C",0.24220139602872
"1636","J01C",0.123468206589332
"1637","J01C",0.146916423261253
"1638","J01C",0.108463870999528
"1639","J01C",0.0320137042338094
"1640","J01C",0.0976555733074181
"1641","J01C",-0.107350211341846
"1642","J01C",0.203868977859229
"1643","J01C",-0.0288911592495672
"1644","J01C",-0.00490680436486893
"1645","J01C",0.146872096226698
"1646","J01C",0.111276167860085
"1647","J01C",0.0164869362535375
"1648","J01C",0.151667058202775
"1649","J01C",0.145439607716364
"1650","J01C",0.0886171230527648
"1651","J01C",-0.103700858913866
"1652","J01C",0.1263116926711
"1653","J01C",0.0224022009580967
"1654","J01C",0.214810418160843
"1655","J01C",-0.010322778474692
"1656","J01C",-0.0198663616567688
"1657","J01C",0.0336673338819203
"1658","J01C",0.0602683228556584
"1659","J01C",0.0646633686526595
"1660","J01C",0.305211472127851
"1661","J01C",0.0410757134377107
"1662","J01C",0.134024070401767
"1663","J01C",0.112891725068495
"1664","J01C",0.270174748753551
"1665","J01C",0.170226299088949
"1666","J01C",0.130711010377956
"1667","J01C",0.221876523583298
"1668","J01C",0.149979254006003
"1669","J01C",0.0687929681900156
"1670","J01C",-0.0264077157519386
"1671","J01C",0.0992091564497499
"1672","J01C",0.131879975770209
"1673","J01C",-0.10387198553602
"1674","J01C",0.0154273111647577
"1675","J01C",0.172274935862489
"1676","J01C",0.17602818870675
"1677","J01C",0.12898840286041
"1678","J01C",0.124544166957116
"1679","J01C",0.422218283526774
"1680","J01C",0.0298495090416492
"1681","J01C",-0.0597191552030693
"1682","J01C",0.201084512579825
"1683","J01C",0.197956810572858
"1684","J01C",0.0209146442370033
"1685","J01C",0.219614236972702
"1686","J01C",-0.012271166838588
"1687","J01C",-0.0381805852621258
"1688","J01C",-0.0372821295193155
"1689","J01C",0.101372397948214
"1690","J01C",-0.0480484097291297
"1691","J01C",0.227049037896071
"1692","J01C",-0.000832704781899343
"1693","J01C",-0.0259472843292059
"1694","J01C",0.125778028705242
"1695","J01C",0.120087461775943
"1696","J01C",0.033712186751941
"1697","J01C",0.0662954304742612
"1698","J01C",-0.0452859653197088
"1699","J01C",0.0819389947469557
"1700","J01C",0.225756712989631
"1701","J01C",0.227673130011145
"1702","J01C",0.0768140722672894
"1703","J01C",0.0895808928075518
"1704","J01C",0.135943485284966
"1705","J01C",0.000282136785060693
"1706","J01C",0.0178048641477605
"1707","J01C",0.25422926729475
"1708","J01C",0.0464803315774939
"1709","J01C",-0.026893834255371
"1710","J01C",0.0305236946589285
"1711","J01C",0.143499580211484
"1712","J01C",0.0472876649124269
"1713","J01C",0.207925262851519
"1714","J01C",0.100839836986697
"1715","J01C",0.0609541961037376
"1716","J01C",0.0488524119939624
"1717","J01C",0.0754880657746028
"1718","J01C",0.0924913425167813
"1719","J01C",0.141281304204971
"1720","J01C",0.0962916061500291
"1721","J01C",0.126153760426977
"1722","J01C",0.129730741377749
"1723","J01C",0.0201300463184614
"1724","J01C",-0.0313167575041196
"1725","J01C",0.0154311113452114
"1726","J01C",0.0271566493310324
"1727","J01C",0.0143228645845541
"1728","J01C",-0.0173074785820498
"1729","J01C",0.0225454054978769
"1730","J01C",0.00789765016059219
"1731","J01C",-0.0235880823047417
"1732","J01C",0.115652059135461
"1733","J01C",0.0301205540870163
"1734","J01C",-0.0101254235261263
"1735","J01C",0.0300596431370591
"1736","J01C",0.0928006436751591
"1737","J01C",0.169132508653879
"1738","J01C",0.303244085503387
"1739","J01C",-0.0168510727547614
"1740","J01C",0.018668975758391
"1741","J01C",0.21855934360218
"1742","J01C",0.0821974332821424
"1743","J01C",0.0928454294011116
"1744","J01C",-0.0834120078659752
"1745","J01C",0.0894856512836385
"1746","J01C",-0.0112825704401229
"1747","J01C",0.205103568335888
"1748","J01C",-0.0544994210213724
"1749","J01C",0.164965356606806
"1750","J01C",0.29020367175373
"1751","J01C",0.0828650207918226
"1752","J01C",0.0549181156919815
"1753","J01C",0.27465211835143
"1754","J01C",-0.0823850695647763
"1755","J01C",0.0776393791170932
"1756","J01C",-0.0322242604451654
"1757","J01C",0.185486761181985
"1758","J01C",0.208264796730553
"1759","J01C",0.0484367986338995
"1760","J01C",0.367026798619236
"1761","J01C",0.048321657837769
"1762","J01C",0.152114052938778
"1763","J01C",-0.0557830394115088
"1764","J01C",0.0878807332083684
"1765","J01C",0.226199858682042
"1766","J01C",0.332025422004562
"1767","J01C",0.148531674460231
"1768","J01C",0.271923115169226
"1769","J01C",0.103887494619975
"1770","J01C",-0.00252377572672685
"1771","J01C",0.00536895794468696
"1772","J01C",0.0205907080885893
"1773","J01C",0.0998693134118985
"1774","J01C",0.1068278598475
"1775","J01C",0.042623610095617
"1776","J01C",0.235345474545833
"1777","J01C",0.123768120210665
"1778","J01C",0.151717971147419
"1779","J01C",0.129532145595603
"1780","J01C",0.0102624353698198
"1781","J01C",0.0881095792452092
"1782","J01C",0.157527259170496
"1783","J01C",0.0915242072136431
"1784","J01C",0.0997422034917416
"1785","J01C",0.0890160428342017
"1786","J01C",0.238802687042911
"1787","J01C",-0.0260382175150775
"1788","J01C",0.101505104756874
"1789","J01C",-0.0502011915341867
"1790","J01C",0.30786537775525
"1791","J01C",0.215282019439384
"1792","J01C",0.13472297039488
"1793","J01C",0.135485040060805
"1794","J01C",-0.0196280756907393
"1795","J01C",0.0378528340675402
"1796","J01C",0.117628439888816
"1797","J01C",0.0026629440617767
"1798","J01C",0.0981102560074674
"1799","J01C",-0.0348458466470267
"1800","J01C",0.117043220998006
"1801","J01C",0.100260323375286
"1802","J01C",0.190927534796872
"1803","J01C",0.24897754280484
"1804","J01C",0.0696389770635699
"1805","J01C",-0.0241872688991672
"1806","J01C",0.137897414690069
"1807","J01C",0.0613424313000974
"1808","J01C",0.198116144798144
"1809","J01C",-0.0761720309103844
"1810","J01C",0.0223013604609226
"1811","J01C",0.076000532365906
"1812","J01C",0.0322503936165238
"1813","J01C",-0.111980001517364
"1814","J01C",0.146544143828227
"1815","J01C",0.13058299568372
"1816","J01C",0.151603131117339
"1817","J01C",0.0443049553200784
"1818","J01C",-0.065875607708769
"1819","J01C",0.0927168736790523
"1820","J01C",-0.0832861504338911
"1821","J01C",0.176916823706752
"1822","J01C",0.0467446393372518
"1823","J01C",0.243288754143437
"1824","J01C",0.120718158409318
"1825","J01C",0.20793202335359
"1826","J01C",0.245868742217251
"1827","J01C",0.20817959321269
"1828","J01C",0.0819958959256176
"1829","J01C",0.0840966086416381
"1830","J01C",-0.0559976022524636
"1831","J01C",0.226210517632341
"1832","J01C",-0.0662734467842794
"1833","J01C",0.0582893497042338
"1834","J01C",0.0995203272319682
"1835","J01C",-0.00424794269496436
"1836","J01C",0.0761639028956213
"1837","J01C",-0.028647881909811
"1838","J01C",0.131402395026938
"1839","J01C",0.125439485417092
"1840","J01C",0.0777707706647327
"1841","J01C",0.0154864500115239
"1842","J01C",0.0245676236187391
"1843","J01C",0.169543026996348
"1844","J01C",0.0769363398214941
"1845","J01C",0.136599554849204
"1846","J01C",0.165295347265957
"1847","J01C",0.071676591792626
"1848","J01C",0.113494517368205
"1849","J01C",0.141902284469775
"1850","J01C",0.220179705359667
"1851","J01C",0.268352920312969
"1852","J01C",0.059903052569507
"1853","J01C",0.235496723747004
"1854","J01C",0.170638398687344
"1855","J01C",0.167139381055046
"1856","J01C",-0.00844482706325058
"1857","J01C",-0.0311132649772427
"1858","J01C",-0.0524371790748568
"1859","J01C",0.129513369795578
"1860","J01C",0.042596013815477
"1861","J01C",0.10467982841919
"1862","J01C",-0.0636976254658781
"1863","J01C",0.0438296586050969
"1864","J01C",-0.00911977670326416
"1865","J01C",0.173644222407267
"1866","J01C",0.0263239092831455
"1867","J01C",0.163377011207165
"1868","J01C",0.110173461041103
"1869","J01C",-0.040843038751845
"1870","J01C",0.151525740788353
"1871","J01C",0.102105488407421
"1872","J01C",0.191110050237696
"1873","J01C",0.066376927007414
"1874","J01C",0.094325206538883
"1875","J01C",0.069837947175776
"1876","J01C",-0.0377640225259217
"1877","J01C",0.119200719378647
"1878","J01C",0.174284510210298
"1879","J01C",-0.0193221222351953
"1880","J01C",0.00214390881720792
"1881","J01C",0.107450071984429
"1882","J01C",-0.0137769687523474
"1883","J01C",0.113023115867015
"1884","J01C",0.111507777804572
"1885","J01C",0.16794194254118
"1886","J01C",0.00543702467280694
"1887","J01C",0.0312261066843303
"1888","J01C",0.140198830158125
"1889","J01C",0.101936642157235
"1890","J01C",0.135528396640173
"1891","J01C",0.0834410055865265
"1892","J01C",0.139795434557446
"1893","J01C",-0.0618149975562558
"1894","J01C",-0.214739428690442
"1895","J01C",0.0604782805343748
"1896","J01C",0.175808106196782
"1897","J01C",0.132685291519522
"1898","J01C",0.108098806101017
"1899","J01C",0.0262972832428151
"1900","J01C",0.12849313730578
"1901","J01C",0.148587398928474
"1902","J01C",0.0628578737796026
"1903","J01C",0.14824702509138
"1904","J01C",-0.0694991961848746
"1905","J01C",-0.0121642928383249
"1906","J01C",0.232831244572092
"1907","J01C",0.076454901665612
"1908","J01C",0.155096067863126
"1909","J01C",-0.122123409905476
"1910","J01C",0.0191656458527008
"1911","J01C",0.0652114289935399
"1912","J01C",0.122564839521115
"1913","J01C",0.142010902614969
"1914","J01C",0.0430533208609102
"1915","J01C",0.20019961447812
"1916","J01C",-0.0273620084858102
"1917","J01C",-0.0250542596009234
"1918","J01C",0.0348768704242681
"1919","J01C",0.0337332818091801
"1920","J01C",0.128687634191124
"1921","J01C",0.158116435524581
"1922","J01C",-0.0754774256696555
"1923","J01C",-0.0185774022446108
"1924","J01C",0.337827965461852
"1925","J01C",0.092400637529256
"1926","J01C",0.0394450568788044
"1927","J01C",0.265357704705578
"1928","J01C",0.152567932901077
"1929","J01C",0.151809773544377
"1930","J01C",0.237031334500335
"1931","J01C",-0.102095605255729
"1932","J01C",0.21842329665327
"1933","J01C",0.0217717409991406
"1934","J01C",0.123952425038827
"1935","J01C",0.178305265743439
"1936","J01C",0.136081238163035
"1937","J01C",-0.0513083612860843
"1938","J01C",0.216177937070135
"1939","J01C",-0.00911635478463463
"1940","J01C",-0.0100903247110223
"1941","J01C",0.0253351492618904
"1942","J01C",0.105045417424864
"1943","J01C",0.160243265304249
"1944","J01C",-0.0335130349400447
"1945","J01C",0.183399430955657
"1946","J01C",0.15855482259251
"1947","J01C",0.103023374718656
"1948","J01C",0.091456490346565
"1949","J01C",0.147297892927316
"1950","J01C",0.0279129141398191
"1951","J01C",0.0297505178137615
"1952","J01C",-0.270011820575245
"1953","J01C",-0.000235651937371427
"1954","J01C",-0.0538815239276016
"1955","J01C",0.16390853104109
"1956","J01C",0.141128835409047
"1957","J01C",-0.0562057422336311
"1958","J01C",-0.00686283889680475
"1959","J01C",0.295728901607661
"1960","J01C",0.255593623154247
"1961","J01C",-0.0079186900848834
"1962","J01C",0.256805631513538
"1963","J01C",0.0409060397087294
"1964","J01C",0.0244640837178896
"1965","J01C",0.159843991959695
"1966","J01C",0.00976984211938908
"1967","J01C",0.23829139895558
"1968","J01C",0.0439506998334208
"1969","J01C",0.179738421162844
"1970","J01C",0.136036440069163
"1971","J01C",0.170308338214316
"1972","J01C",0.0088086268663344
"1973","J01C",0.0678204434977783
"1974","J01C",0.206366855693388
"1975","J01C",0.136302529476309
"1976","J01C",0.162277563340702
"1977","J01C",0.148329434577082
"1978","J01C",0.0525395053372923
"1979","J01C",0.186171884585697
"1980","J01C",0.135718271387005
"1981","J01C",0.104603867774152
"1982","J01C",0.182497723939507
"1983","J01C",0.0892582589148432
"1984","J01C",0.072574114456859
"1985","J01C",0.113180458360939
"1986","J01C",0.0404324333572308
"1987","J01C",-0.0113300015733714
"1988","J01C",0.103607179704065
"1989","J01C",0.0343704274476465
"1990","J01C",-0.215736166696528
"1991","J01C",0.1086795716962
"1992","J01C",0.200896467487282
"1993","J01C",0.40272462786944
"1994","J01C",0.174058556150057
"1995","J01C",0.0349751383596653
"1996","J01C",0.138851293792206
"1997","J01C",0.166283669993113
"1998","J01C",0.174422810516336
"1999","J01C",0.144995330085894
"2000","J01C",0.0740151315566728
"2001","J01D",0.789900983317291
"2002","J01D",1.51127669058449
"2003","J01D",0.847033345518656
"2004","J01D",0.717425664308809
"2005","J01D",1.01443183458262
"2006","J01D",0.866587688816737
"2007","J01D",0.777781823353167
"2008","J01D",0.957439993167446
"2009","J01D",0.87133682483417
"2010","J01D",0.601244424872753
"2011","J01D",0.82354298608459
"2012","J01D",0.646951833173467
"2013","J01D",1.10307906036029
"2014","J01D",1.16505632582686
"2015","J01D",0.711471801903824
"2016","J01D",1.15394071366591
"2017","J01D",0.721159540569813
"2018","J01D",0.828362342281564
"2019","J01D",0.674801018208812
"2020","J01D",1.04339223790606
"2021","J01D",1.30468447041827
"2022","J01D",0.605814935482117
"2023","J01D",1.04349046833779
"2024","J01D",0.898297698535843
"2025","J01D",0.822961304315736
"2026","J01D",1.00784947740936
"2027","J01D",1.19756689661364
"2028","J01D",0.910194077258457
"2029","J01D",0.80478198577328
"2030","J01D",0.531523560250816
"2031","J01D",0.969488109356137
"2032","J01D",0.636004907225592
"2033","J01D",1.04330015209948
"2034","J01D",0.979275880156884
"2035","J01D",1.00024248581335
"2036","J01D",0.600673702215955
"2037","J01D",1.03156218255751
"2038","J01D",1.05933562441002
"2039","J01D",0.788143675054164
"2040","J01D",1.13723492865235
"2041","J01D",1.32180949565538
"2042","J01D",1.0241020867545
"2043","J01D",0.928490454048666
"2044","J01D",0.868835949857328
"2045","J01D",0.93078862376359
"2046","J01D",0.594267505524842
"2047","J01D",0.762714134325933
"2048","J01D",0.90662985707816
"2049","J01D",0.894627026630378
"2050","J01D",0.81829416250831
"2051","J01D",0.659755418356831
"2052","J01D",0.606007612281618
"2053","J01D",0.931132816903579
"2054","J01D",0.905250985016823
"2055","J01D",1.18200100995052
"2056","J01D",0.948279042675921
"2057","J01D",0.996266759692837
"2058","J01D",0.58516487454057
"2059","J01D",0.850400135263677
"2060","J01D",0.8201576087369
"2061","J01D",0.665607441519562
"2062","J01D",1.08904809309098
"2063","J01D",1.0471983362521
"2064","J01D",1.04585722471833
"2065","J01D",0.952157674587743
"2066","J01D",1.02570215300144
"2067","J01D",0.720641677276253
"2068","J01D",0.76625218389539
"2069","J01D",0.984086183264785
"2070","J01D",0.860199093254335
"2071","J01D",0.619583142215971
"2072","J01D",0.773197586401181
"2073","J01D",0.920765684541184
"2074","J01D",1.03697651823381
"2075","J01D",0.709607415859985
"2076","J01D",0.93198646075974
"2077","J01D",0.978052055273087
"2078","J01D",0.778481890373737
"2079","J01D",0.356029522691089
"2080","J01D",0.97143210859145
"2081","J01D",0.970927940797806
"2082","J01D",0.984901733592168
"2083","J01D",0.979868366456332
"2084","J01D",0.977961235356313
"2085","J01D",0.860553561072956
"2086","J01D",0.996245727440325
"2087","J01D",1.06041565942892
"2088","J01D",1.2268284706651
"2089","J01D",0.83003510838621
"2090","J01D",0.844285945610805
"2091","J01D",1.00005681518332
"2092","J01D",0.488605004104212
"2093","J01D",0.659917251034709
"2094","J01D",0.712720403570254
"2095","J01D",0.694530604085831
"2096","J01D",0.77844780558392
"2097","J01D",1.13523033829244
"2098","J01D",1.10565566229845
"2099","J01D",0.923474081371235
"2100","J01D",0.719794237604612
"2101","J01D",0.865089935920368
"2102","J01D",0.825475899141809
"2103","J01D",0.761761436296805
"2104","J01D",1.07390869947357
"2105","J01D",1.23631024489151
"2106","J01D",1.09231095101395
"2107","J01D",0.388886518819705
"2108","J01D",0.869162858783301
"2109","J01D",0.89098980883436
"2110","J01D",1.07566697613426
"2111","J01D",1.13418927090458
"2112","J01D",0.669296079506035
"2113","J01D",0.756322817711588
"2114","J01D",0.859845966506308
"2115","J01D",1.06932405794533
"2116","J01D",1.1728240089987
"2117","J01D",0.394157012774579
"2118","J01D",0.789898779005347
"2119","J01D",0.991099958697628
"2120","J01D",0.817282548988707
"2121","J01D",0.831461961508505
"2122","J01D",0.838769040608758
"2123","J01D",0.92667529580401
"2124","J01D",1.20397607572443
"2125","J01D",0.866894847929889
"2126","J01D",0.794790849325861
"2127","J01D",0.887711039549507
"2128","J01D",0.814137030590392
"2129","J01D",0.976513553619184
"2130","J01D",1.03993128194939
"2131","J01D",0.85835419548896
"2132","J01D",0.675630101766967
"2133","J01D",0.823694305102548
"2134","J01D",0.900156846938848
"2135","J01D",0.848741716779467
"2136","J01D",0.838412810781797
"2137","J01D",0.768200602841192
"2138","J01D",0.800284335413132
"2139","J01D",0.94164258978408
"2140","J01D",1.17320418670071
"2141","J01D",1.03656909606339
"2142","J01D",0.965256929290869
"2143","J01D",0.980935111757295
"2144","J01D",0.870882764832539
"2145","J01D",0.925633416753278
"2146","J01D",0.842005394374347
"2147","J01D",1.26781961762693
"2148","J01D",1.24703447731373
"2149","J01D",0.854888193457577
"2150","J01D",0.649097340149607
"2151","J01D",1.13633100468145
"2152","J01D",0.278265852118662
"2153","J01D",0.594325216162851
"2154","J01D",1.0204785185798
"2155","J01D",1.13858512052331
"2156","J01D",0.808184240921776
"2157","J01D",0.891747248972197
"2158","J01D",0.902821081552443
"2159","J01D",1.07001346249511
"2160","J01D",0.888538015018011
"2161","J01D",0.700579963917366
"2162","J01D",1.23814715680242
"2163","J01D",1.08913695341254
"2164","J01D",0.849546076248755
"2165","J01D",0.86728119127283
"2166","J01D",1.04394772635061
"2167","J01D",0.902724236465825
"2168","J01D",1.02252718278
"2169","J01D",0.820256541725698
"2170","J01D",1.22598608457265
"2171","J01D",0.81492574437135
"2172","J01D",0.855762901289837
"2173","J01D",1.04569896260355
"2174","J01D",0.719883444333727
"2175","J01D",0.906059152996919
"2176","J01D",0.923962496682785
"2177","J01D",1.09829108130345
"2178","J01D",1.09252670008713
"2179","J01D",1.16315441669526
"2180","J01D",0.950252929234746
"2181","J01D",0.82545425762392
"2182","J01D",0.682524294931264
"2183","J01D",1.04464165039438
"2184","J01D",0.855099239309431
"2185","J01D",1.10288979485279
"2186","J01D",0.868465043838428
"2187","J01D",0.851481718767192
"2188","J01D",0.826045660266302
"2189","J01D",0.746554386015688
"2190","J01D",0.807114559401551
"2191","J01D",0.837296838184444
"2192","J01D",0.824111537223756
"2193","J01D",1.1405181719718
"2194","J01D",0.843517885395499
"2195","J01D",0.998487823583001
"2196","J01D",1.04711930706482
"2197","J01D",0.885719782587197
"2198","J01D",0.844940500586677
"2199","J01D",0.79008441047953
"2200","J01D",0.92082793438671
"2201","J01D",0.663826820455535
"2202","J01D",0.906141546905936
"2203","J01D",0.86228909406217
"2204","J01D",1.25844373797531
"2205","J01D",0.743629536255363
"2206","J01D",0.774528686081533
"2207","J01D",0.562038500630291
"2208","J01D",0.52233371069204
"2209","J01D",1.04469928469206
"2210","J01D",0.936500558275113
"2211","J01D",0.818414458543198
"2212","J01D",1.14719450346001
"2213","J01D",1.28964299027117
"2214","J01D",1.12574020449012
"2215","J01D",0.788687509404682
"2216","J01D",0.999754154164557
"2217","J01D",0.580592810482529
"2218","J01D",0.986740755177319
"2219","J01D",0.766573639948345
"2220","J01D",0.910769749514914
"2221","J01D",1.35638556627088
"2222","J01D",0.965785776631685
"2223","J01D",0.6633084310521
"2224","J01D",1.09872081595436
"2225","J01D",0.779429350230656
"2226","J01D",1.12975259076611
"2227","J01D",0.71080345768123
"2228","J01D",0.69317378889134
"2229","J01D",0.93393917631672
"2230","J01D",0.917915529545161
"2231","J01D",0.953465044358563
"2232","J01D",0.439318660581987
"2233","J01D",0.939226958652423
"2234","J01D",0.848042530188344
"2235","J01D",1.07121328565065
"2236","J01D",0.876856455266475
"2237","J01D",0.980439168787717
"2238","J01D",1.08074279284842
"2239","J01D",0.502869803473035
"2240","J01D",0.930191411385514
"2241","J01D",0.75659935945774
"2242","J01D",0.657411010054657
"2243","J01D",0.821085150196323
"2244","J01D",1.01604193145548
"2245","J01D",0.578618397549487
"2246","J01D",0.912501044202141
"2247","J01D",1.12396019952024
"2248","J01D",0.793424185474398
"2249","J01D",1.17368006918678
"2250","J01D",1.31404656836746
"2251","J01D",0.663527175643266
"2252","J01D",0.811746100744535
"2253","J01D",0.744317067302044
"2254","J01D",0.823282318173278
"2255","J01D",0.614988259394393
"2256","J01D",1.07007413298614
"2257","J01D",1.08143474444184
"2258","J01D",0.944576709422703
"2259","J01D",0.962044745514194
"2260","J01D",0.746610055667506
"2261","J01D",0.923757985718467
"2262","J01D",0.881049510558273
"2263","J01D",0.800332516260287
"2264","J01D",0.583684845504113
"2265","J01D",1.00897240842943
"2266","J01D",1.16080124490475
"2267","J01D",1.06439643408919
"2268","J01D",0.870981905670632
"2269","J01D",0.845434926137646
"2270","J01D",0.508646252726345
"2271","J01D",0.64993955039783
"2272","J01D",0.531244317652261
"2273","J01D",0.799240526776372
"2274","J01D",1.00477981427995
"2275","J01D",0.884822810593542
"2276","J01D",1.10123672242842
"2277","J01D",1.09706645132311
"2278","J01D",0.837087716545031
"2279","J01D",0.80412232719126
"2280","J01D",0.611608858565594
"2281","J01D",0.87073258567273
"2282","J01D",0.972391331461704
"2283","J01D",0.791710709042193
"2284","J01D",1.0293099062664
"2285","J01D",0.628542624387235
"2286","J01D",1.16672144990989
"2287","J01D",0.601773605150997
"2288","J01D",0.741178740552025
"2289","J01D",0.89086955048143
"2290","J01D",0.821564703226906
"2291","J01D",0.912137346740868
"2292","J01D",1.02482438717126
"2293","J01D",1.24274837898718
"2294","J01D",0.869391535501866
"2295","J01D",0.625582397289366
"2296","J01D",1.02762901859052
"2297","J01D",0.870835611411449
"2298","J01D",1.1096790572527
"2299","J01D",0.950647633581264
"2300","J01D",0.790184822177856
"2301","J01D",0.929409333250217
"2302","J01D",1.18971658356412
"2303","J01D",0.675746708255793
"2304","J01D",1.26575861086053
"2305","J01D",0.989958768430251
"2306","J01D",0.593615867806393
"2307","J01D",0.819640826019149
"2308","J01D",0.680284105949712
"2309","J01D",0.915279071762433
"2310","J01D",0.955000122259953
"2311","J01D",1.13168916646586
"2312","J01D",0.998279073214997
"2313","J01D",0.689581753540032
"2314","J01D",1.17870056752905
"2315","J01D",0.942798601876031
"2316","J01D",0.80133538512088
"2317","J01D",0.594956882603008
"2318","J01D",0.836238792666839
"2319","J01D",0.841128222538728
"2320","J01D",0.86481335926798
"2321","J01D",1.05796445944711
"2322","J01D",0.554505297834102
"2323","J01D",1.09563815134933
"2324","J01D",1.06076697721334
"2325","J01D",1.21311121035867
"2326","J01D",0.911488241075743
"2327","J01D",0.959428712838368
"2328","J01D",0.69453590837134
"2329","J01D",0.517275450537136
"2330","J01D",0.959552376037293
"2331","J01D",1.02179548502806
"2332","J01D",0.813142412674861
"2333","J01D",1.04237009534555
"2334","J01D",0.688181919460846
"2335","J01D",0.865716937423808
"2336","J01D",1.05615589166638
"2337","J01D",0.656578614765915
"2338","J01D",1.07062088318264
"2339","J01D",0.988953775500719
"2340","J01D",0.869402191510724
"2341","J01D",1.25595884188058
"2342","J01D",1.27735256718639
"2343","J01D",0.791572827143857
"2344","J01D",0.90082010428293
"2345","J01D",0.989388176452439
"2346","J01D",0.799951515503794
"2347","J01D",0.634606583155599
"2348","J01D",0.599600017043378
"2349","J01D",0.709161998736007
"2350","J01D",0.671375339541852
"2351","J01D",1.05118964839305
"2352","J01D",0.761928185116762
"2353","J01D",1.19327072027203
"2354","J01D",0.843715205181182
"2355","J01D",0.571310930445539
"2356","J01D",0.566166473934099
"2357","J01D",0.838686698993084
"2358","J01D",1.3212939806527
"2359","J01D",1.0430006499389
"2360","J01D",0.965627282007788
"2361","J01D",0.901543290159658
"2362","J01D",0.966674583364165
"2363","J01D",0.927517484649193
"2364","J01D",0.879138535401567
"2365","J01D",0.759121084407157
"2366","J01D",1.02158676269201
"2367","J01D",1.12476827619095
"2368","J01D",1.10939525616713
"2369","J01D",0.899097874566859
"2370","J01D",0.721718994406024
"2371","J01D",0.827687071940936
"2372","J01D",0.9252101007391
"2373","J01D",1.09312378483173
"2374","J01D",0.717649166993642
"2375","J01D",0.658808748693955
"2376","J01D",1.1433428700806
"2377","J01D",0.94707394467047
"2378","J01D",0.791203662565436
"2379","J01D",1.03564458718809
"2380","J01D",1.19132255450526
"2381","J01D",0.988776059495579
"2382","J01D",0.862345817182549
"2383","J01D",0.997258555484791
"2384","J01D",1.1971524174558
"2385","J01D",0.896837281168383
"2386","J01D",0.850078905239174
"2387","J01D",1.36338949419101
"2388","J01D",0.760062698332087
"2389","J01D",0.644761006452413
"2390","J01D",0.959613608745449
"2391","J01D",0.853885866607832
"2392","J01D",1.15332494592424
"2393","J01D",0.913405013732783
"2394","J01D",1.02802970318018
"2395","J01D",0.82286880367095
"2396","J01D",0.886884066467936
"2397","J01D",0.846151454320994
"2398","J01D",0.859823670883005
"2399","J01D",0.572039725298343
"2400","J01D",0.863195886825144
"2401","J01D",0.555174143470893
"2402","J01D",0.896885381813271
"2403","J01D",0.926781046400493
"2404","J01D",0.717394245464684
"2405","J01D",0.924513110434022
"2406","J01D",0.942719189145812
"2407","J01D",1.11371227760207
"2408","J01D",0.843679706694868
"2409","J01D",0.452174527767168
"2410","J01D",1.23718025581188
"2411","J01D",1.00847304110699
"2412","J01D",1.05149376363992
"2413","J01D",0.89068105956189
"2414","J01D",0.930472923902695
"2415","J01D",0.906268874480357
"2416","J01D",1.03620488576372
"2417","J01D",0.917944462600685
"2418","J01D",0.773039423420653
"2419","J01D",0.714628681393029
"2420","J01D",0.677453758052154
"2421","J01D",1.00811572075995
"2422","J01D",1.23853915137969
"2423","J01D",0.876427082726403
"2424","J01D",0.761129149729258
"2425","J01D",0.83226959837303
"2426","J01D",0.726258698955546
"2427","J01D",1.05215800705885
"2428","J01D",1.32155617462713
"2429","J01D",1.06783245679403
"2430","J01D",0.588659353310627
"2431","J01D",0.913640817756404
"2432","J01D",1.09997904962517
"2433","J01D",0.869454644351425
"2434","J01D",0.97743530862344
"2435","J01D",0.710418717493622
"2436","J01D",0.965265752304169
"2437","J01D",0.569700858231274
"2438","J01D",1.03513074289406
"2439","J01D",1.06405349232121
"2440","J01D",0.634124128888702
"2441","J01D",0.922201974111746
"2442","J01D",0.939752762678528
"2443","J01D",0.567058137790831
"2444","J01D",1.00471229968579
"2445","J01D",0.848074151929761
"2446","J01D",1.06679002764461
"2447","J01D",0.604234666202754
"2448","J01D",0.694752847183521
"2449","J01D",0.984131654309337
"2450","J01D",1.12245046701836
"2451","J01D",1.08510373187452
"2452","J01D",0.763929253172847
"2453","J01D",0.868696455998983
"2454","J01D",1.14905747786376
"2455","J01D",1.11763135570352
"2456","J01D",0.933460863770696
"2457","J01D",0.961685519825328
"2458","J01D",0.88575157575635
"2459","J01D",0.904962279420304
"2460","J01D",0.95606533391622
"2461","J01D",0.836388619430943
"2462","J01D",1.05830191533487
"2463","J01D",0.938148973147762
"2464","J01D",0.687798862686796
"2465","J01D",1.00863522489159
"2466","J01D",0.844044585436369
"2467","J01D",1.03135059080113
"2468","J01D",1.00718873489373
"2469","J01D",1.26907523818371
"2470","J01D",0.675567133068302
"2471","J01D",0.999695598592866
"2472","J01D",0.79724478326878
"2473","J01D",0.654477434365036
"2474","J01D",0.904529845640069
"2475","J01D",1.08419171949176
"2476","J01D",0.559570532199655
"2477","J01D",0.97375041760276
"2478","J01D",1.00536648820668
"2479","J01D",0.731751977714491
"2480","J01D",1.02197855726762
"2481","J01D",1.11308405350766
"2482","J01D",0.625607193389528
"2483","J01D",0.954884579655568
"2484","J01D",1.11934411933025
"2485","J01D",0.837703833052177
"2486","J01D",0.862951941982398
"2487","J01D",0.504616875565995
"2488","J01D",0.89352230669114
"2489","J01D",0.679224510957621
"2490","J01D",0.572027047258969
"2491","J01D",0.955280617837334
"2492","J01D",0.84598539884516
"2493","J01D",0.728245241042089
"2494","J01D",0.911965258400133
"2495","J01D",1.05899362743011
"2496","J01D",1.03346695025951
"2497","J01D",0.765522490997203
"2498","J01D",1.02100126339527
"2499","J01D",1.09793272563058
"2500","J01D",0.959623791406957
"2501","J01D",1.0666650435992
"2502","J01D",0.874116639855831
"2503","J01D",0.737907489701046
"2504","J01D",1.16749287809744
"2505","J01D",1.08937807155461
"2506","J01D",1.00700403557556
"2507","J01D",0.680331861085764
"2508","J01D",0.600500067411858
"2509","J01D",0.875209870289466
"2510","J01D",0.914177863605263
"2511","J01D",1.15976875408381
"2512","J01D",0.939118238778691
"2513","J01D",0.684973396619386
"2514","J01D",0.726045018898229
"2515","J01D",0.794854823776106
"2516","J01D",1.1997921646893
"2517","J01D",0.894095446621866
"2518","J01D",0.844017422292731
"2519","J01D",0.920897980529858
"2520","J01D",0.694889908495205
"2521","J01D",0.936840166883754
"2522","J01D",0.926171069421039
"2523","J01D",1.08195373390888
"2524","J01D",0.668777416676487
"2525","J01D",0.685246815136303
"2526","J01D",0.921609186657167
"2527","J01D",1.09172655257341
"2528","J01D",0.678297755022809
"2529","J01D",1.00799113572454
"2530","J01D",0.784202027395481
"2531","J01D",1.03001777661091
"2532","J01D",1.01116499448644
"2533","J01D",0.792925201873062
"2534","J01D",0.831117096508082
"2535","J01D",0.810696762308958
"2536","J01D",0.970132830313407
"2537","J01D",0.935465454457424
"2538","J01D",0.812746087512805
"2539","J01D",0.844001660708982
"2540","J01D",0.751740196658473
"2541","J01D",0.930283097245584
"2542","J01D",1.05098702171475
"2543","J01D",0.686267249286768
"2544","J01D",1.00032505077394
"2545","J01D",0.966801114910976
"2546","J01D",1.13805568720675
"2547","J01D",1.00609985609745
"2548","J01D",0.719880257491202
"2549","J01D",0.954821824650782
"2550","J01D",0.523279712994086
"2551","J01D",0.961143284461978
"2552","J01D",1.29036985296525
"2553","J01D",0.826304335883338
"2554","J01D",0.858090531785493
"2555","J01D",0.702748863850669
"2556","J01D",0.915326823962492
"2557","J01D",0.91335134340796
"2558","J01D",0.904475418560613
"2559","J01D",0.71172315503814
"2560","J01D",1.04695552031937
"2561","J01D",0.940929731524013
"2562","J01D",0.735945127581044
"2563","J01D",0.817304080128527
"2564","J01D",0.926971875159724
"2565","J01D",0.972950910070167
"2566","J01D",0.353024209508226
"2567","J01D",1.00729559504668
"2568","J01D",1.23223855363746
"2569","J01D",0.836834896232068
"2570","J01D",0.874780463212304
"2571","J01D",1.07218788522437
"2572","J01D",1.07147621579067
"2573","J01D",0.773953868993117
"2574","J01D",0.63815534268468
"2575","J01D",1.09771387272001
"2576","J01D",0.855959679730208
"2577","J01D",0.868393431797194
"2578","J01D",0.951507894542223
"2579","J01D",0.987694413288157
"2580","J01D",0.634665535020941
"2581","J01D",1.15671746261434
"2582","J01D",0.732537708462122
"2583","J01D",1.22690948583654
"2584","J01D",0.837925527541305
"2585","J01D",0.798788408443305
"2586","J01D",0.713035820465626
"2587","J01D",0.847471049018436
"2588","J01D",0.904131386492541
"2589","J01D",1.15575180277137
"2590","J01D",0.87673150884985
"2591","J01D",0.811953299465186
"2592","J01D",0.620072783013977
"2593","J01D",0.994301780682631
"2594","J01D",0.851748057630648
"2595","J01D",1.0835277723099
"2596","J01D",0.881384006955556
"2597","J01D",1.01317277418812
"2598","J01D",0.919279932313001
"2599","J01D",0.649002552097722
"2600","J01D",1.0536081457864
"2601","J01D",1.06507548974583
"2602","J01D",0.735420391399856
"2603","J01D",1.05748193531004
"2604","J01D",0.860792623328377
"2605","J01D",0.915857198131578
"2606","J01D",1.06691949971463
"2607","J01D",1.14907483404663
"2608","J01D",0.99581251827637
"2609","J01D",0.946670548355267
"2610","J01D",0.839058386791357
"2611","J01D",1.23817391414761
"2612","J01D",1.09204923764788
"2613","J01D",0.564817024501261
"2614","J01D",0.917335380009239
"2615","J01D",1.1647348588203
"2616","J01D",0.981463696113203
"2617","J01D",0.616682835903938
"2618","J01D",0.685043646141903
"2619","J01D",0.804305582349267
"2620","J01D",0.68705598248347
"2621","J01D",1.12455431334456
"2622","J01D",1.20043071975744
"2623","J01D",0.9514691379113
"2624","J01D",0.500194770991359
"2625","J01D",0.739310827217232
"2626","J01D",1.12832667211532
"2627","J01D",0.921771110118771
"2628","J01D",0.920096047799081
"2629","J01D",0.864093690989586
"2630","J01D",0.736080295517268
"2631","J01D",0.679260594912687
"2632","J01D",1.07925477862179
"2633","J01D",0.827746987737529
"2634","J01D",1.04145529419023
"2635","J01D",0.669667193972665
"2636","J01D",1.27296480912028
"2637","J01D",1.16843994333746
"2638","J01D",1.20111632349265
"2639","J01D",0.698351382818021
"2640","J01D",0.820322133994886
"2641","J01D",0.760075089787046
"2642","J01D",1.30435563280516
"2643","J01D",0.947223833908232
"2644","J01D",0.948797113492529
"2645","J01D",1.3648961382388
"2646","J01D",0.836941783620565
"2647","J01D",1.05449480487319
"2648","J01D",1.11603778601025
"2649","J01D",1.1737378634826
"2650","J01D",1.07768607141114
"2651","J01D",0.62380554707588
"2652","J01D",0.765018738217214
"2653","J01D",0.894740125047821
"2654","J01D",0.784144006109154
"2655","J01D",0.789292341074372
"2656","J01D",0.882464757589734
"2657","J01D",0.759639172780032
"2658","J01D",0.774629318140935
"2659","J01D",1.06624360569676
"2660","J01D",0.940749392407379
"2661","J01D",0.807572749109597
"2662","J01D",0.975159555502283
"2663","J01D",0.571594193744686
"2664","J01D",0.827762832559871
"2665","J01D",0.977281702883105
"2666","J01D",0.93791884846995
"2667","J01D",1.20580981217424
"2668","J01D",0.859349834852065
"2669","J01D",0.919637563883471
"2670","J01D",0.928818836896805
"2671","J01D",0.800221775679487
"2672","J01D",0.612146460629554
"2673","J01D",1.07233918984408
"2674","J01D",1.01959115209213
"2675","J01D",0.984515432602821
"2676","J01D",0.95507056212635
"2677","J01D",0.961027586790899
"2678","J01D",0.953387630130296
"2679","J01D",1.01979598040547
"2680","J01D",0.695505678545563
"2681","J01D",0.794208523359825
"2682","J01D",1.0948469182743
"2683","J01D",1.16047880727953
"2684","J01D",0.770706006914713
"2685","J01D",0.748302871832697
"2686","J01D",0.51481811628423
"2687","J01D",1.03939557488366
"2688","J01D",1.0286142344416
"2689","J01D",1.01055223376035
"2690","J01D",0.944994415189289
"2691","J01D",0.934371009749659
"2692","J01D",0.910482533334894
"2693","J01D",1.14442340314032
"2694","J01D",0.835518003915825
"2695","J01D",0.80243963292612
"2696","J01D",0.923657090768625
"2697","J01D",0.909770849481223
"2698","J01D",0.853890606745326
"2699","J01D",0.649259612945049
"2700","J01D",0.744596717874466
"2701","J01D",0.712349530948822
"2702","J01D",0.793119208804539
"2703","J01D",0.647567838353623
"2704","J01D",0.952951285384159
"2705","J01D",1.03222219290646
"2706","J01D",0.936315921077951
"2707","J01D",0.877864836577872
"2708","J01D",0.823034761999022
"2709","J01D",0.728184556298211
"2710","J01D",1.04204999159513
"2711","J01D",0.898167140454442
"2712","J01D",0.530916669503106
"2713","J01D",0.735036254598704
"2714","J01D",0.872891336767123
"2715","J01D",1.08246233178182
"2716","J01D",0.937540936746364
"2717","J01D",0.790171886996365
"2718","J01D",0.965434222504232
"2719","J01D",0.995776550692267
"2720","J01D",0.887976185206225
"2721","J01D",0.697089057062747
"2722","J01D",0.891769184176493
"2723","J01D",1.2422072968523
"2724","J01D",1.17087966504557
"2725","J01D",0.911636245027622
"2726","J01D",0.889016202521163
"2727","J01D",0.905001097581894
"2728","J01D",0.803700206062315
"2729","J01D",1.05423604679269
"2730","J01D",0.891651512002013
"2731","J01D",0.80246511108848
"2732","J01D",0.820163687465332
"2733","J01D",0.835993514520032
"2734","J01D",1.07355053975626
"2735","J01D",0.66777171032111
"2736","J01D",1.05567862061605
"2737","J01D",0.959347983026531
"2738","J01D",0.997761749698526
"2739","J01D",0.745898698076169
"2740","J01D",0.900318356397286
"2741","J01D",1.0879850620731
"2742","J01D",1.02774565735252
"2743","J01D",0.864894231567116
"2744","J01D",0.905012364410484
"2745","J01D",0.954245142290207
"2746","J01D",0.91209392138274
"2747","J01D",0.848404468790264
"2748","J01D",1.00737773066952
"2749","J01D",0.909950830682217
"2750","J01D",0.912279604480412
"2751","J01D",0.700462826769255
"2752","J01D",0.729770722782051
"2753","J01D",1.06299674607804
"2754","J01D",0.81766045293473
"2755","J01D",0.884301983294889
"2756","J01D",0.993506510501146
"2757","J01D",0.835315485981224
"2758","J01D",0.726879953213827
"2759","J01D",0.954686401200934
"2760","J01D",0.868772559941718
"2761","J01D",1.20651155665163
"2762","J01D",0.661457274464281
"2763","J01D",0.956742687393575
"2764","J01D",0.929287016907063
"2765","J01D",0.780614277409301
"2766","J01D",0.814040380282561
"2767","J01D",0.754068862308004
"2768","J01D",0.667672299607274
"2769","J01D",1.07474813593877
"2770","J01D",0.770324594265406
"2771","J01D",0.920772639310539
"2772","J01D",0.853694029315929
"2773","J01D",1.04807816143211
"2774","J01D",1.13274059067492
"2775","J01D",1.03727816669985
"2776","J01D",1.0173032382001
"2777","J01D",0.882987191104426
"2778","J01D",0.71856982926199
"2779","J01D",1.25178353216066
"2780","J01D",1.03603986741749
"2781","J01D",0.672421108555174
"2782","J01D",0.703086594498556
"2783","J01D",1.2734459754089
"2784","J01D",0.904427368868293
"2785","J01D",0.960745638519547
"2786","J01D",0.711106476301394
"2787","J01D",0.834121091693718
"2788","J01D",1.25426642888068
"2789","J01D",0.78354285486418
"2790","J01D",1.06503800830571
"2791","J01D",0.90776191298557
"2792","J01D",1.01760994376196
"2793","J01D",0.979822970352093
"2794","J01D",1.10768085986607
"2795","J01D",0.699562006331942
"2796","J01D",0.989042408412855
"2797","J01D",0.753770069178953
"2798","J01D",0.965526083573658
"2799","J01D",1.01768687023077
"2800","J01D",0.633894879528948
"2801","J01D",1.07235083785291
"2802","J01D",0.872600379653468
"2803","J01D",0.967233263460635
"2804","J01D",0.832148052554226
"2805","J01D",0.857714434466674
"2806","J01D",0.793943734463419
"2807","J01D",1.19434764252178
"2808","J01D",0.459237606517138
"2809","J01D",0.442754038652664
"2810","J01D",0.668792490413959
"2811","J01D",0.959469667063805
"2812","J01D",0.723842830664743
"2813","J01D",1.14806166431658
"2814","J01D",0.988548812930592
"2815","J01D",0.609183256012082
"2816","J01D",0.830692254209928
"2817","J01D",0.767281924345902
"2818","J01D",0.697949853569358
"2819","J01D",0.825006012041209
"2820","J01D",0.856758128865792
"2821","J01D",0.953937742366321
"2822","J01D",0.796666527341946
"2823","J01D",0.833950096978671
"2824","J01D",0.870061150067843
"2825","J01D",0.848954811931314
"2826","J01D",0.942028229870015
"2827","J01D",0.864770274285134
"2828","J01D",0.797901344113561
"2829","J01D",0.960042333994231
"2830","J01D",1.03289344538301
"2831","J01D",1.03767713336158
"2832","J01D",0.851505725775362
"2833","J01D",0.741740185236286
"2834","J01D",0.965194604704248
"2835","J01D",0.736555730911593
"2836","J01D",0.831073958375032
"2837","J01D",1.08293279656261
"2838","J01D",0.99647328945193
"2839","J01D",0.587009831512244
"2840","J01D",0.89917220164115
"2841","J01D",1.17088826038804
"2842","J01D",0.783719742629273
"2843","J01D",1.02834724060691
"2844","J01D",0.750278550242481
"2845","J01D",0.620080525268814
"2846","J01D",0.804147157252095
"2847","J01D",0.767695962970082
"2848","J01D",1.16920772413723
"2849","J01D",0.88363160146881
"2850","J01D",0.960083982731254
"2851","J01D",1.06210139626892
"2852","J01D",1.11264288105953
"2853","J01D",1.17586367802047
"2854","J01D",1.08513585581293
"2855","J01D",0.631749235743684
"2856","J01D",0.556216528240551
"2857","J01D",0.976839107599709
"2858","J01D",1.00638524837487
"2859","J01D",0.9489660620006
"2860","J01D",0.658901822990694
"2861","J01D",0.57817935724689
"2862","J01D",0.767639697060159
"2863","J01D",0.905459126585817
"2864","J01D",0.843511363797445
"2865","J01D",1.04619075313878
"2866","J01D",0.989537301464938
"2867","J01D",1.18013259610441
"2868","J01D",0.962062386117017
"2869","J01D",0.878291893339747
"2870","J01D",1.055503422199
"2871","J01D",0.767558216413583
"2872","J01D",1.01434582028132
"2873","J01D",0.841828896741485
"2874","J01D",0.79867059714291
"2875","J01D",1.07175509752875
"2876","J01D",0.76293187157575
"2877","J01D",0.759866002982067
"2878","J01D",0.90605031252167
"2879","J01D",1.16813975373904
"2880","J01D",1.19996889574079
"2881","J01D",1.12760218858772
"2882","J01D",0.757933651824996
"2883","J01D",0.812072101251619
"2884","J01D",1.03086734115542
"2885","J01D",0.515597452583537
"2886","J01D",0.883706763230097
"2887","J01D",1.0931231724669
"2888","J01D",0.593189487716271
"2889","J01D",0.59383865317985
"2890","J01D",0.841751738237146
"2891","J01D",0.702019949502172
"2892","J01D",1.04506884075689
"2893","J01D",0.835358422061525
"2894","J01D",0.634432721188284
"2895","J01D",0.795155533396484
"2896","J01D",0.831575945483674
"2897","J01D",1.22788896726348
"2898","J01D",0.745366676361814
"2899","J01D",0.667118279455652
"2900","J01D",0.869446591225307
"2901","J01D",0.961623745585073
"2902","J01D",0.823534343577296
"2903","J01D",0.70526440122779
"2904","J01D",0.772315353844682
"2905","J01D",0.890063361867403
"2906","J01D",1.11757755606371
"2907","J01D",1.29021794020844
"2908","J01D",0.625305747511694
"2909","J01D",0.970254885886457
"2910","J01D",0.824575072347183
"2911","J01D",1.10143791108132
"2912","J01D",1.30772053020963
"2913","J01D",0.843687174557538
"2914","J01D",1.01167286848044
"2915","J01D",0.847785352129036
"2916","J01D",0.892563709183452
"2917","J01D",1.18325161219744
"2918","J01D",0.906171539614932
"2919","J01D",0.439222694057609
"2920","J01D",0.939426852205147
"2921","J01D",0.826782218866435
"2922","J01D",0.945215086482783
"2923","J01D",0.990974242163954
"2924","J01D",0.818745783714125
"2925","J01D",0.787224701405442
"2926","J01D",1.01219459008661
"2927","J01D",0.8762319480548
"2928","J01D",0.803847143848284
"2929","J01D",0.604447518246532
"2930","J01D",1.02122916018208
"2931","J01D",0.921365845843991
"2932","J01D",0.624850443395095
"2933","J01D",1.0721736927103
"2934","J01D",0.864157658286339
"2935","J01D",0.981448970823981
"2936","J01D",0.98065116959301
"2937","J01D",0.932707752537161
"2938","J01D",0.761261621995316
"2939","J01D",1.0279031218426
"2940","J01D",0.851230154383919
"2941","J01D",1.04961090301738
"2942","J01D",0.807658601424698
"2943","J01D",0.772758311297774
"2944","J01D",1.12213865666679
"2945","J01D",0.897567319587571
"2946","J01D",1.04915922295149
"2947","J01D",0.902980682269707
"2948","J01D",0.717782868518572
"2949","J01D",0.928857757434923
"2950","J01D",1.16862786628485
"2951","J01D",0.693674176079493
"2952","J01D",0.734850134739363
"2953","J01D",1.05671138715961
"2954","J01D",1.13370555467301
"2955","J01D",0.718842457263547
"2956","J01D",0.60982351908362
"2957","J01D",0.976656606572786
"2958","J01D",0.608037708389414
"2959","J01D",0.963614302123447
"2960","J01D",1.06905582273544
"2961","J01D",0.718867187065014
"2962","J01D",0.725336007018434
"2963","J01D",0.89743628012928
"2964","J01D",1.1596445846703
"2965","J01D",0.562953471037971
"2966","J01D",0.600085568012419
"2967","J01D",1.08187979834151
"2968","J01D",0.752736510883346
"2969","J01D",0.643683146401721
"2970","J01D",0.918953286962809
"2971","J01D",0.967250472409373
"2972","J01D",0.989227747632225
"2973","J01D",0.803557648806127
"2974","J01D",1.00262290310339
"2975","J01D",0.635699738798301
"2976","J01D",0.892262452557111
"2977","J01D",1.06960854082633
"2978","J01D",0.968211827952521
"2979","J01D",1.04103739534819
"2980","J01D",0.659963096296426
"2981","J01D",0.94457851638835
"2982","J01D",1.13537717415698
"2983","J01D",0.572845762321075
"2984","J01D",0.842006501499756
"2985","J01D",0.719405642968184
"2986","J01D",0.578572885643057
"2987","J01D",0.857106699804781
"2988","J01D",0.869278588645038
"2989","J01D",0.894966903567964
"2990","J01D",0.802782391835928
"2991","J01D",0.966872324500063
"2992","J01D",0.683275773723392
"2993","J01D",0.864823531776018
"2994","J01D",1.15586109818965
"2995","J01D",0.781573913875435
"2996","J01D",0.98278963542114
"2997","J01D",1.04524754047314
"2998","J01D",0.738771387400988
"2999","J01D",1.19568750957557
"3000","J01D",0.778061660445654
"3001","J01E",0.341301289512071
"3002","J01E",0.308202325550396
"3003","J01E",0.246612886978815
"3004","J01E",0.249930879171166
"3005","J01E",0.289891075851858
"3006","J01E",0.287535968745014
"3007","J01E",0.327756624135614
"3008","J01E",0.28225323282602
"3009","J01E",0.309143879447533
"3010","J01E",0.294260081823066
"3011","J01E",0.238641828894519
"3012","J01E",0.309470590989641
"3013","J01E",0.280337957629622
"3014","J01E",0.255947399803196
"3015","J01E",0.275197918623593
"3016","J01E",0.323640854087965
"3017","J01E",0.305970269331517
"3018","J01E",0.373976663064602
"3019","J01E",0.300265818828903
"3020","J01E",0.297096649756675
"3021","J01E",0.27326115054442
"3022","J01E",0.271558414929462
"3023","J01E",0.311473312387816
"3024","J01E",0.241236012804592
"3025","J01E",0.331913482755687
"3026","J01E",0.303489229646226
"3027","J01E",0.247710834520825
"3028","J01E",0.372918023364836
"3029","J01E",0.375855320134223
"3030","J01E",0.284674313814345
"3031","J01E",0.280440840395938
"3032","J01E",0.36239758978382
"3033","J01E",0.302523293646062
"3034","J01E",0.295404651922613
"3035","J01E",0.289717920981387
"3036","J01E",0.300581178436975
"3037","J01E",0.209552799726049
"3038","J01E",0.354429207816312
"3039","J01E",0.271262716265425
"3040","J01E",0.273323694066581
"3041","J01E",0.297565508384079
"3042","J01E",0.253836092390044
"3043","J01E",0.231768257097052
"3044","J01E",0.362639931737857
"3045","J01E",0.277315707337312
"3046","J01E",0.324437308055577
"3047","J01E",0.218352701024614
"3048","J01E",0.246705117717401
"3049","J01E",0.422677114288175
"3050","J01E",0.285275879869141
"3051","J01E",0.383947622601181
"3052","J01E",0.232789355739143
"3053","J01E",0.251818729440818
"3054","J01E",0.334617864662918
"3055","J01E",0.284956617646166
"3056","J01E",0.305238818458801
"3057","J01E",0.374679743956019
"3058","J01E",0.245561637565119
"3059","J01E",0.355776970929001
"3060","J01E",0.313160472067317
"3061","J01E",0.330943706337426
"3062","J01E",0.29001279559068
"3063","J01E",0.252294574774305
"3064","J01E",0.18752021057285
"3065","J01E",0.426899555912488
"3066","J01E",0.316987728377789
"3067","J01E",0.24829372665697
"3068","J01E",0.316759892764718
"3069","J01E",0.3330093718788
"3070","J01E",0.372249530120257
"3071","J01E",0.272839026308267
"3072","J01E",0.279494736399676
"3073","J01E",0.291592698787701
"3074","J01E",0.300821150943549
"3075","J01E",0.352756436948545
"3076","J01E",0.242524997168529
"3077","J01E",0.303159356111167
"3078","J01E",0.233446846751969
"3079","J01E",0.338349921631087
"3080","J01E",0.254510549265817
"3081","J01E",0.295884710440402
"3082","J01E",0.292199126467983
"3083","J01E",0.327017548374545
"3084","J01E",0.324780871949011
"3085","J01E",0.160932191040557
"3086","J01E",0.305826873466383
"3087","J01E",0.29229539389451
"3088","J01E",0.331847345591749
"3089","J01E",0.281042649497551
"3090","J01E",0.374251530862669
"3091","J01E",0.319375332828083
"3092","J01E",0.217211857558615
"3093","J01E",0.30419778877002
"3094","J01E",0.284779820692381
"3095","J01E",0.321176496659648
"3096","J01E",0.25530426256492
"3097","J01E",0.256274071694382
"3098","J01E",0.27863629548177
"3099","J01E",0.228286629103175
"3100","J01E",0.303326448652871
"3101","J01E",0.231979605145292
"3102","J01E",0.420934229240685
"3103","J01E",0.257665669837227
"3104","J01E",0.32085574107575
"3105","J01E",0.328438026818535
"3106","J01E",0.203931321449631
"3107","J01E",0.241466491024956
"3108","J01E",0.341822665213688
"3109","J01E",0.39608683105479
"3110","J01E",0.383764641276219
"3111","J01E",0.345368898751273
"3112","J01E",0.263764172166685
"3113","J01E",0.335297150039081
"3114","J01E",0.314598444179346
"3115","J01E",0.386618142236888
"3116","J01E",0.291181118488736
"3117","J01E",0.310550521983628
"3118","J01E",0.413501364700644
"3119","J01E",0.315174215727967
"3120","J01E",0.296154135209944
"3121","J01E",0.228172352808465
"3122","J01E",0.248998672872462
"3123","J01E",0.348882640126294
"3124","J01E",0.316809748948442
"3125","J01E",0.254830583827258
"3126","J01E",0.369691017708589
"3127","J01E",0.20705287462444
"3128","J01E",0.303424818096334
"3129","J01E",0.242307068764092
"3130","J01E",0.234390948124101
"3131","J01E",0.23891588314029
"3132","J01E",0.26968969134354
"3133","J01E",0.31075147282134
"3134","J01E",0.252250255884135
"3135","J01E",0.320907201884579
"3136","J01E",0.307960111553078
"3137","J01E",0.269345513360619
"3138","J01E",0.330811412340831
"3139","J01E",0.243612481873284
"3140","J01E",0.307292329259661
"3141","J01E",0.23483267546223
"3142","J01E",0.295403197545247
"3143","J01E",0.386906832981309
"3144","J01E",0.3285354882402
"3145","J01E",0.365801578239032
"3146","J01E",0.230271591565297
"3147","J01E",0.30411959631833
"3148","J01E",0.437820353706163
"3149","J01E",0.292765922458819
"3150","J01E",0.168480930418377
"3151","J01E",0.285272859509294
"3152","J01E",0.3277157477784
"3153","J01E",0.309746660713843
"3154","J01E",0.389901092611848
"3155","J01E",0.338510546494264
"3156","J01E",0.205463367657365
"3157","J01E",0.318397223000304
"3158","J01E",0.334493908387181
"3159","J01E",0.313287629168633
"3160","J01E",0.272004640900492
"3161","J01E",0.247307925571397
"3162","J01E",0.32655952955637
"3163","J01E",0.240203380333633
"3164","J01E",0.184327013212929
"3165","J01E",0.256901634410419
"3166","J01E",0.351431700180111
"3167","J01E",0.250837212198081
"3168","J01E",0.325225451477492
"3169","J01E",0.313515898132578
"3170","J01E",0.325109697968173
"3171","J01E",0.251014902098332
"3172","J01E",0.343306694530017
"3173","J01E",0.302364780918554
"3174","J01E",0.267312583645255
"3175","J01E",0.273020732025627
"3176","J01E",0.343837599265601
"3177","J01E",0.281167360079431
"3178","J01E",0.26949779993199
"3179","J01E",0.358857123004629
"3180","J01E",0.28230733934282
"3181","J01E",0.252491145233485
"3182","J01E",0.298621729439473
"3183","J01E",0.283235929705047
"3184","J01E",0.361586063635209
"3185","J01E",0.326028255748191
"3186","J01E",0.281973327427697
"3187","J01E",0.291679201035488
"3188","J01E",0.285501160617888
"3189","J01E",0.313624389920194
"3190","J01E",0.318262007935718
"3191","J01E",0.373692571173142
"3192","J01E",0.328087429054697
"3193","J01E",0.33689310953709
"3194","J01E",0.232213838948521
"3195","J01E",0.300334719046158
"3196","J01E",0.369513795525068
"3197","J01E",0.272472186650045
"3198","J01E",0.273314809941032
"3199","J01E",0.264952354782095
"3200","J01E",0.274017963248563
"3201","J01E",0.239228608375873
"3202","J01E",0.321816127666431
"3203","J01E",0.296871511832033
"3204","J01E",0.227677550558027
"3205","J01E",0.325749920676427
"3206","J01E",0.257845443600854
"3207","J01E",0.33067699147283
"3208","J01E",0.203554539478031
"3209","J01E",0.254721691178453
"3210","J01E",0.262131357297762
"3211","J01E",0.311413959834262
"3212","J01E",0.332287100360795
"3213","J01E",0.270703794192318
"3214","J01E",0.252457388392919
"3215","J01E",0.376630779936338
"3216","J01E",0.287175427831985
"3217","J01E",0.320367713669292
"3218","J01E",0.243818366592086
"3219","J01E",0.325783528085193
"3220","J01E",0.356536443634855
"3221","J01E",0.293383544801863
"3222","J01E",0.267772194577599
"3223","J01E",0.336113308469111
"3224","J01E",0.34962403666237
"3225","J01E",0.301985857152318
"3226","J01E",0.339352174324974
"3227","J01E",0.263604017531677
"3228","J01E",0.242952397120557
"3229","J01E",0.310374484941127
"3230","J01E",0.247779977492453
"3231","J01E",0.204983514571318
"3232","J01E",0.228481131789402
"3233","J01E",0.301153470782516
"3234","J01E",0.383817316574525
"3235","J01E",0.366179929360645
"3236","J01E",0.237795377901536
"3237","J01E",0.254489525175603
"3238","J01E",0.317812986319098
"3239","J01E",0.312373524981074
"3240","J01E",0.290988737274325
"3241","J01E",0.201011157322269
"3242","J01E",0.265858663256385
"3243","J01E",0.280472314974578
"3244","J01E",0.317795874229493
"3245","J01E",0.241436639466837
"3246","J01E",0.253750258973649
"3247","J01E",0.286893981019197
"3248","J01E",0.264370728683824
"3249","J01E",0.315891967455188
"3250","J01E",0.37918634995842
"3251","J01E",0.316090685306766
"3252","J01E",0.308931619071004
"3253","J01E",0.353654424974077
"3254","J01E",0.278591611267509
"3255","J01E",0.515976592232262
"3256","J01E",0.29633977913959
"3257","J01E",0.280650692201653
"3258","J01E",0.226353531111246
"3259","J01E",0.314804996714121
"3260","J01E",0.34234658479268
"3261","J01E",0.280291120919755
"3262","J01E",0.237063287256997
"3263","J01E",0.224926656699737
"3264","J01E",0.250879015186028
"3265","J01E",0.361989120117473
"3266","J01E",0.297390151251851
"3267","J01E",0.194694117361024
"3268","J01E",0.233178657687629
"3269","J01E",0.211741230420753
"3270","J01E",0.331398678037397
"3271","J01E",0.260559139228982
"3272","J01E",0.299121499738297
"3273","J01E",0.32773017126649
"3274","J01E",0.280455334878245
"3275","J01E",0.289485299835296
"3276","J01E",0.230500241814422
"3277","J01E",0.257442569609775
"3278","J01E",0.280320740581122
"3279","J01E",0.276319112541816
"3280","J01E",0.310325896553427
"3281","J01E",0.29723825976761
"3282","J01E",0.302193649273041
"3283","J01E",0.292175721140236
"3284","J01E",0.266941424969608
"3285","J01E",0.379213657978519
"3286","J01E",0.37633451966511
"3287","J01E",0.253545378127791
"3288","J01E",0.308164472050603
"3289","J01E",0.312023092741408
"3290","J01E",0.286852399380482
"3291","J01E",0.323882642240111
"3292","J01E",0.185610994731417
"3293","J01E",0.298410379926066
"3294","J01E",0.293463544751346
"3295","J01E",0.429827864998198
"3296","J01E",0.277736207405285
"3297","J01E",0.253815671791139
"3298","J01E",0.209516017357208
"3299","J01E",0.422014678828931
"3300","J01E",0.300234738793056
"3301","J01E",0.29336907877063
"3302","J01E",0.384450314883068
"3303","J01E",0.216464008849565
"3304","J01E",0.27146753975649
"3305","J01E",0.305532726104035
"3306","J01E",0.276679213749521
"3307","J01E",0.356504323144205
"3308","J01E",0.352249908645974
"3309","J01E",0.249417178759539
"3310","J01E",0.245449688985092
"3311","J01E",0.377130990452972
"3312","J01E",0.275276984993632
"3313","J01E",0.303205701791291
"3314","J01E",0.282591494802221
"3315","J01E",0.330213124821211
"3316","J01E",0.240711124578205
"3317","J01E",0.208529648410473
"3318","J01E",0.269671673154759
"3319","J01E",0.352891170747541
"3320","J01E",0.40465144625753
"3321","J01E",0.323239494420014
"3322","J01E",0.259914360643455
"3323","J01E",0.284077741661722
"3324","J01E",0.31668336068832
"3325","J01E",0.242542829743435
"3326","J01E",0.286071451698645
"3327","J01E",0.295637103123172
"3328","J01E",0.288859374220186
"3329","J01E",0.298376586470622
"3330","J01E",0.330919001916671
"3331","J01E",0.279016905257454
"3332","J01E",0.295988466005594
"3333","J01E",0.37993491836858
"3334","J01E",0.199284732731308
"3335","J01E",0.397112170360151
"3336","J01E",0.317143480935753
"3337","J01E",0.294104628305458
"3338","J01E",0.307880919416349
"3339","J01E",0.36757186030309
"3340","J01E",0.31116148230128
"3341","J01E",0.286476178666624
"3342","J01E",0.332962151980899
"3343","J01E",0.269712925664488
"3344","J01E",0.294742615384024
"3345","J01E",0.305045664401016
"3346","J01E",0.262453880229895
"3347","J01E",0.326552155753503
"3348","J01E",0.265822214537353
"3349","J01E",0.291236106792382
"3350","J01E",0.228108054219065
"3351","J01E",0.26743768047643
"3352","J01E",0.256932576552635
"3353","J01E",0.254567053801767
"3354","J01E",0.215942784679023
"3355","J01E",0.274360399926147
"3356","J01E",0.223501544001505
"3357","J01E",0.308633026063297
"3358","J01E",0.291825125743889
"3359","J01E",0.295883630464767
"3360","J01E",0.282188237627983
"3361","J01E",0.2940089910694
"3362","J01E",0.248757108023382
"3363","J01E",0.29352094948101
"3364","J01E",0.233908502882316
"3365","J01E",0.204613452693398
"3366","J01E",0.265661993542456
"3367","J01E",0.340144651880684
"3368","J01E",0.380863147042802
"3369","J01E",0.28949273207882
"3370","J01E",0.280121986554319
"3371","J01E",0.257166364111354
"3372","J01E",0.362268962424917
"3373","J01E",0.286481523717247
"3374","J01E",0.187441906369909
"3375","J01E",0.34031462908344
"3376","J01E",0.213912813252321
"3377","J01E",0.270747120409071
"3378","J01E",0.313622403008299
"3379","J01E",0.360581110048972
"3380","J01E",0.358610752168606
"3381","J01E",0.341799736966696
"3382","J01E",0.306515545248666
"3383","J01E",0.217739282918861
"3384","J01E",0.211572658533317
"3385","J01E",0.313030049163778
"3386","J01E",0.330433713165517
"3387","J01E",0.347242912279043
"3388","J01E",0.33851649367607
"3389","J01E",0.277567120987768
"3390","J01E",0.339195709913305
"3391","J01E",0.279881409755679
"3392","J01E",0.295478452011779
"3393","J01E",0.297547179695476
"3394","J01E",0.259083853615897
"3395","J01E",0.374600261464177
"3396","J01E",0.21233127893643
"3397","J01E",0.333119150600619
"3398","J01E",0.308298451101377
"3399","J01E",0.408937654750363
"3400","J01E",0.246744766861977
"3401","J01E",0.309576135540748
"3402","J01E",0.316188374327187
"3403","J01E",0.162918291967653
"3404","J01E",0.232836940391878
"3405","J01E",0.221208381790492
"3406","J01E",0.284627464357791
"3407","J01E",0.243407065644655
"3408","J01E",0.268624468754401
"3409","J01E",0.217406624161505
"3410","J01E",0.209672574733886
"3411","J01E",0.352261282451009
"3412","J01E",0.232491226512897
"3413","J01E",0.316807060604849
"3414","J01E",0.227928246358196
"3415","J01E",0.211033000117698
"3416","J01E",0.326591441805686
"3417","J01E",0.24823493790891
"3418","J01E",0.351692759271066
"3419","J01E",0.397309180098411
"3420","J01E",0.334901728984186
"3421","J01E",0.304689301029588
"3422","J01E",0.198148026669921
"3423","J01E",0.334501767342721
"3424","J01E",0.267138035095325
"3425","J01E",0.226837649229826
"3426","J01E",0.269979281432313
"3427","J01E",0.382078865303309
"3428","J01E",0.272326502200073
"3429","J01E",0.377584732115938
"3430","J01E",0.294702821475454
"3431","J01E",0.405691765484795
"3432","J01E",0.253961007411721
"3433","J01E",0.267459017184745
"3434","J01E",0.35203888878298
"3435","J01E",0.165077123300133
"3436","J01E",0.245491549751808
"3437","J01E",0.312706444095442
"3438","J01E",0.313303878123033
"3439","J01E",0.266449734283516
"3440","J01E",0.277394714702566
"3441","J01E",0.291550577953066
"3442","J01E",0.344556282327639
"3443","J01E",0.306264100374086
"3444","J01E",0.264174271158668
"3445","J01E",0.310022019423177
"3446","J01E",0.263935738573905
"3447","J01E",0.206873444537277
"3448","J01E",0.279428008258983
"3449","J01E",0.302236227827385
"3450","J01E",0.306077137524027
"3451","J01E",0.293190742943865
"3452","J01E",0.373698132689483
"3453","J01E",0.166629082468603
"3454","J01E",0.389487650743484
"3455","J01E",0.233885824152783
"3456","J01E",0.207660911184283
"3457","J01E",0.26078009321753
"3458","J01E",0.398027078453614
"3459","J01E",0.216864885050376
"3460","J01E",0.258017261078577
"3461","J01E",0.232552437468527
"3462","J01E",0.3392566600477
"3463","J01E",0.28508397224319
"3464","J01E",0.290052914296795
"3465","J01E",0.353397915624505
"3466","J01E",0.332208052083997
"3467","J01E",0.224297205968092
"3468","J01E",0.371262829783757
"3469","J01E",0.36356996430459
"3470","J01E",0.246881369257709
"3471","J01E",0.25679332342593
"3472","J01E",0.273803934691777
"3473","J01E",0.237740409937663
"3474","J01E",0.313820840968446
"3475","J01E",0.406294621145946
"3476","J01E",0.290368235695527
"3477","J01E",0.1279568805605
"3478","J01E",0.309498557453593
"3479","J01E",0.292637661642546
"3480","J01E",0.359313102980423
"3481","J01E",0.262473261323754
"3482","J01E",0.396283765153147
"3483","J01E",0.318814862205733
"3484","J01E",0.352819576364454
"3485","J01E",0.303108437315953
"3486","J01E",0.327581429577703
"3487","J01E",0.357922871466102
"3488","J01E",0.248242021687128
"3489","J01E",0.282547273041559
"3490","J01E",0.313455991233769
"3491","J01E",0.378057245372582
"3492","J01E",0.371513771918598
"3493","J01E",0.277541460225835
"3494","J01E",0.273001472675053
"3495","J01E",0.400577233561203
"3496","J01E",0.272304791383933
"3497","J01E",0.310115523344951
"3498","J01E",0.337493170185759
"3499","J01E",0.235375878772819
"3500","J01E",0.300329396412215
"3501","J01E",0.310348979745367
"3502","J01E",0.340048067049229
"3503","J01E",0.306008172011218
"3504","J01E",0.173319566729534
"3505","J01E",0.378758604792357
"3506","J01E",0.306235233753424
"3507","J01E",0.25591591119252
"3508","J01E",0.323811098233045
"3509","J01E",0.30085607501505
"3510","J01E",0.370002665910044
"3511","J01E",0.364700862749808
"3512","J01E",0.332797632230685
"3513","J01E",0.202838070946831
"3514","J01E",0.248996271168563
"3515","J01E",0.290394731761819
"3516","J01E",0.308888387628106
"3517","J01E",0.32981048213023
"3518","J01E",0.261151607063523
"3519","J01E",0.324597350455474
"3520","J01E",0.272728982092152
"3521","J01E",0.277216776820369
"3522","J01E",0.263645524609181
"3523","J01E",0.238526628713942
"3524","J01E",0.393925826027866
"3525","J01E",0.268347734952674
"3526","J01E",0.231377744263005
"3527","J01E",0.271579040830729
"3528","J01E",0.382038243270331
"3529","J01E",0.318779689357204
"3530","J01E",0.330263980215963
"3531","J01E",0.306338963897647
"3532","J01E",0.239653026036527
"3533","J01E",0.236832519828867
"3534","J01E",0.213892766280649
"3535","J01E",0.216886711576014
"3536","J01E",0.344296080480165
"3537","J01E",0.308969116362352
"3538","J01E",0.300249406429027
"3539","J01E",0.387241718995948
"3540","J01E",0.205472260323604
"3541","J01E",0.269899549827698
"3542","J01E",0.339936440215091
"3543","J01E",0.36389185756851
"3544","J01E",0.337922371887229
"3545","J01E",0.211776962126544
"3546","J01E",0.269774746397686
"3547","J01E",0.239104501332402
"3548","J01E",0.296733944781808
"3549","J01E",0.380611266757406
"3550","J01E",0.184234237639307
"3551","J01E",0.365503963172544
"3552","J01E",0.342030205784651
"3553","J01E",0.386595726101657
"3554","J01E",0.275809720217817
"3555","J01E",0.335954638202305
"3556","J01E",0.336467202327349
"3557","J01E",0.253301457880207
"3558","J01E",0.20458215097333
"3559","J01E",0.348582312670716
"3560","J01E",0.268496982174722
"3561","J01E",0.28643142944797
"3562","J01E",0.371535445600222
"3563","J01E",0.271644469254831
"3564","J01E",0.242146204391006
"3565","J01E",0.261058362457518
"3566","J01E",0.255146821056118
"3567","J01E",0.259806691362605
"3568","J01E",0.230632170101993
"3569","J01E",0.287137369558152
"3570","J01E",0.252372150564223
"3571","J01E",0.285663380789312
"3572","J01E",0.299965935709904
"3573","J01E",0.29720350816691
"3574","J01E",0.288934594646685
"3575","J01E",0.306045038174466
"3576","J01E",0.424885834880194
"3577","J01E",0.396561109720692
"3578","J01E",0.279962086144369
"3579","J01E",0.313336523133063
"3580","J01E",0.229599225163456
"3581","J01E",0.239275305010918
"3582","J01E",0.384005629366857
"3583","J01E",0.290597968022818
"3584","J01E",0.321155254196395
"3585","J01E",0.352528481278008
"3586","J01E",0.314939965945172
"3587","J01E",0.224049987818378
"3588","J01E",0.324715226277096
"3589","J01E",0.33106185580361
"3590","J01E",0.251356091474954
"3591","J01E",0.227647450185371
"3592","J01E",0.205842355235219
"3593","J01E",0.347776961033797
"3594","J01E",0.270927395093204
"3595","J01E",0.229171763178513
"3596","J01E",0.239579097982071
"3597","J01E",0.214325167886133
"3598","J01E",0.347927320780627
"3599","J01E",0.239731394219879
"3600","J01E",0.243764741895129
"3601","J01E",0.277261316398435
"3602","J01E",0.257313162471042
"3603","J01E",0.329515594617483
"3604","J01E",0.312112755883615
"3605","J01E",0.262350760593378
"3606","J01E",0.282994521914132
"3607","J01E",0.289427696027377
"3608","J01E",0.271268717249519
"3609","J01E",0.256943450868187
"3610","J01E",0.400733300298269
"3611","J01E",0.309109138223424
"3612","J01E",0.321644526302121
"3613","J01E",0.287259472777082
"3614","J01E",0.263163199821952
"3615","J01E",0.258904711436847
"3616","J01E",0.300970508857093
"3617","J01E",0.334978659695174
"3618","J01E",0.30271873331265
"3619","J01E",0.421796050831281
"3620","J01E",0.306456794623222
"3621","J01E",0.253790834821566
"3622","J01E",0.25398841344493
"3623","J01E",0.386753241061075
"3624","J01E",0.255448136039585
"3625","J01E",0.226586441693114
"3626","J01E",0.294224342121474
"3627","J01E",0.313086933626611
"3628","J01E",0.298102323930763
"3629","J01E",0.212183839012566
"3630","J01E",0.372763281979836
"3631","J01E",0.33966689036398
"3632","J01E",0.382102715720141
"3633","J01E",0.263776136028489
"3634","J01E",0.267119340151816
"3635","J01E",0.284779542285076
"3636","J01E",0.25949483539524
"3637","J01E",0.310952934567084
"3638","J01E",0.266785715277938
"3639","J01E",0.338057379926604
"3640","J01E",0.278916943434995
"3641","J01E",0.234821558829096
"3642","J01E",0.339864326497543
"3643","J01E",0.291062607197477
"3644","J01E",0.218244849746495
"3645","J01E",0.2529661820571
"3646","J01E",0.251349255298544
"3647","J01E",0.260923681422953
"3648","J01E",0.331451753487294
"3649","J01E",0.290400749154515
"3650","J01E",0.428474249678833
"3651","J01E",0.287346271137925
"3652","J01E",0.337400702660233
"3653","J01E",0.271567551796552
"3654","J01E",0.251996427995613
"3655","J01E",0.351521425918999
"3656","J01E",0.292326471393416
"3657","J01E",0.234735636780578
"3658","J01E",0.245637113435464
"3659","J01E",0.298723037090464
"3660","J01E",0.369109310395446
"3661","J01E",0.293132595075776
"3662","J01E",0.392960316189414
"3663","J01E",0.228674607933575
"3664","J01E",0.240784227812042
"3665","J01E",0.270176520439425
"3666","J01E",0.31062270851881
"3667","J01E",0.329134192358482
"3668","J01E",0.278729617429273
"3669","J01E",0.257264558478845
"3670","J01E",0.239133026849041
"3671","J01E",0.25437542611613
"3672","J01E",0.296984091054786
"3673","J01E",0.341134336734787
"3674","J01E",0.280833319998054
"3675","J01E",0.256924187909341
"3676","J01E",0.320337463303342
"3677","J01E",0.297059903010218
"3678","J01E",0.320323117647888
"3679","J01E",0.312188887555305
"3680","J01E",0.40151143449638
"3681","J01E",0.359440287212569
"3682","J01E",0.298670316371676
"3683","J01E",0.246650925295508
"3684","J01E",0.280744376080243
"3685","J01E",0.352038160483219
"3686","J01E",0.319464585124987
"3687","J01E",0.280284937292414
"3688","J01E",0.408138582581034
"3689","J01E",0.346062955116895
"3690","J01E",0.285444236316559
"3691","J01E",0.212984337270894
"3692","J01E",0.293667486565808
"3693","J01E",0.293896914259051
"3694","J01E",0.249786512757957
"3695","J01E",0.338417040204675
"3696","J01E",0.243423175074774
"3697","J01E",0.334572192571021
"3698","J01E",0.344014456271877
"3699","J01E",0.289922106791803
"3700","J01E",0.228981718357115
"3701","J01E",0.253956238436546
"3702","J01E",0.370520674149276
"3703","J01E",0.317671779014216
"3704","J01E",0.293575926875213
"3705","J01E",0.328721794887587
"3706","J01E",0.337110653192346
"3707","J01E",0.322158333572938
"3708","J01E",0.247065918629738
"3709","J01E",0.351113368713785
"3710","J01E",0.315656967252783
"3711","J01E",0.262353032940323
"3712","J01E",0.231574939247838
"3713","J01E",0.252695266756047
"3714","J01E",0.25225433166487
"3715","J01E",0.327945161100957
"3716","J01E",0.269231339563664
"3717","J01E",0.300925173719701
"3718","J01E",0.343493936662764
"3719","J01E",0.281447725210452
"3720","J01E",0.329748575552419
"3721","J01E",0.281871769224323
"3722","J01E",0.357063270594447
"3723","J01E",0.297671530051222
"3724","J01E",0.339485115509837
"3725","J01E",0.233388681473601
"3726","J01E",0.317907854964936
"3727","J01E",0.320190861389811
"3728","J01E",0.2689750780345
"3729","J01E",0.266409205735217
"3730","J01E",0.382226235131776
"3731","J01E",0.196305243167666
"3732","J01E",0.271981019852135
"3733","J01E",0.300164949114433
"3734","J01E",0.319798709979904
"3735","J01E",0.178215076533995
"3736","J01E",0.302091024239894
"3737","J01E",0.382963991012577
"3738","J01E",0.324793938545096
"3739","J01E",0.39076031507259
"3740","J01E",0.469501974131176
"3741","J01E",0.272374139277393
"3742","J01E",0.284913952130543
"3743","J01E",0.307579276171353
"3744","J01E",0.284739185392654
"3745","J01E",0.334722494378191
"3746","J01E",0.25065323545285
"3747","J01E",0.232673400476377
"3748","J01E",0.243808751886421
"3749","J01E",0.325888840591494
"3750","J01E",0.284691925971628
"3751","J01E",0.270338717481179
"3752","J01E",0.275813520307735
"3753","J01E",0.244212498842062
"3754","J01E",0.362582461269363
"3755","J01E",0.228850900383497
"3756","J01E",0.343496499381314
"3757","J01E",0.284273230688866
"3758","J01E",0.19989693503763
"3759","J01E",0.235632791525579
"3760","J01E",0.232695559869234
"3761","J01E",0.244177151290492
"3762","J01E",0.425880604995849
"3763","J01E",0.348491571440146
"3764","J01E",0.248162191309947
"3765","J01E",0.344381657979386
"3766","J01E",0.31336232279502
"3767","J01E",0.302726152681887
"3768","J01E",0.193680654320403
"3769","J01E",0.364772513297021
"3770","J01E",0.301497130919382
"3771","J01E",0.205762936536236
"3772","J01E",0.370703618530476
"3773","J01E",0.313362826225587
"3774","J01E",0.211744372812432
"3775","J01E",0.151360742376401
"3776","J01E",0.218481947713381
"3777","J01E",0.263319511164654
"3778","J01E",0.266756666213099
"3779","J01E",0.373968218211542
"3780","J01E",0.297419993310259
"3781","J01E",0.327736782470427
"3782","J01E",0.396035706873692
"3783","J01E",0.284875325858024
"3784","J01E",0.315887741240726
"3785","J01E",0.29128799593993
"3786","J01E",0.348285184126588
"3787","J01E",0.283012754118575
"3788","J01E",0.327747758024979
"3789","J01E",0.375026537128727
"3790","J01E",0.29040261941757
"3791","J01E",0.287173511101453
"3792","J01E",0.304337474735893
"3793","J01E",0.25788078195881
"3794","J01E",0.283339038991935
"3795","J01E",0.291431519995925
"3796","J01E",0.174616232360374
"3797","J01E",0.231153309978577
"3798","J01E",0.260833497260102
"3799","J01E",0.25571329798694
"3800","J01E",0.315771599846007
"3801","J01E",0.233791279637528
"3802","J01E",0.315263840461276
"3803","J01E",0.278426818068853
"3804","J01E",0.305822110848127
"3805","J01E",0.203834255726409
"3806","J01E",0.263540324269344
"3807","J01E",0.332983548497044
"3808","J01E",0.316189721623872
"3809","J01E",0.260805578413867
"3810","J01E",0.260545118176807
"3811","J01E",0.297995866270536
"3812","J01E",0.207041727511501
"3813","J01E",0.403787924410821
"3814","J01E",0.413851827733133
"3815","J01E",0.32042462652331
"3816","J01E",0.277716400168949
"3817","J01E",0.361935906552642
"3818","J01E",0.295790572368949
"3819","J01E",0.264188847412785
"3820","J01E",0.352632481337604
"3821","J01E",0.271661875412118
"3822","J01E",0.383579735964932
"3823","J01E",0.289456354642733
"3824","J01E",0.297393114627515
"3825","J01E",0.309783324507892
"3826","J01E",0.248051853817512
"3827","J01E",0.206087527220366
"3828","J01E",0.254837218431643
"3829","J01E",0.313143992095574
"3830","J01E",0.391117477620615
"3831","J01E",0.343068042188002
"3832","J01E",0.32902790682545
"3833","J01E",0.291189723251498
"3834","J01E",0.301845665139624
"3835","J01E",0.3050836545868
"3836","J01E",0.366839383345476
"3837","J01E",0.245432897334676
"3838","J01E",0.247265932782
"3839","J01E",0.230611922996304
"3840","J01E",0.270072395817415
"3841","J01E",0.31541103658368
"3842","J01E",0.265583280057511
"3843","J01E",0.372590556508933
"3844","J01E",0.278652731011804
"3845","J01E",0.379224673741431
"3846","J01E",0.300284347285218
"3847","J01E",0.286040298994877
"3848","J01E",0.379488703845297
"3849","J01E",0.341046568248865
"3850","J01E",0.309086856366971
"3851","J01E",0.333501681661119
"3852","J01E",0.220371531082079
"3853","J01E",0.402088717562572
"3854","J01E",0.215552473494421
"3855","J01E",0.276176161745754
"3856","J01E",0.286568816824891
"3857","J01E",0.206890881766077
"3858","J01E",0.197579457768764
"3859","J01E",0.29790306505537
"3860","J01E",0.276043421580121
"3861","J01E",0.285553036271673
"3862","J01E",0.255602149353972
"3863","J01E",0.265968099871935
"3864","J01E",0.358360923163574
"3865","J01E",0.299825273148455
"3866","J01E",0.241677667453652
"3867","J01E",0.350369548862585
"3868","J01E",0.330670922012049
"3869","J01E",0.282699984775791
"3870","J01E",0.313215356596445
"3871","J01E",0.357529335954216
"3872","J01E",0.293686668202153
"3873","J01E",0.305847634841038
"3874","J01E",0.217280318494186
"3875","J01E",0.280974963104322
"3876","J01E",0.355172246680624
"3877","J01E",0.415583659460484
"3878","J01E",0.296582704873932
"3879","J01E",0.285808957062917
"3880","J01E",0.257395538946724
"3881","J01E",0.286008484865617
"3882","J01E",0.22861724574451
"3883","J01E",0.271636633635627
"3884","J01E",0.36535083502278
"3885","J01E",0.248225584627042
"3886","J01E",0.401546984471176
"3887","J01E",0.263992139108925
"3888","J01E",0.268055165957078
"3889","J01E",0.254033091407762
"3890","J01E",0.257728709994721
"3891","J01E",0.25979569422231
"3892","J01E",0.252950889147693
"3893","J01E",0.276638656825114
"3894","J01E",0.39185431738697
"3895","J01E",0.221769951328505
"3896","J01E",0.298551576434703
"3897","J01E",0.305180309129461
"3898","J01E",0.296539741377138
"3899","J01E",0.204199128217401
"3900","J01E",0.293838199883185
"3901","J01E",0.306983500471567
"3902","J01E",0.26664982037541
"3903","J01E",0.323116795550511
"3904","J01E",0.274008853779174
"3905","J01E",0.238936916006731
"3906","J01E",0.268288295983829
"3907","J01E",0.282705110588378
"3908","J01E",0.316855770750361
"3909","J01E",0.269856229283814
"3910","J01E",0.312394392403396
"3911","J01E",0.371603810577457
"3912","J01E",0.277343160510771
"3913","J01E",0.240042597741218
"3914","J01E",0.33215570435035
"3915","J01E",0.367424981884343
"3916","J01E",0.361124255580042
"3917","J01E",0.391425361507897
"3918","J01E",0.281239277035225
"3919","J01E",0.331489489553396
"3920","J01E",0.322454976207585
"3921","J01E",0.30318642000041
"3922","J01E",0.290790005311216
"3923","J01E",0.236667150730012
"3924","J01E",0.166794475944604
"3925","J01E",0.276557002396491
"3926","J01E",0.241386973144163
"3927","J01E",0.358562931387037
"3928","J01E",0.310328081402282
"3929","J01E",0.265338170964249
"3930","J01E",0.323423098556538
"3931","J01E",0.334019557001632
"3932","J01E",0.214293070655985
"3933","J01E",0.263453701303806
"3934","J01E",0.33292649586263
"3935","J01E",0.304008714665385
"3936","J01E",0.191602317205767
"3937","J01E",0.195071327139226
"3938","J01E",0.263751797442138
"3939","J01E",0.348221767102343
"3940","J01E",0.286971235361437
"3941","J01E",0.326388970974084
"3942","J01E",0.273176628302249
"3943","J01E",0.269383402539096
"3944","J01E",0.297279779473632
"3945","J01E",0.268894275034408
"3946","J01E",0.362642797791691
"3947","J01E",0.297926226534783
"3948","J01E",0.233240673625441
"3949","J01E",0.327462944755018
"3950","J01E",0.2966152118355
"3951","J01E",0.275123726870401
"3952","J01E",0.388712320884418
"3953","J01E",0.256764861712865
"3954","J01E",0.316959382224996
"3955","J01E",0.282574810817277
"3956","J01E",0.345319803843468
"3957","J01E",0.175445377674649
"3958","J01E",0.318633205531824
"3959","J01E",0.236019863827975
"3960","J01E",0.260407739398324
"3961","J01E",0.310635350242569
"3962","J01E",0.274920513150706
"3963","J01E",0.252067626337864
"3964","J01E",0.350773204781141
"3965","J01E",0.267268783289642
"3966","J01E",0.333790833373199
"3967","J01E",0.306705027959056
"3968","J01E",0.299028397939049
"3969","J01E",0.361689857716795
"3970","J01E",0.318951616305178
"3971","J01E",0.276521615778104
"3972","J01E",0.305723893716356
"3973","J01E",0.371645184511048
"3974","J01E",0.187945567061009
"3975","J01E",0.18164145414729
"3976","J01E",0.328888348392731
"3977","J01E",0.291217977067153
"3978","J01E",0.355314056206595
"3979","J01E",0.325555370812932
"3980","J01E",0.232267813172283
"3981","J01E",0.309440886790674
"3982","J01E",0.352941244360792
"3983","J01E",0.26586418710896
"3984","J01E",0.35222363488712
"3985","J01E",0.24314159628604
"3986","J01E",0.278160035461872
"3987","J01E",0.302159127274946
"3988","J01E",0.379170004289153
"3989","J01E",0.284704671862962
"3990","J01E",0.247721972780178
"3991","J01E",0.360055366515807
"3992","J01E",0.293780265229636
"3993","J01E",0.377792829621994
"3994","J01E",0.200068364730983
"3995","J01E",0.217943241010912
"3996","J01E",0.219019470744302
"3997","J01E",0.280636675997973
"3998","J01E",0.261207313363505
"3999","J01E",0.237057838671566
"4000","J01E",0.27506324866601
"4001","J01F",-0.428456762289712
"4002","J01F",-0.0322728930365962
"4003","J01F",-0.181832503790955
"4004","J01F",-0.14673221890183
"4005","J01F",0.0562034029893335
"4006","J01F",-0.137764208833744
"4007","J01F",0.0637738504460225
"4008","J01F",0.164040276627258
"4009","J01F",-0.436965697066725
"4010","J01F",-0.251547399958836
"4011","J01F",0.0696753587312226
"4012","J01F",-0.310202414645556
"4013","J01F",-0.795708201352945
"4014","J01F",-0.227221225317142
"4015","J01F",-0.404715659266185
"4016","J01F",0.382423579383918
"4017","J01F",-0.596295506615148
"4018","J01F",0.0437819659929042
"4019","J01F",-0.286467023759499
"4020","J01F",-0.343432565568227
"4021","J01F",-0.526459148733528
"4022","J01F",0.0584099092089485
"4023","J01F",0.308285210903812
"4024","J01F",0.0740418388683291
"4025","J01F",-0.357198388039485
"4026","J01F",-0.0389962383729769
"4027","J01F",0.123232537645834
"4028","J01F",-0.579907417881343
"4029","J01F",-0.117279376332008
"4030","J01F",-0.443920103333014
"4031","J01F",-0.758351965069683
"4032","J01F",-0.66950880476268
"4033","J01F",-0.363705931039711
"4034","J01F",-0.403819878668547
"4035","J01F",-0.162630623786358
"4036","J01F",-0.452774676908922
"4037","J01F",0.145436570727312
"4038","J01F",-0.00108940832067066
"4039","J01F",-0.233220436443773
"4040","J01F",-0.544588622007471
"4041","J01F",0.317841389913156
"4042","J01F",-0.320531895111728
"4043","J01F",-0.268727529389479
"4044","J01F",-0.0299746922803356
"4045","J01F",-0.1379800979252
"4046","J01F",0.167223487943294
"4047","J01F",-0.353510323591474
"4048","J01F",0.171441265741478
"4049","J01F",-0.192412832259081
"4050","J01F",-0.0553275705725221
"4051","J01F",-0.75374181498746
"4052","J01F",-0.184194947232508
"4053","J01F",-0.750474161126388
"4054","J01F",0.611446237451271
"4055","J01F",0.321479657393247
"4056","J01F",-0.927080733223371
"4057","J01F",-0.38535423070709
"4058","J01F",-0.22610612041944
"4059","J01F",-0.337144074110425
"4060","J01F",0.42959672088529
"4061","J01F",0.128917649851947
"4062","J01F",-0.202023272314532
"4063","J01F",0.403058719959117
"4064","J01F",-0.321943686580159
"4065","J01F",0.403866441728331
"4066","J01F",-0.106745989150857
"4067","J01F",0.215390986955044
"4068","J01F",-0.363527345053238
"4069","J01F",-0.386033564613734
"4070","J01F",0.142242960776272
"4071","J01F",0.179444664589546
"4072","J01F",-0.0640920570140637
"4073","J01F",-0.185349546996918
"4074","J01F",-0.301801367966298
"4075","J01F",-0.493246234703276
"4076","J01F",-0.11243323489161
"4077","J01F",-0.520704363446573
"4078","J01F",-0.807674769250726
"4079","J01F",0.157198164793452
"4080","J01F",-0.541170257992071
"4081","J01F",-0.112472544094391
"4082","J01F",-0.432546559153198
"4083","J01F",-0.222318653729816
"4084","J01F",-0.311219928864695
"4085","J01F",-0.134015657025127
"4086","J01F",-0.112987538331446
"4087","J01F",-0.259136559617332
"4088","J01F",-0.162602077051321
"4089","J01F",-0.369999723368084
"4090","J01F",-0.389054547417393
"4091","J01F",-0.159693076005084
"4092","J01F",-0.330741926476502
"4093","J01F",-0.00163429626242105
"4094","J01F",-0.187930032155784
"4095","J01F",0.0959254516950881
"4096","J01F",0.137030814757669
"4097","J01F",-0.33973639051023
"4098","J01F",-0.436163483811844
"4099","J01F",0.0783103912769235
"4100","J01F",-0.122915923045487
"4101","J01F",0.375385743273191
"4102","J01F",-0.0804170497328933
"4103","J01F",0.0346924612504175
"4104","J01F",-0.456547838542217
"4105","J01F",-0.495833449183512
"4106","J01F",-0.228738153668901
"4107","J01F",-0.213698544029819
"4108","J01F",-0.424324559124429
"4109","J01F",-0.0691545576005893
"4110","J01F",-0.358387483585277
"4111","J01F",0.12127368576812
"4112","J01F",-0.435362238582997
"4113","J01F",-0.172196722767834
"4114","J01F",-0.427828766486785
"4115","J01F",-0.897218175815387
"4116","J01F",-0.198312794782011
"4117","J01F",-0.119351621558741
"4118","J01F",0.54019211913831
"4119","J01F",-0.184759418777801
"4120","J01F",-0.108071620207913
"4121","J01F",-0.498001730396482
"4122","J01F",-0.575545331910468
"4123","J01F",-0.79570079582505
"4124","J01F",0.434024036779344
"4125","J01F",-0.571346073765993
"4126","J01F",-0.530442507893754
"4127","J01F",-0.319876821315716
"4128","J01F",-0.898103208560589
"4129","J01F",-0.243682082331357
"4130","J01F",-0.0374743876109434
"4131","J01F",-0.118501746761871
"4132","J01F",0.123023167875971
"4133","J01F",-0.0233988511187422
"4134","J01F",0.108253137489945
"4135","J01F",-0.179025261483149
"4136","J01F",-0.446727951778468
"4137","J01F",-0.0746545845362626
"4138","J01F",0.402285303330166
"4139","J01F",-0.10755768299573
"4140","J01F",-0.138234142818738
"4141","J01F",-0.516203813707422
"4142","J01F",-0.120676951104578
"4143","J01F",0.198454504810615
"4144","J01F",-0.210367437342361
"4145","J01F",0.416456339218606
"4146","J01F",-0.0408017584564109
"4147","J01F",-0.267726375135307
"4148","J01F",-0.174101034414765
"4149","J01F",0.215625906398194
"4150","J01F",-0.444988820916809
"4151","J01F",0.16856294880131
"4152","J01F",-0.236426018838983
"4153","J01F",-0.475239302746819
"4154","J01F",-0.207316114542574
"4155","J01F",-0.289626721948269
"4156","J01F",-0.118100255575919
"4157","J01F",-0.191467560804877
"4158","J01F",0.205666681751807
"4159","J01F",-0.373667722861986
"4160","J01F",-0.671925489739671
"4161","J01F",-0.208203052905882
"4162","J01F",-0.101549142734184
"4163","J01F",-0.56053090679715
"4164","J01F",0.248098459866957
"4165","J01F",-0.0913749760432814
"4166","J01F",0.0915319202161969
"4167","J01F",-0.0785645523237423
"4168","J01F",-0.371589052294298
"4169","J01F",-0.562914693242426
"4170","J01F",-0.28040079810269
"4171","J01F",-0.277581817127652
"4172","J01F",-0.408838736748181
"4173","J01F",0.262218674577802
"4174","J01F",-0.192201382475165
"4175","J01F",-0.295671611042367
"4176","J01F",-0.367854029023749
"4177","J01F",-0.27366224536715
"4178","J01F",-0.220036511215866
"4179","J01F",0.0260968950503193
"4180","J01F",-0.698969484880603
"4181","J01F",-0.356664354761087
"4182","J01F",0.0609324718629127
"4183","J01F",-0.17274810852771
"4184","J01F",-0.104403848682819
"4185","J01F",-0.351904602110151
"4186","J01F",-0.45347352499832
"4187","J01F",-0.707005935072457
"4188","J01F",0.309002978762866
"4189","J01F",-0.444013396057152
"4190","J01F",-0.186472388632472
"4191","J01F",-0.400660589711378
"4192","J01F",-1.0302886519766
"4193","J01F",-0.146778025091238
"4194","J01F",-0.151971464317571
"4195","J01F",-0.165137387169299
"4196","J01F",-0.30562004536912
"4197","J01F",0.0361915888714947
"4198","J01F",-0.536090735650438
"4199","J01F",-0.578300477383987
"4200","J01F",-0.33513712649477
"4201","J01F",-0.472484041764759
"4202","J01F",-0.023649385819894
"4203","J01F",-0.0911881276490626
"4204","J01F",0.149783857274908
"4205","J01F",-0.126926807879664
"4206","J01F",-0.184462715281401
"4207","J01F",-0.752636193964454
"4208","J01F",-0.330231008557385
"4209","J01F",-0.374649186159209
"4210","J01F",-0.525126113149111
"4211","J01F",-0.294681370855558
"4212","J01F",-0.454780905023681
"4213","J01F",-0.162496226096607
"4214","J01F",-0.163236790988451
"4215","J01F",-0.0420656174568476
"4216","J01F",-0.41595371968861
"4217","J01F",-0.133323979215409
"4218","J01F",-0.368371629546646
"4219","J01F",-0.513740134894414
"4220","J01F",-0.252643722645881
"4221","J01F",-0.332273480082014
"4222","J01F",-0.528581896285522
"4223","J01F",-0.0553242668196684
"4224","J01F",-0.459316218129727
"4225","J01F",-0.123014901964938
"4226","J01F",0.177245358700185
"4227","J01F",-0.200966096960462
"4228","J01F",-0.686443594379312
"4229","J01F",-0.34890432654357
"4230","J01F",-0.254030447538185
"4231","J01F",-0.42999545297746
"4232","J01F",0.0676428418896733
"4233","J01F",0.148876101451036
"4234","J01F",-0.0857945784532254
"4235","J01F",-0.107068225968615
"4236","J01F",-0.785926871583517
"4237","J01F",-0.514929633841207
"4238","J01F",0.182235878701984
"4239","J01F",-0.5636059038518
"4240","J01F",-0.176504424665546
"4241","J01F",-0.520829951358501
"4242","J01F",0.316928868814584
"4243","J01F",-0.0710581240032459
"4244","J01F",-0.45834828649281
"4245","J01F",-0.795489276526812
"4246","J01F",-0.464193790320535
"4247","J01F",0.368713995654937
"4248","J01F",-0.103575772765136
"4249","J01F",0.295806835482412
"4250","J01F",0.437195757879576
"4251","J01F",0.266917330552074
"4252","J01F",-0.109237450860658
"4253","J01F",0.211517071776979
"4254","J01F",-0.0314259872983858
"4255","J01F",-0.754833308583852
"4256","J01F",-0.340103257938961
"4257","J01F",-0.34571196345442
"4258","J01F",0.274013567269943
"4259","J01F",-0.420119639697662
"4260","J01F",-0.477536617321942
"4261","J01F",0.343798780685751
"4262","J01F",0.114716333972544
"4263","J01F",-0.366232112152333
"4264","J01F",-0.343452350839641
"4265","J01F",-0.482828179477612
"4266","J01F",-0.263685077356627
"4267","J01F",0.380590962868369
"4268","J01F",-0.478282044952731
"4269","J01F",-0.633531940361484
"4270","J01F",-0.0112877860631606
"4271","J01F",-0.564657912679739
"4272","J01F",-0.273590449535516
"4273","J01F",-0.722379415987515
"4274","J01F",-0.292511583189999
"4275","J01F",-0.403098508062213
"4276","J01F",-0.402358661084527
"4277","J01F",-0.3324630102953
"4278","J01F",-0.348993263082627
"4279","J01F",-0.743006330763746
"4280","J01F",-0.680910077587142
"4281","J01F",-0.464754214840011
"4282","J01F",-0.984473348798044
"4283","J01F",-0.819225391914637
"4284","J01F",-0.444864738039461
"4285","J01F",-0.891140740124572
"4286","J01F",-0.314472541748331
"4287","J01F",0.0108869758429937
"4288","J01F",-0.157338460468989
"4289","J01F",-0.244165456322851
"4290","J01F",-0.045552280032491
"4291","J01F",0.0194664113633189
"4292","J01F",-0.512148883423345
"4293","J01F",-0.480545108856556
"4294","J01F",-0.647430848688942
"4295","J01F",-0.477408514524152
"4296","J01F",0.0334652274833392
"4297","J01F",-0.494890270293031
"4298","J01F",-0.507081391425046
"4299","J01F",-0.0453153232964521
"4300","J01F",-0.0474315125714089
"4301","J01F",-0.391034701531818
"4302","J01F",-0.65648721007775
"4303","J01F",-0.335308420783485
"4304","J01F",0.236393241013133
"4305","J01F",0.157399430165304
"4306","J01F",-0.315167610352912
"4307","J01F",-0.0463173108891917
"4308","J01F",0.13561772615683
"4309","J01F",-0.762427251115544
"4310","J01F",0.215958277754248
"4311","J01F",-0.182391500699708
"4312","J01F",-0.365140703284885
"4313","J01F",0.0218141960297784
"4314","J01F",-0.520209365904244
"4315","J01F",0.263252016584177
"4316","J01F",-0.0866595715597069
"4317","J01F",-0.46232378387068
"4318","J01F",-0.838529301842021
"4319","J01F",0.21241003358067
"4320","J01F",-0.278877700258965
"4321","J01F",-0.242151875224936
"4322","J01F",-0.309456238939769
"4323","J01F",0.159158273754957
"4324","J01F",-0.818503810895745
"4325","J01F",-0.577232813802676
"4326","J01F",-0.371607367173118
"4327","J01F",-0.219419573717868
"4328","J01F",0.0706714849759795
"4329","J01F",0.106659943654072
"4330","J01F",0.0933733613271715
"4331","J01F",-0.227360044572113
"4332","J01F",0.250966423554462
"4333","J01F",-0.35119936268429
"4334","J01F",-0.400876820695428
"4335","J01F",-0.322440682654731
"4336","J01F",-0.409729030278265
"4337","J01F",0.192672555239473
"4338","J01F",0.0880673402586225
"4339","J01F",-0.135757217611024
"4340","J01F",-0.534562435656145
"4341","J01F",0.0487658398287618
"4342","J01F",-0.313290538805909
"4343","J01F",-0.185250756870855
"4344","J01F",-0.20058827391602
"4345","J01F",-0.00824189723492252
"4346","J01F",0.202809004590338
"4347","J01F",-0.31666355001359
"4348","J01F",-0.29299354803062
"4349","J01F",-0.84014317904686
"4350","J01F",0.369946673841635
"4351","J01F",-0.0534103404426628
"4352","J01F",-0.763979664191999
"4353","J01F",-0.829847362594404
"4354","J01F",-0.256577487675595
"4355","J01F",-0.296792552737066
"4356","J01F",-0.0327046599188876
"4357","J01F",0.105160626842629
"4358","J01F",0.0154618973180742
"4359","J01F",-0.718519492618462
"4360","J01F",0.299614546126688
"4361","J01F",0.307597809169521
"4362","J01F",-0.232000920938614
"4363","J01F",-0.117508029789553
"4364","J01F",-0.00462921532412121
"4365","J01F",-0.204494102733465
"4366","J01F",-0.248047472142202
"4367","J01F",0.143566499420659
"4368","J01F",-0.669317595183364
"4369","J01F",-0.113988665084026
"4370","J01F",0.00491080146389575
"4371","J01F",0.0357702175523698
"4372","J01F",-0.368522022031283
"4373","J01F",-0.167665583899888
"4374","J01F",-0.501591924932954
"4375","J01F",-0.102448910710592
"4376","J01F",0.0492736761643965
"4377","J01F",-0.482691913834667
"4378","J01F",-0.288789330112348
"4379","J01F",-0.591498835714344
"4380","J01F",-0.706137556463096
"4381","J01F",-0.279560479227008
"4382","J01F",0.0827270542714235
"4383","J01F",0.0543621753526743
"4384","J01F",-0.260786860427148
"4385","J01F",-0.797208513056772
"4386","J01F",-0.185658383627761
"4387","J01F",0.0638799213282431
"4388","J01F",-0.424442583340721
"4389","J01F",-0.245732849420249
"4390","J01F",-0.275782196056931
"4391","J01F",0.298412730586436
"4392","J01F",-0.387637438134109
"4393","J01F",-0.0653836906331589
"4394","J01F",0.196920203885224
"4395","J01F",-0.592023280295423
"4396","J01F",-0.49115435043187
"4397","J01F",0.233408168810035
"4398","J01F",-0.549558694319614
"4399","J01F",-0.229081607096875
"4400","J01F",-0.457175784743275
"4401","J01F",0.266425367818705
"4402","J01F",-0.242481884733862
"4403","J01F",0.0413300353493608
"4404","J01F",-0.227445334387401
"4405","J01F",-0.457787594377424
"4406","J01F",-0.147883745458566
"4407","J01F",-0.515688509269627
"4408","J01F",-0.2664791206191
"4409","J01F",-0.0162316966503912
"4410","J01F",0.0406798363630479
"4411","J01F",-0.0284831690738434
"4412","J01F",0.237345164114245
"4413","J01F",-0.0913492431094091
"4414","J01F",-0.273662088534038
"4415","J01F",0.28020372076173
"4416","J01F",-0.0951879792742469
"4417","J01F",-0.585402734749472
"4418","J01F",-0.0100744827810632
"4419","J01F",-0.910778538518619
"4420","J01F",-0.828620056308429
"4421","J01F",-0.265194080595583
"4422","J01F",-0.360066890870712
"4423","J01F",-0.346964946185014
"4424","J01F",-0.289880460129851
"4425","J01F",-0.34061272646725
"4426","J01F",-0.522066921638142
"4427","J01F",-0.614193108107596
"4428","J01F",-0.200297102314457
"4429","J01F",-0.11049748809542
"4430","J01F",0.122118826048501
"4431","J01F",0.0693688406915205
"4432","J01F",-0.22262710830164
"4433","J01F",-0.256072579506467
"4434","J01F",-0.271446348936725
"4435","J01F",-0.0868829417910397
"4436","J01F",-0.414714344541734
"4437","J01F",-0.526582436503013
"4438","J01F",-0.203368422908512
"4439","J01F",-0.428488705819208
"4440","J01F",0.091347041328891
"4441","J01F",-0.765277246329726
"4442","J01F",-0.0418293963941903
"4443","J01F",-0.40841178348866
"4444","J01F",-0.477973184126431
"4445","J01F",-0.122693573659467
"4446","J01F",-0.394302807367306
"4447","J01F",-0.645399877658372
"4448","J01F",-0.369124507060046
"4449","J01F",-0.0927096981871776
"4450","J01F",0.127343003500098
"4451","J01F",-0.0140153521705832
"4452","J01F",-0.655487637660842
"4453","J01F",-0.772574005167563
"4454","J01F",-0.243740888478662
"4455","J01F",-0.232576305076066
"4456","J01F",-0.497122632702547
"4457","J01F",-0.149032210562605
"4458","J01F",0.283124107659918
"4459","J01F",-0.323645040024023
"4460","J01F",0.479437843936608
"4461","J01F",-0.603382124960387
"4462","J01F",-0.458857433380369
"4463","J01F",-0.293379080447878
"4464","J01F",-0.470768517127946
"4465","J01F",-0.284214227235055
"4466","J01F",-0.087823549495651
"4467","J01F",-0.721314118734414
"4468","J01F",-0.251967332074607
"4469","J01F",-0.321516903151283
"4470","J01F",0.530286308020181
"4471","J01F",-0.679335940464195
"4472","J01F",-0.562045215859666
"4473","J01F",-0.150170533160013
"4474","J01F",0.0188388594546986
"4475","J01F",-0.88243897687228
"4476","J01F",-0.213540405885193
"4477","J01F",-0.543927153432706
"4478","J01F",-0.172465726268379
"4479","J01F",-0.275855736254996
"4480","J01F",-0.533357468218606
"4481","J01F",-0.314712897154909
"4482","J01F",0.486265983158537
"4483","J01F",-0.54874058513885
"4484","J01F",-0.138475983498094
"4485","J01F",-0.504191981641595
"4486","J01F",-0.629658096418855
"4487","J01F",-0.416476630344065
"4488","J01F",-0.855957693750459
"4489","J01F",-0.111971130210789
"4490","J01F",-0.152868345302218
"4491","J01F",0.180629831806152
"4492","J01F",0.0186868589860053
"4493","J01F",0.332643787839527
"4494","J01F",-0.598537571488956
"4495","J01F",-0.467847812286292
"4496","J01F",-0.102708900148857
"4497","J01F",-0.00451624831260769
"4498","J01F",-0.270403630113153
"4499","J01F",0.145646275798087
"4500","J01F",-0.153588688687434
"4501","J01F",-0.33092608510892
"4502","J01F",0.149912421468838
"4503","J01F",-0.500224780355636
"4504","J01F",-0.239428950246804
"4505","J01F",-1.07525369403969
"4506","J01F",-0.359228270046858
"4507","J01F",-0.295661618615119
"4508","J01F",-0.21304097619239
"4509","J01F",-0.574184875107591
"4510","J01F",-0.367382807049647
"4511","J01F",-0.42541621270803
"4512","J01F",0.0116949515531822
"4513","J01F",-0.324759836909674
"4514","J01F",-0.160501223373002
"4515","J01F",-0.218373057439457
"4516","J01F",-0.465281077681627
"4517","J01F",-0.438244590662565
"4518","J01F",-0.104539654527091
"4519","J01F",-0.16239056494529
"4520","J01F",-0.325339580576913
"4521","J01F",-0.211410928154682
"4522","J01F",-0.438755133973907
"4523","J01F",-0.470019952218089
"4524","J01F",-0.304943657060109
"4525","J01F",-0.344019536693329
"4526","J01F",-0.199516301576098
"4527","J01F",-0.456446663487186
"4528","J01F",-0.153261139053348
"4529","J01F",-0.638323581456017
"4530","J01F",0.283771524235846
"4531","J01F",0.100273737985006
"4532","J01F",-0.630532740165259
"4533","J01F",-0.0905786499603062
"4534","J01F",-0.129480555263266
"4535","J01F",-0.556139662127478
"4536","J01F",-0.313909962112588
"4537","J01F",0.162637289376629
"4538","J01F",-0.102853260775197
"4539","J01F",0.072318972112161
"4540","J01F",-0.0268028976405011
"4541","J01F",-0.217923101611607
"4542","J01F",0.294069716824426
"4543","J01F",-0.401808256923011
"4544","J01F",-0.333383703978526
"4545","J01F",-0.484739033984495
"4546","J01F",-0.312961642239758
"4547","J01F",0.220725739285326
"4548","J01F",-0.06171315214685
"4549","J01F",-0.455529493315279
"4550","J01F",0.0688696071155755
"4551","J01F",-0.0622490156861088
"4552","J01F",-0.668785208444484
"4553","J01F",-0.413655677563787
"4554","J01F",0.27979801408323
"4555","J01F",0.00729356242207285
"4556","J01F",0.0217538447927244
"4557","J01F",0.423084369776762
"4558","J01F",-0.570846359748805
"4559","J01F",-0.297320538447197
"4560","J01F",0.13065922471972
"4561","J01F",0.00104586353320828
"4562","J01F",-0.455673396054428
"4563","J01F",-0.220937669300703
"4564","J01F",-0.310763454857897
"4565","J01F",-0.060649006902784
"4566","J01F",-0.543092050458516
"4567","J01F",-0.500448036624666
"4568","J01F",-0.0829742145094526
"4569","J01F",-0.0264444393618187
"4570","J01F",-0.0874244956588597
"4571","J01F",-0.0253524753586773
"4572","J01F",-0.506341034980132
"4573","J01F",-0.320624615150214
"4574","J01F",-0.318826623470036
"4575","J01F",-0.329563729392214
"4576","J01F",-0.0339524773392315
"4577","J01F",-0.211097612799423
"4578","J01F",0.0775608541691204
"4579","J01F",-0.159597163944532
"4580","J01F",0.0285690131025242
"4581","J01F",-0.810417713052357
"4582","J01F",0.0809757294112174
"4583","J01F",-0.114459448682389
"4584","J01F",-0.41312362473539
"4585","J01F",-0.381700167793991
"4586","J01F",0.274146376296389
"4587","J01F",-0.748324495523118
"4588","J01F",0.0582330206653292
"4589","J01F",-0.385370336068134
"4590","J01F",-0.840568516970545
"4591","J01F",0.413777399224299
"4592","J01F",0.117667129263391
"4593","J01F",0.131673373337058
"4594","J01F",-0.339534779360177
"4595","J01F",0.477731905407866
"4596","J01F",0.698621171170418
"4597","J01F",-0.216701353640357
"4598","J01F",-0.176647857158811
"4599","J01F",-0.158610862208954
"4600","J01F",-0.0294448168488102
"4601","J01F",0.00126571909826419
"4602","J01F",0.134100699437199
"4603","J01F",-0.613191437861369
"4604","J01F",-0.234250521073322
"4605","J01F",-0.737756762553543
"4606","J01F",0.256286613405772
"4607","J01F",-0.058778487474268
"4608","J01F",-0.51402714798255
"4609","J01F",0.221662631982975
"4610","J01F",-0.405441630191345
"4611","J01F",-0.0418985278114739
"4612","J01F",-0.245926794214503
"4613","J01F",-0.467739565406188
"4614","J01F",0.156511240106661
"4615","J01F",-0.98925788983297
"4616","J01F",-0.48688097151608
"4617","J01F",-0.593527863499085
"4618","J01F",-0.358306893564843
"4619","J01F",-0.146749620409524
"4620","J01F",-0.555079534220344
"4621","J01F",0.320850659450478
"4622","J01F",-0.0767102493397875
"4623","J01F",-0.230387021593987
"4624","J01F",0.766044078702925
"4625","J01F",-0.12561469711521
"4626","J01F",-0.0754690415317357
"4627","J01F",-0.0207246552263063
"4628","J01F",-0.190739077483111
"4629","J01F",-0.273609271381875
"4630","J01F",-0.555044773995684
"4631","J01F",-0.306979087030603
"4632","J01F",-0.565522786761311
"4633","J01F",-0.0750939988165814
"4634","J01F",-0.387545850986627
"4635","J01F",0.048834016312279
"4636","J01F",-0.320058780633879
"4637","J01F",-0.572529320932496
"4638","J01F",-0.453456271776184
"4639","J01F",-0.532661411739856
"4640","J01F",0.515352127092916
"4641","J01F",0.0104588182558621
"4642","J01F",0.0388307810944159
"4643","J01F",-0.636734772144186
"4644","J01F",-0.19533768169367
"4645","J01F",-0.326367843369389
"4646","J01F",-0.374088433399439
"4647","J01F",0.582208255307064
"4648","J01F",-0.495993922639887
"4649","J01F",-0.253486481133186
"4650","J01F",-0.127956806617944
"4651","J01F",-0.231147658562774
"4652","J01F",-0.099520830609007
"4653","J01F",-1.01289315282279
"4654","J01F",-0.496404150102421
"4655","J01F",0.471182801639216
"4656","J01F",-0.274185422743098
"4657","J01F",-0.491052930068917
"4658","J01F",-0.791348504633665
"4659","J01F",0.257456568589923
"4660","J01F",-0.55176363123344
"4661","J01F",0.125327555478522
"4662","J01F",0.038856955661471
"4663","J01F",-0.177705702846685
"4664","J01F",-0.406483683735439
"4665","J01F",0.16305617949445
"4666","J01F",-0.396651900128241
"4667","J01F",-0.025220107033519
"4668","J01F",-0.845538997737203
"4669","J01F",0.421157164940244
"4670","J01F",0.0450953530784255
"4671","J01F",0.0550141254254775
"4672","J01F",-0.478826749212852
"4673","J01F",-0.347081833457634
"4674","J01F",0.0458157261898886
"4675","J01F",-0.346214845839005
"4676","J01F",0.00121076597575228
"4677","J01F",-0.511990553903984
"4678","J01F",0.188520192390742
"4679","J01F",0.214686769676571
"4680","J01F",-0.306377588161953
"4681","J01F",0.19722472424555
"4682","J01F",-0.44781458428716
"4683","J01F",-0.449887337512263
"4684","J01F",0.0012801954086675
"4685","J01F",0.579481157093365
"4686","J01F",-0.159283690516148
"4687","J01F",-0.0965081259394439
"4688","J01F",-0.277598376972929
"4689","J01F",-0.294048789401341
"4690","J01F",-0.141007931668886
"4691","J01F",-0.13461969707386
"4692","J01F",-0.524918438273072
"4693","J01F",-0.4795927766211
"4694","J01F",-0.276699752018747
"4695","J01F",0.13679188764709
"4696","J01F",-0.349468711716359
"4697","J01F",-0.0706183421051205
"4698","J01F",-0.283993662474568
"4699","J01F",-0.237149746889699
"4700","J01F",0.00883008053626294
"4701","J01F",0.187861562131762
"4702","J01F",-0.187389645873962
"4703","J01F",-0.106235487152297
"4704","J01F",-0.415441320122797
"4705","J01F",-0.446327287362845
"4706","J01F",-0.790848626870949
"4707","J01F",0.414246602828806
"4708","J01F",-0.27378512472179
"4709","J01F",-0.242864342804566
"4710","J01F",-0.39122600554956
"4711","J01F",-0.317023702955919
"4712","J01F",-0.250825617270881
"4713","J01F",-0.422369353807071
"4714","J01F",-0.33713373731426
"4715","J01F",-0.0398120086775572
"4716","J01F",0.300684939292396
"4717","J01F",-0.251143167876964
"4718","J01F",0.241493285565523
"4719","J01F",-0.539174385206127
"4720","J01F",-0.513921813770757
"4721","J01F",-0.0536994077176426
"4722","J01F",-0.231599846506902
"4723","J01F",-0.331366145935276
"4724","J01F",-0.689550918378097
"4725","J01F",-0.314756240021557
"4726","J01F",-0.464559561725882
"4727","J01F",-0.266969417784926
"4728","J01F",-0.550887355272534
"4729","J01F",-0.0108653867700484
"4730","J01F",-0.299598952535909
"4731","J01F",-0.78942771022917
"4732","J01F",0.172861319359027
"4733","J01F",-0.587995824835887
"4734","J01F",0.37751376541787
"4735","J01F",-1.24931856559548
"4736","J01F",-0.492010704823609
"4737","J01F",0.381393326500224
"4738","J01F",-0.195262574195715
"4739","J01F",-0.470196253299613
"4740","J01F",-0.169341609738662
"4741","J01F",-0.37235551587342
"4742","J01F",0.207191679570838
"4743","J01F",-0.376195748576508
"4744","J01F",-0.181752427633818
"4745","J01F",-0.628227465666486
"4746","J01F",-0.434900783690069
"4747","J01F",0.117176566680295
"4748","J01F",-0.0371693719816854
"4749","J01F",-0.44571463968794
"4750","J01F",-0.288311230656075
"4751","J01F",-0.248828005489632
"4752","J01F",-0.071861170659687
"4753","J01F",0.331311985460783
"4754","J01F",0.225337457650762
"4755","J01F",-0.495407033082212
"4756","J01F",-0.651688079693779
"4757","J01F",0.369812848978719
"4758","J01F",0.088834734425331
"4759","J01F",-0.0843501277047449
"4760","J01F",0.251878500167962
"4761","J01F",-0.470623130229022
"4762","J01F",-0.453275515515286
"4763","J01F",-0.113636296573995
"4764","J01F",-0.135431210971035
"4765","J01F",-0.186230560714599
"4766","J01F",-0.783732653666306
"4767","J01F",0.0664692978938182
"4768","J01F",-0.137987871613438
"4769","J01F",-0.0569775446783829
"4770","J01F",-1.42685123289208
"4771","J01F",-0.052108074878802
"4772","J01F",-0.433266378191039
"4773","J01F",-0.139226273895492
"4774","J01F",0.285707810015753
"4775","J01F",0.089425367573764
"4776","J01F",-0.39450620517605
"4777","J01F",-0.37087862536971
"4778","J01F",0.271842269042111
"4779","J01F",-0.303884279398781
"4780","J01F",0.0722467115961797
"4781","J01F",0.696534791404497
"4782","J01F",-0.189626739327835
"4783","J01F",0.0211071924837099
"4784","J01F",-0.33771962513188
"4785","J01F",-0.583265152184599
"4786","J01F",-0.334669477134248
"4787","J01F",-0.259342788890429
"4788","J01F",-0.222894532041359
"4789","J01F",-0.240633504899852
"4790","J01F",-0.552407245139335
"4791","J01F",0.0959741879151639
"4792","J01F",-0.537004479558584
"4793","J01F",-0.332812126471915
"4794","J01F",-0.00696284459191432
"4795","J01F",-0.281190123199676
"4796","J01F",-0.256758717562402
"4797","J01F",-0.625189834252683
"4798","J01F",-0.305540101363133
"4799","J01F",-0.16121044463918
"4800","J01F",-0.517140725303596
"4801","J01F",-0.517069378271732
"4802","J01F",0.0136150679596473
"4803","J01F",-0.465961401388162
"4804","J01F",-0.460364279851086
"4805","J01F",-0.692202575555422
"4806","J01F",-0.283045506445364
"4807","J01F",-0.27263938256911
"4808","J01F",-0.352252148868474
"4809","J01F",-0.361584433761434
"4810","J01F",-0.216220477012292
"4811","J01F",-0.663570445438015
"4812","J01F",0.362315753161224
"4813","J01F",-0.302859500825395
"4814","J01F",-0.0218302495548623
"4815","J01F",-0.462138545629586
"4816","J01F",0.160479570660242
"4817","J01F",-0.101992977181316
"4818","J01F",-0.370253051201503
"4819","J01F",-0.536885050629129
"4820","J01F",0.0571649867728718
"4821","J01F",-0.575901367413144
"4822","J01F",-0.368148341485338
"4823","J01F",-0.0505299049861305
"4824","J01F",-0.273825169026226
"4825","J01F",-0.67392603832182
"4826","J01F",-0.643837356750057
"4827","J01F",-0.533632664671692
"4828","J01F",-0.113955852293012
"4829","J01F",-0.395461817981843
"4830","J01F",-0.344925385257257
"4831","J01F",-0.490608487449985
"4832","J01F",-0.606465154424164
"4833","J01F",-0.47453746624383
"4834","J01F",-0.190791668016447
"4835","J01F",-0.18342208285653
"4836","J01F",-0.419610092361095
"4837","J01F",-0.600090087524487
"4838","J01F",-0.177268099206396
"4839","J01F",-0.587851401142113
"4840","J01F",-0.902598411883063
"4841","J01F",-0.239138893969333
"4842","J01F",-0.315224339719013
"4843","J01F",-0.906993434539113
"4844","J01F",0.304282076434723
"4845","J01F",-0.589855137650094
"4846","J01F",-0.636249149999581
"4847","J01F",-0.471149143095335
"4848","J01F",-0.641592329244524
"4849","J01F",-0.220706800512402
"4850","J01F",-0.329207132500949
"4851","J01F",-0.0971937841798601
"4852","J01F",-0.0936905914387326
"4853","J01F",-0.601635074562437
"4854","J01F",-0.00422726541947448
"4855","J01F",-0.296964473580524
"4856","J01F",-0.127207798483614
"4857","J01F",-0.65307331439287
"4858","J01F",0.220661986740911
"4859","J01F",-0.219429041548891
"4860","J01F",-0.469049684082076
"4861","J01F",-0.405568848497534
"4862","J01F",-0.189958628745413
"4863","J01F",0.209827486037904
"4864","J01F",0.0105534813102596
"4865","J01F",0.0777219668599988
"4866","J01F",-0.678513072230653
"4867","J01F",-1.28104588955957
"4868","J01F",-0.356048511417421
"4869","J01F",-0.664781504149773
"4870","J01F",-0.799702752818941
"4871","J01F",-0.53238486353773
"4872","J01F",-0.492996431892189
"4873","J01F",-0.350428400131678
"4874","J01F",-0.503387998393513
"4875","J01F",-0.0558372681403729
"4876","J01F",-0.568136478900801
"4877","J01F",0.140783030490395
"4878","J01F",-0.160624844999317
"4879","J01F",-0.40550076750802
"4880","J01F",-0.466590822268443
"4881","J01F",0.22771758918126
"4882","J01F",0.0800384914363728
"4883","J01F",0.130976637740443
"4884","J01F",-0.487139835202454
"4885","J01F",-0.310086052973833
"4886","J01F",-0.61037786498161
"4887","J01F",-0.566834839375007
"4888","J01F",-0.0664157594470722
"4889","J01F",-0.147347418494539
"4890","J01F",-0.172807614470031
"4891","J01F",0.17065134024843
"4892","J01F",-0.00438024970954821
"4893","J01F",0.21418134688136
"4894","J01F",-0.610031062789086
"4895","J01F",-0.0177813504953118
"4896","J01F",0.285710295172657
"4897","J01F",-0.316481078697749
"4898","J01F",-0.245201356531765
"4899","J01F",-0.458203781822676
"4900","J01F",-0.178007908838845
"4901","J01F",-0.198313173537171
"4902","J01F",-0.251312696949013
"4903","J01F",-0.680800615140294
"4904","J01F",0.168212798485129
"4905","J01F",0.593850860056294
"4906","J01F",-0.452767981836568
"4907","J01F",-0.415811651492356
"4908","J01F",-0.173456117519396
"4909","J01F",-0.393588568714493
"4910","J01F",-0.0979357767525577
"4911","J01F",-0.224629268803102
"4912","J01F",-0.249959007019441
"4913","J01F",-0.0289161166765314
"4914","J01F",-0.419699058355871
"4915","J01F",-1.28542257750936
"4916","J01F",0.327579452126008
"4917","J01F",-0.536425109282814
"4918","J01F",-0.0407550462641563
"4919","J01F",-0.415254724108213
"4920","J01F",-0.551120447131396
"4921","J01F",-0.523782099861416
"4922","J01F",-0.449096734265745
"4923","J01F",0.148003426321205
"4924","J01F",-0.194145701426819
"4925","J01F",-0.30571672494005
"4926","J01F",-0.00530220889002385
"4927","J01F",0.0358934763482767
"4928","J01F",-0.122854669037618
"4929","J01F",-0.123631599394101
"4930","J01F",-0.0625034675682536
"4931","J01F",-0.571415248423632
"4932","J01F",0.223924210008237
"4933","J01F",-0.269837184732508
"4934","J01F",-0.478250668450774
"4935","J01F",0.0553119641127364
"4936","J01F",-0.384186249084273
"4937","J01F",-0.471280376641056
"4938","J01F",-0.377574768302544
"4939","J01F",-0.138234763677599
"4940","J01F",-0.764954881001108
"4941","J01F",-0.0158825417600206
"4942","J01F",-0.27486913929878
"4943","J01F",-0.109128270297688
"4944","J01F",0.148484434110792
"4945","J01F",-0.233121274717101
"4946","J01F",-0.0831002056291604
"4947","J01F",-0.394468467239507
"4948","J01F",0.47333188122516
"4949","J01F",-0.119973391635419
"4950","J01F",0.216375473941153
"4951","J01F",-0.0280210067273
"4952","J01F",-0.252794207078437
"4953","J01F",-0.259435489692507
"4954","J01F",0.497396154421556
"4955","J01F",-0.622904478315968
"4956","J01F",-0.114482662433858
"4957","J01F",-0.427277415398095
"4958","J01F",-0.367662873005825
"4959","J01F",-0.160983153229426
"4960","J01F",-0.234504553785418
"4961","J01F",0.375939035791899
"4962","J01F",-0.192694333386372
"4963","J01F",-0.274079182258736
"4964","J01F",-0.322708503587848
"4965","J01F",0.147399498047949
"4966","J01F",0.298178979593504
"4967","J01F",-0.0426851153571552
"4968","J01F",-0.128148933745315
"4969","J01F",-0.295699498984219
"4970","J01F",0.3067462127791
"4971","J01F",-0.504948339627834
"4972","J01F",-0.627612579603528
"4973","J01F",-0.251943245217978
"4974","J01F",0.013584909327743
"4975","J01F",-0.974583283504164
"4976","J01F",-0.0117210981599921
"4977","J01F",0.0222558707645774
"4978","J01F",-0.185988462748568
"4979","J01F",-1.19271609356632
"4980","J01F",-0.109159024049033
"4981","J01F",-0.430746745335759
"4982","J01F",0.394626369518245
"4983","J01F",-0.308581650233519
"4984","J01F",0.128477000784391
"4985","J01F",0.486296301586077
"4986","J01F",-0.030544062645605
"4987","J01F",0.320586171591699
"4988","J01F",-0.458931724483402
"4989","J01F",-0.339262850721402
"4990","J01F",0.0142358559093409
"4991","J01F",0.0642331302241555
"4992","J01F",-0.123499791562374
"4993","J01F",-0.137264801943027
"4994","J01F",0.326955786306529
"4995","J01F",-0.591830652324945
"4996","J01F",-0.184453173015682
"4997","J01F",-0.291281651154972
"4998","J01F",-0.413768965379936
"4999","J01F",0.0298946820623782
"5000","J01F",-0.422979524384607
"5001","J01G",0.267665356723377
"5002","J01G",0.558607785523614
"5003","J01G",0.423362550148401
"5004","J01G",0.577882803824666
"5005","J01G",0.22199500534502
"5006","J01G",0.596008978045953
"5007","J01G",0.624677119273859
"5008","J01G",0.1539480562055
"5009","J01G",0.557766325564768
"5010","J01G",0.451236075526473
"5011","J01G",0.206030046202728
"5012","J01G",0.222169282959486
"5013","J01G",0.470544786920874
"5014","J01G",0.174620099483418
"5015","J01G",0.558947729714554
"5016","J01G",0.255328266777431
"5017","J01G",0.611942398446015
"5018","J01G",0.451720288249622
"5019","J01G",0.310368705779266
"5020","J01G",0.505826142509471
"5021","J01G",0.596485340040255
"5022","J01G",0.163853336166305
"5023","J01G",0.414140158848167
"5024","J01G",0.121452719296125
"5025","J01G",0.723299481395024
"5026","J01G",0.50902795115622
"5027","J01G",0.403406484332285
"5028","J01G",0.293832107561872
"5029","J01G",0.26814040372863
"5030","J01G",0.772999715026757
"5031","J01G",0.612852064173968
"5032","J01G",0.652808225259592
"5033","J01G",0.0209540726963352
"5034","J01G",0.483508434241567
"5035","J01G",0.473470996831559
"5036","J01G",0.017567536003072
"5037","J01G",0.234877554478592
"5038","J01G",0.438873518574213
"5039","J01G",0.333788498609481
"5040","J01G",0.381450331464134
"5041","J01G",0.584306352815818
"5042","J01G",0.227717820342005
"5043","J01G",0.671130755234202
"5044","J01G",0.373865030277181
"5045","J01G",0.52277250187018
"5046","J01G",0.332840504512978
"5047","J01G",0.562266183033999
"5048","J01G",0.430707707653794
"5049","J01G",0.262223449202835
"5050","J01G",0.47913261756155
"5051","J01G",0.389208341943605
"5052","J01G",0.418611878139953
"5053","J01G",0.475984816404913
"5054","J01G",0.519320297682237
"5055","J01G",0.414529447663303
"5056","J01G",0.56308645534279
"5057","J01G",0.30322027000251
"5058","J01G",0.348326485941307
"5059","J01G",0.748552345644353
"5060","J01G",0.539269735126013
"5061","J01G",0.628453487586666
"5062","J01G",0.458750428494803
"5063","J01G",0.387948171285301
"5064","J01G",0.297580185626672
"5065","J01G",0.0730913250202541
"5066","J01G",0.480466686169409
"5067","J01G",0.377207412329588
"5068","J01G",0.447262107870167
"5069","J01G",0.437537675851208
"5070","J01G",0.343560730127448
"5071","J01G",0.388690785505701
"5072","J01G",0.365095196486934
"5073","J01G",0.264822765888255
"5074","J01G",0.540129401460594
"5075","J01G",0.329012442811493
"5076","J01G",0.316680295202752
"5077","J01G",0.149695003229015
"5078","J01G",0.211357641767402
"5079","J01G",0.370183078296681
"5080","J01G",0.332430351416165
"5081","J01G",0.399289557077828
"5082","J01G",0.415523107407655
"5083","J01G",0.344728960396125
"5084","J01G",0.531706286120468
"5085","J01G",0.480709647870827
"5086","J01G",0.462361621493139
"5087","J01G",0.592145852059967
"5088","J01G",0.639640048578763
"5089","J01G",0.591101696512714
"5090","J01G",0.297425627628241
"5091","J01G",0.763066897527741
"5092","J01G",0.48505020191941
"5093","J01G",0.1887618848999
"5094","J01G",0.401465185827663
"5095","J01G",0.551310761467206
"5096","J01G",0.312489622901
"5097","J01G",0.418136205698522
"5098","J01G",0.383879017776983
"5099","J01G",0.480744594299872
"5100","J01G",0.553950914407479
"5101","J01G",0.707513704641936
"5102","J01G",0.50544997424722
"5103","J01G",0.302927930825977
"5104","J01G",0.387252309411555
"5105","J01G",0.266112471582395
"5106","J01G",0.128741901703172
"5107","J01G",0.284311408812076
"5108","J01G",0.373582554367446
"5109","J01G",0.254480926402711
"5110","J01G",0.640921688161606
"5111","J01G",0.146152259235896
"5112","J01G",0.198217557648625
"5113","J01G",0.353973300114192
"5114","J01G",0.0569990009844913
"5115","J01G",0.380136480635395
"5116","J01G",0.518170092252372
"5117","J01G",0.138636360551767
"5118","J01G",0.457101500597493
"5119","J01G",0.315552667942852
"5120","J01G",0.325337686672592
"5121","J01G",0.579856027872085
"5122","J01G",0.333080708896592
"5123","J01G",0.471628408715491
"5124","J01G",0.435488016780558
"5125","J01G",0.344702026730797
"5126","J01G",0.380810995057554
"5127","J01G",0.541816376816293
"5128","J01G",0.613742262906294
"5129","J01G",0.464420689474967
"5130","J01G",0.324608409283082
"5131","J01G",0.354447394489827
"5132","J01G",0.194575622444113
"5133","J01G",0.572934592867714
"5134","J01G",0.784573055234098
"5135","J01G",0.386255967046304
"5136","J01G",0.47818382139107
"5137","J01G",0.257251383217873
"5138","J01G",0.319188645149196
"5139","J01G",0.396802032316045
"5140","J01G",0.248653087479766
"5141","J01G",0.148800847132747
"5142","J01G",0.297588591338471
"5143","J01G",0.106362098106564
"5144","J01G",0.483445979579802
"5145","J01G",0.588255366472779
"5146","J01G",0.409673539517275
"5147","J01G",0.530386386235616
"5148","J01G",0.490251195397922
"5149","J01G",0.113479057297766
"5150","J01G",0.0344731789864281
"5151","J01G",0.425204744754645
"5152","J01G",0.426738169851483
"5153","J01G",0.518154450611057
"5154","J01G",0.259311099341828
"5155","J01G",0.394592605307666
"5156","J01G",-0.134229201981636
"5157","J01G",0.245498327534495
"5158","J01G",0.2789626715787
"5159","J01G",0.491272535766446
"5160","J01G",0.374056822466589
"5161","J01G",0.944072230292656
"5162","J01G",0.271385855258149
"5163","J01G",0.246171533894325
"5164","J01G",0.192176931953772
"5165","J01G",0.19575501280107
"5166","J01G",0.323256031081177
"5167","J01G",0.30387193516262
"5168","J01G",0.567631231573077
"5169","J01G",0.44481081893594
"5170","J01G",0.664077284122861
"5171","J01G",0.390167124319254
"5172","J01G",0.49812290070982
"5173","J01G",0.309020495735289
"5174","J01G",0.599797915164072
"5175","J01G",0.494729080564969
"5176","J01G",0.381448907995238
"5177","J01G",0.470495951360535
"5178","J01G",0.0780839522360344
"5179","J01G",0.610758947822337
"5180","J01G",0.459809479986647
"5181","J01G",0.340638841048663
"5182","J01G",0.763750411823863
"5183","J01G",0.456082728896995
"5184","J01G",0.163938132580072
"5185","J01G",0.464663436690728
"5186","J01G",0.367168987486195
"5187","J01G",0.359670566248079
"5188","J01G",0.489838525528896
"5189","J01G",0.234236986900733
"5190","J01G",0.412618785510511
"5191","J01G",0.380906253965211
"5192","J01G",0.0269094287241891
"5193","J01G",0.479740994563424
"5194","J01G",0.325114000066044
"5195","J01G",0.33530758601288
"5196","J01G",0.506217562563815
"5197","J01G",0.454268617197495
"5198","J01G",0.3768927681883
"5199","J01G",0.206650212297195
"5200","J01G",0.278163195628638
"5201","J01G",0.615069902516437
"5202","J01G",0.278706605345237
"5203","J01G",0.290242450036904
"5204","J01G",0.0464398360116794
"5205","J01G",0.375870148182581
"5206","J01G",0.0880917495873493
"5207","J01G",0.257122093819312
"5208","J01G",0.425759581341829
"5209","J01G",0.188671937625194
"5210","J01G",0.112089477808307
"5211","J01G",0.249189147042957
"5212","J01G",0.713253096074294
"5213","J01G",0.381319806721032
"5214","J01G",0.505766208002857
"5215","J01G",0.386877138061415
"5216","J01G",0.652449248616997
"5217","J01G",0.26843308402602
"5218","J01G",0.391829975028981
"5219","J01G",0.206707989549909
"5220","J01G",0.304325408881601
"5221","J01G",0.4133778964796
"5222","J01G",0.416818363688357
"5223","J01G",0.454287758601127
"5224","J01G",0.279104112607038
"5225","J01G",0.0451567167713191
"5226","J01G",0.480053823219898
"5227","J01G",0.464815233299317
"5228","J01G",0.562571990954117
"5229","J01G",0.335719118885162
"5230","J01G",0.738425323104023
"5231","J01G",0.257552123649115
"5232","J01G",0.278491118177648
"5233","J01G",0.899037770193817
"5234","J01G",0.649012875239401
"5235","J01G",-0.150785484077349
"5236","J01G",0.442671568018072
"5237","J01G",0.553848596761039
"5238","J01G",0.165887633679107
"5239","J01G",0.349439876906403
"5240","J01G",0.669742085142451
"5241","J01G",0.127892702275048
"5242","J01G",0.290015925539518
"5243","J01G",0.237934134355442
"5244","J01G",0.307211837315595
"5245","J01G",0.541193555473181
"5246","J01G",0.115651861708542
"5247","J01G",0.393076317146987
"5248","J01G",0.210314919942586
"5249","J01G",0.377958341031607
"5250","J01G",0.588181652060549
"5251","J01G",0.275140677131367
"5252","J01G",0.494394590305065
"5253","J01G",0.532307592733443
"5254","J01G",0.39919857758241
"5255","J01G",0.465939956894728
"5256","J01G",0.404716959820685
"5257","J01G",0.148430770107297
"5258","J01G",0.202908823547738
"5259","J01G",0.264056760018624
"5260","J01G",0.218950371446605
"5261","J01G",0.313553442148971
"5262","J01G",0.501826389858778
"5263","J01G",0.40269916917548
"5264","J01G",0.412100867646882
"5265","J01G",0.298519971821451
"5266","J01G",0.0706937262682308
"5267","J01G",0.542830285167947
"5268","J01G",0.603103022497186
"5269","J01G",0.111328309950596
"5270","J01G",0.279623141255365
"5271","J01G",0.488669260360666
"5272","J01G",0.129877770378755
"5273","J01G",0.377414620845801
"5274","J01G",0.444817724251173
"5275","J01G",0.327204133246247
"5276","J01G",0.166385592236525
"5277","J01G",0.137654371475921
"5278","J01G",0.368083017218
"5279","J01G",0.551704892540846
"5280","J01G",0.428438175620273
"5281","J01G",-0.0141784029326892
"5282","J01G",0.362200650726512
"5283","J01G",0.349758648573453
"5284","J01G",0.441261544010616
"5285","J01G",0.26980703548788
"5286","J01G",0.673659186035267
"5287","J01G",0.483481488096582
"5288","J01G",0.460469669076168
"5289","J01G",0.193239407563216
"5290","J01G",0.524467124957922
"5291","J01G",0.290511938214583
"5292","J01G",0.358713864963746
"5293","J01G",0.513810377790359
"5294","J01G",0.254454827072725
"5295","J01G",0.352787029962166
"5296","J01G",0.505687283762887
"5297","J01G",0.483271970626073
"5298","J01G",0.563951771294611
"5299","J01G",0.377593295002191
"5300","J01G",0.398636731543366
"5301","J01G",0.494813769287952
"5302","J01G",0.450616475955848
"5303","J01G",0.306442256006197
"5304","J01G",0.393817731857478
"5305","J01G",0.376406759931238
"5306","J01G",0.307414520703206
"5307","J01G",0.675782681640671
"5308","J01G",0.746853014425059
"5309","J01G",0.50166369964924
"5310","J01G",0.239688046337619
"5311","J01G",0.406563344909026
"5312","J01G",0.188487257034912
"5313","J01G",0.288619811673954
"5314","J01G",0.318051288072607
"5315","J01G",0.393700168411408
"5316","J01G",0.500731867593901
"5317","J01G",0.383810092419028
"5318","J01G",0.275148025494659
"5319","J01G",0.239215487355128
"5320","J01G",0.528903305807888
"5321","J01G",0.599462645654875
"5322","J01G",0.509631989018184
"5323","J01G",0.324856017465624
"5324","J01G",-0.0421573782681233
"5325","J01G",0.289022873006867
"5326","J01G",0.350856224967615
"5327","J01G",0.509495711040458
"5328","J01G",0.682127746781349
"5329","J01G",-0.0494122088278071
"5330","J01G",0.321761781920953
"5331","J01G",0.44033696349221
"5332","J01G",0.238061961253981
"5333","J01G",0.45979914110825
"5334","J01G",0.28535194502071
"5335","J01G",0.455994571998334
"5336","J01G",0.481513253018308
"5337","J01G",-0.00585700878568864
"5338","J01G",0.670432561729773
"5339","J01G",0.402844850413052
"5340","J01G",0.357128809091975
"5341","J01G",0.520861947259044
"5342","J01G",0.450824314528066
"5343","J01G",0.420577122800892
"5344","J01G",0.513283816109295
"5345","J01G",0.708851526025925
"5346","J01G",0.304549969287823
"5347","J01G",0.318517428083247
"5348","J01G",0.423871779627752
"5349","J01G",0.348675866929594
"5350","J01G",0.412188547760049
"5351","J01G",0.298044210528786
"5352","J01G",0.467924537554635
"5353","J01G",0.167824081958114
"5354","J01G",0.160850117589108
"5355","J01G",0.225672748437048
"5356","J01G",0.517577225874031
"5357","J01G",0.172395118556218
"5358","J01G",0.264471461942236
"5359","J01G",0.385177406715936
"5360","J01G",0.170847620702017
"5361","J01G",0.668755303416468
"5362","J01G",0.366331434486344
"5363","J01G",0.519659611990316
"5364","J01G",0.438802475775848
"5365","J01G",0.414514744066622
"5366","J01G",0.254570216773967
"5367","J01G",0.498267819672298
"5368","J01G",0.410756086467377
"5369","J01G",0.312628507273389
"5370","J01G",0.48720525145074
"5371","J01G",0.358430280256525
"5372","J01G",0.223278224040583
"5373","J01G",0.408395715029758
"5374","J01G",0.376485682481627
"5375","J01G",0.328023579006553
"5376","J01G",0.504679056272662
"5377","J01G",0.589367974996207
"5378","J01G",0.429028276518123
"5379","J01G",0.397473565289597
"5380","J01G",0.262017365658044
"5381","J01G",0.380758678692264
"5382","J01G",0.218129487032113
"5383","J01G",0.359941304177105
"5384","J01G",-0.153056559732769
"5385","J01G",0.569551882793325
"5386","J01G",0.212927047240835
"5387","J01G",0.348167271614154
"5388","J01G",0.115899081520052
"5389","J01G",0.490517420827738
"5390","J01G",0.351025067797043
"5391","J01G",-0.0744353294984864
"5392","J01G",0.427322545062332
"5393","J01G",0.137344176940198
"5394","J01G",0.445325986098772
"5395","J01G",0.764479227973002
"5396","J01G",0.552843828093796
"5397","J01G",0.358866579086844
"5398","J01G",0.645945697808612
"5399","J01G",0.254338777733395
"5400","J01G",0.157962052498604
"5401","J01G",0.149812603529984
"5402","J01G",0.867584352294608
"5403","J01G",0.674672670003964
"5404","J01G",0.696349289572039
"5405","J01G",0.716030378841526
"5406","J01G",0.134838147862092
"5407","J01G",0.245925510378805
"5408","J01G",0.323029909822806
"5409","J01G",0.381827358451155
"5410","J01G",0.663774341302806
"5411","J01G",0.864203421142715
"5412","J01G",0.255823039307559
"5413","J01G",0.00371312410873915
"5414","J01G",0.201178802214781
"5415","J01G",0.419310691099542
"5416","J01G",0.578484469948528
"5417","J01G",0.250096376739733
"5418","J01G",0.578802603334199
"5419","J01G",0.380680077554969
"5420","J01G",0.691830244368325
"5421","J01G",0.118434929117669
"5422","J01G",0.491634293037719
"5423","J01G",0.261606947721781
"5424","J01G",0.415328316842297
"5425","J01G",0.188438065479167
"5426","J01G",0.340619346196758
"5427","J01G",0.435178390811748
"5428","J01G",0.283751598790663
"5429","J01G",0.312874090389688
"5430","J01G",0.444755606552482
"5431","J01G",0.371198650288425
"5432","J01G",0.920501583414189
"5433","J01G",0.402953564694299
"5434","J01G",0.368736631904577
"5435","J01G",0.322846869595205
"5436","J01G",0.46911578431326
"5437","J01G",0.279551700360904
"5438","J01G",1.01876124106756
"5439","J01G",0.320952623601664
"5440","J01G",0.629350686395175
"5441","J01G",0.549697252106734
"5442","J01G",0.304783055042016
"5443","J01G",0.470153934426904
"5444","J01G",-0.0351641749079281
"5445","J01G",0.290231364056412
"5446","J01G",0.306574779033254
"5447","J01G",0.662268539830915
"5448","J01G",0.464836168005996
"5449","J01G",0.258375717786909
"5450","J01G",0.425237318351279
"5451","J01G",0.596745892968742
"5452","J01G",0.188709707434702
"5453","J01G",0.293166992727671
"5454","J01G",0.488845140152172
"5455","J01G",0.360679600925652
"5456","J01G",0.565286195088971
"5457","J01G",0.665743257891342
"5458","J01G",0.432495642954207
"5459","J01G",0.321609045139831
"5460","J01G",0.316839032748422
"5461","J01G",0.290531662824414
"5462","J01G",0.596559814700267
"5463","J01G",0.403934477858587
"5464","J01G",0.327737332293914
"5465","J01G",0.276431429084025
"5466","J01G",0.600159972969733
"5467","J01G",0.673964862423336
"5468","J01G",0.525577928448531
"5469","J01G",0.439605044791859
"5470","J01G",0.40692887369155
"5471","J01G",0.664311084007211
"5472","J01G",0.687308566362961
"5473","J01G",0.273641392305588
"5474","J01G",0.357113899465798
"5475","J01G",0.474274509070633
"5476","J01G",0.141937733100509
"5477","J01G",0.33772012156135
"5478","J01G",0.546564746450361
"5479","J01G",0.389877091847401
"5480","J01G",0.594291250917688
"5481","J01G",0.255419834304834
"5482","J01G",0.258319976529079
"5483","J01G",0.324306566213501
"5484","J01G",0.478554462550523
"5485","J01G",0.175339854006822
"5486","J01G",0.344997221657516
"5487","J01G",0.339675453749671
"5488","J01G",0.415367060186519
"5489","J01G",0.204699893307181
"5490","J01G",0.724796321757017
"5491","J01G",0.655443504915262
"5492","J01G",0.720252392918305
"5493","J01G",0.355240780138249
"5494","J01G",0.381416658122867
"5495","J01G",0.547595031055528
"5496","J01G",0.353247954061249
"5497","J01G",0.500858004621771
"5498","J01G",0.490447429736617
"5499","J01G",0.681339635826586
"5500","J01G",0.66551633481293
"5501","J01G",0.334684984101973
"5502","J01G",0.309426135514061
"5503","J01G",0.795378857850941
"5504","J01G",0.473281007130566
"5505","J01G",0.0355480309944932
"5506","J01G",0.222854733204207
"5507","J01G",0.975877425137975
"5508","J01G",0.578698479560847
"5509","J01G",0.415075448768287
"5510","J01G",0.59379056428347
"5511","J01G",0.517529649220821
"5512","J01G",0.612872008844447
"5513","J01G",0.573195697765372
"5514","J01G",0.29167587044035
"5515","J01G",0.504399751884179
"5516","J01G",0.230000223212971
"5517","J01G",0.424903867147637
"5518","J01G",0.557889821684001
"5519","J01G",0.572390044314674
"5520","J01G",0.579086539856245
"5521","J01G",0.866809992715723
"5522","J01G",0.620053266705829
"5523","J01G",0.40989817101936
"5524","J01G",0.422429224945231
"5525","J01G",0.463200135211001
"5526","J01G",0.504281636558475
"5527","J01G",0.588234994956872
"5528","J01G",0.329198929099789
"5529","J01G",0.210086917477546
"5530","J01G",0.0350270081684441
"5531","J01G",0.431422900271313
"5532","J01G",0.389775734308806
"5533","J01G",0.666672872674316
"5534","J01G",0.576301325491127
"5535","J01G",0.684330256850286
"5536","J01G",0.462781872169253
"5537","J01G",0.352083000709121
"5538","J01G",0.333633537856808
"5539","J01G",0.219877949223742
"5540","J01G",0.528100033299093
"5541","J01G",0.577583653850856
"5542","J01G",0.351432010766965
"5543","J01G",0.491682598862266
"5544","J01G",0.383857040630285
"5545","J01G",0.542549467157718
"5546","J01G",0.227007363951362
"5547","J01G",0.397727112465579
"5548","J01G",0.220287941014122
"5549","J01G",0.600187141161607
"5550","J01G",-0.133946165085666
"5551","J01G",0.562790105012409
"5552","J01G",0.710712048621545
"5553","J01G",0.161838865303653
"5554","J01G",0.286062021317379
"5555","J01G",0.468677405564324
"5556","J01G",0.193460532338482
"5557","J01G",-0.131420839561613
"5558","J01G",0.225031317616277
"5559","J01G",0.383237263921288
"5560","J01G",0.468254320248708
"5561","J01G",0.229520152478521
"5562","J01G",0.377067806371061
"5563","J01G",0.436219942321915
"5564","J01G",0.291864507912679
"5565","J01G",0.383359248009962
"5566","J01G",0.618082846012163
"5567","J01G",0.480182247501237
"5568","J01G",-0.00212785366312985
"5569","J01G",0.257080293417188
"5570","J01G",0.497063337852675
"5571","J01G",0.229525144580106
"5572","J01G",0.596849392096872
"5573","J01G",0.261997026869052
"5574","J01G",0.188002508128858
"5575","J01G",0.384923148883302
"5576","J01G",0.439485966348747
"5577","J01G",0.838524750707723
"5578","J01G",0.385480007311267
"5579","J01G",0.131531530690696
"5580","J01G",0.304764997225887
"5581","J01G",0.343746593868593
"5582","J01G",0.194904690543448
"5583","J01G",0.389442041252479
"5584","J01G",0.357776517201698
"5585","J01G",0.503602923141438
"5586","J01G",0.524808081843217
"5587","J01G",0.456175939522266
"5588","J01G",0.0117539673629976
"5589","J01G",0.558507633809247
"5590","J01G",0.295994040562463
"5591","J01G",0.294942716332298
"5592","J01G",0.407602877377139
"5593","J01G",0.421201155074827
"5594","J01G",0.410485200708492
"5595","J01G",0.660498812321086
"5596","J01G",-0.0132349459477786
"5597","J01G",0.100452423456783
"5598","J01G",0.329829777571109
"5599","J01G",0.108483513500183
"5600","J01G",0.581702466746707
"5601","J01G",0.371622611489086
"5602","J01G",0.171200458151495
"5603","J01G",0.518649560572489
"5604","J01G",0.59129187884095
"5605","J01G",-0.0614265779285404
"5606","J01G",0.698234033554723
"5607","J01G",0.115093795651752
"5608","J01G",0.312576590239444
"5609","J01G",0.55122299048526
"5610","J01G",0.482014298016144
"5611","J01G",0.598268516941839
"5612","J01G",0.5964665163238
"5613","J01G",0.646540899802853
"5614","J01G",0.456099205894002
"5615","J01G",0.563500517814779
"5616","J01G",0.288755379875167
"5617","J01G",0.308590959988942
"5618","J01G",0.531065797533667
"5619","J01G",0.410162811103896
"5620","J01G",0.647224608979546
"5621","J01G",0.312185713489766
"5622","J01G",0.457754375527003
"5623","J01G",0.274516970013728
"5624","J01G",0.12417445242434
"5625","J01G",0.58695148950028
"5626","J01G",0.390169960634207
"5627","J01G",0.668973895199714
"5628","J01G",0.142560070191265
"5629","J01G",0.575507866945958
"5630","J01G",0.502822508750449
"5631","J01G",0.508848812667218
"5632","J01G",0.0441341815222267
"5633","J01G",0.445193786625319
"5634","J01G",0.431891592045138
"5635","J01G",0.522232649181101
"5636","J01G",0.409767815425162
"5637","J01G",0.0272858209497385
"5638","J01G",0.325120607254284
"5639","J01G",0.452477537409421
"5640","J01G",0.407645323952741
"5641","J01G",0.245952680350607
"5642","J01G",0.495045291100978
"5643","J01G",0.276989327824837
"5644","J01G",0.319743348678578
"5645","J01G",0.19182443874058
"5646","J01G",0.530724766432839
"5647","J01G",0.36875871472772
"5648","J01G",0.446017606033396
"5649","J01G",0.430385506361995
"5650","J01G",0.199129502212613
"5651","J01G",0.327590283888582
"5652","J01G",0.513366987702358
"5653","J01G",0.557676462676566
"5654","J01G",0.288793717406258
"5655","J01G",0.391685283667079
"5656","J01G",0.852140782661641
"5657","J01G",0.273024290261959
"5658","J01G",0.612387853753864
"5659","J01G",0.30201879722225
"5660","J01G",0.299165997877607
"5661","J01G",0.204482500507037
"5662","J01G",0.305640640496194
"5663","J01G",0.443643766532844
"5664","J01G",0.381168044902643
"5665","J01G",0.430126249662057
"5666","J01G",0.44789079354715
"5667","J01G",0.65471431953848
"5668","J01G",0.330435887746005
"5669","J01G",0.3238777036669
"5670","J01G",0.737743764282782
"5671","J01G",0.483483421949739
"5672","J01G",0.0444535874101748
"5673","J01G",0.612942061176868
"5674","J01G",0.358913769017126
"5675","J01G",0.506220399489095
"5676","J01G",0.613025547802228
"5677","J01G",0.371938720137011
"5678","J01G",-0.0113930703910481
"5679","J01G",0.532760830562032
"5680","J01G",0.194385821257058
"5681","J01G",0.4192814043832
"5682","J01G",0.411612037239097
"5683","J01G",0.61542501675567
"5684","J01G",0.140047691646521
"5685","J01G",0.352078755393193
"5686","J01G",0.541915439778909
"5687","J01G",0.627848460037422
"5688","J01G",0.571594797719322
"5689","J01G",0.323185459907917
"5690","J01G",0.583437513614015
"5691","J01G",0.199072135852864
"5692","J01G",0.393943473120876
"5693","J01G",0.38822457412742
"5694","J01G",0.712495657465703
"5695","J01G",0.359307513465297
"5696","J01G",-0.0162816437524713
"5697","J01G",0.515396894829645
"5698","J01G",0.487868753404456
"5699","J01G",0.321619151918998
"5700","J01G",0.132078700247672
"5701","J01G",0.708141967199944
"5702","J01G",0.0230614447069411
"5703","J01G",0.0453926419702447
"5704","J01G",0.268684176403984
"5705","J01G",0.311752352562181
"5706","J01G",0.22425989859077
"5707","J01G",0.534337125480155
"5708","J01G",0.540700576605963
"5709","J01G",0.515843551574192
"5710","J01G",0.498611885262391
"5711","J01G",0.557530853761885
"5712","J01G",0.259649955556744
"5713","J01G",0.133603773468409
"5714","J01G",0.531804014176971
"5715","J01G",0.247863117761877
"5716","J01G",0.615360578193583
"5717","J01G",0.358269833105763
"5718","J01G",0.350571872661064
"5719","J01G",0.396146750523022
"5720","J01G",0.213857516585318
"5721","J01G",0.476306544551906
"5722","J01G",0.81534832657275
"5723","J01G",0.26471212265977
"5724","J01G",0.372437063327509
"5725","J01G",0.20031065167612
"5726","J01G",0.357920182690622
"5727","J01G",0.273653246249902
"5728","J01G",0.423484297290224
"5729","J01G",0.436288108255686
"5730","J01G",0.177840358468085
"5731","J01G",0.371235094702698
"5732","J01G",0.376319824919606
"5733","J01G",0.391099509286885
"5734","J01G",0.236759036797575
"5735","J01G",0.0420969475525184
"5736","J01G",0.381498332002644
"5737","J01G",0.218589467051891
"5738","J01G",0.492212758764847
"5739","J01G",0.379718130492034
"5740","J01G",0.34668446134238
"5741","J01G",0.239927584067504
"5742","J01G",0.349817408528832
"5743","J01G",0.440321553516437
"5744","J01G",0.338258214155475
"5745","J01G",0.136065713613956
"5746","J01G",0.44376528816947
"5747","J01G",0.306791157515213
"5748","J01G",0.580374126222334
"5749","J01G",0.470768723813778
"5750","J01G",0.237366860724086
"5751","J01G",0.383132063744974
"5752","J01G",0.337736364070384
"5753","J01G",0.587656689947847
"5754","J01G",0.537285498195583
"5755","J01G",0.173104611526609
"5756","J01G",0.95103189934519
"5757","J01G",0.324597420723696
"5758","J01G",0.252169512418788
"5759","J01G",0.584371528574618
"5760","J01G",0.692037368801475
"5761","J01G",0.325191408192326
"5762","J01G",0.216228454371071
"5763","J01G",0.311875421552196
"5764","J01G",0.332641733801551
"5765","J01G",0.492761722714822
"5766","J01G",0.120127354233294
"5767","J01G",0.333061298279116
"5768","J01G",0.196817950886744
"5769","J01G",0.350286164852207
"5770","J01G",0.12965473099667
"5771","J01G",0.638447212411722
"5772","J01G",0.504487777053702
"5773","J01G",0.431300078340274
"5774","J01G",0.754340877878453
"5775","J01G",0.133267899367022
"5776","J01G",0.595373795263247
"5777","J01G",0.343225664406506
"5778","J01G",0.499772635306441
"5779","J01G",0.248126126834673
"5780","J01G",0.448020799456461
"5781","J01G",0.298351247620515
"5782","J01G",0.286242215520173
"5783","J01G",0.443938451508633
"5784","J01G",0.273237517056176
"5785","J01G",0.740642926106198
"5786","J01G",0.35589043946251
"5787","J01G",0.370008155477566
"5788","J01G",0.335479444836173
"5789","J01G",0.356193861918316
"5790","J01G",0.36144385579931
"5791","J01G",0.539305723074352
"5792","J01G",0.376164317186947
"5793","J01G",0.631665825846224
"5794","J01G",0.750537285257503
"5795","J01G",0.41987563572764
"5796","J01G",0.193117195728897
"5797","J01G",0.634253385388802
"5798","J01G",0.773101311655905
"5799","J01G",0.588354364237319
"5800","J01G",0.162549694475657
"5801","J01G",0.207037826016111
"5802","J01G",0.552994792786371
"5803","J01G",0.43161928435719
"5804","J01G",0.354644616546424
"5805","J01G",0.208937282678796
"5806","J01G",0.468021421415876
"5807","J01G",0.0970151653130767
"5808","J01G",0.0887380414819288
"5809","J01G",0.304687892311568
"5810","J01G",0.712891952335818
"5811","J01G",0.301144165509561
"5812","J01G",0.365973186528874
"5813","J01G",0.461310494988424
"5814","J01G",0.481066504469303
"5815","J01G",0.447528340918307
"5816","J01G",0.289850562601844
"5817","J01G",0.329820022299787
"5818","J01G",0.231485916123696
"5819","J01G",0.359618443378159
"5820","J01G",0.478712059978247
"5821","J01G",0.27182529391819
"5822","J01G",0.411529084222352
"5823","J01G",0.246700690182772
"5824","J01G",0.422574743891057
"5825","J01G",-0.00638769286220674
"5826","J01G",0.210291859588293
"5827","J01G",0.4146508569058
"5828","J01G",0.531799890919833
"5829","J01G",0.21692363670293
"5830","J01G",0.483382181320009
"5831","J01G",0.52682617931624
"5832","J01G",0.429316315337779
"5833","J01G",0.43667372024493
"5834","J01G",0.40076233833814
"5835","J01G",0.447413323193943
"5836","J01G",0.731773897947048
"5837","J01G",0.264001409694151
"5838","J01G",0.429004053500363
"5839","J01G",0.383834907567479
"5840","J01G",0.702114474779262
"5841","J01G",0.367887969898388
"5842","J01G",0.697425107137905
"5843","J01G",0.840134118305299
"5844","J01G",0.318200983764801
"5845","J01G",0.373087647058809
"5846","J01G",0.309327295614012
"5847","J01G",0.347366549022044
"5848","J01G",0.342294889672983
"5849","J01G",0.621820889691923
"5850","J01G",0.369582064797693
"5851","J01G",0.318211667483649
"5852","J01G",0.498638074467697
"5853","J01G",0.340024959850739
"5854","J01G",0.292390943215714
"5855","J01G",0.476419453374816
"5856","J01G",0.0407151718908766
"5857","J01G",0.227893064100288
"5858","J01G",0.529861204068141
"5859","J01G",0.166911369483383
"5860","J01G",0.480477933984463
"5861","J01G",0.182851269766543
"5862","J01G",0.432838498214985
"5863","J01G",0.651937326905596
"5864","J01G",0.366262071841024
"5865","J01G",0.179459576396001
"5866","J01G",0.678566748905056
"5867","J01G",0.424542930559732
"5868","J01G",0.242271168976122
"5869","J01G",0.237028958930094
"5870","J01G",0.48280024335606
"5871","J01G",0.112034552057944
"5872","J01G",0.726321357778356
"5873","J01G",0.125417077718016
"5874","J01G",0.323933494245954
"5875","J01G",0.502498261412672
"5876","J01G",0.478502526256294
"5877","J01G",0.275064889588118
"5878","J01G",0.309616669628547
"5879","J01G",0.622165655272238
"5880","J01G",0.511458787954205
"5881","J01G",0.284562129897553
"5882","J01G",0.469208240531242
"5883","J01G",-0.00241878564937726
"5884","J01G",0.0785051140989602
"5885","J01G",0.190282245888799
"5886","J01G",0.577440914803748
"5887","J01G",0.364694099433773
"5888","J01G",0.338859464592155
"5889","J01G",0.654461747754925
"5890","J01G",0.591604487047043
"5891","J01G",0.430719507668208
"5892","J01G",0.448704713516734
"5893","J01G",0.703519946083469
"5894","J01G",0.516832047467115
"5895","J01G",0.379511070303938
"5896","J01G",0.336003553998689
"5897","J01G",0.76475724378586
"5898","J01G",0.413612775746252
"5899","J01G",0.340703161205543
"5900","J01G",0.590582686708955
"5901","J01G",0.507576371257286
"5902","J01G",0.52297538964563
"5903","J01G",0.640360815979882
"5904","J01G",0.137529204107753
"5905","J01G",0.34747581388973
"5906","J01G",0.179381236129769
"5907","J01G",0.349646854255452
"5908","J01G",0.347616273611749
"5909","J01G",0.368324228183186
"5910","J01G",0.486746403136485
"5911","J01G",0.224837848328169
"5912","J01G",0.655436963123333
"5913","J01G",0.326176587501512
"5914","J01G",0.260766988143427
"5915","J01G",0.176566370554119
"5916","J01G",0.528324416420903
"5917","J01G",0.268287821139028
"5918","J01G",0.222340566441476
"5919","J01G",0.310377441489038
"5920","J01G",0.29949674830549
"5921","J01G",0.398353603165821
"5922","J01G",0.319846741014976
"5923","J01G",0.650213580103482
"5924","J01G",0.435185188687097
"5925","J01G",0.618726697630364
"5926","J01G",0.109078076256534
"5927","J01G",0.168697695645659
"5928","J01G",0.561208852446882
"5929","J01G",0.354608294206693
"5930","J01G",0.701783718329577
"5931","J01G",0.704097436784911
"5932","J01G",0.536699661256502
"5933","J01G",0.0635660701718158
"5934","J01G",0.339930007697535
"5935","J01G",0.482977694532535
"5936","J01G",0.22505938049086
"5937","J01G",0.265645847262872
"5938","J01G",0.267726893373475
"5939","J01G",0.176531119427088
"5940","J01G",0.531658576518829
"5941","J01G",0.636908164507586
"5942","J01G",0.487989323300725
"5943","J01G",0.308252632074776
"5944","J01G",0.326520364073406
"5945","J01G",0.669277859513826
"5946","J01G",0.365835491646426
"5947","J01G",0.361845478721871
"5948","J01G",0.804696892645334
"5949","J01G",0.476116723219282
"5950","J01G",0.545140544471833
"5951","J01G",0.202750204369232
"5952","J01G",0.777084518756392
"5953","J01G",0.347573475419485
"5954","J01G",0.535351247493335
"5955","J01G",0.513555464062486
"5956","J01G",0.41589958476765
"5957","J01G",0.4322480241252
"5958","J01G",0.519709837753775
"5959","J01G",0.143551672631441
"5960","J01G",0.249614683471256
"5961","J01G",0.717258856450939
"5962","J01G",0.352827903897824
"5963","J01G",0.215163124595056
"5964","J01G",0.320919936139431
"5965","J01G",0.542385513531796
"5966","J01G",0.298178066943022
"5967","J01G",-0.10893654687529
"5968","J01G",0.292919041973395
"5969","J01G",0.580405130428924
"5970","J01G",0.341459914912708
"5971","J01G",0.465024103260335
"5972","J01G",0.451455963686118
"5973","J01G",0.617730871397833
"5974","J01G",0.390414210954278
"5975","J01G",0.22315931447856
"5976","J01G",0.569757274835389
"5977","J01G",0.243364870973378
"5978","J01G",0.393020694161428
"5979","J01G",0.386454200501603
"5980","J01G",0.383655911715554
"5981","J01G",0.305207142204712
"5982","J01G",0.412868427555096
"5983","J01G",0.275327744302572
"5984","J01G",0.477968866684356
"5985","J01G",0.533773398082703
"5986","J01G",0.267807537134496
"5987","J01G",0.468437834578413
"5988","J01G",0.471414184855694
"5989","J01G",0.550577775182716
"5990","J01G",0.356102867229276
"5991","J01G",0.610016756551698
"5992","J01G",0.0461219277633182
"5993","J01G",0.537913927070358
"5994","J01G",0.632497108318471
"5995","J01G",-0.0269380149792406
"5996","J01G",0.815348148584345
"5997","J01G",0.376326130839207
"5998","J01G",0.371442072116827
"5999","J01G",0.545234445959778
"6000","J01G",0.907374560324048
"6001","J01M",0.854474872757468
"6002","J01M",0.730488316339073
"6003","J01M",0.653991634362957
"6004","J01M",0.546885832512915
"6005","J01M",0.961457857033565
"6006","J01M",1.04903413239777
"6007","J01M",1.11030290587546
"6008","J01M",0.91813055469632
"6009","J01M",0.649470227869111
"6010","J01M",0.780479299500708
"6011","J01M",0.868454065430658
"6012","J01M",0.567848382556223
"6013","J01M",0.43505332863172
"6014","J01M",0.409616003547158
"6015","J01M",0.826927642486173
"6016","J01M",0.691720470479921
"6017","J01M",0.645792270564053
"6018","J01M",0.523161364576546
"6019","J01M",1.06789230469393
"6020","J01M",1.01313365769162
"6021","J01M",0.625804635466895
"6022","J01M",0.899038913613728
"6023","J01M",0.559508526708368
"6024","J01M",0.584328716742352
"6025","J01M",0.500128518719051
"6026","J01M",0.960366390160367
"6027","J01M",0.886164558532362
"6028","J01M",0.533374413772893
"6029","J01M",0.958256501935185
"6030","J01M",0.757924816533962
"6031","J01M",0.803076909698424
"6032","J01M",0.897821996369499
"6033","J01M",0.704433625993681
"6034","J01M",1.01280097424866
"6035","J01M",0.570400718221881
"6036","J01M",0.892869064034984
"6037","J01M",0.639530614928206
"6038","J01M",0.982619495327925
"6039","J01M",0.714760927720969
"6040","J01M",0.65162682488699
"6041","J01M",0.355572432376851
"6042","J01M",0.692592296959742
"6043","J01M",0.774393025339933
"6044","J01M",0.848315455493149
"6045","J01M",0.712542666986993
"6046","J01M",0.689834154796279
"6047","J01M",0.743128575531608
"6048","J01M",0.702456154174252
"6049","J01M",0.753892115968626
"6050","J01M",0.808953406117015
"6051","J01M",1.22547140945997
"6052","J01M",0.615117386623028
"6053","J01M",0.466479378147955
"6054","J01M",0.864605386030165
"6055","J01M",0.857392132656319
"6056","J01M",1.05106448281124
"6057","J01M",0.953099266788397
"6058","J01M",0.739576462962549
"6059","J01M",0.648528797423506
"6060","J01M",0.667244243402756
"6061","J01M",0.906767327224628
"6062","J01M",1.04838966272253
"6063","J01M",0.772905687752249
"6064","J01M",1.02280603108813
"6065","J01M",1.07578605326488
"6066","J01M",0.702253734618609
"6067","J01M",0.996676669686944
"6068","J01M",0.734219134157976
"6069","J01M",0.589988494981978
"6070","J01M",0.537473000938556
"6071","J01M",0.691042064693713
"6072","J01M",1.20456200937363
"6073","J01M",0.700245892967036
"6074","J01M",0.787564042240585
"6075","J01M",0.534770501094255
"6076","J01M",0.671440825869807
"6077","J01M",1.00521222386669
"6078","J01M",0.476395615232415
"6079","J01M",0.863782868392474
"6080","J01M",0.842377303480323
"6081","J01M",1.12575670116536
"6082","J01M",0.819197650134594
"6083","J01M",0.6646364784856
"6084","J01M",0.312652984969471
"6085","J01M",0.927329920911804
"6086","J01M",0.73688382864619
"6087","J01M",0.673349020644908
"6088","J01M",0.702046389529993
"6089","J01M",0.972704790449887
"6090","J01M",0.691999172580675
"6091","J01M",0.84506832428009
"6092","J01M",0.814073983295251
"6093","J01M",1.1112575573001
"6094","J01M",0.511879316943644
"6095","J01M",0.593747060558467
"6096","J01M",0.71428675947508
"6097","J01M",0.298257281024628
"6098","J01M",0.794351318273185
"6099","J01M",0.783629567278005
"6100","J01M",1.15737944854
"6101","J01M",0.840906947025246
"6102","J01M",0.502594324167138
"6103","J01M",0.934737025247768
"6104","J01M",0.678788214442869
"6105","J01M",0.805011183800109
"6106","J01M",0.456768881357804
"6107","J01M",0.696974257774641
"6108","J01M",0.818253035238524
"6109","J01M",0.953005452078282
"6110","J01M",0.957774425410821
"6111","J01M",0.617965787756721
"6112","J01M",0.661934842069928
"6113","J01M",0.591930014296011
"6114","J01M",1.22904999269859
"6115","J01M",0.797474206734011
"6116","J01M",0.871539134352827
"6117","J01M",0.453846507811517
"6118","J01M",0.866505524928255
"6119","J01M",0.615852156618555
"6120","J01M",0.47232272258661
"6121","J01M",1.05837454327906
"6122","J01M",0.76556447747192
"6123","J01M",0.920985713386199
"6124","J01M",0.49125128611992
"6125","J01M",0.613914146745673
"6126","J01M",0.90970676546259
"6127","J01M",0.91003702759515
"6128","J01M",0.473527524417438
"6129","J01M",0.525309326881825
"6130","J01M",0.780942232829722
"6131","J01M",0.829258097602811
"6132","J01M",0.92434887981612
"6133","J01M",0.86196075114669
"6134","J01M",0.574034506498609
"6135","J01M",0.796300834402079
"6136","J01M",0.420502709701537
"6137","J01M",0.696551009889945
"6138","J01M",1.11118967901647
"6139","J01M",0.730271648537664
"6140","J01M",0.904683980566434
"6141","J01M",0.84842450557019
"6142","J01M",0.782948189942239
"6143","J01M",0.688692971081883
"6144","J01M",0.560691547817682
"6145","J01M",0.930395965434624
"6146","J01M",0.821021116259708
"6147","J01M",0.691025156041212
"6148","J01M",0.706373050751972
"6149","J01M",0.638677846184994
"6150","J01M",0.773749553638156
"6151","J01M",0.91378867431814
"6152","J01M",0.919228995431624
"6153","J01M",0.595147204622733
"6154","J01M",0.386902521195934
"6155","J01M",0.619885871192419
"6156","J01M",0.804029810098619
"6157","J01M",0.724291598174493
"6158","J01M",0.666987841868892
"6159","J01M",0.854577282169428
"6160","J01M",0.768542355349472
"6161","J01M",0.93184479060125
"6162","J01M",0.915841631489848
"6163","J01M",0.764562587473047
"6164","J01M",0.523437818851744
"6165","J01M",0.593856264469865
"6166","J01M",0.400219876463265
"6167","J01M",0.37638005337288
"6168","J01M",0.870232187583362
"6169","J01M",0.737643808372912
"6170","J01M",0.899545766455683
"6171","J01M",0.98991089180354
"6172","J01M",0.568338890069054
"6173","J01M",0.958878211480606
"6174","J01M",0.716800203205156
"6175","J01M",1.08170378275719
"6176","J01M",0.88963125322611
"6177","J01M",0.875393902623927
"6178","J01M",0.605235464749384
"6179","J01M",0.701128111702839
"6180","J01M",1.03796606584225
"6181","J01M",0.415398500976497
"6182","J01M",0.798081488417955
"6183","J01M",0.616663031025068
"6184","J01M",1.17008558955138
"6185","J01M",0.638271134152298
"6186","J01M",1.0309396871713
"6187","J01M",0.783698520035131
"6188","J01M",0.719286291740482
"6189","J01M",0.536390977255685
"6190","J01M",1.03855740275268
"6191","J01M",0.610903281022966
"6192","J01M",0.727083353435502
"6193","J01M",0.95460057561682
"6194","J01M",0.925318628089676
"6195","J01M",0.768154310998388
"6196","J01M",0.269138540838023
"6197","J01M",0.599285773313652
"6198","J01M",0.61772514498944
"6199","J01M",1.0527812584543
"6200","J01M",0.676857596332907
"6201","J01M",0.6756475606775
"6202","J01M",0.562769423109686
"6203","J01M",0.934037439952459
"6204","J01M",0.910096023706903
"6205","J01M",0.691018761049764
"6206","J01M",0.571372578763089
"6207","J01M",1.17724925436914
"6208","J01M",0.712327727390157
"6209","J01M",0.543377077140437
"6210","J01M",0.848846489609526
"6211","J01M",1.08330979033349
"6212","J01M",0.491647460081648
"6213","J01M",0.89080975907242
"6214","J01M",0.642157632061703
"6215","J01M",0.580600603466682
"6216","J01M",0.883682274552335
"6217","J01M",0.994295650997816
"6218","J01M",0.294534341232029
"6219","J01M",0.813565910914801
"6220","J01M",0.462336476295071
"6221","J01M",0.33413232379829
"6222","J01M",0.615885161653296
"6223","J01M",0.610348214576571
"6224","J01M",0.837052503849478
"6225","J01M",0.916160605072993
"6226","J01M",0.489414047217654
"6227","J01M",0.712832289050761
"6228","J01M",0.580580089858632
"6229","J01M",0.500074790254513
"6230","J01M",0.754414219481698
"6231","J01M",0.753666529786745
"6232","J01M",0.786278531243348
"6233","J01M",0.772226159055429
"6234","J01M",0.723782705155839
"6235","J01M",0.964769726602971
"6236","J01M",0.740105936478252
"6237","J01M",0.757600007184869
"6238","J01M",0.633959663168044
"6239","J01M",0.75786704636279
"6240","J01M",0.331786209224493
"6241","J01M",0.863845553205492
"6242","J01M",0.700987661762619
"6243","J01M",0.377007352851638
"6244","J01M",0.457276219223919
"6245","J01M",0.594844530424109
"6246","J01M",0.571958907251018
"6247","J01M",0.872927483989914
"6248","J01M",0.934291556597188
"6249","J01M",1.03641308119742
"6250","J01M",0.907341719472464
"6251","J01M",0.381440528853011
"6252","J01M",0.750348381167244
"6253","J01M",0.709917233058018
"6254","J01M",0.614167472575168
"6255","J01M",0.849653352465077
"6256","J01M",0.568099943027807
"6257","J01M",0.573708047506592
"6258","J01M",0.490544947500864
"6259","J01M",0.844310711234448
"6260","J01M",0.955795914301138
"6261","J01M",0.640690620161724
"6262","J01M",0.446773147865876
"6263","J01M",0.906647791442414
"6264","J01M",0.593431452012895
"6265","J01M",1.21146385339315
"6266","J01M",0.341955175950718
"6267","J01M",0.751721495507461
"6268","J01M",0.98829057929319
"6269","J01M",0.611034307957151
"6270","J01M",0.938545571796413
"6271","J01M",0.634012995378859
"6272","J01M",0.409715448992426
"6273","J01M",0.437042421713883
"6274","J01M",0.58124149438862
"6275","J01M",0.821740402005435
"6276","J01M",0.356779218318321
"6277","J01M",1.08747067676927
"6278","J01M",0.932328006196204
"6279","J01M",0.87518019618935
"6280","J01M",1.06393770193053
"6281","J01M",0.760957608067981
"6282","J01M",0.570789522281889
"6283","J01M",0.717696499152382
"6284","J01M",0.657493219144195
"6285","J01M",0.719174552672837
"6286","J01M",0.643170218662554
"6287","J01M",0.366026666197592
"6288","J01M",0.731361569236121
"6289","J01M",0.553952635679624
"6290","J01M",0.395844446989222
"6291","J01M",1.04343857917998
"6292","J01M",0.731924402669271
"6293","J01M",1.03988039566189
"6294","J01M",0.719569454065416
"6295","J01M",1.0522881945423
"6296","J01M",0.594408286859807
"6297","J01M",0.647781932248279
"6298","J01M",0.823381894200916
"6299","J01M",0.530229732338635
"6300","J01M",0.840869386396763
"6301","J01M",0.253333104294867
"6302","J01M",0.234266481645329
"6303","J01M",0.932408282364089
"6304","J01M",0.554326343086913
"6305","J01M",1.08324459623305
"6306","J01M",0.704981186391163
"6307","J01M",0.779771867920804
"6308","J01M",0.827060324066825
"6309","J01M",0.561686757553581
"6310","J01M",0.79074495069229
"6311","J01M",0.738891515069453
"6312","J01M",0.696610891951657
"6313","J01M",0.753222415747511
"6314","J01M",1.09951292540163
"6315","J01M",1.08782172912257
"6316","J01M",0.734943496188744
"6317","J01M",0.59237795078652
"6318","J01M",0.754781027183846
"6319","J01M",0.703082547331324
"6320","J01M",0.886030706723712
"6321","J01M",0.832202637205166
"6322","J01M",0.324359553518093
"6323","J01M",0.675006117137022
"6324","J01M",0.896540092653984
"6325","J01M",0.62043236362388
"6326","J01M",0.957235568461948
"6327","J01M",0.700740610652422
"6328","J01M",0.749895018753744
"6329","J01M",0.649254513255261
"6330","J01M",0.651871915929973
"6331","J01M",1.1109991903371
"6332","J01M",0.660245550680697
"6333","J01M",0.555908127003008
"6334","J01M",0.67615963525558
"6335","J01M",0.669003425094884
"6336","J01M",0.800985202117673
"6337","J01M",1.14425247069076
"6338","J01M",0.965304671001789
"6339","J01M",0.490701784867558
"6340","J01M",0.961826654559588
"6341","J01M",0.810258384975968
"6342","J01M",0.939704030257626
"6343","J01M",0.810249370428498
"6344","J01M",0.713447469031082
"6345","J01M",0.445365621306717
"6346","J01M",0.712005393023049
"6347","J01M",0.882198668012006
"6348","J01M",0.615889423312431
"6349","J01M",0.514259459050553
"6350","J01M",0.955327232882768
"6351","J01M",0.589665642826003
"6352","J01M",1.08478307329954
"6353","J01M",0.628943874326764
"6354","J01M",0.774752593557544
"6355","J01M",0.814070968480955
"6356","J01M",1.00682001525289
"6357","J01M",0.780007704173988
"6358","J01M",0.687734015451392
"6359","J01M",0.744714840105953
"6360","J01M",0.642548312230917
"6361","J01M",0.903356239303158
"6362","J01M",0.854405579724544
"6363","J01M",1.13006009779253
"6364","J01M",1.01134388390251
"6365","J01M",0.77154847184417
"6366","J01M",1.10476145773314
"6367","J01M",0.811823372608894
"6368","J01M",0.421366669729567
"6369","J01M",0.370431203261573
"6370","J01M",0.617181485878592
"6371","J01M",1.12121684371131
"6372","J01M",0.63066582808332
"6373","J01M",0.693764655090263
"6374","J01M",0.888700001208832
"6375","J01M",0.925494615049874
"6376","J01M",0.356885246555526
"6377","J01M",0.775455799083432
"6378","J01M",0.757337363714165
"6379","J01M",0.76731277190443
"6380","J01M",0.919225459217507
"6381","J01M",0.860633292186014
"6382","J01M",0.816733978633673
"6383","J01M",0.705615236255638
"6384","J01M",0.643190878504195
"6385","J01M",0.93706733736986
"6386","J01M",0.879774542307714
"6387","J01M",0.815509809108942
"6388","J01M",0.555525847982221
"6389","J01M",0.953960268800848
"6390","J01M",0.71524340445995
"6391","J01M",0.676635175467318
"6392","J01M",0.609388489348317
"6393","J01M",1.03840458889894
"6394","J01M",0.766414603504116
"6395","J01M",0.982690449467024
"6396","J01M",1.04221725421237
"6397","J01M",0.921531522716193
"6398","J01M",0.633028811675341
"6399","J01M",0.492832727114833
"6400","J01M",1.06817977994212
"6401","J01M",0.761229316345397
"6402","J01M",0.765734953109352
"6403","J01M",0.951764299552837
"6404","J01M",1.01731846568206
"6405","J01M",0.72216720798423
"6406","J01M",1.13022388343737
"6407","J01M",1.01802224411346
"6408","J01M",0.796452856744645
"6409","J01M",0.724020136538667
"6410","J01M",0.595846998246887
"6411","J01M",0.821794108159643
"6412","J01M",0.764859499948477
"6413","J01M",0.618795465451861
"6414","J01M",0.782298330420777
"6415","J01M",0.798570275605034
"6416","J01M",0.559266827988219
"6417","J01M",0.416154645161449
"6418","J01M",0.897735984720502
"6419","J01M",1.00056205516992
"6420","J01M",0.631882867214359
"6421","J01M",0.337388424076286
"6422","J01M",0.942899730099066
"6423","J01M",0.661535308107166
"6424","J01M",0.800991400309094
"6425","J01M",0.564666279261508
"6426","J01M",0.642203550927483
"6427","J01M",0.799573873561279
"6428","J01M",0.54981420486064
"6429","J01M",0.788055587620012
"6430","J01M",0.54918189854955
"6431","J01M",0.805777888370179
"6432","J01M",0.55325888735532
"6433","J01M",0.598234005612621
"6434","J01M",0.390273884078654
"6435","J01M",0.629343731278649
"6436","J01M",0.547685666381856
"6437","J01M",0.865270164700494
"6438","J01M",1.02755289585631
"6439","J01M",0.876922440946906
"6440","J01M",0.927519031964271
"6441","J01M",0.747451515034814
"6442","J01M",0.883768737975099
"6443","J01M",1.21782271837099
"6444","J01M",0.753719710718015
"6445","J01M",1.01520403494099
"6446","J01M",0.87963389228268
"6447","J01M",0.589174115589232
"6448","J01M",0.99087495644491
"6449","J01M",0.959227459078116
"6450","J01M",0.940878129845231
"6451","J01M",0.6157772576503
"6452","J01M",0.783445127790204
"6453","J01M",0.666030060330342
"6454","J01M",0.809975274307147
"6455","J01M",0.782407127579211
"6456","J01M",0.777815314656026
"6457","J01M",0.832488404730014
"6458","J01M",0.529108386697269
"6459","J01M",0.862911135464556
"6460","J01M",0.867679061705193
"6461","J01M",0.764906694499378
"6462","J01M",0.706367993575875
"6463","J01M",0.658346546661379
"6464","J01M",0.342099347340351
"6465","J01M",0.789407793844185
"6466","J01M",0.79570821547965
"6467","J01M",0.617827602549214
"6468","J01M",0.814426567852239
"6469","J01M",0.622358803444171
"6470","J01M",0.992325351401911
"6471","J01M",0.648824548504468
"6472","J01M",0.552481134608091
"6473","J01M",0.828563570733267
"6474","J01M",0.664132084891125
"6475","J01M",0.893935096798506
"6476","J01M",0.672618047944074
"6477","J01M",0.487580388378004
"6478","J01M",0.901806912070978
"6479","J01M",0.73652553711418
"6480","J01M",0.884478638238159
"6481","J01M",0.791465831591632
"6482","J01M",0.471082515151137
"6483","J01M",0.884904724078415
"6484","J01M",0.675952384807132
"6485","J01M",1.14571866726774
"6486","J01M",0.867699969700421
"6487","J01M",0.77836042702849
"6488","J01M",0.684352776546164
"6489","J01M",0.606673505630504
"6490","J01M",0.778382590609466
"6491","J01M",0.508921873437257
"6492","J01M",0.84943848551379
"6493","J01M",0.523585876599787
"6494","J01M",0.571788171652898
"6495","J01M",0.840903716382311
"6496","J01M",0.559752837398521
"6497","J01M",0.622346475030556
"6498","J01M",0.448620924649408
"6499","J01M",0.584048087969297
"6500","J01M",0.637931685656747
"6501","J01M",0.764579338170109
"6502","J01M",0.692015139321736
"6503","J01M",0.461119229740052
"6504","J01M",0.578503203174108
"6505","J01M",0.461062846133658
"6506","J01M",0.845878840047867
"6507","J01M",0.62918195086146
"6508","J01M",0.656967979696337
"6509","J01M",1.08932092957651
"6510","J01M",0.436840449374828
"6511","J01M",0.494785543599223
"6512","J01M",0.280765007226092
"6513","J01M",0.62277413078697
"6514","J01M",0.92125128464972
"6515","J01M",0.533498373348172
"6516","J01M",0.507323071569761
"6517","J01M",0.733604904519272
"6518","J01M",0.722924681990013
"6519","J01M",1.01689638821443
"6520","J01M",0.969691479683909
"6521","J01M",0.624274137276858
"6522","J01M",0.476067487023618
"6523","J01M",0.67549700940034
"6524","J01M",1.01271593584972
"6525","J01M",0.514651480633461
"6526","J01M",0.584384375579914
"6527","J01M",0.83271051120398
"6528","J01M",0.970194058272466
"6529","J01M",0.599005117647625
"6530","J01M",0.778546701121565
"6531","J01M",0.633127377010366
"6532","J01M",0.673644868139024
"6533","J01M",0.45542625334026
"6534","J01M",0.374830813953991
"6535","J01M",0.790456476369872
"6536","J01M",0.849458351419703
"6537","J01M",0.651902571262363
"6538","J01M",0.702898353889713
"6539","J01M",1.04596065399857
"6540","J01M",0.527424198956701
"6541","J01M",0.702063499334852
"6542","J01M",0.858328815560725
"6543","J01M",0.908969717051665
"6544","J01M",0.705348393402108
"6545","J01M",0.705049237287613
"6546","J01M",0.459662618575532
"6547","J01M",0.901331760628319
"6548","J01M",1.20591857037125
"6549","J01M",0.727510516100146
"6550","J01M",0.774663595954092
"6551","J01M",0.938682187810266
"6552","J01M",0.96107254632966
"6553","J01M",1.10256918566646
"6554","J01M",0.827581091584294
"6555","J01M",0.800428195385064
"6556","J01M",0.756896154476461
"6557","J01M",0.735472911279285
"6558","J01M",1.01270217283899
"6559","J01M",0.786803359409546
"6560","J01M",0.988661548611542
"6561","J01M",1.06525051150473
"6562","J01M",0.765250344062683
"6563","J01M",0.714356079747157
"6564","J01M",0.866097487196487
"6565","J01M",0.921699981342702
"6566","J01M",0.611741844962316
"6567","J01M",0.932960858782268
"6568","J01M",0.494423468154407
"6569","J01M",0.658276942082108
"6570","J01M",0.785390240866534
"6571","J01M",0.493996218660098
"6572","J01M",0.570140933834619
"6573","J01M",0.377646693214587
"6574","J01M",0.675649056794106
"6575","J01M",0.810029758623735
"6576","J01M",1.28225495335694
"6577","J01M",0.746796089588436
"6578","J01M",0.740596795162326
"6579","J01M",0.482659961309025
"6580","J01M",1.00408796993386
"6581","J01M",0.992695613192814
"6582","J01M",0.759459940742373
"6583","J01M",0.728916084698077
"6584","J01M",0.780355985097352
"6585","J01M",0.573614998649169
"6586","J01M",0.780874887309348
"6587","J01M",0.381102610697494
"6588","J01M",0.751173638401484
"6589","J01M",0.79466905997727
"6590","J01M",0.832626784940087
"6591","J01M",0.879327227129076
"6592","J01M",0.888537389681144
"6593","J01M",0.776003028595326
"6594","J01M",0.917876418577558
"6595","J01M",0.616269229313648
"6596","J01M",0.784309398728091
"6597","J01M",1.10850144535099
"6598","J01M",0.601961490154192
"6599","J01M",0.782515563841571
"6600","J01M",0.660812090453386
"6601","J01M",0.657323643890671
"6602","J01M",0.391737441257161
"6603","J01M",0.708543337907039
"6604","J01M",0.786125728995373
"6605","J01M",0.533996074903903
"6606","J01M",0.611453113667917
"6607","J01M",0.580653733290229
"6608","J01M",0.730727721930695
"6609","J01M",0.680928065427577
"6610","J01M",0.764343479724446
"6611","J01M",0.70109974978802
"6612","J01M",0.830959670824187
"6613","J01M",0.736301400179062
"6614","J01M",0.504560777792356
"6615","J01M",0.695784164172298
"6616","J01M",0.164135474279059
"6617","J01M",0.734843384217553
"6618","J01M",0.801735095407045
"6619","J01M",0.863790193986117
"6620","J01M",0.912919859318612
"6621","J01M",1.2197876222717
"6622","J01M",0.558404937086586
"6623","J01M",1.14414232242902
"6624","J01M",0.52300610805616
"6625","J01M",0.269041928571954
"6626","J01M",1.1106744849688
"6627","J01M",0.896733076869905
"6628","J01M",0.280953247754505
"6629","J01M",0.771976963970893
"6630","J01M",1.21665427546454
"6631","J01M",0.684943503138581
"6632","J01M",0.396964118582283
"6633","J01M",0.753825107969013
"6634","J01M",0.730646706933676
"6635","J01M",0.934885215556493
"6636","J01M",1.08345840512213
"6637","J01M",0.668979718380891
"6638","J01M",0.74166711033327
"6639","J01M",0.631379027646946
"6640","J01M",0.545647693976395
"6641","J01M",0.300502229648119
"6642","J01M",0.965964584687985
"6643","J01M",0.688010642414762
"6644","J01M",0.785015978740949
"6645","J01M",0.364153501031117
"6646","J01M",0.491035255936727
"6647","J01M",0.8228486071537
"6648","J01M",0.580842851622631
"6649","J01M",0.628875356000878
"6650","J01M",1.03469306379092
"6651","J01M",0.623387915552067
"6652","J01M",0.851923702179779
"6653","J01M",0.502084427468392
"6654","J01M",0.421405755559296
"6655","J01M",0.978209703188464
"6656","J01M",0.765198396726979
"6657","J01M",0.792146170753008
"6658","J01M",0.853140121982375
"6659","J01M",0.60746106024135
"6660","J01M",0.617810007073794
"6661","J01M",1.07562854553014
"6662","J01M",1.30237260185251
"6663","J01M",0.991940478234425
"6664","J01M",0.673867368617123
"6665","J01M",1.02499742384062
"6666","J01M",0.628421159200206
"6667","J01M",0.72790753932961
"6668","J01M",0.728110393448055
"6669","J01M",0.674541470345781
"6670","J01M",0.548763828387912
"6671","J01M",0.998734708004135
"6672","J01M",0.701231530802454
"6673","J01M",0.516065078149955
"6674","J01M",0.783833129793608
"6675","J01M",0.942029491620343
"6676","J01M",0.620951275086565
"6677","J01M",0.861007044845351
"6678","J01M",0.80768690217456
"6679","J01M",0.747839830188197
"6680","J01M",0.565283764533853
"6681","J01M",0.93124603723262
"6682","J01M",0.588603264577152
"6683","J01M",0.615919014572307
"6684","J01M",0.612766661967378
"6685","J01M",0.523988001604559
"6686","J01M",0.876595250278684
"6687","J01M",0.59167775981474
"6688","J01M",0.799109029731596
"6689","J01M",0.604959871728263
"6690","J01M",0.64752988373328
"6691","J01M",0.869067575967824
"6692","J01M",0.885575581538568
"6693","J01M",0.755096499638287
"6694","J01M",0.428742097137236
"6695","J01M",0.310046446805265
"6696","J01M",1.12018401996921
"6697","J01M",0.744420579249955
"6698","J01M",0.647015175317652
"6699","J01M",0.55158477262226
"6700","J01M",0.67529530538399
"6701","J01M",0.452560477640118
"6702","J01M",0.565639738686205
"6703","J01M",0.816436176403129
"6704","J01M",0.89139974701381
"6705","J01M",0.450141416613756
"6706","J01M",0.911927296750189
"6707","J01M",0.757175416664178
"6708","J01M",0.923761503942778
"6709","J01M",0.793146250294133
"6710","J01M",1.0500280611337
"6711","J01M",1.09974855616583
"6712","J01M",0.922193286133923
"6713","J01M",0.597074548967117
"6714","J01M",1.10530128446274
"6715","J01M",0.620985689255852
"6716","J01M",0.572012737696309
"6717","J01M",1.08838682029693
"6718","J01M",0.893731582796143
"6719","J01M",0.656784251079261
"6720","J01M",0.939195015667809
"6721","J01M",0.498847367240126
"6722","J01M",0.766185004666564
"6723","J01M",0.83166748681157
"6724","J01M",0.823457908614009
"6725","J01M",0.761628208309159
"6726","J01M",0.656910046967301
"6727","J01M",1.01733351773666
"6728","J01M",0.513748778837353
"6729","J01M",0.618282914674169
"6730","J01M",0.900831725528827
"6731","J01M",0.764270990481247
"6732","J01M",0.189499732917049
"6733","J01M",0.599606195264834
"6734","J01M",0.655274761620588
"6735","J01M",0.704991240562752
"6736","J01M",0.617135470718639
"6737","J01M",0.684726950630788
"6738","J01M",1.0137389077852
"6739","J01M",1.17641553362179
"6740","J01M",0.718520646865072
"6741","J01M",0.963412308736879
"6742","J01M",0.786947376660133
"6743","J01M",0.767025312892989
"6744","J01M",0.813817524882331
"6745","J01M",1.13261582310475
"6746","J01M",0.627948851477331
"6747","J01M",1.02263383412167
"6748","J01M",0.79009441136212
"6749","J01M",0.749084068155597
"6750","J01M",1.07337437454532
"6751","J01M",1.07478953030524
"6752","J01M",0.815122102934932
"6753","J01M",0.694085278883891
"6754","J01M",0.543034560093386
"6755","J01M",0.553230167854703
"6756","J01M",0.896708395549488
"6757","J01M",0.803084425491107
"6758","J01M",0.542559804985425
"6759","J01M",1.13240269359541
"6760","J01M",0.409965138023961
"6761","J01M",0.646778878382789
"6762","J01M",0.711409924006339
"6763","J01M",0.783315319039173
"6764","J01M",0.9387067609158
"6765","J01M",0.564531373202628
"6766","J01M",0.954496038618642
"6767","J01M",0.763873269198431
"6768","J01M",1.15285303992167
"6769","J01M",0.567018076323777
"6770","J01M",0.834361467159868
"6771","J01M",0.581683916193201
"6772","J01M",0.776896251484126
"6773","J01M",0.518897304095954
"6774","J01M",0.824960707315821
"6775","J01M",0.716716923586606
"6776","J01M",0.93054324320575
"6777","J01M",0.591439219661943
"6778","J01M",0.54816426632378
"6779","J01M",0.642502358401601
"6780","J01M",0.669131800039352
"6781","J01M",0.815724100868929
"6782","J01M",0.599594917029084
"6783","J01M",0.793329021984338
"6784","J01M",0.865933372786211
"6785","J01M",0.545898938056885
"6786","J01M",0.899642991286937
"6787","J01M",0.779636761280325
"6788","J01M",0.419760171972341
"6789","J01M",1.04867949639986
"6790","J01M",0.906247062963816
"6791","J01M",0.755450856119841
"6792","J01M",0.804634300738825
"6793","J01M",0.726210872147357
"6794","J01M",0.634132985582408
"6795","J01M",0.922168944552443
"6796","J01M",0.754857733223979
"6797","J01M",0.891546611729795
"6798","J01M",0.539081004535834
"6799","J01M",0.714975365453813
"6800","J01M",0.80383866230974
"6801","J01M",0.35324554996507
"6802","J01M",0.683358571177234
"6803","J01M",1.06342704957949
"6804","J01M",0.684213718491283
"6805","J01M",0.901629662499025
"6806","J01M",0.426501274244347
"6807","J01M",0.732628713304504
"6808","J01M",0.710524575100524
"6809","J01M",0.763835855051362
"6810","J01M",0.920660394277964
"6811","J01M",0.513925143496835
"6812","J01M",0.690702913161869
"6813","J01M",0.781136218326672
"6814","J01M",0.855250898613343
"6815","J01M",0.940964716846372
"6816","J01M",0.598658562973227
"6817","J01M",0.681515995357933
"6818","J01M",0.724770327120462
"6819","J01M",0.781701844503918
"6820","J01M",0.453290567655046
"6821","J01M",1.1115416066343
"6822","J01M",0.83638211577337
"6823","J01M",0.937869858970991
"6824","J01M",0.529222553064411
"6825","J01M",0.299897548022648
"6826","J01M",0.443993640433171
"6827","J01M",0.564756596754958
"6828","J01M",0.426464011253041
"6829","J01M",0.845929283497398
"6830","J01M",0.832321373174686
"6831","J01M",0.605208775350354
"6832","J01M",0.773697529515003
"6833","J01M",0.630826454625288
"6834","J01M",0.618110109323364
"6835","J01M",0.946135424299433
"6836","J01M",0.69374204226463
"6837","J01M",0.868348167038459
"6838","J01M",0.652750876180398
"6839","J01M",1.42313861184055
"6840","J01M",1.01761698639635
"6841","J01M",0.857106591149679
"6842","J01M",0.589643292109479
"6843","J01M",0.874050235105981
"6844","J01M",0.933123223806429
"6845","J01M",1.00587739381896
"6846","J01M",0.723282299860494
"6847","J01M",0.764215363663112
"6848","J01M",0.578855925844267
"6849","J01M",0.907446473237979
"6850","J01M",0.852268621409053
"6851","J01M",0.744025447408819
"6852","J01M",0.726698182876017
"6853","J01M",0.938509988732945
"6854","J01M",0.701790070726373
"6855","J01M",0.473338044001683
"6856","J01M",0.408141765955541
"6857","J01M",0.826535360958946
"6858","J01M",0.700465173181789
"6859","J01M",0.884668094836423
"6860","J01M",0.873528249642682
"6861","J01M",0.855307567333062
"6862","J01M",0.95965546179842
"6863","J01M",0.867695570257785
"6864","J01M",0.627321113586185
"6865","J01M",0.627989446132294
"6866","J01M",0.436113133634586
"6867","J01M",0.784893630974674
"6868","J01M",1.13314590986833
"6869","J01M",0.876327062439155
"6870","J01M",0.376455357958378
"6871","J01M",0.78980043047132
"6872","J01M",0.79160659463455
"6873","J01M",1.07228389718027
"6874","J01M",0.608686799708884
"6875","J01M",0.867744255302301
"6876","J01M",0.993736745245467
"6877","J01M",0.71330034493477
"6878","J01M",0.871993939191668
"6879","J01M",0.575355796594328
"6880","J01M",0.719425905739871
"6881","J01M",0.868735649498782
"6882","J01M",1.05796336268998
"6883","J01M",0.517892205784429
"6884","J01M",0.946719440511316
"6885","J01M",0.654918388840769
"6886","J01M",1.02144827470217
"6887","J01M",0.516131887802156
"6888","J01M",0.716307439617231
"6889","J01M",0.597693174085907
"6890","J01M",0.674310969462145
"6891","J01M",1.01312078136362
"6892","J01M",0.997639521820686
"6893","J01M",0.50373713628964
"6894","J01M",1.13026510919769
"6895","J01M",0.874161728507886
"6896","J01M",0.767916754637508
"6897","J01M",0.785453604934571
"6898","J01M",0.827223615740334
"6899","J01M",0.732110719902696
"6900","J01M",0.58451775208769
"6901","J01M",0.775015293991126
"6902","J01M",0.838069173303544
"6903","J01M",0.676001481480118
"6904","J01M",0.881603432401004
"6905","J01M",1.05867117404944
"6906","J01M",0.759973051331397
"6907","J01M",0.268607614528911
"6908","J01M",0.661912779871654
"6909","J01M",0.725881234349272
"6910","J01M",0.87865056213153
"6911","J01M",0.595885600874216
"6912","J01M",0.680323342386395
"6913","J01M",0.876479805229558
"6914","J01M",0.560239045071188
"6915","J01M",0.939767899415599
"6916","J01M",0.956501314600331
"6917","J01M",0.645632916658514
"6918","J01M",0.96735704918718
"6919","J01M",0.660814360820996
"6920","J01M",0.580594896653238
"6921","J01M",0.939085576224056
"6922","J01M",0.856494723121355
"6923","J01M",0.592081254566323
"6924","J01M",0.724597184852428
"6925","J01M",0.66388281580244
"6926","J01M",0.663898960399994
"6927","J01M",1.00553809081726
"6928","J01M",0.472117737015224
"6929","J01M",0.62951912225138
"6930","J01M",0.789311583184325
"6931","J01M",0.661778151166021
"6932","J01M",0.68428981105662
"6933","J01M",0.55625721798399
"6934","J01M",0.2896480542692
"6935","J01M",0.856502558694576
"6936","J01M",0.834140845569118
"6937","J01M",0.736450140570618
"6938","J01M",1.05220919785152
"6939","J01M",0.738995521922142
"6940","J01M",0.916853999859688
"6941","J01M",0.693032251053473
"6942","J01M",0.604007900596794
"6943","J01M",0.691952427999504
"6944","J01M",0.612907218578498
"6945","J01M",0.723469143690137
"6946","J01M",0.570821515750632
"6947","J01M",0.876901812959682
"6948","J01M",1.1199072144192
"6949","J01M",0.544809261897225
"6950","J01M",1.04544884479177
"6951","J01M",0.757532552832788
"6952","J01M",0.510190530730514
"6953","J01M",0.823948571806999
"6954","J01M",0.867124724115866
"6955","J01M",0.547994170556142
"6956","J01M",1.05632386697927
"6957","J01M",0.659230246570417
"6958","J01M",0.730033728171208
"6959","J01M",0.595060916183853
"6960","J01M",0.585315714256428
"6961","J01M",1.06286323148469
"6962","J01M",0.737228395795744
"6963","J01M",0.779324528009061
"6964","J01M",1.01605054637343
"6965","J01M",0.940089054742741
"6966","J01M",0.905232915879822
"6967","J01M",0.547239605809354
"6968","J01M",1.02289888765958
"6969","J01M",0.467306114947161
"6970","J01M",1.01598852657369
"6971","J01M",0.852712778353541
"6972","J01M",0.647244601016967
"6973","J01M",0.862092068933078
"6974","J01M",0.564325193938726
"6975","J01M",0.712302479402396
"6976","J01M",0.803177696953042
"6977","J01M",0.86032154374491
"6978","J01M",0.434856979782869
"6979","J01M",0.555681109721713
"6980","J01M",0.799761020678856
"6981","J01M",1.07164737977904
"6982","J01M",0.678860466937231
"6983","J01M",0.813341181060554
"6984","J01M",0.761711972954276
"6985","J01M",0.546267797842997
"6986","J01M",0.57768861179062
"6987","J01M",0.948056467460289
"6988","J01M",0.530821745027659
"6989","J01M",0.886096524545619
"6990","J01M",1.02911010976856
"6991","J01M",0.597316465657461
"6992","J01M",0.487706032393752
"6993","J01M",0.696543400961849
"6994","J01M",0.332182715099619
"6995","J01M",0.628999556619667
"6996","J01M",0.659890580264869
"6997","J01M",0.710706600752956
"6998","J01M",0.602101765252436
"6999","J01M",0.535686620374441
"7000","J01M",0.924742083889294
