"","Pathogen","Gradient"
"1","Acinetobacter spp.",0.62064927784825
"2","Acinetobacter spp.",0.319464713268364
"3","Acinetobacter spp.",0.609340432088789
"4","Acinetobacter spp.",0.753230384282625
"5","Acinetobacter spp.",0.529641287668156
"6","Acinetobacter spp.",0.0775663976127334
"7","Acinetobacter spp.",0.111667693331626
"8","Acinetobacter spp.",-0.015920386802175
"9","Acinetobacter spp.",0.528087484102412
"10","Acinetobacter spp.",0.420230941282403
"11","Acinetobacter spp.",0.851657832302021
"12","Acinetobacter spp.",0.584446450792732
"13","Acinetobacter spp.",0.396430459598761
"14","Acinetobacter spp.",0.484173760842321
"15","Acinetobacter spp.",0.369407082778562
"16","Acinetobacter spp.",0.221265155412968
"17","Acinetobacter spp.",0.316209672905881
"18","Acinetobacter spp.",0.610227674515468
"19","Acinetobacter spp.",0.141712118704822
"20","Acinetobacter spp.",0.403627333691407
"21","Acinetobacter spp.",0.518416526007176
"22","Acinetobacter spp.",0.629524848753242
"23","Acinetobacter spp.",0.195021666858509
"24","Acinetobacter spp.",0.391954285459141
"25","Acinetobacter spp.",0.238068724516849
"26","Acinetobacter spp.",0.801736861725434
"27","Acinetobacter spp.",0.399841082358871
"28","Acinetobacter spp.",0.445746107915331
"29","Acinetobacter spp.",0.269548291894944
"30","Acinetobacter spp.",0.458148826853041
"31","Acinetobacter spp.",-0.0441847061546173
"32","Acinetobacter spp.",0.433946892103851
"33","Acinetobacter spp.",-0.0372455412324848
"34","Acinetobacter spp.",0.408665656990254
"35","Acinetobacter spp.",0.257438971210967
"36","Acinetobacter spp.",0.369261632411801
"37","Acinetobacter spp.",0.362582495219057
"38","Acinetobacter spp.",0.415144109501563
"39","Acinetobacter spp.",0.337449432446525
"40","Acinetobacter spp.",0.511136331283617
"41","Acinetobacter spp.",0.431072852329604
"42","Acinetobacter spp.",0.607621406173577
"43","Acinetobacter spp.",0.651357620412202
"44","Acinetobacter spp.",0.622301487722168
"45","Acinetobacter spp.",0.494931020544317
"46","Acinetobacter spp.",0.55154163125621
"47","Acinetobacter spp.",0.189822451508331
"48","Acinetobacter spp.",0.518125863015816
"49","Acinetobacter spp.",0.540743378639316
"50","Acinetobacter spp.",0.31193297431066
"51","Acinetobacter spp.",0.33360933237191
"52","Acinetobacter spp.",0.416865809240577
"53","Acinetobacter spp.",0.349469295228201
"54","Acinetobacter spp.",0.310866386417805
"55","Acinetobacter spp.",0.494231281176736
"56","Acinetobacter spp.",0.408412708735098
"57","Acinetobacter spp.",0.499470538997877
"58","Acinetobacter spp.",0.405926553013445
"59","Acinetobacter spp.",0.657714210371771
"60","Acinetobacter spp.",0.516398471439704
"61","Acinetobacter spp.",0.338492290573285
"62","Acinetobacter spp.",0.408740316188062
"63","Acinetobacter spp.",0.181389401159829
"64","Acinetobacter spp.",0.249805616371533
"65","Acinetobacter spp.",0.0191993602700737
"66","Acinetobacter spp.",0.34510635958086
"67","Acinetobacter spp.",0.55514816512761
"68","Acinetobacter spp.",0.76877603851716
"69","Acinetobacter spp.",0.409527023018879
"70","Acinetobacter spp.",0.603474425075895
"71","Acinetobacter spp.",0.884303514187575
"72","Acinetobacter spp.",0.197588984717752
"73","Acinetobacter spp.",0.428849561556922
"74","Acinetobacter spp.",0.318504284571951
"75","Acinetobacter spp.",0.753807984164671
"76","Acinetobacter spp.",0.300219737059733
"77","Acinetobacter spp.",0.41155047237059
"78","Acinetobacter spp.",0.671236582438904
"79","Acinetobacter spp.",0.475903381191384
"80","Acinetobacter spp.",0.707345624551713
"81","Acinetobacter spp.",0.333097453667162
"82","Acinetobacter spp.",0.568505962393322
"83","Acinetobacter spp.",0.562266936794223
"84","Acinetobacter spp.",0.3083972442629
"85","Acinetobacter spp.",0.322263333105884
"86","Acinetobacter spp.",0.613298589738784
"87","Acinetobacter spp.",0.471265989843712
"88","Acinetobacter spp.",0.710984461244083
"89","Acinetobacter spp.",0.243054703500253
"90","Acinetobacter spp.",0.450099773030832
"91","Acinetobacter spp.",0.197331009353583
"92","Acinetobacter spp.",0.522985019676312
"93","Acinetobacter spp.",0.655164118827033
"94","Acinetobacter spp.",0.544766602544649
"95","Acinetobacter spp.",0.772629818088848
"96","Acinetobacter spp.",0.607510798698062
"97","Acinetobacter spp.",0.166999796332239
"98","Acinetobacter spp.",0.39698136711662
"99","Acinetobacter spp.",0.119060336238927
"100","Acinetobacter spp.",0.511698990986985
"101","Acinetobacter spp.",0.383037587623394
"102","Acinetobacter spp.",0.299319811681172
"103","Acinetobacter spp.",0.511596531020587
"104","Acinetobacter spp.",0.295902245638952
"105","Acinetobacter spp.",0.372850531936259
"106","Acinetobacter spp.",0.451899453233139
"107","Acinetobacter spp.",0.563009305799092
"108","Acinetobacter spp.",0.689937594443818
"109","Acinetobacter spp.",0.579597167655499
"110","Acinetobacter spp.",0.354556716151154
"111","Acinetobacter spp.",0.474933786449924
"112","Acinetobacter spp.",0.299604148208169
"113","Acinetobacter spp.",0.405979289442057
"114","Acinetobacter spp.",0.44804951428741
"115","Acinetobacter spp.",0.0731686539144799
"116","Acinetobacter spp.",0.341769764948456
"117","Acinetobacter spp.",0.863242866850536
"118","Acinetobacter spp.",0.567878174805585
"119","Acinetobacter spp.",0.619198038393271
"120","Acinetobacter spp.",0.233715527348283
"121","Acinetobacter spp.",0.687991064365424
"122","Acinetobacter spp.",0.502384020193202
"123","Acinetobacter spp.",0.448863965126475
"124","Acinetobacter spp.",0.652619411958675
"125","Acinetobacter spp.",0.379496673898164
"126","Acinetobacter spp.",0.404925365798194
"127","Acinetobacter spp.",0.727400763447626
"128","Acinetobacter spp.",0.391926872903423
"129","Acinetobacter spp.",0.301653375199521
"130","Acinetobacter spp.",0.498411437714747
"131","Acinetobacter spp.",0.694805592789382
"132","Acinetobacter spp.",0.790150227933487
"133","Acinetobacter spp.",0.454701085302714
"134","Acinetobacter spp.",0.401538488276274
"135","Acinetobacter spp.",0.298865489492455
"136","Acinetobacter spp.",0.703268407687992
"137","Acinetobacter spp.",0.382287185152152
"138","Acinetobacter spp.",0.441040036366416
"139","Acinetobacter spp.",0.496069157513777
"140","Acinetobacter spp.",0.450577633396164
"141","Acinetobacter spp.",0.441687654691778
"142","Acinetobacter spp.",0.389071249851399
"143","Acinetobacter spp.",0.949858886459004
"144","Acinetobacter spp.",0.446318533169894
"145","Acinetobacter spp.",-0.0102285434849417
"146","Acinetobacter spp.",0.35114433364191
"147","Acinetobacter spp.",0.292764419859298
"148","Acinetobacter spp.",0.396352725496585
"149","Acinetobacter spp.",0.0973018163227015
"150","Acinetobacter spp.",1.11398233024271
"151","Acinetobacter spp.",0.53591583256238
"152","Acinetobacter spp.",0.698751933140083
"153","Acinetobacter spp.",0.580722588405999
"154","Acinetobacter spp.",0.235623374528789
"155","Acinetobacter spp.",0.119133581891189
"156","Acinetobacter spp.",0.236629388264306
"157","Acinetobacter spp.",0.105121911742807
"158","Acinetobacter spp.",0.448349494104811
"159","Acinetobacter spp.",0.282258469082504
"160","Acinetobacter spp.",0.276874103350403
"161","Acinetobacter spp.",0.435056309437966
"162","Acinetobacter spp.",0.578645638426021
"163","Acinetobacter spp.",0.135691740665483
"164","Acinetobacter spp.",0.573449651681464
"165","Acinetobacter spp.",0.267250843435802
"166","Acinetobacter spp.",0.517023619578502
"167","Acinetobacter spp.",0.0567241870859035
"168","Acinetobacter spp.",0.133941490517075
"169","Acinetobacter spp.",0.781355540142932
"170","Acinetobacter spp.",0.926844907454914
"171","Acinetobacter spp.",0.503286045534463
"172","Acinetobacter spp.",0.46922108322641
"173","Acinetobacter spp.",0.331828357931995
"174","Acinetobacter spp.",0.484277626414347
"175","Acinetobacter spp.",0.546690683421404
"176","Acinetobacter spp.",0.320507125555163
"177","Acinetobacter spp.",0.19524711220126
"178","Acinetobacter spp.",0.3808293055474
"179","Acinetobacter spp.",0.284404825798389
"180","Acinetobacter spp.",0.50546075179085
"181","Acinetobacter spp.",0.498655381438198
"182","Acinetobacter spp.",0.175946153929279
"183","Acinetobacter spp.",0.255728455644682
"184","Acinetobacter spp.",0.514857612043115
"185","Acinetobacter spp.",0.208234509271648
"186","Acinetobacter spp.",0.11856185984097
"187","Acinetobacter spp.",0.399072614334519
"188","Acinetobacter spp.",0.256235412627206
"189","Acinetobacter spp.",0.439934230416165
"190","Acinetobacter spp.",0.118880493149948
"191","Acinetobacter spp.",0.498138777895861
"192","Acinetobacter spp.",0.285269271255062
"193","Acinetobacter spp.",0.626194151157441
"194","Acinetobacter spp.",0.522015093296121
"195","Acinetobacter spp.",0.372838532383971
"196","Acinetobacter spp.",0.570347124890535
"197","Acinetobacter spp.",0.19334593454283
"198","Acinetobacter spp.",0.51201176349794
"199","Acinetobacter spp.",0.597823016144063
"200","Acinetobacter spp.",0.617979527990058
"201","Acinetobacter spp.",0.130259679489972
"202","Acinetobacter spp.",0.573173315370763
"203","Acinetobacter spp.",0.216974409237183
"204","Acinetobacter spp.",0.526193039747506
"205","Acinetobacter spp.",0.425508413311153
"206","Acinetobacter spp.",0.460927185326878
"207","Acinetobacter spp.",0.291003484129004
"208","Acinetobacter spp.",0.43125978301779
"209","Acinetobacter spp.",0.73923649712375
"210","Acinetobacter spp.",0.216731366981919
"211","Acinetobacter spp.",0.443900281542241
"212","Acinetobacter spp.",0.196844355886408
"213","Acinetobacter spp.",0.701946001704679
"214","Acinetobacter spp.",0.480881289812223
"215","Acinetobacter spp.",0.810304077819797
"216","Acinetobacter spp.",0.59570369222426
"217","Acinetobacter spp.",0.576545155890826
"218","Acinetobacter spp.",0.498656538976882
"219","Acinetobacter spp.",0.298453228364939
"220","Acinetobacter spp.",0.735725382553598
"221","Acinetobacter spp.",0.442494083101124
"222","Acinetobacter spp.",0.695911165214034
"223","Acinetobacter spp.",0.295266136406463
"224","Acinetobacter spp.",0.781560289636508
"225","Acinetobacter spp.",0.551874878755579
"226","Acinetobacter spp.",0.911527936292594
"227","Acinetobacter spp.",0.352686651202282
"228","Acinetobacter spp.",0.423623434847874
"229","Acinetobacter spp.",0.659450761535319
"230","Acinetobacter spp.",0.48514040569638
"231","Acinetobacter spp.",0.694787201269258
"232","Acinetobacter spp.",0.245548881581532
"233","Acinetobacter spp.",0.476308023975403
"234","Acinetobacter spp.",0.198998761139719
"235","Acinetobacter spp.",0.47222002368483
"236","Acinetobacter spp.",0.6094722228548
"237","Acinetobacter spp.",0.546812506246
"238","Acinetobacter spp.",0.639755973105855
"239","Acinetobacter spp.",0.340382499315879
"240","Acinetobacter spp.",0.445586015114404
"241","Acinetobacter spp.",0.202372900346049
"242","Acinetobacter spp.",0.080938734343464
"243","Acinetobacter spp.",0.485421573895073
"244","Acinetobacter spp.",0.443382906856195
"245","Acinetobacter spp.",0.595551831469846
"246","Acinetobacter spp.",0.902450211718874
"247","Acinetobacter spp.",0.697990244106244
"248","Acinetobacter spp.",0.51529190568862
"249","Acinetobacter spp.",0.284459548040108
"250","Acinetobacter spp.",0.419840875302127
"251","Acinetobacter spp.",0.534812277017304
"252","Acinetobacter spp.",0.407410135354974
"253","Acinetobacter spp.",0.386626941079933
"254","Acinetobacter spp.",0.419786715398887
"255","Acinetobacter spp.",0.425211115524261
"256","Acinetobacter spp.",0.604357190836273
"257","Acinetobacter spp.",0.615169421136836
"258","Acinetobacter spp.",0.448994499831795
"259","Acinetobacter spp.",0.496468096426579
"260","Acinetobacter spp.",0.370851318541188
"261","Acinetobacter spp.",-0.135570068312016
"262","Acinetobacter spp.",0.378940903602023
"263","Acinetobacter spp.",0.740083264891725
"264","Acinetobacter spp.",-0.105639897123257
"265","Acinetobacter spp.",0.242916431868493
"266","Acinetobacter spp.",0.362493400794307
"267","Acinetobacter spp.",0.237927206666169
"268","Acinetobacter spp.",0.602482225883812
"269","Acinetobacter spp.",0.374115876874035
"270","Acinetobacter spp.",0.318376971834809
"271","Acinetobacter spp.",0.340515983189581
"272","Acinetobacter spp.",0.30556659405284
"273","Acinetobacter spp.",0.629388623688505
"274","Acinetobacter spp.",0.34068805665881
"275","Acinetobacter spp.",0.250864509978556
"276","Acinetobacter spp.",0.286304437781206
"277","Acinetobacter spp.",0.342396552156215
"278","Acinetobacter spp.",0.825430287289416
"279","Acinetobacter spp.",0.353220555723027
"280","Acinetobacter spp.",0.426538666190174
"281","Acinetobacter spp.",0.759769967765706
"282","Acinetobacter spp.",0.766048507552601
"283","Acinetobacter spp.",0.389108692615514
"284","Acinetobacter spp.",0.083086722818233
"285","Acinetobacter spp.",0.291952963439339
"286","Acinetobacter spp.",0.279898984534294
"287","Acinetobacter spp.",0.648220614307448
"288","Acinetobacter spp.",0.0276618760124146
"289","Acinetobacter spp.",0.427842276564098
"290","Acinetobacter spp.",0.411500846767435
"291","Acinetobacter spp.",0.110646748992162
"292","Acinetobacter spp.",0.336207123133912
"293","Acinetobacter spp.",0.170493983999219
"294","Acinetobacter spp.",0.543575793059373
"295","Acinetobacter spp.",0.389367102660256
"296","Acinetobacter spp.",0.303364918130549
"297","Acinetobacter spp.",0.759184366641752
"298","Acinetobacter spp.",0.408862196015429
"299","Acinetobacter spp.",0.681369005917993
"300","Acinetobacter spp.",0.279403251515398
"301","Acinetobacter spp.",0.492274419150734
"302","Acinetobacter spp.",0.460784168856344
"303","Acinetobacter spp.",0.291586555827657
"304","Acinetobacter spp.",0.143179260824758
"305","Acinetobacter spp.",0.650865607102712
"306","Acinetobacter spp.",0.0735371400866491
"307","Acinetobacter spp.",0.277846955532945
"308","Acinetobacter spp.",0.68410496895142
"309","Acinetobacter spp.",0.5847512420778
"310","Acinetobacter spp.",0.390522806318463
"311","Acinetobacter spp.",0.24857188218523
"312","Acinetobacter spp.",0.232678853327248
"313","Acinetobacter spp.",0.371646832792184
"314","Acinetobacter spp.",0.357197171879303
"315","Acinetobacter spp.",0.673756347523073
"316","Acinetobacter spp.",0.746343139817405
"317","Acinetobacter spp.",0.334479616112873
"318","Acinetobacter spp.",0.214715808547228
"319","Acinetobacter spp.",0.470508459937769
"320","Acinetobacter spp.",0.886721920773719
"321","Acinetobacter spp.",0.501927034341927
"322","Acinetobacter spp.",0.796205092943563
"323","Acinetobacter spp.",0.185338731484216
"324","Acinetobacter spp.",0.105889331235954
"325","Acinetobacter spp.",-0.0266209281877817
"326","Acinetobacter spp.",0.180346347713272
"327","Acinetobacter spp.",0.547918387753127
"328","Acinetobacter spp.",0.716265360842049
"329","Acinetobacter spp.",0.450698371613107
"330","Acinetobacter spp.",0.117063813943576
"331","Acinetobacter spp.",0.817556590887468
"332","Acinetobacter spp.",0.617325791115028
"333","Acinetobacter spp.",0.258857087290706
"334","Acinetobacter spp.",0.518911247879227
"335","Acinetobacter spp.",0.351757974242944
"336","Acinetobacter spp.",0.247988057974843
"337","Acinetobacter spp.",0.273861625965344
"338","Acinetobacter spp.",0.446175431832724
"339","Acinetobacter spp.",0.252828128887735
"340","Acinetobacter spp.",0.283704779161516
"341","Acinetobacter spp.",0.533538910265692
"342","Acinetobacter spp.",0.321479084644179
"343","Acinetobacter spp.",0.239747625059789
"344","Acinetobacter spp.",0.185216537151754
"345","Acinetobacter spp.",0.183346887674315
"346","Acinetobacter spp.",0.564779406749998
"347","Acinetobacter spp.",0.315678800606509
"348","Acinetobacter spp.",0.22788384750996
"349","Acinetobacter spp.",0.772348199930737
"350","Acinetobacter spp.",0.398328609356776
"351","Acinetobacter spp.",0.441706988561343
"352","Acinetobacter spp.",0.202612323961982
"353","Acinetobacter spp.",0.407634567864217
"354","Acinetobacter spp.",0.415102322307378
"355","Acinetobacter spp.",0.116927382208341
"356","Acinetobacter spp.",0.401789819204879
"357","Acinetobacter spp.",0.755272151645323
"358","Acinetobacter spp.",0.909659283189071
"359","Acinetobacter spp.",0.327397551852924
"360","Acinetobacter spp.",0.263405776859053
"361","Acinetobacter spp.",0.556113254830078
"362","Acinetobacter spp.",0.545915812074266
"363","Acinetobacter spp.",0.311762341337247
"364","Acinetobacter spp.",0.388796133559244
"365","Acinetobacter spp.",0.382147263637799
"366","Acinetobacter spp.",0.0754977859340284
"367","Acinetobacter spp.",0.584495524252161
"368","Acinetobacter spp.",0.483550910392562
"369","Acinetobacter spp.",0.433263284557146
"370","Acinetobacter spp.",0.56768251301851
"371","Acinetobacter spp.",0.389987925618961
"372","Acinetobacter spp.",0.468130243850869
"373","Acinetobacter spp.",0.49782313799482
"374","Acinetobacter spp.",0.0143254067725012
"375","Acinetobacter spp.",0.259622670046628
"376","Acinetobacter spp.",0.814459493490234
"377","Acinetobacter spp.",0.196583229053592
"378","Acinetobacter spp.",0.505595252640213
"379","Acinetobacter spp.",0.603866718740378
"380","Acinetobacter spp.",0.212008570928898
"381","Acinetobacter spp.",0.394737290226745
"382","Acinetobacter spp.",0.225972279685488
"383","Acinetobacter spp.",0.380760132766052
"384","Acinetobacter spp.",0.420122402149314
"385","Acinetobacter spp.",0.667608760947086
"386","Acinetobacter spp.",0.266746714768286
"387","Acinetobacter spp.",0.526742779717431
"388","Acinetobacter spp.",0.309119193010736
"389","Acinetobacter spp.",0.454007125725919
"390","Acinetobacter spp.",0.161194738365538
"391","Acinetobacter spp.",0.210299666762089
"392","Acinetobacter spp.",0.512764958968955
"393","Acinetobacter spp.",0.44318519184085
"394","Acinetobacter spp.",0.50471630934437
"395","Acinetobacter spp.",0.296852201250764
"396","Acinetobacter spp.",0.333103931081864
"397","Acinetobacter spp.",0.159147355164698
"398","Acinetobacter spp.",0.406750979977611
"399","Acinetobacter spp.",0.454811358909323
"400","Acinetobacter spp.",0.604479711677312
"401","Acinetobacter spp.",0.743831529969066
"402","Acinetobacter spp.",0.47632246520652
"403","Acinetobacter spp.",0.238996487028221
"404","Acinetobacter spp.",0.82659366026841
"405","Acinetobacter spp.",0.468723783765125
"406","Acinetobacter spp.",0.255739363311642
"407","Acinetobacter spp.",0.194256730031856
"408","Acinetobacter spp.",0.408083735702522
"409","Acinetobacter spp.",0.603235088704092
"410","Acinetobacter spp.",0.755656260665133
"411","Acinetobacter spp.",0.100016494153156
"412","Acinetobacter spp.",0.615675407759095
"413","Acinetobacter spp.",0.540610339973478
"414","Acinetobacter spp.",0.936158420622599
"415","Acinetobacter spp.",0.39890811297595
"416","Acinetobacter spp.",0.214716994086137
"417","Acinetobacter spp.",0.37798097099101
"418","Acinetobacter spp.",0.496681871953127
"419","Acinetobacter spp.",0.494005336201734
"420","Acinetobacter spp.",0.44916760600127
"421","Acinetobacter spp.",0.815701109096193
"422","Acinetobacter spp.",0.585110995497504
"423","Acinetobacter spp.",0.435485982008073
"424","Acinetobacter spp.",0.392374089450952
"425","Acinetobacter spp.",0.598022935265328
"426","Acinetobacter spp.",0.13585236696928
"427","Acinetobacter spp.",0.502414118009235
"428","Acinetobacter spp.",0.369150098511282
"429","Acinetobacter spp.",0.525572907975217
"430","Acinetobacter spp.",0.423789456318154
"431","Acinetobacter spp.",0.298835929268816
"432","Acinetobacter spp.",0.494088814896309
"433","Acinetobacter spp.",0.454029471637343
"434","Acinetobacter spp.",0.594361458612027
"435","Acinetobacter spp.",0.277083978046408
"436","Acinetobacter spp.",0.492107825164308
"437","Acinetobacter spp.",0.336868833674552
"438","Acinetobacter spp.",0.584495979097897
"439","Acinetobacter spp.",0.402457049304013
"440","Acinetobacter spp.",0.432209238114235
"441","Acinetobacter spp.",0.347999550162566
"442","Acinetobacter spp.",0.569472933122426
"443","Acinetobacter spp.",0.37707123104359
"444","Acinetobacter spp.",0.00660059328520496
"445","Acinetobacter spp.",0.113525693690188
"446","Acinetobacter spp.",-0.0385292091398537
"447","Acinetobacter spp.",0.50805881284288
"448","Acinetobacter spp.",0.495978538614934
"449","Acinetobacter spp.",0.472176713585665
"450","Acinetobacter spp.",0.32838200626718
"451","Acinetobacter spp.",0.517691904226994
"452","Acinetobacter spp.",0.497004837370421
"453","Acinetobacter spp.",0.351787991910876
"454","Acinetobacter spp.",0.134102080824573
"455","Acinetobacter spp.",0.664770484939418
"456","Acinetobacter spp.",0.522524485274141
"457","Acinetobacter spp.",0.406122474429532
"458","Acinetobacter spp.",0.384054913083319
"459","Acinetobacter spp.",0.374699860989314
"460","Acinetobacter spp.",0.224146997689492
"461","Acinetobacter spp.",0.55612990212489
"462","Acinetobacter spp.",-0.0825047557699358
"463","Acinetobacter spp.",0.641731415033432
"464","Acinetobacter spp.",0.289562654938146
"465","Acinetobacter spp.",0.687104258157552
"466","Acinetobacter spp.",0.324153844327187
"467","Acinetobacter spp.",0.588338510021162
"468","Acinetobacter spp.",0.389559767483543
"469","Acinetobacter spp.",0.235237215518217
"470","Acinetobacter spp.",0.528975252383236
"471","Acinetobacter spp.",0.504482834112538
"472","Acinetobacter spp.",0.538037547685584
"473","Acinetobacter spp.",0.753289077602269
"474","Acinetobacter spp.",-0.0552709745256336
"475","Acinetobacter spp.",0.134935133262157
"476","Acinetobacter spp.",0.702471180322488
"477","Acinetobacter spp.",0.451206886714183
"478","Acinetobacter spp.",0.0938075425725017
"479","Acinetobacter spp.",0.284905338340158
"480","Acinetobacter spp.",0.721990518597147
"481","Acinetobacter spp.",0.704322426066204
"482","Acinetobacter spp.",0.137736306776932
"483","Acinetobacter spp.",0.507691275650429
"484","Acinetobacter spp.",0.0156729049082297
"485","Acinetobacter spp.",0.300317697260988
"486","Acinetobacter spp.",0.646434066352761
"487","Acinetobacter spp.",0.311991938315944
"488","Acinetobacter spp.",0.292631069647598
"489","Acinetobacter spp.",0.443040752292653
"490","Acinetobacter spp.",0.649965872269861
"491","Acinetobacter spp.",0.415913195723293
"492","Acinetobacter spp.",0.464092447838286
"493","Acinetobacter spp.",0.318989174929636
"494","Acinetobacter spp.",0.64969327295665
"495","Acinetobacter spp.",0.195182357754568
"496","Acinetobacter spp.",0.369339335089632
"497","Acinetobacter spp.",0.382550979988669
"498","Acinetobacter spp.",0.442445957305334
"499","Acinetobacter spp.",0.515242416944861
"500","Acinetobacter spp.",0.341111149075038
"501","Acinetobacter spp.",0.155828809889931
"502","Acinetobacter spp.",0.441738514394608
"503","Acinetobacter spp.",0.46615189626668
"504","Acinetobacter spp.",0.351464451901135
"505","Acinetobacter spp.",0.412814033353222
"506","Acinetobacter spp.",0.352143596653938
"507","Acinetobacter spp.",0.494398168190693
"508","Acinetobacter spp.",0.475494960097592
"509","Acinetobacter spp.",0.498219504729417
"510","Acinetobacter spp.",0.296845565970585
"511","Acinetobacter spp.",0.632349647272556
"512","Acinetobacter spp.",0.418226169038799
"513","Acinetobacter spp.",0.498559835564073
"514","Acinetobacter spp.",0.466923993774842
"515","Acinetobacter spp.",0.574457946905511
"516","Acinetobacter spp.",0.63907991229657
"517","Acinetobacter spp.",0.825884146066154
"518","Acinetobacter spp.",0.417450231124294
"519","Acinetobacter spp.",0.369248694115511
"520","Acinetobacter spp.",0.154232076869895
"521","Acinetobacter spp.",0.407827944866848
"522","Acinetobacter spp.",0.0702638813193684
"523","Acinetobacter spp.",0.513231749482081
"524","Acinetobacter spp.",0.510370665317222
"525","Acinetobacter spp.",0.379703453344061
"526","Acinetobacter spp.",0.440766686100258
"527","Acinetobacter spp.",0.203495776617591
"528","Acinetobacter spp.",0.143398853052004
"529","Acinetobacter spp.",0.379721123769524
"530","Acinetobacter spp.",0.436206907223776
"531","Acinetobacter spp.",0.412063954560336
"532","Acinetobacter spp.",0.413103735758105
"533","Acinetobacter spp.",0.16562151857015
"534","Acinetobacter spp.",0.294940022676886
"535","Acinetobacter spp.",0.385882500172675
"536","Acinetobacter spp.",0.755575878602514
"537","Acinetobacter spp.",0.534810913878671
"538","Acinetobacter spp.",0.35991611368659
"539","Acinetobacter spp.",0.313885024805227
"540","Acinetobacter spp.",0.0935536161044369
"541","Acinetobacter spp.",0.352299953376515
"542","Acinetobacter spp.",0.334674697097248
"543","Acinetobacter spp.",0.230532194635818
"544","Acinetobacter spp.",0.518506373607352
"545","Acinetobacter spp.",0.221382561374552
"546","Acinetobacter spp.",0.601412147218996
"547","Acinetobacter spp.",0.370156568109594
"548","Acinetobacter spp.",0.178725898290189
"549","Acinetobacter spp.",0.301164056471475
"550","Acinetobacter spp.",0.118444204168304
"551","Acinetobacter spp.",0.107111870292068
"552","Acinetobacter spp.",0.11612593763478
"553","Acinetobacter spp.",0.340173476490265
"554","Acinetobacter spp.",0.226154713685238
"555","Acinetobacter spp.",0.664469189259387
"556","Acinetobacter spp.",0.486471370613471
"557","Acinetobacter spp.",0.0879330953682327
"558","Acinetobacter spp.",0.378786464778708
"559","Acinetobacter spp.",0.695268862477864
"560","Acinetobacter spp.",0.576932935416566
"561","Acinetobacter spp.",0.543991133233336
"562","Acinetobacter spp.",0.592024211604202
"563","Acinetobacter spp.",0.787503564359869
"564","Acinetobacter spp.",0.47126356800575
"565","Acinetobacter spp.",0.271578164496599
"566","Acinetobacter spp.",0.100728025778212
"567","Acinetobacter spp.",0.471552950870716
"568","Acinetobacter spp.",0.594707347879384
"569","Acinetobacter spp.",0.441025367803072
"570","Acinetobacter spp.",0.139703245730084
"571","Acinetobacter spp.",0.414630061464074
"572","Acinetobacter spp.",0.241904019391968
"573","Acinetobacter spp.",0.36373537329372
"574","Acinetobacter spp.",0.60486172089773
"575","Acinetobacter spp.",0.563866669818934
"576","Acinetobacter spp.",0.402770705260663
"577","Acinetobacter spp.",0.304236816225648
"578","Acinetobacter spp.",0.647832883524007
"579","Acinetobacter spp.",0.626343023507382
"580","Acinetobacter spp.",0.502862000109983
"581","Acinetobacter spp.",0.409427900087546
"582","Acinetobacter spp.",0.370673465107547
"583","Acinetobacter spp.",0.555557164563644
"584","Acinetobacter spp.",0.258629594483039
"585","Acinetobacter spp.",0.502726072944163
"586","Acinetobacter spp.",0.498054649851969
"587","Acinetobacter spp.",0.377803282550708
"588","Acinetobacter spp.",0.515091163647944
"589","Acinetobacter spp.",0.4431675515026
"590","Acinetobacter spp.",0.554149499399721
"591","Acinetobacter spp.",0.49566214761124
"592","Acinetobacter spp.",0.658671000836379
"593","Acinetobacter spp.",0.326015875864728
"594","Acinetobacter spp.",0.262339113607051
"595","Acinetobacter spp.",0.427904067219485
"596","Acinetobacter spp.",0.297787954861754
"597","Acinetobacter spp.",0.679261551388813
"598","Acinetobacter spp.",0.489491281299564
"599","Acinetobacter spp.",0.452491282800063
"600","Acinetobacter spp.",0.545333714910264
"601","Acinetobacter spp.",0.568389117572699
"602","Acinetobacter spp.",0.586363566237592
"603","Acinetobacter spp.",0.523283476770961
"604","Acinetobacter spp.",0.542970659000585
"605","Acinetobacter spp.",0.463827760431302
"606","Acinetobacter spp.",0.570342502903833
"607","Acinetobacter spp.",0.393841013577353
"608","Acinetobacter spp.",0.401870102820086
"609","Acinetobacter spp.",0.690913208449612
"610","Acinetobacter spp.",0.617097158240017
"611","Acinetobacter spp.",0.182389734527639
"612","Acinetobacter spp.",0.186377422544351
"613","Acinetobacter spp.",0.24861578494147
"614","Acinetobacter spp.",0.271443490174146
"615","Acinetobacter spp.",0.223731099004096
"616","Acinetobacter spp.",0.278299935805438
"617","Acinetobacter spp.",0.204395378797095
"618","Acinetobacter spp.",0.392272825873011
"619","Acinetobacter spp.",0.0299525023038556
"620","Acinetobacter spp.",0.306779370017258
"621","Acinetobacter spp.",0.300890889427757
"622","Acinetobacter spp.",0.545342585223123
"623","Acinetobacter spp.",0.63656606258682
"624","Acinetobacter spp.",0.0767785710647854
"625","Acinetobacter spp.",0.300609136361422
"626","Acinetobacter spp.",0.122854993738487
"627","Acinetobacter spp.",0.358041523902169
"628","Acinetobacter spp.",0.960895192614046
"629","Acinetobacter spp.",0.353245662648769
"630","Acinetobacter spp.",0.422058547198944
"631","Acinetobacter spp.",0.461058241956742
"632","Acinetobacter spp.",0.531447953783767
"633","Acinetobacter spp.",0.315923427675024
"634","Acinetobacter spp.",0.175781941662823
"635","Acinetobacter spp.",0.0895940780989703
"636","Acinetobacter spp.",0.205347758592432
"637","Acinetobacter spp.",0.542121861770977
"638","Acinetobacter spp.",0.450870614711056
"639","Acinetobacter spp.",0.63919492746641
"640","Acinetobacter spp.",0.534699552163752
"641","Acinetobacter spp.",0.361652526125523
"642","Acinetobacter spp.",-0.116228806458085
"643","Acinetobacter spp.",0.575071920888874
"644","Acinetobacter spp.",0.0525204490988877
"645","Acinetobacter spp.",0.557512643050335
"646","Acinetobacter spp.",0.141372325109058
"647","Acinetobacter spp.",0.386382100078808
"648","Acinetobacter spp.",0.541884869043202
"649","Acinetobacter spp.",0.0762021815112075
"650","Acinetobacter spp.",0.518729139258593
"651","Acinetobacter spp.",0.162755737707729
"652","Acinetobacter spp.",0.373961040094525
"653","Acinetobacter spp.",0.574968855627129
"654","Acinetobacter spp.",0.654669052487152
"655","Acinetobacter spp.",0.521422098911035
"656","Acinetobacter spp.",0.668557184383916
"657","Acinetobacter spp.",0.36645134654096
"658","Acinetobacter spp.",0.505330950537756
"659","Acinetobacter spp.",0.146224441849449
"660","Acinetobacter spp.",0.546746150858841
"661","Acinetobacter spp.",0.453836100125081
"662","Acinetobacter spp.",0.736775555620463
"663","Acinetobacter spp.",0.212415230704991
"664","Acinetobacter spp.",0.743702027733401
"665","Acinetobacter spp.",0.229671919577218
"666","Acinetobacter spp.",0.197477959492727
"667","Acinetobacter spp.",0.210552460912055
"668","Acinetobacter spp.",0.55151590567449
"669","Acinetobacter spp.",0.290230969354157
"670","Acinetobacter spp.",0.554557796866098
"671","Acinetobacter spp.",0.434310934604146
"672","Acinetobacter spp.",0.587404734992826
"673","Acinetobacter spp.",0.0391612413126381
"674","Acinetobacter spp.",0.573718965559956
"675","Acinetobacter spp.",0.413292795433841
"676","Acinetobacter spp.",0.612693611949381
"677","Acinetobacter spp.",0.250723646566706
"678","Acinetobacter spp.",0.286317569767539
"679","Acinetobacter spp.",0.594655116784261
"680","Acinetobacter spp.",0.432241256288791
"681","Acinetobacter spp.",0.36527656167994
"682","Acinetobacter spp.",0.142650023002116
"683","Acinetobacter spp.",0.330982501616127
"684","Acinetobacter spp.",0.734672556045653
"685","Acinetobacter spp.",0.123579268656253
"686","Acinetobacter spp.",0.515630165808242
"687","Acinetobacter spp.",0.181789510985496
"688","Acinetobacter spp.",0.503737728713721
"689","Acinetobacter spp.",0.463333035343661
"690","Acinetobacter spp.",0.178965369913593
"691","Acinetobacter spp.",0.705728283131337
"692","Acinetobacter spp.",0.620858647643244
"693","Acinetobacter spp.",0.302507382986545
"694","Acinetobacter spp.",0.705918932373787
"695","Acinetobacter spp.",0.402142326022773
"696","Acinetobacter spp.",0.215781396850013
"697","Acinetobacter spp.",0.625081644422354
"698","Acinetobacter spp.",0.531842878962448
"699","Acinetobacter spp.",0.444881577895916
"700","Acinetobacter spp.",0.342018493913302
"701","Acinetobacter spp.",0.198736065443952
"702","Acinetobacter spp.",0.617819971960698
"703","Acinetobacter spp.",0.0461907526198898
"704","Acinetobacter spp.",0.417942221841174
"705","Acinetobacter spp.",0.601670943217097
"706","Acinetobacter spp.",0.414148311027878
"707","Acinetobacter spp.",0.41184076485286
"708","Acinetobacter spp.",0.25388549973609
"709","Acinetobacter spp.",0.38931427756847
"710","Acinetobacter spp.",0.237215212555636
"711","Acinetobacter spp.",0.201724581895864
"712","Acinetobacter spp.",0.0904207208216015
"713","Acinetobacter spp.",0.286789601300567
"714","Acinetobacter spp.",0.493091001922644
"715","Acinetobacter spp.",0.46388834424866
"716","Acinetobacter spp.",0.308142271883785
"717","Acinetobacter spp.",0.404181133950427
"718","Acinetobacter spp.",0.639568435404304
"719","Acinetobacter spp.",0.483746318898834
"720","Acinetobacter spp.",0.528894160577855
"721","Acinetobacter spp.",0.46230128026054
"722","Acinetobacter spp.",0.474076024768748
"723","Acinetobacter spp.",0.251408615490618
"724","Acinetobacter spp.",0.558981255993972
"725","Acinetobacter spp.",0.393733002902992
"726","Acinetobacter spp.",0.49780845790848
"727","Acinetobacter spp.",0.406948076213376
"728","Acinetobacter spp.",0.365507729366892
"729","Acinetobacter spp.",0.243124286389449
"730","Acinetobacter spp.",0.507628945922444
"731","Acinetobacter spp.",0.403746946177974
"732","Acinetobacter spp.",0.58377683814347
"733","Acinetobacter spp.",0.575285082569549
"734","Acinetobacter spp.",0.307849728767402
"735","Acinetobacter spp.",0.419316298827658
"736","Acinetobacter spp.",0.83064606091643
"737","Acinetobacter spp.",0.559061440111044
"738","Acinetobacter spp.",0.340256845707673
"739","Acinetobacter spp.",0.307081318377208
"740","Acinetobacter spp.",0.432562980873368
"741","Acinetobacter spp.",0.0303917061286219
"742","Acinetobacter spp.",0.0951027711107714
"743","Acinetobacter spp.",0.500814155937491
"744","Acinetobacter spp.",0.466181025403831
"745","Acinetobacter spp.",0.31135300436872
"746","Acinetobacter spp.",0.681384737801479
"747","Acinetobacter spp.",0.562509039795533
"748","Acinetobacter spp.",0.34474315792152
"749","Acinetobacter spp.",0.520382362813717
"750","Acinetobacter spp.",0.268301866892364
"751","Acinetobacter spp.",0.537147158392764
"752","Acinetobacter spp.",0.445448655268193
"753","Acinetobacter spp.",0.21684661958426
"754","Acinetobacter spp.",0.371721496165483
"755","Acinetobacter spp.",0.0102895722245611
"756","Acinetobacter spp.",0.0598679577800982
"757","Acinetobacter spp.",0.297933849519724
"758","Acinetobacter spp.",0.226244005511972
"759","Acinetobacter spp.",0.502008975036253
"760","Acinetobacter spp.",0.116785094504434
"761","Acinetobacter spp.",0.442108305495554
"762","Acinetobacter spp.",0.399565524895275
"763","Acinetobacter spp.",0.275951173905542
"764","Acinetobacter spp.",0.58219677135274
"765","Acinetobacter spp.",0.478327113774481
"766","Acinetobacter spp.",0.328929695926627
"767","Acinetobacter spp.",0.378022784211941
"768","Acinetobacter spp.",0.127453659739909
"769","Acinetobacter spp.",0.621804008231382
"770","Acinetobacter spp.",0.252385548214665
"771","Acinetobacter spp.",0.389060578702782
"772","Acinetobacter spp.",0.608978992353499
"773","Acinetobacter spp.",0.703897782726327
"774","Acinetobacter spp.",0.540957224518254
"775","Acinetobacter spp.",0.589509630062393
"776","Acinetobacter spp.",0.429387212499922
"777","Acinetobacter spp.",0.42653075831393
"778","Acinetobacter spp.",0.476305801322462
"779","Acinetobacter spp.",0.475838777278721
"780","Acinetobacter spp.",0.339033634773115
"781","Acinetobacter spp.",0.350991321897498
"782","Acinetobacter spp.",-0.0473682029095732
"783","Acinetobacter spp.",0.222977731844592
"784","Acinetobacter spp.",0.667537368578191
"785","Acinetobacter spp.",0.480964835306909
"786","Acinetobacter spp.",0.374181923565956
"787","Acinetobacter spp.",0.695521989642878
"788","Acinetobacter spp.",0.370846554009733
"789","Acinetobacter spp.",0.654092132943899
"790","Acinetobacter spp.",0.188953491770696
"791","Acinetobacter spp.",0.438500345206378
"792","Acinetobacter spp.",0.375269157059984
"793","Acinetobacter spp.",0.0772063901929495
"794","Acinetobacter spp.",0.655907054456222
"795","Acinetobacter spp.",0.397839202958271
"796","Acinetobacter spp.",0.756534992519291
"797","Acinetobacter spp.",0.747197916201066
"798","Acinetobacter spp.",0.455110625423952
"799","Acinetobacter spp.",0.425653471164286
"800","Acinetobacter spp.",0.461696192630203
"801","Acinetobacter spp.",0.448534007393944
"802","Acinetobacter spp.",0.270214693481442
"803","Acinetobacter spp.",0.564879546121134
"804","Acinetobacter spp.",0.454445511718816
"805","Acinetobacter spp.",0.398507616670611
"806","Acinetobacter spp.",0.322567370034533
"807","Acinetobacter spp.",0.472362735545678
"808","Acinetobacter spp.",0.198379340217556
"809","Acinetobacter spp.",0.433422546765214
"810","Acinetobacter spp.",0.427682429058146
"811","Acinetobacter spp.",0.611583239620329
"812","Acinetobacter spp.",0.443614455361725
"813","Acinetobacter spp.",0.637000598344428
"814","Acinetobacter spp.",0.21526040167836
"815","Acinetobacter spp.",0.383089254583622
"816","Acinetobacter spp.",0.750536387031967
"817","Acinetobacter spp.",0.558702292543246
"818","Acinetobacter spp.",0.290576652093901
"819","Acinetobacter spp.",0.517438994614965
"820","Acinetobacter spp.",0.787488469863643
"821","Acinetobacter spp.",0.332607334272005
"822","Acinetobacter spp.",0.235545253635378
"823","Acinetobacter spp.",0.121425513085098
"824","Acinetobacter spp.",0.310565515798473
"825","Acinetobacter spp.",0.283709067452145
"826","Acinetobacter spp.",0.563045905066875
"827","Acinetobacter spp.",0.33062731034146
"828","Acinetobacter spp.",0.238238448720337
"829","Acinetobacter spp.",0.365419104691698
"830","Acinetobacter spp.",0.54416708517372
"831","Acinetobacter spp.",0.516158070926029
"832","Acinetobacter spp.",0.621862842737923
"833","Acinetobacter spp.",0.377471253384793
"834","Acinetobacter spp.",-0.0259440004881335
"835","Acinetobacter spp.",0.152699431497754
"836","Acinetobacter spp.",0.572000651010116
"837","Acinetobacter spp.",0.84436037419129
"838","Acinetobacter spp.",0.571773400532739
"839","Acinetobacter spp.",0.378772192324764
"840","Acinetobacter spp.",0.408052539596767
"841","Acinetobacter spp.",0.337685701364138
"842","Acinetobacter spp.",0.342471144983629
"843","Acinetobacter spp.",0.315929815600242
"844","Acinetobacter spp.",0.49365436013955
"845","Acinetobacter spp.",0.757272449318672
"846","Acinetobacter spp.",0.63063634881148
"847","Acinetobacter spp.",0.344174501108498
"848","Acinetobacter spp.",0.193185621456114
"849","Acinetobacter spp.",0.45288729841439
"850","Acinetobacter spp.",0.561155424018523
"851","Acinetobacter spp.",0.670044488120292
"852","Acinetobacter spp.",0.303544172539919
"853","Acinetobacter spp.",0.395395376665047
"854","Acinetobacter spp.",0.455832896605327
"855","Acinetobacter spp.",0.59401026158289
"856","Acinetobacter spp.",0.774249319589369
"857","Acinetobacter spp.",0.608853180467728
"858","Acinetobacter spp.",0.305023781039196
"859","Acinetobacter spp.",0.517228048719441
"860","Acinetobacter spp.",0.711520932813366
"861","Acinetobacter spp.",0.628962228748353
"862","Acinetobacter spp.",0.352427932036638
"863","Acinetobacter spp.",0.7175325520164
"864","Acinetobacter spp.",0.109317182794763
"865","Acinetobacter spp.",0.425695194198644
"866","Acinetobacter spp.",0.277226268231647
"867","Acinetobacter spp.",0.79261139856245
"868","Acinetobacter spp.",0.447264504089285
"869","Acinetobacter spp.",0.433871963875281
"870","Acinetobacter spp.",0.237320593338701
"871","Acinetobacter spp.",-0.13026618268387
"872","Acinetobacter spp.",0.346183819489242
"873","Acinetobacter spp.",0.609860503890638
"874","Acinetobacter spp.",0.489662433041888
"875","Acinetobacter spp.",0.495436026443813
"876","Acinetobacter spp.",0.507344744735183
"877","Acinetobacter spp.",0.394207480103002
"878","Acinetobacter spp.",0.33379812889558
"879","Acinetobacter spp.",0.625137822800788
"880","Acinetobacter spp.",0.418551118971165
"881","Acinetobacter spp.",0.631678962620733
"882","Acinetobacter spp.",0.505382382033204
"883","Acinetobacter spp.",0.429747090731307
"884","Acinetobacter spp.",0.309138820795557
"885","Acinetobacter spp.",0.384017857039543
"886","Acinetobacter spp.",0.424700890342049
"887","Acinetobacter spp.",0.204932000714006
"888","Acinetobacter spp.",0.628199378063008
"889","Acinetobacter spp.",0.3593769643296
"890","Acinetobacter spp.",0.354898167628855
"891","Acinetobacter spp.",0.583079486500231
"892","Acinetobacter spp.",0.557278273127917
"893","Acinetobacter spp.",0.39754911973918
"894","Acinetobacter spp.",0.27745345928851
"895","Acinetobacter spp.",0.654635221841277
"896","Acinetobacter spp.",0.302093525317289
"897","Acinetobacter spp.",0.41328435635794
"898","Acinetobacter spp.",-0.0628349068804307
"899","Acinetobacter spp.",0.0735775931509772
"900","Acinetobacter spp.",0.429494255362005
"901","Acinetobacter spp.",0.268069323183106
"902","Acinetobacter spp.",0.532251744032759
"903","Acinetobacter spp.",0.332945479769729
"904","Acinetobacter spp.",0.159702440663585
"905","Acinetobacter spp.",-0.128007910819409
"906","Acinetobacter spp.",0.288043314032564
"907","Acinetobacter spp.",0.401594167827917
"908","Acinetobacter spp.",0.581988419357219
"909","Acinetobacter spp.",0.209948866151682
"910","Acinetobacter spp.",0.160187278801499
"911","Acinetobacter spp.",0.516229823393742
"912","Acinetobacter spp.",0.432255224893448
"913","Acinetobacter spp.",0.279095205711672
"914","Acinetobacter spp.",0.430311380881308
"915","Acinetobacter spp.",0.674745664230776
"916","Acinetobacter spp.",0.021886377669121
"917","Acinetobacter spp.",0.521052559811828
"918","Acinetobacter spp.",0.285320762255555
"919","Acinetobacter spp.",0.392925886745277
"920","Acinetobacter spp.",0.344486755780368
"921","Acinetobacter spp.",0.467599848352552
"922","Acinetobacter spp.",0.334744781124782
"923","Acinetobacter spp.",0.479647142105415
"924","Acinetobacter spp.",0.430895594054934
"925","Acinetobacter spp.",0.415993627352229
"926","Acinetobacter spp.",0.633263612221758
"927","Acinetobacter spp.",0.61183936651817
"928","Acinetobacter spp.",0.40924666506024
"929","Acinetobacter spp.",0.532124900747938
"930","Acinetobacter spp.",0.101058031419396
"931","Acinetobacter spp.",0.4620531395072
"932","Acinetobacter spp.",0.207097639647827
"933","Acinetobacter spp.",0.588796799715865
"934","Acinetobacter spp.",0.472523571849914
"935","Acinetobacter spp.",0.245637979286582
"936","Acinetobacter spp.",0.614784842681246
"937","Acinetobacter spp.",0.623037665109232
"938","Acinetobacter spp.",0.0356011211177533
"939","Acinetobacter spp.",0.505124911311672
"940","Acinetobacter spp.",0.736210077925926
"941","Acinetobacter spp.",0.878561169471332
"942","Acinetobacter spp.",0.0435476213780397
"943","Acinetobacter spp.",0.306776137400217
"944","Acinetobacter spp.",0.64520070602121
"945","Acinetobacter spp.",0.700038005958975
"946","Acinetobacter spp.",0.205375843452353
"947","Acinetobacter spp.",0.282169846837594
"948","Acinetobacter spp.",0.632277479352027
"949","Acinetobacter spp.",0.104784698236172
"950","Acinetobacter spp.",0.414014724780877
"951","Acinetobacter spp.",0.761466890360944
"952","Acinetobacter spp.",0.627523339197832
"953","Acinetobacter spp.",0.608682405298158
"954","Acinetobacter spp.",0.35806789302825
"955","Acinetobacter spp.",0.474738724874078
"956","Acinetobacter spp.",0.343387752785979
"957","Acinetobacter spp.",0.362213198590897
"958","Acinetobacter spp.",0.669005983201978
"959","Acinetobacter spp.",0.273686831337521
"960","Acinetobacter spp.",0.50826213688077
"961","Acinetobacter spp.",0.600646642911104
"962","Acinetobacter spp.",0.336289468667278
"963","Acinetobacter spp.",-0.0616250880824378
"964","Acinetobacter spp.",0.64394554862026
"965","Acinetobacter spp.",0.60431837840264
"966","Acinetobacter spp.",0.359391510944495
"967","Acinetobacter spp.",0.324486354075264
"968","Acinetobacter spp.",0.567879789092788
"969","Acinetobacter spp.",0.40121332000961
"970","Acinetobacter spp.",0.280880322086131
"971","Acinetobacter spp.",0.359214783829922
"972","Acinetobacter spp.",0.640948652727888
"973","Acinetobacter spp.",0.406798654184632
"974","Acinetobacter spp.",0.507758946831621
"975","Acinetobacter spp.",0.491421079016239
"976","Acinetobacter spp.",0.426705355191757
"977","Acinetobacter spp.",0.579469590397644
"978","Acinetobacter spp.",0.539766202607649
"979","Acinetobacter spp.",0.463678565471014
"980","Acinetobacter spp.",0.120860167006816
"981","Acinetobacter spp.",0.553962253156226
"982","Acinetobacter spp.",0.553050684796434
"983","Acinetobacter spp.",0.130128973564871
"984","Acinetobacter spp.",0.230078554159032
"985","Acinetobacter spp.",0.216538652519877
"986","Acinetobacter spp.",0.138008700867224
"987","Acinetobacter spp.",0.25827843144602
"988","Acinetobacter spp.",0.535462498135447
"989","Acinetobacter spp.",0.278338177317021
"990","Acinetobacter spp.",0.361966617421926
"991","Acinetobacter spp.",0.78599471821204
"992","Acinetobacter spp.",0.618580422212957
"993","Acinetobacter spp.",0.442139593827818
"994","Acinetobacter spp.",0.331614347052133
"995","Acinetobacter spp.",0.670531104002784
"996","Acinetobacter spp.",0.253434746209037
"997","Acinetobacter spp.",0.33778148730843
"998","Acinetobacter spp.",0.328693633747659
"999","Acinetobacter spp.",0.378170172073697
"1000","Acinetobacter spp.",0.250245769346226
"1001","E. coli",0.465746275882572
"1002","E. coli",0.566131135726385
"1003","E. coli",0.416188932850233
"1004","E. coli",0.528164184207855
"1005","E. coli",0.683089831703022
"1006","E. coli",0.612284619448619
"1007","E. coli",0.51515823402029
"1008","E. coli",0.710141552804455
"1009","E. coli",0.513625729380681
"1010","E. coli",0.871720899526829
"1011","E. coli",0.480721093709801
"1012","E. coli",0.865011613954326
"1013","E. coli",0.637549522108651
"1014","E. coli",0.780510999521419
"1015","E. coli",0.72177474100322
"1016","E. coli",0.6817563015004
"1017","E. coli",0.722933812036524
"1018","E. coli",0.694439227744331
"1019","E. coli",0.871430913267758
"1020","E. coli",0.653627670703974
"1021","E. coli",0.83423194092158
"1022","E. coli",0.815764879140251
"1023","E. coli",0.508871366905028
"1024","E. coli",0.57046527444877
"1025","E. coli",0.691930053910634
"1026","E. coli",0.649420458048771
"1027","E. coli",0.714438055561803
"1028","E. coli",0.603042594686343
"1029","E. coli",0.296351296383807
"1030","E. coli",0.535340984884826
"1031","E. coli",0.303397446777223
"1032","E. coli",0.660373285274957
"1033","E. coli",0.424858312292882
"1034","E. coli",0.633375259752097
"1035","E. coli",0.533644658896015
"1036","E. coli",0.602683093397188
"1037","E. coli",0.450233030280504
"1038","E. coli",0.556771799291707
"1039","E. coli",0.518525567102047
"1040","E. coli",0.787991796610862
"1041","E. coli",0.770153094289453
"1042","E. coli",0.438811254656062
"1043","E. coli",0.622525050778038
"1044","E. coli",0.647966817132744
"1045","E. coli",1.02769837839534
"1046","E. coli",0.859790920853782
"1047","E. coli",0.863742064337335
"1048","E. coli",0.745383246260743
"1049","E. coli",0.652347878484879
"1050","E. coli",0.726959760436395
"1051","E. coli",0.494264714949969
"1052","E. coli",0.820668306101524
"1053","E. coli",0.275117598749381
"1054","E. coli",0.513292674448734
"1055","E. coli",0.796157455255278
"1056","E. coli",0.30045661328396
"1057","E. coli",0.539424151882305
"1058","E. coli",0.818349790413275
"1059","E. coli",0.535989659154263
"1060","E. coli",0.725509453714923
"1061","E. coli",0.511762410890943
"1062","E. coli",0.604800176044456
"1063","E. coli",0.708652630778813
"1064","E. coli",0.690502706480655
"1065","E. coli",0.394895379864087
"1066","E. coli",0.551022876607541
"1067","E. coli",0.577853142236087
"1068","E. coli",0.727820850253562
"1069","E. coli",1.0198244336787
"1070","E. coli",0.590738828255898
"1071","E. coli",0.563608042482321
"1072","E. coli",0.634404153387984
"1073","E. coli",0.656721978344558
"1074","E. coli",0.730992001862762
"1075","E. coli",0.477620555614769
"1076","E. coli",0.515822286665968
"1077","E. coli",0.674924160537457
"1078","E. coli",0.560905995491725
"1079","E. coli",0.877469391311167
"1080","E. coli",1.01090237883865
"1081","E. coli",0.833912660868763
"1082","E. coli",0.879499185527625
"1083","E. coli",0.662973011852957
"1084","E. coli",0.540531516727325
"1085","E. coli",0.651373008674487
"1086","E. coli",0.376305651666674
"1087","E. coli",0.442203577226262
"1088","E. coli",0.581147323348845
"1089","E. coli",0.512420088338537
"1090","E. coli",0.938766763129756
"1091","E. coli",0.669234269326629
"1092","E. coli",0.563718326592577
"1093","E. coli",0.57726530499158
"1094","E. coli",0.599252799640954
"1095","E. coli",0.370807156837902
"1096","E. coli",0.480398174777204
"1097","E. coli",0.611053897474028
"1098","E. coli",0.65825412543221
"1099","E. coli",0.498720814568454
"1100","E. coli",0.856140253278133
"1101","E. coli",0.85842347268244
"1102","E. coli",0.852303638460829
"1103","E. coli",1.08051198385438
"1104","E. coli",0.680000523788274
"1105","E. coli",0.592891008574325
"1106","E. coli",0.664645098116027
"1107","E. coli",0.771477892179943
"1108","E. coli",0.494084327063661
"1109","E. coli",0.586053737240096
"1110","E. coli",0.543126203297303
"1111","E. coli",0.602662753112419
"1112","E. coli",0.479495558349674
"1113","E. coli",0.453814451147507
"1114","E. coli",0.477724626654463
"1115","E. coli",0.498586724124616
"1116","E. coli",1.0118099184028
"1117","E. coli",0.880457163876165
"1118","E. coli",0.325333906348235
"1119","E. coli",0.600022587466739
"1120","E. coli",0.558717506303887
"1121","E. coli",0.598997196823302
"1122","E. coli",0.820924430242232
"1123","E. coli",0.781444458113368
"1124","E. coli",0.628117558478653
"1125","E. coli",0.471355515866678
"1126","E. coli",0.646209610627567
"1127","E. coli",0.491608520838013
"1128","E. coli",0.386136124640316
"1129","E. coli",0.650293946230598
"1130","E. coli",0.614854872860879
"1131","E. coli",0.751885115572749
"1132","E. coli",0.752272011819022
"1133","E. coli",0.76091803470569
"1134","E. coli",0.794156116361965
"1135","E. coli",0.692112209845849
"1136","E. coli",0.587087324858649
"1137","E. coli",0.635441168624097
"1138","E. coli",0.479119271002518
"1139","E. coli",0.491151825216173
"1140","E. coli",0.792806557066012
"1141","E. coli",0.543382087217284
"1142","E. coli",0.594153485374786
"1143","E. coli",0.573440750477612
"1144","E. coli",0.792018862966038
"1145","E. coli",0.543501135994647
"1146","E. coli",0.79011236558645
"1147","E. coli",0.801686950113798
"1148","E. coli",0.696416181995991
"1149","E. coli",0.715075057215388
"1150","E. coli",0.467135473659209
"1151","E. coli",0.507447986500862
"1152","E. coli",0.72772462082825
"1153","E. coli",0.727373643260876
"1154","E. coli",0.561595266232683
"1155","E. coli",0.648182503945946
"1156","E. coli",0.569827186095002
"1157","E. coli",0.462062659229134
"1158","E. coli",0.678616433848886
"1159","E. coli",0.502461424636438
"1160","E. coli",0.547254359874605
"1161","E. coli",0.62526850127112
"1162","E. coli",0.670369145252024
"1163","E. coli",0.772653501800382
"1164","E. coli",0.489200182738333
"1165","E. coli",0.574790138055183
"1166","E. coli",0.535489598918255
"1167","E. coli",0.35927374254797
"1168","E. coli",0.757418100991348
"1169","E. coli",0.586146328177399
"1170","E. coli",0.450632736534398
"1171","E. coli",0.761421192937144
"1172","E. coli",0.602476265434209
"1173","E. coli",0.709191268101451
"1174","E. coli",0.537780750492482
"1175","E. coli",0.577234017582918
"1176","E. coli",0.840845545801367
"1177","E. coli",0.836994447034811
"1178","E. coli",0.481779887241976
"1179","E. coli",0.503672084302784
"1180","E. coli",0.83165434744339
"1181","E. coli",0.675709465494674
"1182","E. coli",0.649875136209415
"1183","E. coli",0.833454908200538
"1184","E. coli",0.606880160933371
"1185","E. coli",0.664595199195271
"1186","E. coli",0.819999337820753
"1187","E. coli",0.64342579784216
"1188","E. coli",0.890085324044424
"1189","E. coli",0.774753782800459
"1190","E. coli",0.786847342766723
"1191","E. coli",0.44494200623496
"1192","E. coli",0.410083821986705
"1193","E. coli",0.780961389824554
"1194","E. coli",0.565001248878132
"1195","E. coli",0.631378576555761
"1196","E. coli",0.835115826899065
"1197","E. coli",0.37999160929705
"1198","E. coli",0.821069832960749
"1199","E. coli",0.611913160788038
"1200","E. coli",0.820618876251508
"1201","E. coli",0.742924795065729
"1202","E. coli",0.341688338611203
"1203","E. coli",0.791171612511909
"1204","E. coli",0.734085544898349
"1205","E. coli",0.463704926852221
"1206","E. coli",0.563916073540008
"1207","E. coli",0.7520204425711
"1208","E. coli",0.549700029787398
"1209","E. coli",0.337762458905991
"1210","E. coli",0.656058274799158
"1211","E. coli",0.7050004805325
"1212","E. coli",0.825986845354915
"1213","E. coli",0.526093997137322
"1214","E. coli",1.03308835704991
"1215","E. coli",0.369599255974885
"1216","E. coli",0.755170964563706
"1217","E. coli",0.718208757035683
"1218","E. coli",0.840872829612116
"1219","E. coli",0.613364580505964
"1220","E. coli",0.46634713390854
"1221","E. coli",0.640395752594675
"1222","E. coli",0.725938531144897
"1223","E. coli",0.677335287597164
"1224","E. coli",0.60283843067069
"1225","E. coli",0.830551239794119
"1226","E. coli",0.769248897054555
"1227","E. coli",0.644591186582596
"1228","E. coli",0.779256375861696
"1229","E. coli",0.357407617305381
"1230","E. coli",0.544933144087281
"1231","E. coli",0.516597193870188
"1232","E. coli",0.812978321202865
"1233","E. coli",0.559893811091821
"1234","E. coli",0.577289441444688
"1235","E. coli",0.730169976245371
"1236","E. coli",0.509783309811402
"1237","E. coli",0.564622484864594
"1238","E. coli",0.613932756471653
"1239","E. coli",0.66424681459647
"1240","E. coli",0.373436133764618
"1241","E. coli",0.528443937508598
"1242","E. coli",0.491945023513668
"1243","E. coli",0.556781314404795
"1244","E. coli",0.534941828884857
"1245","E. coli",0.838834150415877
"1246","E. coli",0.950399923525816
"1247","E. coli",0.797874523700991
"1248","E. coli",0.464251891616465
"1249","E. coli",0.354314995475678
"1250","E. coli",0.798525461430166
"1251","E. coli",0.508090021447269
"1252","E. coli",0.548536160790128
"1253","E. coli",0.627265166612739
"1254","E. coli",0.368151632837642
"1255","E. coli",0.552479613788175
"1256","E. coli",0.450699271640408
"1257","E. coli",0.825547386760317
"1258","E. coli",0.515817926571244
"1259","E. coli",0.671565538551206
"1260","E. coli",0.421447824786849
"1261","E. coli",0.471785407381023
"1262","E. coli",0.626995591087752
"1263","E. coli",0.743622761520431
"1264","E. coli",0.289065625741741
"1265","E. coli",0.763092544511548
"1266","E. coli",0.891123191704601
"1267","E. coli",0.664127973353367
"1268","E. coli",0.29457016895468
"1269","E. coli",0.589233785453309
"1270","E. coli",0.547181920694774
"1271","E. coli",0.614348771733225
"1272","E. coli",0.647157393579507
"1273","E. coli",0.659746299552237
"1274","E. coli",0.55085267844603
"1275","E. coli",0.540720967871072
"1276","E. coli",0.633380574046626
"1277","E. coli",0.827383364626253
"1278","E. coli",0.734669069479601
"1279","E. coli",0.734252315314211
"1280","E. coli",0.587775103102922
"1281","E. coli",0.596047726201365
"1282","E. coli",0.378024433763154
"1283","E. coli",0.40006087952961
"1284","E. coli",0.881308356960265
"1285","E. coli",0.848456373146111
"1286","E. coli",0.961485718478298
"1287","E. coli",0.582335458111344
"1288","E. coli",0.571685011788125
"1289","E. coli",0.574909064267247
"1290","E. coli",0.916249004500313
"1291","E. coli",0.584650744155137
"1292","E. coli",0.563726774250501
"1293","E. coli",0.730619205307091
"1294","E. coli",0.627317861941425
"1295","E. coli",0.659507197556297
"1296","E. coli",1.02578240233711
"1297","E. coli",0.605401400182845
"1298","E. coli",0.95194735036749
"1299","E. coli",0.720380723124648
"1300","E. coli",0.556882401131324
"1301","E. coli",0.499834104819791
"1302","E. coli",0.851319434145985
"1303","E. coli",0.625442989475785
"1304","E. coli",0.531991628367437
"1305","E. coli",0.698571311313025
"1306","E. coli",0.376002850374309
"1307","E. coli",0.751203444284324
"1308","E. coli",1.09115860417277
"1309","E. coli",0.832783704451756
"1310","E. coli",0.741823486026016
"1311","E. coli",0.736670533216081
"1312","E. coli",0.428790163611969
"1313","E. coli",0.364905595252698
"1314","E. coli",0.768087877579512
"1315","E. coli",0.425369047557774
"1316","E. coli",0.498309692003944
"1317","E. coli",0.50387077639669
"1318","E. coli",0.374316483968472
"1319","E. coli",0.745668909138804
"1320","E. coli",0.641194594507662
"1321","E. coli",0.476878321107927
"1322","E. coli",0.485876177258005
"1323","E. coli",0.695376015439451
"1324","E. coli",0.695176265187651
"1325","E. coli",0.679305377835805
"1326","E. coli",0.475666068301229
"1327","E. coli",0.68629857459117
"1328","E. coli",0.772417083866118
"1329","E. coli",0.544053716181908
"1330","E. coli",0.741858027860658
"1331","E. coli",0.909608774720178
"1332","E. coli",0.631931259889578
"1333","E. coli",0.802368088609721
"1334","E. coli",0.677766015561324
"1335","E. coli",0.687516855055673
"1336","E. coli",0.267438492713849
"1337","E. coli",0.693068801668007
"1338","E. coli",0.622690763567509
"1339","E. coli",0.256588930957516
"1340","E. coli",0.737239073605812
"1341","E. coli",0.561534438999425
"1342","E. coli",0.515991753128173
"1343","E. coli",0.531359368783752
"1344","E. coli",0.80067432333205
"1345","E. coli",0.899741033896103
"1346","E. coli",0.517153413208397
"1347","E. coli",0.486032897448266
"1348","E. coli",0.656794510754052
"1349","E. coli",0.437622900717902
"1350","E. coli",0.598435775935543
"1351","E. coli",0.527158277720643
"1352","E. coli",0.831076046921111
"1353","E. coli",0.500500734630997
"1354","E. coli",0.751940973386945
"1355","E. coli",0.728536962910459
"1356","E. coli",0.245236473834606
"1357","E. coli",0.722090340631287
"1358","E. coli",0.621792542914301
"1359","E. coli",0.737159269264752
"1360","E. coli",0.531383571863225
"1361","E. coli",0.648147989368112
"1362","E. coli",0.481020686288464
"1363","E. coli",0.837452067546266
"1364","E. coli",0.575856723300849
"1365","E. coli",0.601294934516198
"1366","E. coli",0.679144362313685
"1367","E. coli",0.722474376719583
"1368","E. coli",0.662379509198739
"1369","E. coli",0.565392578607389
"1370","E. coli",0.365615931338122
"1371","E. coli",0.6926444281604
"1372","E. coli",0.683804812093273
"1373","E. coli",0.722497442193855
"1374","E. coli",0.841157306385709
"1375","E. coli",0.561099269527705
"1376","E. coli",0.526424944370914
"1377","E. coli",0.462439631204358
"1378","E. coli",0.600616103221285
"1379","E. coli",0.687581493772288
"1380","E. coli",0.74000701901933
"1381","E. coli",0.840884186741496
"1382","E. coli",0.95001071975935
"1383","E. coli",0.434876611168933
"1384","E. coli",0.327507006477387
"1385","E. coli",0.46993500439425
"1386","E. coli",0.963999771498031
"1387","E. coli",0.728538005290898
"1388","E. coli",0.693192920978865
"1389","E. coli",0.427408677154496
"1390","E. coli",0.725966132699894
"1391","E. coli",0.456551210192589
"1392","E. coli",0.867582087201516
"1393","E. coli",0.734777346676616
"1394","E. coli",0.49822098088966
"1395","E. coli",0.7452871677274
"1396","E. coli",0.711540508025127
"1397","E. coli",0.676435424155174
"1398","E. coli",0.847712031355585
"1399","E. coli",0.489827920000203
"1400","E. coli",0.329414944508924
"1401","E. coli",0.591932850383645
"1402","E. coli",0.899255856964281
"1403","E. coli",0.521753441583614
"1404","E. coli",0.752400521167645
"1405","E. coli",0.559010861507936
"1406","E. coli",0.519147539440044
"1407","E. coli",0.716986519512679
"1408","E. coli",0.766730111519296
"1409","E. coli",0.614991356769513
"1410","E. coli",0.736472580874592
"1411","E. coli",0.564061860387364
"1412","E. coli",0.73837512101558
"1413","E. coli",0.448040000489715
"1414","E. coli",0.726695900122095
"1415","E. coli",1.03016097274402
"1416","E. coli",0.64716068741529
"1417","E. coli",0.792262963187003
"1418","E. coli",0.380091702706779
"1419","E. coli",0.638877876422445
"1420","E. coli",0.802671895516333
"1421","E. coli",0.472020699866086
"1422","E. coli",0.605150309501326
"1423","E. coli",0.593594710769027
"1424","E. coli",0.599433286445202
"1425","E. coli",0.87478977796096
"1426","E. coli",0.470502932978269
"1427","E. coli",0.618951836398156
"1428","E. coli",0.895830966033797
"1429","E. coli",0.62668985424435
"1430","E. coli",0.572234247123023
"1431","E. coli",0.630792879057608
"1432","E. coli",0.666281794688093
"1433","E. coli",0.506945841592475
"1434","E. coli",0.740166980856271
"1435","E. coli",0.56188683255749
"1436","E. coli",0.812886822429324
"1437","E. coli",0.630706426098821
"1438","E. coli",0.570701615254323
"1439","E. coli",0.640958731091894
"1440","E. coli",0.568420995208217
"1441","E. coli",0.36946867956505
"1442","E. coli",0.607326558525029
"1443","E. coli",0.553822939826599
"1444","E. coli",0.512151234263702
"1445","E. coli",0.817346858513443
"1446","E. coli",0.904429967854723
"1447","E. coli",0.817757347171713
"1448","E. coli",0.542455345140071
"1449","E. coli",0.761988157793354
"1450","E. coli",0.67885483511634
"1451","E. coli",0.393114676564584
"1452","E. coli",0.806889672883468
"1453","E. coli",0.481673242289441
"1454","E. coli",0.6026819153298
"1455","E. coli",0.462454426407877
"1456","E. coli",0.33513419129846
"1457","E. coli",0.516824664719211
"1458","E. coli",0.722674518285668
"1459","E. coli",0.740154628536109
"1460","E. coli",0.660319073277848
"1461","E. coli",0.875669684749589
"1462","E. coli",0.597623316877397
"1463","E. coli",0.41108193421673
"1464","E. coli",0.608550317796597
"1465","E. coli",0.740973577794515
"1466","E. coli",0.665884018955141
"1467","E. coli",0.522353946414561
"1468","E. coli",0.603896470775662
"1469","E. coli",0.708586697682538
"1470","E. coli",0.53405767483868
"1471","E. coli",0.627126851310088
"1472","E. coli",0.607710406649605
"1473","E. coli",0.34533785928516
"1474","E. coli",0.813309601233846
"1475","E. coli",0.553416950286046
"1476","E. coli",0.542115455683751
"1477","E. coli",0.466586709002995
"1478","E. coli",0.642026938263879
"1479","E. coli",0.515085759255296
"1480","E. coli",0.680697190246924
"1481","E. coli",0.51514247982547
"1482","E. coli",0.762602569563926
"1483","E. coli",0.621154742812732
"1484","E. coli",0.572092255491902
"1485","E. coli",0.855402647415555
"1486","E. coli",0.722601697269853
"1487","E. coli",0.425584285035502
"1488","E. coli",0.555647175748814
"1489","E. coli",0.928109809529173
"1490","E. coli",0.721163532191561
"1491","E. coli",0.678391483609737
"1492","E. coli",0.498472026351342
"1493","E. coli",0.457562512611976
"1494","E. coli",0.812318361659756
"1495","E. coli",0.754809130008236
"1496","E. coli",0.488855743758948
"1497","E. coli",0.580926075654511
"1498","E. coli",0.690619652464525
"1499","E. coli",0.650340833426082
"1500","E. coli",0.884704580635083
"1501","E. coli",0.707957947000008
"1502","E. coli",0.573907883595255
"1503","E. coli",0.662130883125133
"1504","E. coli",0.466763653399402
"1505","E. coli",0.714413158449402
"1506","E. coli",1.03629655742818
"1507","E. coli",0.531475026006047
"1508","E. coli",0.574273335165416
"1509","E. coli",0.713361540975051
"1510","E. coli",0.435013429750208
"1511","E. coli",0.648427217273517
"1512","E. coli",0.822709010905015
"1513","E. coli",0.607454883228347
"1514","E. coli",0.594545289172967
"1515","E. coli",0.768434201505102
"1516","E. coli",0.846105047369145
"1517","E. coli",0.671219883193622
"1518","E. coli",0.827720457002065
"1519","E. coli",0.760695232433281
"1520","E. coli",0.79612389890414
"1521","E. coli",0.808836947454041
"1522","E. coli",0.523591521262671
"1523","E. coli",0.704413891295807
"1524","E. coli",0.852015119634093
"1525","E. coli",0.222775777299044
"1526","E. coli",0.730467506112313
"1527","E. coli",0.735292483281482
"1528","E. coli",0.812602541213384
"1529","E. coli",0.665183293045618
"1530","E. coli",0.456084883152602
"1531","E. coli",0.604882082839707
"1532","E. coli",0.610980942871635
"1533","E. coli",0.811729500074316
"1534","E. coli",1.02040534737075
"1535","E. coli",0.546083004614238
"1536","E. coli",0.664879300372534
"1537","E. coli",0.657524423227405
"1538","E. coli",0.667170897104787
"1539","E. coli",0.574555789285507
"1540","E. coli",0.61492033951838
"1541","E. coli",0.742445517540037
"1542","E. coli",0.652452331664715
"1543","E. coli",0.649311362810416
"1544","E. coli",0.739419764341708
"1545","E. coli",0.631916506189067
"1546","E. coli",0.51426182389289
"1547","E. coli",0.563315899746428
"1548","E. coli",0.595280289534593
"1549","E. coli",0.637798063090841
"1550","E. coli",0.622558592096305
"1551","E. coli",0.566614272560551
"1552","E. coli",0.862465028415323
"1553","E. coli",0.750856790568944
"1554","E. coli",0.819082145181904
"1555","E. coli",0.627620641387804
"1556","E. coli",0.62547057668727
"1557","E. coli",0.510233098609537
"1558","E. coli",0.676432556984977
"1559","E. coli",0.698014201253319
"1560","E. coli",0.70102178684617
"1561","E. coli",0.975260416012396
"1562","E. coli",0.532612521081301
"1563","E. coli",0.674591101783114
"1564","E. coli",0.626687018306972
"1565","E. coli",0.58190277848675
"1566","E. coli",0.792326282316236
"1567","E. coli",0.742896907805951
"1568","E. coli",0.549486982196573
"1569","E. coli",0.939632812472745
"1570","E. coli",0.740947224693714
"1571","E. coli",0.446477936236034
"1572","E. coli",0.544993922826787
"1573","E. coli",0.329436019150736
"1574","E. coli",0.708711839651554
"1575","E. coli",0.636237235656571
"1576","E. coli",0.783712299200702
"1577","E. coli",0.65192503041263
"1578","E. coli",0.803541394275232
"1579","E. coli",0.700902837968125
"1580","E. coli",0.86618042184862
"1581","E. coli",0.477771377066512
"1582","E. coli",0.675226727484715
"1583","E. coli",0.772971774482876
"1584","E. coli",0.68545780573589
"1585","E. coli",0.531741723370774
"1586","E. coli",0.408120653254165
"1587","E. coli",0.562364235674751
"1588","E. coli",0.53508858379612
"1589","E. coli",0.785381151344862
"1590","E. coli",0.758075525847104
"1591","E. coli",0.557209111584182
"1592","E. coli",0.5297390327395
"1593","E. coli",0.752261389803402
"1594","E. coli",0.810719011609402
"1595","E. coli",0.70846263838825
"1596","E. coli",0.711723819946793
"1597","E. coli",0.473398453309923
"1598","E. coli",0.864558422548352
"1599","E. coli",0.606581346578707
"1600","E. coli",0.832721545248289
"1601","E. coli",0.604105010719926
"1602","E. coli",0.500219440080128
"1603","E. coli",0.912237926186053
"1604","E. coli",0.336548466172058
"1605","E. coli",0.422766032378487
"1606","E. coli",0.631936995369118
"1607","E. coli",0.688167391002324
"1608","E. coli",0.607077658476685
"1609","E. coli",0.624420760629909
"1610","E. coli",0.730632893343825
"1611","E. coli",0.56791509468785
"1612","E. coli",0.807749051292407
"1613","E. coli",0.687621515491173
"1614","E. coli",0.620899172293736
"1615","E. coli",0.8974923787411
"1616","E. coli",0.801548535502717
"1617","E. coli",0.681455127094622
"1618","E. coli",0.487076524759371
"1619","E. coli",0.629896336651425
"1620","E. coli",0.614619546041978
"1621","E. coli",0.861268994391048
"1622","E. coli",0.60741695532533
"1623","E. coli",0.566763756724263
"1624","E. coli",0.663042669730603
"1625","E. coli",0.563217040787924
"1626","E. coli",0.96372048795198
"1627","E. coli",0.66134361924397
"1628","E. coli",0.520057572232041
"1629","E. coli",0.688530613735471
"1630","E. coli",0.571006076277375
"1631","E. coli",0.691732459315551
"1632","E. coli",0.691004288377771
"1633","E. coli",0.634454802363381
"1634","E. coli",0.444099795290182
"1635","E. coli",0.494188722439551
"1636","E. coli",0.656738762650702
"1637","E. coli",0.69149073878954
"1638","E. coli",0.59340578473937
"1639","E. coli",0.501995866357818
"1640","E. coli",0.526442290650783
"1641","E. coli",0.543306171914128
"1642","E. coli",0.524053041082118
"1643","E. coli",0.464482223802427
"1644","E. coli",0.848711565369826
"1645","E. coli",0.937040045723583
"1646","E. coli",0.692256782309086
"1647","E. coli",0.368724576624216
"1648","E. coli",0.720749923120476
"1649","E. coli",0.736313382922593
"1650","E. coli",0.487673450906163
"1651","E. coli",0.405044896066799
"1652","E. coli",0.534965902653415
"1653","E. coli",0.760240404036465
"1654","E. coli",0.799763218216778
"1655","E. coli",0.63375200792339
"1656","E. coli",0.683507789107057
"1657","E. coli",0.602142853709184
"1658","E. coli",0.313898198245283
"1659","E. coli",0.560570424383783
"1660","E. coli",0.463596792574295
"1661","E. coli",0.647562752001551
"1662","E. coli",0.493990096754241
"1663","E. coli",0.64147093179047
"1664","E. coli",0.721405941335107
"1665","E. coli",0.4273648281829
"1666","E. coli",0.756482171651432
"1667","E. coli",0.498675194249846
"1668","E. coli",0.887013841549932
"1669","E. coli",0.855259810984576
"1670","E. coli",0.584791724085008
"1671","E. coli",0.722649259597007
"1672","E. coli",0.89823023372973
"1673","E. coli",0.417521490791261
"1674","E. coli",0.464487103143603
"1675","E. coli",0.575314854767705
"1676","E. coli",0.594502046011902
"1677","E. coli",0.492237647477011
"1678","E. coli",0.654299165473262
"1679","E. coli",0.7407880307076
"1680","E. coli",0.870287535948524
"1681","E. coli",0.425721413212734
"1682","E. coli",0.394973038687917
"1683","E. coli",0.640234092631752
"1684","E. coli",0.522420841227416
"1685","E. coli",0.675415012118946
"1686","E. coli",0.451559854910109
"1687","E. coli",0.469915719081495
"1688","E. coli",0.76492991274673
"1689","E. coli",0.329178825683339
"1690","E. coli",0.721805514273105
"1691","E. coli",0.5744225791241
"1692","E. coli",0.932953191078207
"1693","E. coli",0.648724474259306
"1694","E. coli",0.465436154554306
"1695","E. coli",0.61643219394343
"1696","E. coli",0.737517524715867
"1697","E. coli",0.65515417006166
"1698","E. coli",0.786338029125981
"1699","E. coli",0.642118394484015
"1700","E. coli",0.7463082167125
"1701","E. coli",0.910753732110762
"1702","E. coli",0.582154962578683
"1703","E. coli",0.765606452386703
"1704","E. coli",0.616166522799758
"1705","E. coli",0.852081027938289
"1706","E. coli",0.680525985604605
"1707","E. coli",0.63818318783979
"1708","E. coli",0.55546080874114
"1709","E. coli",0.432042311727027
"1710","E. coli",0.820811303627027
"1711","E. coli",0.920621377643746
"1712","E. coli",0.652979301086722
"1713","E. coli",0.770364921006247
"1714","E. coli",0.782776087352767
"1715","E. coli",0.977882236493368
"1716","E. coli",0.559006173276824
"1717","E. coli",0.656280609212344
"1718","E. coli",0.731660725401614
"1719","E. coli",0.721081360524791
"1720","E. coli",0.693612388803626
"1721","E. coli",0.518281485518665
"1722","E. coli",0.468018049086632
"1723","E. coli",0.404190952477225
"1724","E. coli",0.564024838604165
"1725","E. coli",0.771132686373902
"1726","E. coli",0.792937245485774
"1727","E. coli",0.643069507167729
"1728","E. coli",0.516877648527115
"1729","E. coli",0.683264802223164
"1730","E. coli",0.370419162473966
"1731","E. coli",0.426106720170219
"1732","E. coli",0.773946156847401
"1733","E. coli",0.731302516683701
"1734","E. coli",0.642899150381293
"1735","E. coli",0.707724363596411
"1736","E. coli",0.807629469850559
"1737","E. coli",0.771989513546989
"1738","E. coli",0.871419944926966
"1739","E. coli",0.50145641409978
"1740","E. coli",0.360825326515756
"1741","E. coli",0.639761846209642
"1742","E. coli",0.393847823887719
"1743","E. coli",0.825826875749525
"1744","E. coli",0.676617358233691
"1745","E. coli",0.40843923363887
"1746","E. coli",0.688865594111535
"1747","E. coli",0.802784258301578
"1748","E. coli",0.643017253288474
"1749","E. coli",0.68037012001772
"1750","E. coli",0.45921542430342
"1751","E. coli",0.60076364648051
"1752","E. coli",0.382174028766057
"1753","E. coli",0.629342979743807
"1754","E. coli",0.634258679131221
"1755","E. coli",0.264805787688042
"1756","E. coli",0.353315668200609
"1757","E. coli",0.948517307540577
"1758","E. coli",0.761173198892174
"1759","E. coli",0.730018714703754
"1760","E. coli",0.578712490115277
"1761","E. coli",0.636128080950547
"1762","E. coli",0.695088903686864
"1763","E. coli",0.691043671246083
"1764","E. coli",0.729349900182292
"1765","E. coli",0.521482172464257
"1766","E. coli",0.589885533485028
"1767","E. coli",0.66099591104198
"1768","E. coli",0.734260356042644
"1769","E. coli",0.970363496900866
"1770","E. coli",0.576186005404435
"1771","E. coli",0.529906606968629
"1772","E. coli",0.570410269921059
"1773","E. coli",0.528338850563872
"1774","E. coli",0.784859999372679
"1775","E. coli",0.747880910048778
"1776","E. coli",0.507619234166333
"1777","E. coli",0.692206845052476
"1778","E. coli",0.902399338523254
"1779","E. coli",0.516167516822482
"1780","E. coli",0.486752636908412
"1781","E. coli",0.425094093758334
"1782","E. coli",0.479657364590708
"1783","E. coli",0.611324324388145
"1784","E. coli",0.950494846591308
"1785","E. coli",0.544754524013856
"1786","E. coli",0.73410904191943
"1787","E. coli",0.602245763553657
"1788","E. coli",0.842438999970693
"1789","E. coli",0.687257676721592
"1790","E. coli",0.721900577843852
"1791","E. coli",0.66594164715666
"1792","E. coli",0.742686154393886
"1793","E. coli",0.716645998878377
"1794","E. coli",0.588563784079504
"1795","E. coli",0.73802276164562
"1796","E. coli",0.583243114537279
"1797","E. coli",0.315870167987917
"1798","E. coli",0.564461690368087
"1799","E. coli",0.42055034570765
"1800","E. coli",0.682422470422872
"1801","E. coli",0.752417686355371
"1802","E. coli",0.691142168534726
"1803","E. coli",0.760514816487996
"1804","E. coli",0.780889975534575
"1805","E. coli",0.368109599724455
"1806","E. coli",0.682653348159107
"1807","E. coli",1.1687621735909
"1808","E. coli",0.816622467920099
"1809","E. coli",0.470590229138865
"1810","E. coli",0.687819312190635
"1811","E. coli",0.633164851321474
"1812","E. coli",0.834321903265759
"1813","E. coli",0.465420258380584
"1814","E. coli",0.96628140581432
"1815","E. coli",0.714245996389352
"1816","E. coli",0.715818543287182
"1817","E. coli",0.666878287075813
"1818","E. coli",0.405535570013738
"1819","E. coli",0.501497019884857
"1820","E. coli",0.66249466299386
"1821","E. coli",0.730727392191347
"1822","E. coli",0.681678287983254
"1823","E. coli",0.589499937268728
"1824","E. coli",0.703586523131265
"1825","E. coli",0.555218030115471
"1826","E. coli",0.563403661633779
"1827","E. coli",0.710670728845171
"1828","E. coli",0.526610981781965
"1829","E. coli",0.778632825084803
"1830","E. coli",0.295917995798694
"1831","E. coli",0.465007685637045
"1832","E. coli",0.914461160457063
"1833","E. coli",0.680296544613024
"1834","E. coli",0.512304568267969
"1835","E. coli",0.786320802635443
"1836","E. coli",0.606052063184682
"1837","E. coli",0.641185848022583
"1838","E. coli",0.749101761045078
"1839","E. coli",0.493160393724322
"1840","E. coli",0.539227134697609
"1841","E. coli",0.593582633963013
"1842","E. coli",0.360376528032113
"1843","E. coli",0.280094485800748
"1844","E. coli",0.669153735156998
"1845","E. coli",0.413957008654881
"1846","E. coli",0.592106410835683
"1847","E. coli",0.970845273086457
"1848","E. coli",0.688588273319987
"1849","E. coli",0.729327811907717
"1850","E. coli",0.720905474215083
"1851","E. coli",0.772911076388116
"1852","E. coli",0.50939127485759
"1853","E. coli",0.797525252294158
"1854","E. coli",0.830935587476168
"1855","E. coli",0.503957074614481
"1856","E. coli",0.661514490076693
"1857","E. coli",0.722672054554393
"1858","E. coli",0.670485613138405
"1859","E. coli",0.659276868351112
"1860","E. coli",0.991745858441636
"1861","E. coli",0.624137902890161
"1862","E. coli",0.576064611148236
"1863","E. coli",0.473335774863131
"1864","E. coli",0.475590626414683
"1865","E. coli",0.755473535489546
"1866","E. coli",0.78186789627604
"1867","E. coli",0.692863118489936
"1868","E. coli",0.541155592145445
"1869","E. coli",0.836335216909614
"1870","E. coli",0.597903212513202
"1871","E. coli",0.700033449712742
"1872","E. coli",0.569205362746087
"1873","E. coli",0.658162731300388
"1874","E. coli",0.725354193289752
"1875","E. coli",0.498299637912987
"1876","E. coli",0.631900246385488
"1877","E. coli",0.608598671979496
"1878","E. coli",0.505392155695851
"1879","E. coli",0.866435709152806
"1880","E. coli",0.346253210046624
"1881","E. coli",0.73378869606369
"1882","E. coli",0.582241178832976
"1883","E. coli",0.843093819378274
"1884","E. coli",0.538385465183945
"1885","E. coli",0.66713030826689
"1886","E. coli",0.518983170543175
"1887","E. coli",0.52701397006833
"1888","E. coli",0.77535031021449
"1889","E. coli",0.760952918482443
"1890","E. coli",0.485581995606205
"1891","E. coli",0.719946320831182
"1892","E. coli",0.636898261279292
"1893","E. coli",0.574074386444126
"1894","E. coli",0.415071111083788
"1895","E. coli",0.929785120450419
"1896","E. coli",0.845481261911789
"1897","E. coli",0.459909327164289
"1898","E. coli",0.556272893369061
"1899","E. coli",0.934743726095347
"1900","E. coli",0.434010856225696
"1901","E. coli",0.544590816611097
"1902","E. coli",0.448752459973531
"1903","E. coli",0.597261361695223
"1904","E. coli",0.759932697910897
"1905","E. coli",0.666163010959102
"1906","E. coli",0.855623952328271
"1907","E. coli",0.737511418449105
"1908","E. coli",0.726036576931195
"1909","E. coli",0.5238278117091
"1910","E. coli",0.870180183563363
"1911","E. coli",1.01247512562871
"1912","E. coli",0.458841076534386
"1913","E. coli",0.877568381136694
"1914","E. coli",0.695061328179577
"1915","E. coli",0.0721738063848247
"1916","E. coli",0.76697432066519
"1917","E. coli",0.654788033955576
"1918","E. coli",0.478028495602416
"1919","E. coli",0.805726840133665
"1920","E. coli",0.585472341702659
"1921","E. coli",0.602315121724402
"1922","E. coli",0.667934596894527
"1923","E. coli",0.729661852009594
"1924","E. coli",0.551257528633347
"1925","E. coli",0.343751796058611
"1926","E. coli",0.402033492649652
"1927","E. coli",0.816503919911197
"1928","E. coli",0.622628916262795
"1929","E. coli",0.561032769586041
"1930","E. coli",0.40487203290267
"1931","E. coli",0.608205390265924
"1932","E. coli",0.589797806745439
"1933","E. coli",0.400073127414493
"1934","E. coli",0.549000222834871
"1935","E. coli",0.499306888118784
"1936","E. coli",0.556621740535479
"1937","E. coli",0.84309413959121
"1938","E. coli",0.661868190369583
"1939","E. coli",0.794327947845873
"1940","E. coli",0.622386871313
"1941","E. coli",0.681628510560128
"1942","E. coli",0.560512830299658
"1943","E. coli",0.706801780743909
"1944","E. coli",0.687306202633735
"1945","E. coli",0.668534215771701
"1946","E. coli",0.457072959809414
"1947","E. coli",0.729282905010901
"1948","E. coli",0.685155292975883
"1949","E. coli",0.460385111792512
"1950","E. coli",0.679492369386399
"1951","E. coli",0.704856034527215
"1952","E. coli",0.641082234401115
"1953","E. coli",0.717264158061348
"1954","E. coli",0.629224587418798
"1955","E. coli",0.869904542702629
"1956","E. coli",0.388084454232121
"1957","E. coli",0.602594317522772
"1958","E. coli",0.69155618855635
"1959","E. coli",0.830447726152276
"1960","E. coli",0.660550477240255
"1961","E. coli",0.550749478760953
"1962","E. coli",0.750460443913152
"1963","E. coli",0.878878437440917
"1964","E. coli",0.489415410948121
"1965","E. coli",0.537908383079327
"1966","E. coli",0.465120365852687
"1967","E. coli",0.708265329482863
"1968","E. coli",0.80435201105031
"1969","E. coli",0.57447562920031
"1970","E. coli",0.999006149088235
"1971","E. coli",0.71294079686518
"1972","E. coli",0.629776322090283
"1973","E. coli",0.908695448152017
"1974","E. coli",0.679212267644532
"1975","E. coli",0.817925018343627
"1976","E. coli",0.625572213391182
"1977","E. coli",0.589697870007075
"1978","E. coli",0.800678726246537
"1979","E. coli",0.731312759442525
"1980","E. coli",0.41473238105871
"1981","E. coli",0.701974899178928
"1982","E. coli",0.414036307914126
"1983","E. coli",0.921357896443623
"1984","E. coli",0.496068753185058
"1985","E. coli",0.640382491221568
"1986","E. coli",0.554783071224138
"1987","E. coli",0.666542100087145
"1988","E. coli",0.744296773952123
"1989","E. coli",0.497690569176538
"1990","E. coli",0.709916018551501
"1991","E. coli",0.730839293490849
"1992","E. coli",0.859414097835335
"1993","E. coli",0.611445146525121
"1994","E. coli",0.665832677240997
"1995","E. coli",0.638255001435125
"1996","E. coli",0.821971781311339
"1997","E. coli",1.04166291632421
"1998","E. coli",0.598405732651949
"1999","E. coli",0.782081043381247
"2000","E. coli",0.777633506968763
"2001","E. faecalis",0.28597273889431
"2002","E. faecalis",0.152966939034953
"2003","E. faecalis",0.177376821459795
"2004","E. faecalis",-0.012095417606507
"2005","E. faecalis",0.0352443899930963
"2006","E. faecalis",0.144980841881249
"2007","E. faecalis",0.0661376139524585
"2008","E. faecalis",0.125458287259048
"2009","E. faecalis",0.219901625531895
"2010","E. faecalis",0.244385678401346
"2011","E. faecalis",0.315454633208562
"2012","E. faecalis",0.23463577209073
"2013","E. faecalis",0.178355123979118
"2014","E. faecalis",0.0819531371417735
"2015","E. faecalis",0.210252650220782
"2016","E. faecalis",0.244761072513607
"2017","E. faecalis",0.153789114480777
"2018","E. faecalis",0.180588660755703
"2019","E. faecalis",0.139862044045338
"2020","E. faecalis",0.212313781671777
"2021","E. faecalis",0.146014875417184
"2022","E. faecalis",0.0745403753404895
"2023","E. faecalis",0.218331565429845
"2024","E. faecalis",0.164745150786734
"2025","E. faecalis",0.113533938594962
"2026","E. faecalis",0.01905463968142
"2027","E. faecalis",0.16401443068277
"2028","E. faecalis",0.206968459431212
"2029","E. faecalis",0.241162149746916
"2030","E. faecalis",0.238434963309888
"2031","E. faecalis",0.24312845603637
"2032","E. faecalis",0.140193080985429
"2033","E. faecalis",0.179864502956895
"2034","E. faecalis",0.127471606149204
"2035","E. faecalis",0.128892739640725
"2036","E. faecalis",0.260129358240381
"2037","E. faecalis",0.0691049959979917
"2038","E. faecalis",0.0917226438079115
"2039","E. faecalis",0.182684538860641
"2040","E. faecalis",0.112746215574744
"2041","E. faecalis",0.226373832186582
"2042","E. faecalis",0.200754180463277
"2043","E. faecalis",0.158304225600824
"2044","E. faecalis",0.114535214817717
"2045","E. faecalis",0.283428749884034
"2046","E. faecalis",0.0572209569372417
"2047","E. faecalis",0.114836332165631
"2048","E. faecalis",0.334873861449681
"2049","E. faecalis",0.172791815243158
"2050","E. faecalis",0.0533174658420791
"2051","E. faecalis",0.153254438146998
"2052","E. faecalis",0.11119509088758
"2053","E. faecalis",0.144386778900369
"2054","E. faecalis",-0.00281918990461569
"2055","E. faecalis",0.133940238391217
"2056","E. faecalis",-0.0715751072879074
"2057","E. faecalis",0.147833579062829
"2058","E. faecalis",0.273970619968845
"2059","E. faecalis",0.203288092662837
"2060","E. faecalis",0.153601347541977
"2061","E. faecalis",0.125329892105243
"2062","E. faecalis",0.1728443247733
"2063","E. faecalis",-0.0346098687568816
"2064","E. faecalis",-0.0184946006878423
"2065","E. faecalis",0.0285868063957039
"2066","E. faecalis",0.165155871226418
"2067","E. faecalis",0.365249314694592
"2068","E. faecalis",0.274284625995749
"2069","E. faecalis",0.0718954455665906
"2070","E. faecalis",0.06556383361201
"2071","E. faecalis",0.149609202880578
"2072","E. faecalis",-0.00233974009939959
"2073","E. faecalis",0.118740374231897
"2074","E. faecalis",0.124926442176052
"2075","E. faecalis",0.0846078620713852
"2076","E. faecalis",0.0347194002543236
"2077","E. faecalis",0.0112412597154331
"2078","E. faecalis",0.0658140554052084
"2079","E. faecalis",0.140541852816116
"2080","E. faecalis",0.0797702148258203
"2081","E. faecalis",0.082487816196662
"2082","E. faecalis",0.191778114243767
"2083","E. faecalis",0.110822518134323
"2084","E. faecalis",0.0877829935415745
"2085","E. faecalis",0.376455180079539
"2086","E. faecalis",0.147561208927325
"2087","E. faecalis",0.193164223038874
"2088","E. faecalis",0.200679425927665
"2089","E. faecalis",0.205623051985947
"2090","E. faecalis",0.208429476141597
"2091","E. faecalis",0.0924310067745673
"2092","E. faecalis",0.2608152873629
"2093","E. faecalis",0.112290170785747
"2094","E. faecalis",0.209247396230231
"2095","E. faecalis",0.0515426784309769
"2096","E. faecalis",0.268302037535012
"2097","E. faecalis",0.11456926364096
"2098","E. faecalis",0.213507832531899
"2099","E. faecalis",0.139488218435438
"2100","E. faecalis",0.0193847474558434
"2101","E. faecalis",0.194905710028321
"2102","E. faecalis",0.0783455160596335
"2103","E. faecalis",0.244565932019852
"2104","E. faecalis",0.197608861850621
"2105","E. faecalis",0.171122433955964
"2106","E. faecalis",0.175570113271899
"2107","E. faecalis",0.28426040326138
"2108","E. faecalis",0.156422518851044
"2109","E. faecalis",0.158717467226732
"2110","E. faecalis",0.221752042232369
"2111","E. faecalis",0.153067297043899
"2112","E. faecalis",0.197547495171635
"2113","E. faecalis",0.228490444907578
"2114","E. faecalis",0.16554727956574
"2115","E. faecalis",0.206895949531353
"2116","E. faecalis",0.17841273516306
"2117","E. faecalis",-0.00498510067417006
"2118","E. faecalis",0.195301268159536
"2119","E. faecalis",0.0812092375094325
"2120","E. faecalis",0.186166461448077
"2121","E. faecalis",0.203688007468345
"2122","E. faecalis",0.159413603544024
"2123","E. faecalis",0.101150250440169
"2124","E. faecalis",0.0951739322527659
"2125","E. faecalis",0.0645462688399259
"2126","E. faecalis",0.244851178481908
"2127","E. faecalis",0.160024558966939
"2128","E. faecalis",0.113673636152155
"2129","E. faecalis",0.0534387245597759
"2130","E. faecalis",0.217711423674072
"2131","E. faecalis",-0.0596829468360565
"2132","E. faecalis",0.118318786078069
"2133","E. faecalis",0.0642937398418011
"2134","E. faecalis",0.115633351716349
"2135","E. faecalis",0.081723977887405
"2136","E. faecalis",0.185835827705009
"2137","E. faecalis",0.162580169774122
"2138","E. faecalis",0.183778293478147
"2139","E. faecalis",0.0629684035751656
"2140","E. faecalis",0.0988581527499412
"2141","E. faecalis",0.140244043736234
"2142","E. faecalis",0.248913970834503
"2143","E. faecalis",0.235367288123759
"2144","E. faecalis",0.033631015537917
"2145","E. faecalis",0.274844658467619
"2146","E. faecalis",0.157487873013153
"2147","E. faecalis",0.0766680515758099
"2148","E. faecalis",0.104244051222044
"2149","E. faecalis",0.183152872777771
"2150","E. faecalis",0.127574928721179
"2151","E. faecalis",0.179088439020088
"2152","E. faecalis",0.304157885060138
"2153","E. faecalis",0.0672523719504812
"2154","E. faecalis",0.353566669194766
"2155","E. faecalis",0.354616227974265
"2156","E. faecalis",0.178349784233703
"2157","E. faecalis",0.147171103492505
"2158","E. faecalis",0.192274801880039
"2159","E. faecalis",0.141978702108836
"2160","E. faecalis",0.19155158285155
"2161","E. faecalis",0.240300825220142
"2162","E. faecalis",0.228948395144744
"2163","E. faecalis",0.11378500113497
"2164","E. faecalis",0.125652171017255
"2165","E. faecalis",0.0556049554984445
"2166","E. faecalis",0.13516633750342
"2167","E. faecalis",0.130353124819641
"2168","E. faecalis",0.121825117555662
"2169","E. faecalis",0.00133806389899954
"2170","E. faecalis",0.0947522231446896
"2171","E. faecalis",0.135789180202438
"2172","E. faecalis",-0.0692407867307703
"2173","E. faecalis",0.0882801512742388
"2174","E. faecalis",0.0888180796638988
"2175","E. faecalis",0.112849483398598
"2176","E. faecalis",0.123942295928459
"2177","E. faecalis",0.390763206862133
"2178","E. faecalis",0.242680231555109
"2179","E. faecalis",0.171381022472048
"2180","E. faecalis",0.0584464794314783
"2181","E. faecalis",0.205831163011104
"2182","E. faecalis",0.103380687514443
"2183","E. faecalis",0.147072306831318
"2184","E. faecalis",0.233073631039928
"2185","E. faecalis",0.149303939638725
"2186","E. faecalis",0.00202096570327273
"2187","E. faecalis",0.0814674122305572
"2188","E. faecalis",0.0319047918701496
"2189","E. faecalis",-0.0117466535353395
"2190","E. faecalis",0.261804344909113
"2191","E. faecalis",0.082559218963251
"2192","E. faecalis",0.119110126840963
"2193","E. faecalis",0.229312698847353
"2194","E. faecalis",0.123848712960886
"2195","E. faecalis",0.184944004551624
"2196","E. faecalis",0.0455953157785659
"2197","E. faecalis",0.125660894437154
"2198","E. faecalis",0.207521880225216
"2199","E. faecalis",0.221988616894105
"2200","E. faecalis",0.242419822033662
"2201","E. faecalis",0.114695278313158
"2202","E. faecalis",0.173976767036081
"2203","E. faecalis",0.187005146793631
"2204","E. faecalis",0.244498825810398
"2205","E. faecalis",0.148954951034906
"2206","E. faecalis",0.203242368485785
"2207","E. faecalis",0.115787844473791
"2208","E. faecalis",0.210128667157848
"2209","E. faecalis",0.0471465917809067
"2210","E. faecalis",-0.0656262727399753
"2211","E. faecalis",0.00591794297654097
"2212","E. faecalis",0.181667173275939
"2213","E. faecalis",0.11869060714343
"2214","E. faecalis",0.237467864315818
"2215","E. faecalis",0.23035161225931
"2216","E. faecalis",0.278341752617744
"2217","E. faecalis",0.144437086685451
"2218","E. faecalis",0.146746052596816
"2219","E. faecalis",0.0998628835378893
"2220","E. faecalis",0.056692959501475
"2221","E. faecalis",0.113455150078029
"2222","E. faecalis",0.0664438732877193
"2223","E. faecalis",0.148261368089384
"2224","E. faecalis",0.160613189145474
"2225","E. faecalis",0.120904906529305
"2226","E. faecalis",0.109809091149497
"2227","E. faecalis",0.225363765054453
"2228","E. faecalis",0.118906165996057
"2229","E. faecalis",0.244226735584007
"2230","E. faecalis",0.32512072792846
"2231","E. faecalis",0.234985168602025
"2232","E. faecalis",0.148144461503346
"2233","E. faecalis",0.0560121423063024
"2234","E. faecalis",0.206244633650835
"2235","E. faecalis",0.144504056209239
"2236","E. faecalis",0.188674946266261
"2237","E. faecalis",0.0681873294495127
"2238","E. faecalis",0.220968754572008
"2239","E. faecalis",0.0582009633668404
"2240","E. faecalis",0.169452803255406
"2241","E. faecalis",0.130720690673858
"2242","E. faecalis",0.022101714287745
"2243","E. faecalis",0.240949620730121
"2244","E. faecalis",0.244911823055107
"2245","E. faecalis",0.0269602602246662
"2246","E. faecalis",0.21028930307285
"2247","E. faecalis",0.0883488503991068
"2248","E. faecalis",0.123410629081417
"2249","E. faecalis",0.234579062275852
"2250","E. faecalis",0.160004878184272
"2251","E. faecalis",0.104623792827562
"2252","E. faecalis",0.1360579636615
"2253","E. faecalis",0.175140948015691
"2254","E. faecalis",0.175339663975626
"2255","E. faecalis",0.192996126525072
"2256","E. faecalis",0.164731951087608
"2257","E. faecalis",0.0527314642092633
"2258","E. faecalis",0.0781499300922408
"2259","E. faecalis",0.164297866203634
"2260","E. faecalis",0.171631888162472
"2261","E. faecalis",0.126415020525269
"2262","E. faecalis",0.213389136283559
"2263","E. faecalis",0.149674797585053
"2264","E. faecalis",0.120025739767742
"2265","E. faecalis",0.20075252737381
"2266","E. faecalis",0.157650804736309
"2267","E. faecalis",0.0174983519442841
"2268","E. faecalis",0.241827977398377
"2269","E. faecalis",0.239386855869691
"2270","E. faecalis",0.101513739109937
"2271","E. faecalis",0.206746125276744
"2272","E. faecalis",0.287026854321772
"2273","E. faecalis",0.161286060232961
"2274","E. faecalis",0.140427519609209
"2275","E. faecalis",0.209944132282761
"2276","E. faecalis",0.0861901163331889
"2277","E. faecalis",-0.0274020263924929
"2278","E. faecalis",0.121434080380754
"2279","E. faecalis",0.0639815907348526
"2280","E. faecalis",0.106076782168238
"2281","E. faecalis",0.243416556634924
"2282","E. faecalis",0.131968003996376
"2283","E. faecalis",0.16339944647076
"2284","E. faecalis",0.319185199622413
"2285","E. faecalis",0.145951605172221
"2286","E. faecalis",0.143270595304013
"2287","E. faecalis",0.187977055829429
"2288","E. faecalis",0.162525432338162
"2289","E. faecalis",0.0274477004996684
"2290","E. faecalis",0.0745956319803668
"2291","E. faecalis",0.0325341455749256
"2292","E. faecalis",0.125402180378055
"2293","E. faecalis",0.122479160336931
"2294","E. faecalis",0.256439153885802
"2295","E. faecalis",0.26993589637796
"2296","E. faecalis",0.185106327829323
"2297","E. faecalis",0.103689352498033
"2298","E. faecalis",-0.00209736042592465
"2299","E. faecalis",0.0209842164151466
"2300","E. faecalis",0.0282060239193627
"2301","E. faecalis",0.22310440651524
"2302","E. faecalis",0.171296171593854
"2303","E. faecalis",0.171027293145539
"2304","E. faecalis",0.015462236210414
"2305","E. faecalis",0.225490336163247
"2306","E. faecalis",0.147120602853904
"2307","E. faecalis",0.231174775233409
"2308","E. faecalis",0.0529882237077256
"2309","E. faecalis",0.198825591001737
"2310","E. faecalis",0.116313180957567
"2311","E. faecalis",0.0718462142268364
"2312","E. faecalis",0.298621708250685
"2313","E. faecalis",0.259582031793802
"2314","E. faecalis",0.183497983284395
"2315","E. faecalis",0.272627971484618
"2316","E. faecalis",0.130955743559561
"2317","E. faecalis",0.0904732251825856
"2318","E. faecalis",0.112388230043721
"2319","E. faecalis",0.0758535011890251
"2320","E. faecalis",0.172065021681823
"2321","E. faecalis",0.0703163555437186
"2322","E. faecalis",0.230612415037367
"2323","E. faecalis",0.203661264356346
"2324","E. faecalis",0.0658558793982707
"2325","E. faecalis",0.102980806512926
"2326","E. faecalis",0.219587428725007
"2327","E. faecalis",0.242741361503982
"2328","E. faecalis",0.321162326856448
"2329","E. faecalis",0.198654738610291
"2330","E. faecalis",0.112147497094797
"2331","E. faecalis",0.195439709984525
"2332","E. faecalis",0.095959684278582
"2333","E. faecalis",0.164066899423713
"2334","E. faecalis",0.139403286623728
"2335","E. faecalis",0.137147444662674
"2336","E. faecalis",0.25710800366098
"2337","E. faecalis",0.23547976131935
"2338","E. faecalis",0.254785889454887
"2339","E. faecalis",0.0232559135969069
"2340","E. faecalis",0.281194090462103
"2341","E. faecalis",0.239792324546606
"2342","E. faecalis",0.103098160853115
"2343","E. faecalis",0.291753713141967
"2344","E. faecalis",0.0949711143244864
"2345","E. faecalis",0.127734601562633
"2346","E. faecalis",0.19540632371759
"2347","E. faecalis",0.137665258802165
"2348","E. faecalis",0.191971854684471
"2349","E. faecalis",0.197489821093092
"2350","E. faecalis",0.172910784781195
"2351","E. faecalis",0.264531161304162
"2352","E. faecalis",0.294281140328793
"2353","E. faecalis",0.118102962215101
"2354","E. faecalis",0.143084216551633
"2355","E. faecalis",0.0823442152582749
"2356","E. faecalis",0.107796346335333
"2357","E. faecalis",0.0590330764802569
"2358","E. faecalis",0.196013123506831
"2359","E. faecalis",0.121992785452716
"2360","E. faecalis",0.0681025031567768
"2361","E. faecalis",0.172938363619191
"2362","E. faecalis",0.115947103836573
"2363","E. faecalis",0.190440698976536
"2364","E. faecalis",0.165912512931018
"2365","E. faecalis",0.247693683963297
"2366","E. faecalis",0.214889229076432
"2367","E. faecalis",0.124289545789947
"2368","E. faecalis",0.118672106911759
"2369","E. faecalis",0.00855732784133869
"2370","E. faecalis",-0.00186951134454931
"2371","E. faecalis",0.231656257630153
"2372","E. faecalis",0.146433583190654
"2373","E. faecalis",0.104717067122733
"2374","E. faecalis",0.0589484775366318
"2375","E. faecalis",0.341028580041446
"2376","E. faecalis",0.131970061491609
"2377","E. faecalis",0.160337995452108
"2378","E. faecalis",0.0561708568058166
"2379","E. faecalis",0.156742506502177
"2380","E. faecalis",0.174430632826177
"2381","E. faecalis",0.220536624976698
"2382","E. faecalis",0.106980862230973
"2383","E. faecalis",-0.0447338091763804
"2384","E. faecalis",0.0312756265959901
"2385","E. faecalis",0.144432872274648
"2386","E. faecalis",0.105185988834211
"2387","E. faecalis",0.126564526981481
"2388","E. faecalis",0.244706601092128
"2389","E. faecalis",0.0878597048360758
"2390","E. faecalis",0.309759502112242
"2391","E. faecalis",0.245592444306362
"2392","E. faecalis",0.0676032208391627
"2393","E. faecalis",0.161814752360002
"2394","E. faecalis",0.177425251257558
"2395","E. faecalis",0.218520555850828
"2396","E. faecalis",0.150995898774312
"2397","E. faecalis",0.0275693739798668
"2398","E. faecalis",0.186832266560361
"2399","E. faecalis",0.394545653830693
"2400","E. faecalis",0.122515618140595
"2401","E. faecalis",0.294830639497265
"2402","E. faecalis",0.225029206930613
"2403","E. faecalis",0.12206174903737
"2404","E. faecalis",0.160247560530295
"2405","E. faecalis",0.00405819165632379
"2406","E. faecalis",0.151374309112489
"2407","E. faecalis",0.256348470196298
"2408","E. faecalis",0.193888990328323
"2409","E. faecalis",0.0512337699606055
"2410","E. faecalis",0.123082716860687
"2411","E. faecalis",0.091877799946154
"2412","E. faecalis",0.090791580268538
"2413","E. faecalis",0.158599636481264
"2414","E. faecalis",0.178106105738721
"2415","E. faecalis",0.175691668935686
"2416","E. faecalis",0.152320490778732
"2417","E. faecalis",0.0979556571519309
"2418","E. faecalis",0.318316717922915
"2419","E. faecalis",0.121839429634836
"2420","E. faecalis",0.142885781226499
"2421","E. faecalis",0.209175446037022
"2422","E. faecalis",0.128087205116105
"2423","E. faecalis",0.1923478532431
"2424","E. faecalis",0.262564742082063
"2425","E. faecalis",0.159535533557482
"2426","E. faecalis",0.154067072411316
"2427","E. faecalis",0.142465401935733
"2428","E. faecalis",0.158284481465093
"2429","E. faecalis",0.10457327239357
"2430","E. faecalis",0.0613189485177042
"2431","E. faecalis",0.0882535958763014
"2432","E. faecalis",0.0676127742985334
"2433","E. faecalis",0.135094645864324
"2434","E. faecalis",0.153495747297087
"2435","E. faecalis",-0.0435606801383146
"2436","E. faecalis",0.170038037637522
"2437","E. faecalis",0.131606052183083
"2438","E. faecalis",0.0981112791482315
"2439","E. faecalis",-0.0526085738306554
"2440","E. faecalis",0.21784335081837
"2441","E. faecalis",0.179831814553836
"2442","E. faecalis",0.128501939491465
"2443","E. faecalis",0.0548168390214516
"2444","E. faecalis",0.212459742380675
"2445","E. faecalis",0.068022343157451
"2446","E. faecalis",0.0964716781079785
"2447","E. faecalis",0.110228190362526
"2448","E. faecalis",0.171212173531028
"2449","E. faecalis",0.151524884557835
"2450","E. faecalis",0.158792289871606
"2451","E. faecalis",0.297808484562977
"2452","E. faecalis",0.16347279777601
"2453","E. faecalis",0.1876897457761
"2454","E. faecalis",0.166351405989304
"2455","E. faecalis",0.0377131368541899
"2456","E. faecalis",0.100462346606784
"2457","E. faecalis",0.146804027419798
"2458","E. faecalis",0.161363427841979
"2459","E. faecalis",0.23606853191919
"2460","E. faecalis",0.22879685698661
"2461","E. faecalis",0.218342810871322
"2462","E. faecalis",0.0933700120181083
"2463","E. faecalis",0.160909268362368
"2464","E. faecalis",0.169192433131759
"2465","E. faecalis",0.189084438320161
"2466","E. faecalis",0.055238058535522
"2467","E. faecalis",0.121987341990623
"2468","E. faecalis",0.290381497552892
"2469","E. faecalis",0.309504007920917
"2470","E. faecalis",0.198061093022579
"2471","E. faecalis",0.218455246230623
"2472","E. faecalis",0.22032566835545
"2473","E. faecalis",0.107662430003021
"2474","E. faecalis",0.156960944714673
"2475","E. faecalis",0.193036039348941
"2476","E. faecalis",0.100895149195803
"2477","E. faecalis",0.186723798661159
"2478","E. faecalis",0.112487713514949
"2479","E. faecalis",0.13080784049417
"2480","E. faecalis",0.0991424552257264
"2481","E. faecalis",0.218847292666117
"2482","E. faecalis",0.163962922856905
"2483","E. faecalis",0.296812536915784
"2484","E. faecalis",0.276081377024165
"2485","E. faecalis",0.160003951066308
"2486","E. faecalis",0.0314790278568075
"2487","E. faecalis",0.0683482142751538
"2488","E. faecalis",0.190545083725872
"2489","E. faecalis",0.151730579932777
"2490","E. faecalis",0.155556460937897
"2491","E. faecalis",0.237420598105194
"2492","E. faecalis",0.26925471126056
"2493","E. faecalis",0.313445566175427
"2494","E. faecalis",0.246701724501164
"2495","E. faecalis",0.198675577457691
"2496","E. faecalis",0.0745069921392963
"2497","E. faecalis",0.200317101038511
"2498","E. faecalis",0.261931781642373
"2499","E. faecalis",0.187836419570304
"2500","E. faecalis",0.159291790184484
"2501","E. faecalis",-0.00778186289114959
"2502","E. faecalis",0.0246204171090609
"2503","E. faecalis",0.0984553498550399
"2504","E. faecalis",0.166768149949835
"2505","E. faecalis",0.262835412170322
"2506","E. faecalis",0.199399763856583
"2507","E. faecalis",0.154965419813251
"2508","E. faecalis",0.176424055379817
"2509","E. faecalis",0.132982406070224
"2510","E. faecalis",0.268601811616651
"2511","E. faecalis",0.251183933714892
"2512","E. faecalis",0.157619374311211
"2513","E. faecalis",0.355612498604467
"2514","E. faecalis",0.086527086855269
"2515","E. faecalis",0.114712001573962
"2516","E. faecalis",0.19414973168652
"2517","E. faecalis",0.0800384749614511
"2518","E. faecalis",0.233813165674203
"2519","E. faecalis",0.132792367134346
"2520","E. faecalis",0.217642456428894
"2521","E. faecalis",0.0827421506230405
"2522","E. faecalis",0.251572206609775
"2523","E. faecalis",0.275710519543982
"2524","E. faecalis",0.0346169018323598
"2525","E. faecalis",0.318578159285572
"2526","E. faecalis",0.19424767077615
"2527","E. faecalis",0.208471772890876
"2528","E. faecalis",0.367206152004939
"2529","E. faecalis",0.23829559435068
"2530","E. faecalis",0.219503337466852
"2531","E. faecalis",0.176521687796741
"2532","E. faecalis",0.165687651700079
"2533","E. faecalis",0.085263301837205
"2534","E. faecalis",0.202481814159963
"2535","E. faecalis",0.295092527560087
"2536","E. faecalis",0.111928656030006
"2537","E. faecalis",0.17843229324904
"2538","E. faecalis",0.22225587752214
"2539","E. faecalis",0.163293807139837
"2540","E. faecalis",0.238696298650736
"2541","E. faecalis",0.16820976354768
"2542","E. faecalis",0.162010201596921
"2543","E. faecalis",0.216391977463122
"2544","E. faecalis",0.188924979919491
"2545","E. faecalis",0.139504565433043
"2546","E. faecalis",0.225425237806986
"2547","E. faecalis",0.174964182102063
"2548","E. faecalis",0.17181797071643
"2549","E. faecalis",0.0563885320523946
"2550","E. faecalis",0.291392245309005
"2551","E. faecalis",0.0647015023495808
"2552","E. faecalis",0.232562467525657
"2553","E. faecalis",0.204259372513416
"2554","E. faecalis",0.223590785133566
"2555","E. faecalis",0.123863883955836
"2556","E. faecalis",0.159445652193861
"2557","E. faecalis",0.13729104248825
"2558","E. faecalis",0.0739249003181594
"2559","E. faecalis",0.254487778498039
"2560","E. faecalis",0.0628624112211955
"2561","E. faecalis",0.313288264542542
"2562","E. faecalis",0.146131351944856
"2563","E. faecalis",0.168893585955599
"2564","E. faecalis",0.128853570059974
"2565","E. faecalis",0.165919130415624
"2566","E. faecalis",0.0151829226741929
"2567","E. faecalis",0.329260928173917
"2568","E. faecalis",0.11668904579688
"2569","E. faecalis",0.181219144706341
"2570","E. faecalis",0.158705919582028
"2571","E. faecalis",0.157617629481802
"2572","E. faecalis",0.0186375115664757
"2573","E. faecalis",0.213016321225311
"2574","E. faecalis",0.184575033222232
"2575","E. faecalis",0.174596920906958
"2576","E. faecalis",0.13096615963312
"2577","E. faecalis",0.128584190790806
"2578","E. faecalis",0.253745622651459
"2579","E. faecalis",0.191186318582262
"2580","E. faecalis",0.194521039302309
"2581","E. faecalis",0.150365375808696
"2582","E. faecalis",-0.0154501309748714
"2583","E. faecalis",0.0653380068365662
"2584","E. faecalis",0.152982927545697
"2585","E. faecalis",0.157199975187322
"2586","E. faecalis",0.197032268753966
"2587","E. faecalis",0.27231128258412
"2588","E. faecalis",0.108945929113883
"2589","E. faecalis",0.185789619608268
"2590","E. faecalis",0.168740483687363
"2591","E. faecalis",0.189091188270651
"2592","E. faecalis",0.0722815696312325
"2593","E. faecalis",0.0657571312060632
"2594","E. faecalis",0.184174586595852
"2595","E. faecalis",0.213819864977107
"2596","E. faecalis",0.135483049380755
"2597","E. faecalis",0.0476321098379765
"2598","E. faecalis",0.0658114459866081
"2599","E. faecalis",0.283841770366387
"2600","E. faecalis",0.262665660210581
"2601","E. faecalis",0.297248783689532
"2602","E. faecalis",0.155259228165889
"2603","E. faecalis",-0.0125421345446726
"2604","E. faecalis",0.060227014711072
"2605","E. faecalis",0.0881677515728651
"2606","E. faecalis",0.257194727251329
"2607","E. faecalis",0.202409730735579
"2608","E. faecalis",0.24012241661333
"2609","E. faecalis",-0.0152002537812757
"2610","E. faecalis",0.0438297052773274
"2611","E. faecalis",0.0470425305028799
"2612","E. faecalis",0.100523295451791
"2613","E. faecalis",0.178636469392098
"2614","E. faecalis",0.206092737593592
"2615","E. faecalis",0.1256576005094
"2616","E. faecalis",0.140396867211121
"2617","E. faecalis",0.122622086680433
"2618","E. faecalis",0.311298567554237
"2619","E. faecalis",0.0956919849267093
"2620","E. faecalis",0.00246464585582199
"2621","E. faecalis",0.265749590670061
"2622","E. faecalis",0.140571256075322
"2623","E. faecalis",0.237384840177258
"2624","E. faecalis",0.144491362883734
"2625","E. faecalis",0.206833428112076
"2626","E. faecalis",0.073270694799559
"2627","E. faecalis",0.253081958149631
"2628","E. faecalis",0.0566209247171096
"2629","E. faecalis",0.213530544667567
"2630","E. faecalis",0.155526663153863
"2631","E. faecalis",0.251264662401835
"2632","E. faecalis",0.074622312912274
"2633","E. faecalis",0.244657406626667
"2634","E. faecalis",0.207552090331352
"2635","E. faecalis",0.170388462306227
"2636","E. faecalis",0.160034769364857
"2637","E. faecalis",0.145355487519818
"2638","E. faecalis",0.221483368149188
"2639","E. faecalis",0.113295993349348
"2640","E. faecalis",0.235468273433855
"2641","E. faecalis",0.215439950286164
"2642","E. faecalis",0.105430312369531
"2643","E. faecalis",0.0893594710277226
"2644","E. faecalis",0.210481466599682
"2645","E. faecalis",0.271012398732283
"2646","E. faecalis",0.219982919178726
"2647","E. faecalis",0.0699551177557437
"2648","E. faecalis",0.128001338209575
"2649","E. faecalis",0.0678605780683893
"2650","E. faecalis",0.0111883358053373
"2651","E. faecalis",0.170931561937058
"2652","E. faecalis",0.261107581604604
"2653","E. faecalis",0.283273564526311
"2654","E. faecalis",0.198892905364876
"2655","E. faecalis",0.120712872631309
"2656","E. faecalis",0.25895584117601
"2657","E. faecalis",0.176584003141864
"2658","E. faecalis",0.232013130023577
"2659","E. faecalis",0.100741480995313
"2660","E. faecalis",0.0566745643171596
"2661","E. faecalis",0.0180541143325547
"2662","E. faecalis",0.13883053611542
"2663","E. faecalis",-0.058717451895011
"2664","E. faecalis",0.0865493892371609
"2665","E. faecalis",0.250337744712348
"2666","E. faecalis",0.126620623892692
"2667","E. faecalis",0.111935278265215
"2668","E. faecalis",0.245834869845177
"2669","E. faecalis",0.124361736156432
"2670","E. faecalis",0.0935709294216938
"2671","E. faecalis",0.0944689608083488
"2672","E. faecalis",0.0776100526188093
"2673","E. faecalis",0.211920701483291
"2674","E. faecalis",0.0935389192477333
"2675","E. faecalis",0.0493548223254237
"2676","E. faecalis",0.0895220765183646
"2677","E. faecalis",0.136211616983903
"2678","E. faecalis",0.243080002144156
"2679","E. faecalis",0.0946233970024113
"2680","E. faecalis",0.268408526402155
"2681","E. faecalis",0.179231662906604
"2682","E. faecalis",0.237406293527
"2683","E. faecalis",0.0729661344918437
"2684","E. faecalis",0.0248399486761923
"2685","E. faecalis",0.267044729776597
"2686","E. faecalis",0.23087187542234
"2687","E. faecalis",0.127051473118919
"2688","E. faecalis",0.0901165152632826
"2689","E. faecalis",0.0628301992027403
"2690","E. faecalis",0.237104603793568
"2691","E. faecalis",0.154709635237316
"2692","E. faecalis",0.252966428092585
"2693","E. faecalis",0.0856303573435071
"2694","E. faecalis",0.103828759637746
"2695","E. faecalis",0.22545305770267
"2696","E. faecalis",0.180106816059233
"2697","E. faecalis",0.0155981185364423
"2698","E. faecalis",0.122582837858795
"2699","E. faecalis",0.187073391787394
"2700","E. faecalis",0.136643464764758
"2701","E. faecalis",0.319236440488354
"2702","E. faecalis",0.235349226872647
"2703","E. faecalis",0.149104128774435
"2704","E. faecalis",0.15342417681557
"2705","E. faecalis",0.137801798456728
"2706","E. faecalis",0.217018703504929
"2707","E. faecalis",0.195853496449505
"2708","E. faecalis",0.309415433539175
"2709","E. faecalis",0.0655913510966982
"2710","E. faecalis",0.152972319300935
"2711","E. faecalis",0.174690280895694
"2712","E. faecalis",0.301951053888827
"2713","E. faecalis",0.131106659608829
"2714","E. faecalis",0.171200830771502
"2715","E. faecalis",0.270726221756024
"2716","E. faecalis",0.22642412866609
"2717","E. faecalis",0.326090723097665
"2718","E. faecalis",0.253696364863005
"2719","E. faecalis",0.0548144901526212
"2720","E. faecalis",0.199831328273429
"2721","E. faecalis",0.144107310206805
"2722","E. faecalis",0.0247092086778283
"2723","E. faecalis",0.047592672146624
"2724","E. faecalis",0.115541345139985
"2725","E. faecalis",-0.0563555263136082
"2726","E. faecalis",0.138065129936699
"2727","E. faecalis",0.0446591345022943
"2728","E. faecalis",0.135846683488229
"2729","E. faecalis",0.107804162662646
"2730","E. faecalis",0.172144000487292
"2731","E. faecalis",0.134374512031941
"2732","E. faecalis",0.235911990334788
"2733","E. faecalis",0.174180961371017
"2734","E. faecalis",0.177009336482155
"2735","E. faecalis",0.145471669463165
"2736","E. faecalis",0.00505758373823466
"2737","E. faecalis",0.166966442418609
"2738","E. faecalis",0.10288030406635
"2739","E. faecalis",0.286094399571911
"2740","E. faecalis",0.17438925488264
"2741","E. faecalis",0.148626045856717
"2742","E. faecalis",0.199036137623561
"2743","E. faecalis",0.224491128183829
"2744","E. faecalis",0.19464513591489
"2745","E. faecalis",0.194139121371788
"2746","E. faecalis",0.176356869150933
"2747","E. faecalis",0.14716512065255
"2748","E. faecalis",0.170406057975555
"2749","E. faecalis",0.18056145369457
"2750","E. faecalis",0.147622458262524
"2751","E. faecalis",0.0638250717139799
"2752","E. faecalis",0.121013043350624
"2753","E. faecalis",0.192138648347559
"2754","E. faecalis",0.102402207394915
"2755","E. faecalis",0.0445867552994044
"2756","E. faecalis",0.130250816609398
"2757","E. faecalis",-0.03011027076331
"2758","E. faecalis",0.190664859292795
"2759","E. faecalis",0.143416838934459
"2760","E. faecalis",0.25139722489736
"2761","E. faecalis",0.149447410470185
"2762","E. faecalis",0.169404709635341
"2763","E. faecalis",0.144525877138691
"2764","E. faecalis",0.386112023031882
"2765","E. faecalis",0.0779473492957787
"2766","E. faecalis",0.167185437316481
"2767","E. faecalis",0.0791148345853054
"2768","E. faecalis",0.168186780859137
"2769","E. faecalis",0.188427453146168
"2770","E. faecalis",0.137320572788088
"2771","E. faecalis",0.0837596460451539
"2772","E. faecalis",0.126035321783219
"2773","E. faecalis",0.0940396216919762
"2774","E. faecalis",0.116333804146329
"2775","E. faecalis",0.129297187772453
"2776","E. faecalis",0.228668909921643
"2777","E. faecalis",0.138482423899502
"2778","E. faecalis",0.153335386498785
"2779","E. faecalis",0.226057115560496
"2780","E. faecalis",0.110723461146067
"2781","E. faecalis",0.150543283858388
"2782","E. faecalis",0.246503305121492
"2783","E. faecalis",0.161779573324439
"2784","E. faecalis",0.240223677831145
"2785","E. faecalis",0.265317957827323
"2786","E. faecalis",0.147967938108196
"2787","E. faecalis",0.216062523119715
"2788","E. faecalis",0.290162798181841
"2789","E. faecalis",0.209756991100863
"2790","E. faecalis",0.08306424173215
"2791","E. faecalis",0.237087126422437
"2792","E. faecalis",0.176828985668207
"2793","E. faecalis",0.157745575292104
"2794","E. faecalis",0.178803344834776
"2795","E. faecalis",0.154044479564452
"2796","E. faecalis",0.170251226602563
"2797","E. faecalis",0.110748008529156
"2798","E. faecalis",0.239152006540745
"2799","E. faecalis",0.107651544904629
"2800","E. faecalis",0.183395358063171
"2801","E. faecalis",0.0818377691804495
"2802","E. faecalis",0.109582228739651
"2803","E. faecalis",0.151605145129367
"2804","E. faecalis",0.0419002204205266
"2805","E. faecalis",0.311102690722845
"2806","E. faecalis",0.216876363753045
"2807","E. faecalis",0.260401649988769
"2808","E. faecalis",0.131906605998479
"2809","E. faecalis",0.0756416078686978
"2810","E. faecalis",0.155154933733764
"2811","E. faecalis",0.216047486658509
"2812","E. faecalis",0.0327035393141232
"2813","E. faecalis",0.262607020251271
"2814","E. faecalis",0.0433524529521965
"2815","E. faecalis",0.140874922492778
"2816","E. faecalis",0.0656508151233209
"2817","E. faecalis",0.128491921856015
"2818","E. faecalis",0.188809996138015
"2819","E. faecalis",0.111484046806786
"2820","E. faecalis",0.19384677683258
"2821","E. faecalis",0.0105660203722507
"2822","E. faecalis",0.205511013935281
"2823","E. faecalis",0.188181221966695
"2824","E. faecalis",0.149679640483846
"2825","E. faecalis",0.0861126771684372
"2826","E. faecalis",0.143832539376519
"2827","E. faecalis",0.18506776015422
"2828","E. faecalis",0.192783241793225
"2829","E. faecalis",0.12260881831299
"2830","E. faecalis",0.217631227056524
"2831","E. faecalis",0.156129813598478
"2832","E. faecalis",0.06353299715946
"2833","E. faecalis",0.128278974484191
"2834","E. faecalis",0.0766005853494939
"2835","E. faecalis",0.266957008032684
"2836","E. faecalis",0.0731966914880249
"2837","E. faecalis",0.109457614512388
"2838","E. faecalis",0.178672696457205
"2839","E. faecalis",0.161318838823107
"2840","E. faecalis",0.298968975969806
"2841","E. faecalis",0.166973396424671
"2842","E. faecalis",0.124273654915269
"2843","E. faecalis",0.0602665158388068
"2844","E. faecalis",0.203751289695894
"2845","E. faecalis",0.263659680660934
"2846","E. faecalis",0.172096631222274
"2847","E. faecalis",0.206919800460014
"2848","E. faecalis",0.0075356542076282
"2849","E. faecalis",0.131603613526135
"2850","E. faecalis",0.287469842182396
"2851","E. faecalis",0.0499836941616895
"2852","E. faecalis",0.160254116260879
"2853","E. faecalis",0.0518664210891269
"2854","E. faecalis",0.14365253662976
"2855","E. faecalis",0.292758857618193
"2856","E. faecalis",0.0384558446267732
"2857","E. faecalis",0.173909040624842
"2858","E. faecalis",0.132979005262896
"2859","E. faecalis",0.110770611086625
"2860","E. faecalis",0.186811020206127
"2861","E. faecalis",0.0902717752205367
"2862","E. faecalis",0.158095748183202
"2863","E. faecalis",0.0556917797177033
"2864","E. faecalis",0.325632144653111
"2865","E. faecalis",0.165216337499983
"2866","E. faecalis",0.108792104717579
"2867","E. faecalis",0.0688217733994344
"2868","E. faecalis",0.10938704416598
"2869","E. faecalis",0.237476922850117
"2870","E. faecalis",0.233620100549477
"2871","E. faecalis",0.148302773450528
"2872","E. faecalis",0.0962413005277984
"2873","E. faecalis",0.0728500502355678
"2874","E. faecalis",0.352549758540887
"2875","E. faecalis",0.174915585433306
"2876","E. faecalis",0.084679524646565
"2877","E. faecalis",0.0737889050423222
"2878","E. faecalis",0.107393099158355
"2879","E. faecalis",0.0975113399606314
"2880","E. faecalis",0.209452385728843
"2881","E. faecalis",0.0938311379999203
"2882","E. faecalis",0.277729230963916
"2883","E. faecalis",0.239231148809328
"2884","E. faecalis",0.1476836297614
"2885","E. faecalis",0.182480424900187
"2886","E. faecalis",0.133415755929384
"2887","E. faecalis",0.115843916486757
"2888","E. faecalis",0.143511572972423
"2889","E. faecalis",0.183109007985118
"2890","E. faecalis",0.220339630551959
"2891","E. faecalis",0.0945802610967534
"2892","E. faecalis",0.244669812569567
"2893","E. faecalis",0.24641506397332
"2894","E. faecalis",0.166580038987081
"2895","E. faecalis",0.174771366539861
"2896","E. faecalis",0.286881472222945
"2897","E. faecalis",0.162190134695594
"2898","E. faecalis",0.0874469804827827
"2899","E. faecalis",0.0940234117135603
"2900","E. faecalis",0.204333643163461
"2901","E. faecalis",0.0766999511422306
"2902","E. faecalis",0.0952537500558125
"2903","E. faecalis",0.221192832701956
"2904","E. faecalis",0.204228747463303
"2905","E. faecalis",0.0748887675578448
"2906","E. faecalis",0.218169057060928
"2907","E. faecalis",0.11307036148613
"2908","E. faecalis",0.312954415920797
"2909","E. faecalis",0.1560891223932
"2910","E. faecalis",0.184969746304917
"2911","E. faecalis",0.391324768375643
"2912","E. faecalis",0.194227739716285
"2913","E. faecalis",0.0359846515913464
"2914","E. faecalis",0.130736801106256
"2915","E. faecalis",0.30014275526381
"2916","E. faecalis",0.180896132470924
"2917","E. faecalis",0.208091010719664
"2918","E. faecalis",0.12679098283261
"2919","E. faecalis",0.0937938670420267
"2920","E. faecalis",0.0887788765676071
"2921","E. faecalis",0.313272382611269
"2922","E. faecalis",0.0838773388401386
"2923","E. faecalis",0.0996794522693529
"2924","E. faecalis",0.135294796890405
"2925","E. faecalis",0.140372111586978
"2926","E. faecalis",0.313625421927547
"2927","E. faecalis",0.313679822196457
"2928","E. faecalis",0.066981926391525
"2929","E. faecalis",0.154422468615155
"2930","E. faecalis",0.190813947127754
"2931","E. faecalis",0.144279830979297
"2932","E. faecalis",0.146214704841082
"2933","E. faecalis",0.0416376239903275
"2934","E. faecalis",0.214250845338992
"2935","E. faecalis",0.169116034909291
"2936","E. faecalis",0.181741874240327
"2937","E. faecalis",0.0950906277400387
"2938","E. faecalis",0.246730433108635
"2939","E. faecalis",0.0773367040228381
"2940","E. faecalis",0.214946860118861
"2941","E. faecalis",0.196006619978616
"2942","E. faecalis",0.256113084283981
"2943","E. faecalis",0.100782511055187
"2944","E. faecalis",0.0615242439644645
"2945","E. faecalis",0.0800813383590132
"2946","E. faecalis",0.135528398249332
"2947","E. faecalis",0.0637348412996937
"2948","E. faecalis",0.132059999496776
"2949","E. faecalis",0.186700119012143
"2950","E. faecalis",0.220814837101388
"2951","E. faecalis",0.058867624864223
"2952","E. faecalis",0.268456695998258
"2953","E. faecalis",0.139509183248346
"2954","E. faecalis",0.212084532611315
"2955","E. faecalis",0.205597077406288
"2956","E. faecalis",0.189163129356208
"2957","E. faecalis",0.287209821357134
"2958","E. faecalis",0.128552382281114
"2959","E. faecalis",0.0813621127178507
"2960","E. faecalis",0.192961590137736
"2961","E. faecalis",0.107543047245788
"2962","E. faecalis",0.23560630973705
"2963","E. faecalis",0.344182445343198
"2964","E. faecalis",0.219091977008639
"2965","E. faecalis",0.160490184189771
"2966","E. faecalis",0.19549830943051
"2967","E. faecalis",0.209123339408226
"2968","E. faecalis",0.168708825896151
"2969","E. faecalis",0.237077069597939
"2970","E. faecalis",0.140829453173615
"2971","E. faecalis",0.0217259063595367
"2972","E. faecalis",0.193108149881166
"2973","E. faecalis",0.268765170236726
"2974","E. faecalis",0.189355516351879
"2975","E. faecalis",0.219655250593779
"2976","E. faecalis",0.138583174553288
"2977","E. faecalis",0.12786492958424
"2978","E. faecalis",0.167686850770574
"2979","E. faecalis",0.11162641311466
"2980","E. faecalis",0.298502315783956
"2981","E. faecalis",0.1320411558889
"2982","E. faecalis",0.126478821164041
"2983","E. faecalis",0.199214373779973
"2984","E. faecalis",0.178584967579243
"2985","E. faecalis",0.201131887866028
"2986","E. faecalis",0.252817447449087
"2987","E. faecalis",0.0895800886177272
"2988","E. faecalis",0.363203838965973
"2989","E. faecalis",0.00388623994925682
"2990","E. faecalis",0.225570304657486
"2991","E. faecalis",0.168488046934901
"2992","E. faecalis",0.266223721459489
"2993","E. faecalis",0.0559140227577546
"2994","E. faecalis",0.0908862595885105
"2995","E. faecalis",0.351347214362001
"2996","E. faecalis",0.237426474784756
"2997","E. faecalis",0.166022068515254
"2998","E. faecalis",0.260437806334187
"2999","E. faecalis",0.122096090413287
"3000","E. faecalis",0.258527933708908
"3001","Enterococcus spp.",0.563136473536057
"3002","Enterococcus spp.",0.0828478347309048
"3003","Enterococcus spp.",0.984311065739902
"3004","Enterococcus spp.",-0.330334987195716
"3005","Enterococcus spp.",-0.233675657905196
"3006","Enterococcus spp.",0.348508853208074
"3007","Enterococcus spp.",1.4063928109481
"3008","Enterococcus spp.",0.616109122686732
"3009","Enterococcus spp.",0.543066541711367
"3010","Enterococcus spp.",0.412085667488604
"3011","Enterococcus spp.",0.908136881264981
"3012","Enterococcus spp.",0.640152040004065
"3013","Enterococcus spp.",0.525103842368187
"3014","Enterococcus spp.",1.6500103631072
"3015","Enterococcus spp.",0.0240931414752601
"3016","Enterococcus spp.",0.304787523936786
"3017","Enterococcus spp.",0.820993494727927
"3018","Enterococcus spp.",1.49333476208842
"3019","Enterococcus spp.",1.20991719082296
"3020","Enterococcus spp.",0.924094457127066
"3021","Enterococcus spp.",0.968324716364141
"3022","Enterococcus spp.",-0.00171707273300802
"3023","Enterococcus spp.",0.623039927354094
"3024","Enterococcus spp.",0.938672947611915
"3025","Enterococcus spp.",-0.0833420756329419
"3026","Enterococcus spp.",0.768529881672664
"3027","Enterococcus spp.",0.276067065531421
"3028","Enterococcus spp.",0.599296460814314
"3029","Enterococcus spp.",1.23399615524219
"3030","Enterococcus spp.",0.152512872412314
"3031","Enterococcus spp.",-0.222534707933696
"3032","Enterococcus spp.",1.08256775199034
"3033","Enterococcus spp.",0.399265145057177
"3034","Enterococcus spp.",0.934265569235058
"3035","Enterococcus spp.",0.656221931788704
"3036","Enterococcus spp.",0.313815200771757
"3037","Enterococcus spp.",0.783253243482908
"3038","Enterococcus spp.",0.866994993870599
"3039","Enterococcus spp.",0.206472586995286
"3040","Enterococcus spp.",1.25914722039462
"3041","Enterococcus spp.",0.77687095339622
"3042","Enterococcus spp.",0.206653450407871
"3043","Enterococcus spp.",1.38449273930687
"3044","Enterococcus spp.",1.23366336679721
"3045","Enterococcus spp.",0.238720627868738
"3046","Enterococcus spp.",1.03996910143481
"3047","Enterococcus spp.",0.765437822803641
"3048","Enterococcus spp.",0.200310398671549
"3049","Enterococcus spp.",-0.366957671043888
"3050","Enterococcus spp.",0.0197172785171409
"3051","Enterococcus spp.",1.60028169564705
"3052","Enterococcus spp.",0.526027194793678
"3053","Enterococcus spp.",0.137346478967807
"3054","Enterococcus spp.",0.896678410519443
"3055","Enterococcus spp.",0.703958867664516
"3056","Enterococcus spp.",0.478802623563074
"3057","Enterococcus spp.",1.00759712686029
"3058","Enterococcus spp.",0.573742764468176
"3059","Enterococcus spp.",0.183864181807819
"3060","Enterococcus spp.",1.55308833637456
"3061","Enterococcus spp.",0.131488359230735
"3062","Enterococcus spp.",0.123678518813981
"3063","Enterococcus spp.",0.926579866950498
"3064","Enterococcus spp.",1.50602692891125
"3065","Enterococcus spp.",-0.0744942969265079
"3066","Enterococcus spp.",1.03164462748571
"3067","Enterococcus spp.",0.461390083972018
"3068","Enterococcus spp.",0.364876033421104
"3069","Enterococcus spp.",0.56398292366674
"3070","Enterococcus spp.",0.377093248965726
"3071","Enterococcus spp.",0.567057150851004
"3072","Enterococcus spp.",0.923906577345719
"3073","Enterococcus spp.",0.733454310565042
"3074","Enterococcus spp.",-0.69644223488289
"3075","Enterococcus spp.",-0.111586602844147
"3076","Enterococcus spp.",-0.159247152525762
"3077","Enterococcus spp.",0.617186743218395
"3078","Enterococcus spp.",0.330089776681613
"3079","Enterococcus spp.",0.420525697226024
"3080","Enterococcus spp.",0.195739956638679
"3081","Enterococcus spp.",0.927551000553757
"3082","Enterococcus spp.",0.327175562572966
"3083","Enterococcus spp.",0.454766316060484
"3084","Enterococcus spp.",-0.206704490058053
"3085","Enterococcus spp.",0.306240469387954
"3086","Enterococcus spp.",0.861730831666936
"3087","Enterococcus spp.",0.347340955243017
"3088","Enterococcus spp.",0.444726500660154
"3089","Enterococcus spp.",-0.0915843889259127
"3090","Enterococcus spp.",0.38056403518979
"3091","Enterococcus spp.",0.0372393638229843
"3092","Enterococcus spp.",0.579276467608295
"3093","Enterococcus spp.",-0.0372578917676131
"3094","Enterococcus spp.",0.25441216934987
"3095","Enterococcus spp.",2.29265894115735
"3096","Enterococcus spp.",-0.470104804943795
"3097","Enterococcus spp.",0.557233771081481
"3098","Enterococcus spp.",1.25927778766252
"3099","Enterococcus spp.",1.13238498440427
"3100","Enterococcus spp.",0.0542612502410588
"3101","Enterococcus spp.",0.374672281060502
"3102","Enterococcus spp.",0.953781206936646
"3103","Enterococcus spp.",-0.0764759625221464
"3104","Enterococcus spp.",0.765884520788807
"3105","Enterococcus spp.",0.191169778976103
"3106","Enterococcus spp.",-0.0097098154692
"3107","Enterococcus spp.",1.47596558845551
"3108","Enterococcus spp.",0.824781876756204
"3109","Enterococcus spp.",0.866773657886935
"3110","Enterococcus spp.",0.6357177530792
"3111","Enterococcus spp.",0.821103327432305
"3112","Enterococcus spp.",-0.35763776448307
"3113","Enterococcus spp.",0.295135223438013
"3114","Enterococcus spp.",-0.587075510075861
"3115","Enterococcus spp.",0.895352478640267
"3116","Enterococcus spp.",-0.225199496434789
"3117","Enterococcus spp.",0.558896454795691
"3118","Enterococcus spp.",0.354549174895016
"3119","Enterococcus spp.",0.895123292416561
"3120","Enterococcus spp.",0.394199994059065
"3121","Enterococcus spp.",0.25180958049345
"3122","Enterococcus spp.",0.00641223070930638
"3123","Enterococcus spp.",0.202224288039064
"3124","Enterococcus spp.",0.560156993395041
"3125","Enterococcus spp.",0.518423718568988
"3126","Enterococcus spp.",0.846535142611452
"3127","Enterococcus spp.",0.796596676925053
"3128","Enterococcus spp.",0.194287440608658
"3129","Enterococcus spp.",1.27414370599068
"3130","Enterococcus spp.",1.2458657487939
"3131","Enterococcus spp.",-0.633276240196848
"3132","Enterococcus spp.",1.02088165897915
"3133","Enterococcus spp.",0.399270368396497
"3134","Enterococcus spp.",-0.0939624842895979
"3135","Enterococcus spp.",1.31815761269417
"3136","Enterococcus spp.",0.473334295737927
"3137","Enterococcus spp.",-0.0604792404304597
"3138","Enterococcus spp.",0.759939564937133
"3139","Enterococcus spp.",1.49539404214616
"3140","Enterococcus spp.",0.0732139403512984
"3141","Enterococcus spp.",0.696977663447493
"3142","Enterococcus spp.",0.214719422072622
"3143","Enterococcus spp.",0.25454670357899
"3144","Enterococcus spp.",0.0405451223628533
"3145","Enterococcus spp.",-0.0153821279266155
"3146","Enterococcus spp.",0.749855598793426
"3147","Enterococcus spp.",0.789306748084447
"3148","Enterococcus spp.",1.76251601542824
"3149","Enterococcus spp.",0.061550815581674
"3150","Enterococcus spp.",1.01397760585788
"3151","Enterococcus spp.",1.11094147909462
"3152","Enterococcus spp.",1.63215392459645
"3153","Enterococcus spp.",-0.382441830099682
"3154","Enterococcus spp.",0.434166305287777
"3155","Enterococcus spp.",0.763223177798457
"3156","Enterococcus spp.",0.400138095990955
"3157","Enterococcus spp.",0.00358662681930371
"3158","Enterococcus spp.",1.03486640509266
"3159","Enterococcus spp.",-0.10248788943951
"3160","Enterococcus spp.",1.26664339867269
"3161","Enterococcus spp.",0.879577650528157
"3162","Enterococcus spp.",0.372951634241256
"3163","Enterococcus spp.",0.456719435764327
"3164","Enterococcus spp.",0.784639952202733
"3165","Enterococcus spp.",0.494566390928348
"3166","Enterococcus spp.",0.461553700326919
"3167","Enterococcus spp.",-0.243792361447895
"3168","Enterococcus spp.",0.322034277621832
"3169","Enterococcus spp.",0.761086000292435
"3170","Enterococcus spp.",0.542108421816917
"3171","Enterococcus spp.",0.493710171337771
"3172","Enterococcus spp.",-0.0330621090028714
"3173","Enterococcus spp.",0.518479756798754
"3174","Enterococcus spp.",0.937971290386796
"3175","Enterococcus spp.",0.953015808915545
"3176","Enterococcus spp.",0.509292103766284
"3177","Enterococcus spp.",0.319685913980623
"3178","Enterococcus spp.",0.63071743093395
"3179","Enterococcus spp.",0.449760872895273
"3180","Enterococcus spp.",0.19388204020808
"3181","Enterococcus spp.",0.829831312272626
"3182","Enterococcus spp.",0.358229233369662
"3183","Enterococcus spp.",0.664803601177483
"3184","Enterococcus spp.",0.759734055075341
"3185","Enterococcus spp.",1.02589980802132
"3186","Enterococcus spp.",0.74012143206252
"3187","Enterococcus spp.",0.219384265336153
"3188","Enterococcus spp.",-0.431616616189564
"3189","Enterococcus spp.",0.541256580117495
"3190","Enterococcus spp.",-0.0169695905664706
"3191","Enterococcus spp.",1.38171070204218
"3192","Enterococcus spp.",0.448463279874016
"3193","Enterococcus spp.",-0.15972275929257
"3194","Enterococcus spp.",0.978308635218135
"3195","Enterococcus spp.",1.55324245437615
"3196","Enterococcus spp.",0.993419838674016
"3197","Enterococcus spp.",-0.183961770169856
"3198","Enterococcus spp.",-0.388417125616317
"3199","Enterococcus spp.",0.27498591805558
"3200","Enterococcus spp.",0.499562459055578
"3201","Enterococcus spp.",0.982436569710519
"3202","Enterococcus spp.",1.49720344520031
"3203","Enterococcus spp.",1.21350667202455
"3204","Enterococcus spp.",0.630797260063057
"3205","Enterococcus spp.",-0.0725237389721894
"3206","Enterococcus spp.",0.114460437155994
"3207","Enterococcus spp.",-0.233363703293003
"3208","Enterococcus spp.",0.28773903806048
"3209","Enterococcus spp.",-0.208378635649376
"3210","Enterococcus spp.",0.258008366083238
"3211","Enterococcus spp.",0.119203229630664
"3212","Enterococcus spp.",0.500500288603931
"3213","Enterococcus spp.",-0.208687658907904
"3214","Enterococcus spp.",0.0918194366824082
"3215","Enterococcus spp.",-0.342203220938957
"3216","Enterococcus spp.",0.906654936304184
"3217","Enterococcus spp.",0.434744708339074
"3218","Enterococcus spp.",-0.0571735953730855
"3219","Enterococcus spp.",-0.381403886229597
"3220","Enterococcus spp.",-0.155536300677122
"3221","Enterococcus spp.",1.50961072460755
"3222","Enterococcus spp.",0.623909838948037
"3223","Enterococcus spp.",0.702191601904417
"3224","Enterococcus spp.",-0.0735428535364873
"3225","Enterococcus spp.",1.10856766851532
"3226","Enterococcus spp.",0.950467813885362
"3227","Enterococcus spp.",-0.373183407153272
"3228","Enterococcus spp.",0.985189263801806
"3229","Enterococcus spp.",0.545312703516254
"3230","Enterococcus spp.",0.674363695699714
"3231","Enterococcus spp.",0.829743451320629
"3232","Enterococcus spp.",1.00078557459815
"3233","Enterococcus spp.",0.586463225385183
"3234","Enterococcus spp.",0.0787965817668414
"3235","Enterococcus spp.",0.21467810677391
"3236","Enterococcus spp.",0.188138835060477
"3237","Enterococcus spp.",-0.403896462743099
"3238","Enterococcus spp.",0.600823475693047
"3239","Enterococcus spp.",0.993683732178558
"3240","Enterococcus spp.",0.474842275011589
"3241","Enterococcus spp.",0.267062915241643
"3242","Enterococcus spp.",0.702740455901578
"3243","Enterococcus spp.",0.768972792763825
"3244","Enterococcus spp.",0.0776525214673554
"3245","Enterococcus spp.",-0.0566059608101651
"3246","Enterococcus spp.",1.79533137096911
"3247","Enterococcus spp.",0.366725109283986
"3248","Enterococcus spp.",0.466006211460377
"3249","Enterococcus spp.",1.26998041962947
"3250","Enterococcus spp.",0.641504964860596
"3251","Enterococcus spp.",0.333815810613779
"3252","Enterococcus spp.",0.748802929972731
"3253","Enterococcus spp.",0.741726999417223
"3254","Enterococcus spp.",0.236345003307829
"3255","Enterococcus spp.",0.422714820441924
"3256","Enterococcus spp.",-0.0102529705512142
"3257","Enterococcus spp.",-0.0298871136508716
"3258","Enterococcus spp.",0.632576902488927
"3259","Enterococcus spp.",0.518665025299985
"3260","Enterococcus spp.",0.405037938474107
"3261","Enterococcus spp.",1.01617679227067
"3262","Enterococcus spp.",0.70299692815615
"3263","Enterococcus spp.",1.14598844755457
"3264","Enterococcus spp.",-0.0576090132679356
"3265","Enterococcus spp.",0.655964958905234
"3266","Enterococcus spp.",0.320624217067849
"3267","Enterococcus spp.",0.73893628765651
"3268","Enterococcus spp.",1.27737782689222
"3269","Enterococcus spp.",0.708554175932306
"3270","Enterococcus spp.",0.237684319051921
"3271","Enterococcus spp.",1.29575280677406
"3272","Enterococcus spp.",0.659576442570455
"3273","Enterococcus spp.",1.16920197965051
"3274","Enterococcus spp.",0.510224264741393
"3275","Enterococcus spp.",0.701334628253287
"3276","Enterococcus spp.",0.0774190663851158
"3277","Enterococcus spp.",0.431702221763318
"3278","Enterococcus spp.",0.555514766616462
"3279","Enterococcus spp.",-0.0196673333499641
"3280","Enterococcus spp.",1.05533198506609
"3281","Enterococcus spp.",0.252451141615309
"3282","Enterococcus spp.",0.359164118103364
"3283","Enterococcus spp.",0.536850068879792
"3284","Enterococcus spp.",0.386627931342805
"3285","Enterococcus spp.",-0.437001980291969
"3286","Enterococcus spp.",0.429555267988901
"3287","Enterococcus spp.",-0.30619997559805
"3288","Enterococcus spp.",0.623541245285974
"3289","Enterococcus spp.",0.441060066327173
"3290","Enterococcus spp.",1.38528667262932
"3291","Enterococcus spp.",-0.202181746645271
"3292","Enterococcus spp.",0.424916576358068
"3293","Enterococcus spp.",-0.0525856191593411
"3294","Enterococcus spp.",0.735513277224085
"3295","Enterococcus spp.",0.644238105305708
"3296","Enterococcus spp.",0.798312088505797
"3297","Enterococcus spp.",0.525226919567487
"3298","Enterococcus spp.",0.0915123690699433
"3299","Enterococcus spp.",0.11422775719348
"3300","Enterococcus spp.",1.38102937402205
"3301","Enterococcus spp.",0.861167919349851
"3302","Enterococcus spp.",0.36288877548647
"3303","Enterococcus spp.",0.00950682258086653
"3304","Enterococcus spp.",0.827534348589718
"3305","Enterococcus spp.",-0.0780921673529321
"3306","Enterococcus spp.",-0.285467669654315
"3307","Enterococcus spp.",0.610216728067958
"3308","Enterococcus spp.",0.32099174518185
"3309","Enterococcus spp.",0.313389952384062
"3310","Enterococcus spp.",1.53401390805921
"3311","Enterococcus spp.",0.765621127893922
"3312","Enterococcus spp.",1.1588788350925
"3313","Enterococcus spp.",0.132760248579798
"3314","Enterococcus spp.",0.904045298973464
"3315","Enterococcus spp.",0.49944088662707
"3316","Enterococcus spp.",1.13611959826281
"3317","Enterococcus spp.",-0.415476478576626
"3318","Enterococcus spp.",0.886188183167566
"3319","Enterococcus spp.",0.533626432387763
"3320","Enterococcus spp.",1.20554729319417
"3321","Enterococcus spp.",0.427868028675353
"3322","Enterococcus spp.",0.803182715223706
"3323","Enterococcus spp.",0.384493532505968
"3324","Enterococcus spp.",0.809394282917797
"3325","Enterococcus spp.",0.100252425480323
"3326","Enterococcus spp.",-0.45277248015461
"3327","Enterococcus spp.",0.468748842712251
"3328","Enterococcus spp.",1.34279549768056
"3329","Enterococcus spp.",0.541243241402632
"3330","Enterococcus spp.",0.388031633538003
"3331","Enterococcus spp.",0.440476894808353
"3332","Enterococcus spp.",1.51637674888349
"3333","Enterococcus spp.",0.995275509044361
"3334","Enterococcus spp.",1.04856103419852
"3335","Enterococcus spp.",0.310325379636499
"3336","Enterococcus spp.",1.26495501735997
"3337","Enterococcus spp.",0.983737968188321
"3338","Enterococcus spp.",0.662764588937128
"3339","Enterococcus spp.",0.0265779228504915
"3340","Enterococcus spp.",0.800860316980057
"3341","Enterococcus spp.",0.401126302525653
"3342","Enterococcus spp.",-0.520000861498032
"3343","Enterococcus spp.",1.60035805730242
"3344","Enterococcus spp.",-0.455672307454738
"3345","Enterococcus spp.",0.59465533928222
"3346","Enterococcus spp.",-0.20581220410352
"3347","Enterococcus spp.",0.760500699961337
"3348","Enterococcus spp.",1.82078731965906
"3349","Enterococcus spp.",0.639660407927051
"3350","Enterococcus spp.",-0.479024621474493
"3351","Enterococcus spp.",0.723349842089916
"3352","Enterococcus spp.",0.24887039254831
"3353","Enterococcus spp.",0.225770038451387
"3354","Enterococcus spp.",0.14394678202674
"3355","Enterococcus spp.",0.0178797514152967
"3356","Enterococcus spp.",-0.0347391323552706
"3357","Enterococcus spp.",0.454191101549571
"3358","Enterococcus spp.",0.282742402313001
"3359","Enterococcus spp.",0.760026452652474
"3360","Enterococcus spp.",0.960980883016775
"3361","Enterococcus spp.",0.0460246535876969
"3362","Enterococcus spp.",-0.0616017322666166
"3363","Enterococcus spp.",-0.387278188221042
"3364","Enterococcus spp.",0.476201525118293
"3365","Enterococcus spp.",0.208262173687702
"3366","Enterococcus spp.",0.276172070179557
"3367","Enterococcus spp.",0.0175426423661917
"3368","Enterococcus spp.",1.24069420639731
"3369","Enterococcus spp.",-0.252303315834735
"3370","Enterococcus spp.",0.779160224487049
"3371","Enterococcus spp.",0.971566327164703
"3372","Enterococcus spp.",0.121772989235436
"3373","Enterococcus spp.",-0.403078772707097
"3374","Enterococcus spp.",0.970357054296997
"3375","Enterococcus spp.",0.538893304015746
"3376","Enterococcus spp.",0.241304339860046
"3377","Enterococcus spp.",0.26191121938696
"3378","Enterococcus spp.",-0.763697269155734
"3379","Enterococcus spp.",0.18962435442004
"3380","Enterococcus spp.",0.0829557974362011
"3381","Enterococcus spp.",-0.0329931125086401
"3382","Enterococcus spp.",0.116450446203711
"3383","Enterococcus spp.",-0.311070993870989
"3384","Enterococcus spp.",1.02248511036801
"3385","Enterococcus spp.",-0.78022278792105
"3386","Enterococcus spp.",-0.751905243129498
"3387","Enterococcus spp.",-0.0944663841487655
"3388","Enterococcus spp.",-0.571285800718534
"3389","Enterococcus spp.",0.095933494176648
"3390","Enterococcus spp.",-0.47530601049924
"3391","Enterococcus spp.",-0.345272640596682
"3392","Enterococcus spp.",0.865017494731275
"3393","Enterococcus spp.",0.604539254929307
"3394","Enterococcus spp.",0.0582094268501378
"3395","Enterococcus spp.",0.132016211430907
"3396","Enterococcus spp.",0.96795391170552
"3397","Enterococcus spp.",0.647315620434345
"3398","Enterococcus spp.",-0.0565968422389372
"3399","Enterococcus spp.",1.85370009899058
"3400","Enterococcus spp.",0.385586528206416
"3401","Enterococcus spp.",-0.0120659592397825
"3402","Enterococcus spp.",0.0649267646856065
"3403","Enterococcus spp.",-0.572741267901846
"3404","Enterococcus spp.",0.473981051081914
"3405","Enterococcus spp.",0.825054752955316
"3406","Enterococcus spp.",0.592112299492661
"3407","Enterococcus spp.",0.170725744888102
"3408","Enterococcus spp.",0.547244919580783
"3409","Enterococcus spp.",0.501925891463777
"3410","Enterococcus spp.",0.851105889684658
"3411","Enterococcus spp.",1.20644843027158
"3412","Enterococcus spp.",0.229143802861559
"3413","Enterococcus spp.",0.660123062527278
"3414","Enterococcus spp.",-0.118080261776675
"3415","Enterococcus spp.",0.566032830807757
"3416","Enterococcus spp.",0.25033848329941
"3417","Enterococcus spp.",0.589032960815661
"3418","Enterococcus spp.",0.635647892445475
"3419","Enterococcus spp.",-0.49133960288559
"3420","Enterococcus spp.",0.6697869380273
"3421","Enterococcus spp.",0.516131477464262
"3422","Enterococcus spp.",0.40054494489815
"3423","Enterococcus spp.",0.472064478223452
"3424","Enterococcus spp.",0.303163497192731
"3425","Enterococcus spp.",0.760161029312911
"3426","Enterococcus spp.",-0.479293165695087
"3427","Enterococcus spp.",0.258568013795864
"3428","Enterococcus spp.",0.753610302641826
"3429","Enterococcus spp.",0.442023737464979
"3430","Enterococcus spp.",-0.00276112213052969
"3431","Enterococcus spp.",0.80813294068009
"3432","Enterococcus spp.",1.82724659828189
"3433","Enterococcus spp.",-0.845483889802185
"3434","Enterococcus spp.",0.618468828350619
"3435","Enterococcus spp.",0.79389606708428
"3436","Enterococcus spp.",0.926785596449485
"3437","Enterococcus spp.",-0.598583208960856
"3438","Enterococcus spp.",-0.271482457857033
"3439","Enterococcus spp.",0.0390437444268979
"3440","Enterococcus spp.",1.7494784159457
"3441","Enterococcus spp.",-0.0505365139037626
"3442","Enterococcus spp.",2.0289508499053
"3443","Enterococcus spp.",0.844169377689561
"3444","Enterococcus spp.",0.0955968340376844
"3445","Enterococcus spp.",1.00317218491615
"3446","Enterococcus spp.",0.992402851544124
"3447","Enterococcus spp.",0.243843499826765
"3448","Enterococcus spp.",0.249391084501861
"3449","Enterococcus spp.",0.251290219388041
"3450","Enterococcus spp.",1.24402892879087
"3451","Enterococcus spp.",0.385601329378613
"3452","Enterococcus spp.",0.462620448122736
"3453","Enterococcus spp.",0.291312668190442
"3454","Enterococcus spp.",1.23513590780964
"3455","Enterococcus spp.",-0.0869197099178614
"3456","Enterococcus spp.",0.00161494752404846
"3457","Enterococcus spp.",0.629828358583706
"3458","Enterococcus spp.",0.199954898142234
"3459","Enterococcus spp.",0.332559076265894
"3460","Enterococcus spp.",-0.286939977043023
"3461","Enterococcus spp.",0.87136179639984
"3462","Enterococcus spp.",-0.285299291863699
"3463","Enterococcus spp.",0.19743341083234
"3464","Enterococcus spp.",-0.811080866883365
"3465","Enterococcus spp.",-0.384707312784416
"3466","Enterococcus spp.",0.554461262358783
"3467","Enterococcus spp.",0.289456476452386
"3468","Enterococcus spp.",0.704976539941909
"3469","Enterococcus spp.",0.040255819713461
"3470","Enterococcus spp.",1.88461557596816
"3471","Enterococcus spp.",0.889759841856026
"3472","Enterococcus spp.",0.786604221622222
"3473","Enterococcus spp.",1.50768827894159
"3474","Enterococcus spp.",0.296984826522959
"3475","Enterococcus spp.",0.817808769265906
"3476","Enterococcus spp.",0.463368130265312
"3477","Enterococcus spp.",0.565563646559647
"3478","Enterococcus spp.",0.325627614535998
"3479","Enterococcus spp.",0.957959152676052
"3480","Enterococcus spp.",1.29638725907234
"3481","Enterococcus spp.",0.410061492999817
"3482","Enterococcus spp.",1.55690442205528
"3483","Enterococcus spp.",-0.350489687529769
"3484","Enterococcus spp.",0.52185699479147
"3485","Enterococcus spp.",1.08685303473956
"3486","Enterococcus spp.",1.63177084748731
"3487","Enterococcus spp.",-0.156531787530716
"3488","Enterococcus spp.",1.69630940313828
"3489","Enterococcus spp.",0.536019282559867
"3490","Enterococcus spp.",0.286325018957398
"3491","Enterococcus spp.",0.672990837859585
"3492","Enterococcus spp.",0.858718161173706
"3493","Enterococcus spp.",1.3700148297991
"3494","Enterococcus spp.",0.978742597881195
"3495","Enterococcus spp.",0.315160756694903
"3496","Enterococcus spp.",0.622709685453874
"3497","Enterococcus spp.",1.76656132804874
"3498","Enterococcus spp.",0.334084031358032
"3499","Enterococcus spp.",1.461321751522
"3500","Enterococcus spp.",0.329245973409011
"3501","Enterococcus spp.",1.4210134967501
"3502","Enterococcus spp.",0.87909144359392
"3503","Enterococcus spp.",0.847585500868132
"3504","Enterococcus spp.",0.968306317403692
"3505","Enterococcus spp.",1.06252030334687
"3506","Enterococcus spp.",0.418192932286353
"3507","Enterococcus spp.",0.975273442342048
"3508","Enterococcus spp.",0.477930727157381
"3509","Enterococcus spp.",0.494706980695657
"3510","Enterococcus spp.",-0.476316801975904
"3511","Enterococcus spp.",1.12554884275562
"3512","Enterococcus spp.",1.42265843532659
"3513","Enterococcus spp.",0.126649564985971
"3514","Enterococcus spp.",0.997942029196738
"3515","Enterococcus spp.",0.284948177587513
"3516","Enterococcus spp.",1.14927579593734
"3517","Enterococcus spp.",-0.283758407812305
"3518","Enterococcus spp.",0.754472528461531
"3519","Enterococcus spp.",1.08754914423766
"3520","Enterococcus spp.",1.86133581575958
"3521","Enterococcus spp.",0.382120998654358
"3522","Enterococcus spp.",0.470137133030457
"3523","Enterococcus spp.",0.460059260284447
"3524","Enterococcus spp.",1.5848794145763
"3525","Enterococcus spp.",-0.045048208511227
"3526","Enterococcus spp.",1.08773070229052
"3527","Enterococcus spp.",0.467768314886756
"3528","Enterococcus spp.",-0.337646876813034
"3529","Enterococcus spp.",1.18699466111031
"3530","Enterococcus spp.",0.607248353177168
"3531","Enterococcus spp.",1.51672303204247
"3532","Enterococcus spp.",-0.161855046965508
"3533","Enterococcus spp.",0.197936140086479
"3534","Enterococcus spp.",0.645238342620355
"3535","Enterococcus spp.",-0.565998908896029
"3536","Enterococcus spp.",1.88431898875451
"3537","Enterococcus spp.",1.02803157729501
"3538","Enterococcus spp.",0.119660916239327
"3539","Enterococcus spp.",1.04811436242516
"3540","Enterococcus spp.",0.270775309414558
"3541","Enterococcus spp.",0.831577006935505
"3542","Enterococcus spp.",0.464582397627768
"3543","Enterococcus spp.",-0.429134203120679
"3544","Enterococcus spp.",0.429463365007924
"3545","Enterococcus spp.",1.26982374436362
"3546","Enterococcus spp.",0.906511802952803
"3547","Enterococcus spp.",0.0512381265700056
"3548","Enterococcus spp.",1.14373821621504
"3549","Enterococcus spp.",0.624127687805108
"3550","Enterococcus spp.",0.6403163519256
"3551","Enterococcus spp.",0.746261646951539
"3552","Enterococcus spp.",0.10729175560498
"3553","Enterococcus spp.",0.105542052573819
"3554","Enterococcus spp.",1.14763563553541
"3555","Enterococcus spp.",0.742012873666697
"3556","Enterococcus spp.",0.683917271825421
"3557","Enterococcus spp.",0.473546301553745
"3558","Enterococcus spp.",-0.630346531791424
"3559","Enterococcus spp.",1.20930617971685
"3560","Enterococcus spp.",0.589937397578068
"3561","Enterococcus spp.",-0.339351927282497
"3562","Enterococcus spp.",-0.35756998187621
"3563","Enterococcus spp.",1.03619585161978
"3564","Enterococcus spp.",0.719250201892775
"3565","Enterococcus spp.",1.15579586997837
"3566","Enterococcus spp.",1.41225333781637
"3567","Enterococcus spp.",0.0734454064270816
"3568","Enterococcus spp.",1.50103183088731
"3569","Enterococcus spp.",1.0640368529089
"3570","Enterococcus spp.",-0.083466261715909
"3571","Enterococcus spp.",1.64522020380708
"3572","Enterococcus spp.",1.41376858882055
"3573","Enterococcus spp.",1.29402628697399
"3574","Enterococcus spp.",-0.0539014128001911
"3575","Enterococcus spp.",0.943571583273283
"3576","Enterococcus spp.",-0.0649064148525457
"3577","Enterococcus spp.",0.42410702155904
"3578","Enterococcus spp.",0.237379169968183
"3579","Enterococcus spp.",0.0834714009634281
"3580","Enterococcus spp.",1.27278576396227
"3581","Enterococcus spp.",0.417212122709613
"3582","Enterococcus spp.",1.18019329484185
"3583","Enterococcus spp.",0.83344633983085
"3584","Enterococcus spp.",1.76908789454703
"3585","Enterococcus spp.",1.29664678481283
"3586","Enterococcus spp.",1.51239426058821
"3587","Enterococcus spp.",1.08774066059822
"3588","Enterococcus spp.",1.34109142181971
"3589","Enterococcus spp.",0.366738626364888
"3590","Enterococcus spp.",0.983146192898863
"3591","Enterococcus spp.",-0.00775000978116041
"3592","Enterococcus spp.",0.063702342934031
"3593","Enterococcus spp.",1.516335693772
"3594","Enterococcus spp.",1.21450345813654
"3595","Enterococcus spp.",-0.294386864610666
"3596","Enterococcus spp.",0.471874594075102
"3597","Enterococcus spp.",1.18286338338282
"3598","Enterococcus spp.",0.204156604824674
"3599","Enterococcus spp.",-0.000520654226177611
"3600","Enterococcus spp.",0.508177592706871
"3601","Enterococcus spp.",1.05874992752295
"3602","Enterococcus spp.",0.408056701903977
"3603","Enterococcus spp.",1.09054338603463
"3604","Enterococcus spp.",0.311453270082582
"3605","Enterococcus spp.",0.859303546777902
"3606","Enterococcus spp.",0.395410461159156
"3607","Enterococcus spp.",0.703699158967429
"3608","Enterococcus spp.",1.2089548146242
"3609","Enterococcus spp.",-0.2830658226114
"3610","Enterococcus spp.",0.48444621485682
"3611","Enterococcus spp.",0.228037039600959
"3612","Enterococcus spp.",0.474894833718707
"3613","Enterococcus spp.",0.283525694108511
"3614","Enterococcus spp.",0.437426444930402
"3615","Enterococcus spp.",-0.214983823028232
"3616","Enterococcus spp.",0.931047309882502
"3617","Enterococcus spp.",0.922949413123909
"3618","Enterococcus spp.",0.0977242519287779
"3619","Enterococcus spp.",-0.156657298600597
"3620","Enterococcus spp.",-0.0698547873369658
"3621","Enterococcus spp.",0.822631346401002
"3622","Enterococcus spp.",0.368117289849146
"3623","Enterococcus spp.",0.641191061051794
"3624","Enterococcus spp.",0.515399694624262
"3625","Enterococcus spp.",0.265395382541026
"3626","Enterococcus spp.",0.700262180716691
"3627","Enterococcus spp.",0.191013474487277
"3628","Enterococcus spp.",0.787678067599779
"3629","Enterococcus spp.",0.371219386583633
"3630","Enterococcus spp.",1.28481962517443
"3631","Enterococcus spp.",0.195596173885375
"3632","Enterococcus spp.",-0.567616686583479
"3633","Enterococcus spp.",0.175269418004157
"3634","Enterococcus spp.",-0.191792433758499
"3635","Enterococcus spp.",0.467386909016717
"3636","Enterococcus spp.",0.518629726471907
"3637","Enterococcus spp.",0.892820357877324
"3638","Enterococcus spp.",0.192960187434094
"3639","Enterococcus spp.",0.385958529011298
"3640","Enterococcus spp.",-0.425576531579133
"3641","Enterococcus spp.",0.649567493596287
"3642","Enterococcus spp.",0.27080639269416
"3643","Enterococcus spp.",-0.544816533249478
"3644","Enterococcus spp.",1.1366029541936
"3645","Enterococcus spp.",0.250789032549903
"3646","Enterococcus spp.",1.04741392767315
"3647","Enterococcus spp.",1.3837574913722
"3648","Enterococcus spp.",1.21318136800235
"3649","Enterococcus spp.",1.88248569261996
"3650","Enterococcus spp.",-0.0362190948076048
"3651","Enterococcus spp.",-0.87445671168794
"3652","Enterococcus spp.",0.241000032700567
"3653","Enterococcus spp.",0.846075802429516
"3654","Enterococcus spp.",0.854614388458222
"3655","Enterococcus spp.",0.502368240259637
"3656","Enterococcus spp.",0.00208446866466021
"3657","Enterococcus spp.",0.291961342114092
"3658","Enterococcus spp.",0.824318074236447
"3659","Enterococcus spp.",0.159190181152836
"3660","Enterococcus spp.",0.511286759753139
"3661","Enterococcus spp.",0.212795441257791
"3662","Enterococcus spp.",1.45339445678814
"3663","Enterococcus spp.",1.38138304379294
"3664","Enterococcus spp.",1.59663189363982
"3665","Enterococcus spp.",0.785321765629844
"3666","Enterococcus spp.",0.696793901652618
"3667","Enterococcus spp.",0.485101252618529
"3668","Enterococcus spp.",0.955621269926456
"3669","Enterococcus spp.",0.575450847776281
"3670","Enterococcus spp.",0.733265175860761
"3671","Enterococcus spp.",2.14726155737152
"3672","Enterococcus spp.",0.718256784316031
"3673","Enterococcus spp.",0.080076280214949
"3674","Enterococcus spp.",-0.357124374767829
"3675","Enterococcus spp.",0.672233510743139
"3676","Enterococcus spp.",-0.200429266963005
"3677","Enterococcus spp.",0.549462752862131
"3678","Enterococcus spp.",0.72109082059093
"3679","Enterococcus spp.",1.11955248707643
"3680","Enterococcus spp.",0.766717191921521
"3681","Enterococcus spp.",0.592972641207886
"3682","Enterococcus spp.",1.12735328799125
"3683","Enterococcus spp.",1.7808166522707
"3684","Enterococcus spp.",0.86871491160753
"3685","Enterococcus spp.",0.425299879109867
"3686","Enterococcus spp.",0.429662947749419
"3687","Enterococcus spp.",0.423618322723449
"3688","Enterococcus spp.",1.04716718900597
"3689","Enterococcus spp.",0.122372981058635
"3690","Enterococcus spp.",-0.0651804800967097
"3691","Enterococcus spp.",0.15242832457082
"3692","Enterococcus spp.",1.34275588328903
"3693","Enterococcus spp.",0.404868501180804
"3694","Enterococcus spp.",1.12725674750056
"3695","Enterococcus spp.",1.07440839312919
"3696","Enterococcus spp.",0.959765084041402
"3697","Enterococcus spp.",-0.427729988991163
"3698","Enterococcus spp.",0.43237662744495
"3699","Enterococcus spp.",0.71693402446926
"3700","Enterococcus spp.",-0.443648747850443
"3701","Enterococcus spp.",1.06938735504476
"3702","Enterococcus spp.",1.21090407289413
"3703","Enterococcus spp.",0.228922926096682
"3704","Enterococcus spp.",0.23583997645441
"3705","Enterococcus spp.",0.980374087219649
"3706","Enterococcus spp.",0.350375324564079
"3707","Enterococcus spp.",0.283112716444403
"3708","Enterococcus spp.",0.743183968969067
"3709","Enterococcus spp.",0.948859218034251
"3710","Enterococcus spp.",-0.832584679826705
"3711","Enterococcus spp.",1.03262609921627
"3712","Enterococcus spp.",0.57930254580129
"3713","Enterococcus spp.",-0.769998287012266
"3714","Enterococcus spp.",1.23096513038144
"3715","Enterococcus spp.",0.534318786693706
"3716","Enterococcus spp.",1.50323227170928
"3717","Enterococcus spp.",0.302170669576564
"3718","Enterococcus spp.",0.185801279006746
"3719","Enterococcus spp.",0.412861233103037
"3720","Enterococcus spp.",0.699630377160475
"3721","Enterococcus spp.",0.245016828371001
"3722","Enterococcus spp.",0.953752021118924
"3723","Enterococcus spp.",0.686474295342115
"3724","Enterococcus spp.",0.131969470338828
"3725","Enterococcus spp.",0.0312902275039569
"3726","Enterococcus spp.",0.235627284952048
"3727","Enterococcus spp.",-0.256254468396548
"3728","Enterococcus spp.",0.512288573666573
"3729","Enterococcus spp.",0.408238797354273
"3730","Enterococcus spp.",-0.46881299661111
"3731","Enterococcus spp.",1.38860823220936
"3732","Enterococcus spp.",0.761677317757088
"3733","Enterococcus spp.",-0.528775867111853
"3734","Enterococcus spp.",-0.502203785878575
"3735","Enterococcus spp.",-0.782801986436288
"3736","Enterococcus spp.",0.643899545442808
"3737","Enterococcus spp.",0.278608913313671
"3738","Enterococcus spp.",0.338761761348615
"3739","Enterococcus spp.",1.14370510928111
"3740","Enterococcus spp.",0.999311962884645
"3741","Enterococcus spp.",1.12196790226523
"3742","Enterococcus spp.",0.0945947552603627
"3743","Enterococcus spp.",1.12552397414697
"3744","Enterococcus spp.",1.24150387945402
"3745","Enterococcus spp.",0.557497015492121
"3746","Enterococcus spp.",0.80330485252301
"3747","Enterococcus spp.",-0.239808779113179
"3748","Enterococcus spp.",0.831624002707982
"3749","Enterococcus spp.",0.923376488324801
"3750","Enterococcus spp.",-0.306633833258232
"3751","Enterococcus spp.",0.58548298977076
"3752","Enterococcus spp.",0.441165790827934
"3753","Enterococcus spp.",0.800840420284286
"3754","Enterococcus spp.",1.38687283869879
"3755","Enterococcus spp.",1.55182998448227
"3756","Enterococcus spp.",-0.0587193752265319
"3757","Enterococcus spp.",-0.66137489336621
"3758","Enterococcus spp.",0.629098816032054
"3759","Enterococcus spp.",0.232195172722026
"3760","Enterococcus spp.",1.50670020341286
"3761","Enterococcus spp.",0.420555073766014
"3762","Enterococcus spp.",0.230806478025757
"3763","Enterococcus spp.",0.63541046476639
"3764","Enterococcus spp.",0.119356300450641
"3765","Enterococcus spp.",0.674520143860824
"3766","Enterococcus spp.",0.400455408554082
"3767","Enterococcus spp.",-0.0280308459505702
"3768","Enterococcus spp.",0.852159909785678
"3769","Enterococcus spp.",1.21952556640216
"3770","Enterococcus spp.",0.710281971096462
"3771","Enterococcus spp.",0.744154437957462
"3772","Enterococcus spp.",0.477400484056582
"3773","Enterococcus spp.",0.667606787635547
"3774","Enterococcus spp.",0.240524039061376
"3775","Enterococcus spp.",1.19843636723106
"3776","Enterococcus spp.",0.714529861623574
"3777","Enterococcus spp.",-0.0511253920379459
"3778","Enterococcus spp.",0.190737789345594
"3779","Enterococcus spp.",1.48806994940016
"3780","Enterococcus spp.",0.474777318104832
"3781","Enterococcus spp.",0.767290646331331
"3782","Enterococcus spp.",0.356629306999471
"3783","Enterococcus spp.",0.444602968011857
"3784","Enterococcus spp.",0.71928373418088
"3785","Enterococcus spp.",1.13731635772646
"3786","Enterococcus spp.",0.329054465765229
"3787","Enterococcus spp.",0.798144919815716
"3788","Enterococcus spp.",0.303998005221312
"3789","Enterococcus spp.",1.24231061550082
"3790","Enterococcus spp.",0.58431217430443
"3791","Enterococcus spp.",0.0689200193092861
"3792","Enterococcus spp.",0.894164612160861
"3793","Enterococcus spp.",0.777909499852825
"3794","Enterococcus spp.",1.00496310221574
"3795","Enterococcus spp.",-0.660412183036003
"3796","Enterococcus spp.",0.483230615898644
"3797","Enterococcus spp.",1.12597020530577
"3798","Enterococcus spp.",-0.186040354336898
"3799","Enterococcus spp.",-0.110068273358782
"3800","Enterococcus spp.",1.17978432547639
"3801","Enterococcus spp.",1.09689449527933
"3802","Enterococcus spp.",2.17222511795004
"3803","Enterococcus spp.",0.820345569291288
"3804","Enterococcus spp.",-0.385957071914276
"3805","Enterococcus spp.",0.996221453007756
"3806","Enterococcus spp.",0.345312616332608
"3807","Enterococcus spp.",-0.0767178553480722
"3808","Enterococcus spp.",0.352478536933491
"3809","Enterococcus spp.",0.728883048997639
"3810","Enterococcus spp.",1.35465765918066
"3811","Enterococcus spp.",-0.0700339674288867
"3812","Enterococcus spp.",0.488533596811399
"3813","Enterococcus spp.",0.50942603149969
"3814","Enterococcus spp.",0.335362641045244
"3815","Enterococcus spp.",0.630865043862127
"3816","Enterococcus spp.",0.448726450353444
"3817","Enterococcus spp.",0.841985463971728
"3818","Enterococcus spp.",0.965847672636206
"3819","Enterococcus spp.",0.526502605519808
"3820","Enterococcus spp.",1.35552367671556
"3821","Enterococcus spp.",0.766995318631051
"3822","Enterococcus spp.",0.740623313454885
"3823","Enterococcus spp.",0.12958065891637
"3824","Enterococcus spp.",0.806785999663107
"3825","Enterococcus spp.",1.11695111293142
"3826","Enterococcus spp.",0.455954781920306
"3827","Enterococcus spp.",1.54306313224056
"3828","Enterococcus spp.",0.958043522830066
"3829","Enterococcus spp.",0.42038930112594
"3830","Enterococcus spp.",1.21372988484658
"3831","Enterococcus spp.",0.514330051181583
"3832","Enterococcus spp.",-0.934037719597172
"3833","Enterococcus spp.",-0.274910949746545
"3834","Enterococcus spp.",1.07481446116853
"3835","Enterococcus spp.",0.0871510622306539
"3836","Enterococcus spp.",0.469734086364006
"3837","Enterococcus spp.",0.023284807214454
"3838","Enterococcus spp.",0.612689482282713
"3839","Enterococcus spp.",0.931244709428268
"3840","Enterococcus spp.",-0.501228317943271
"3841","Enterococcus spp.",0.680008433859357
"3842","Enterococcus spp.",0.680421831590245
"3843","Enterococcus spp.",0.255887750922166
"3844","Enterococcus spp.",1.44627187636098
"3845","Enterococcus spp.",0.959392853823612
"3846","Enterococcus spp.",0.373607173923459
"3847","Enterococcus spp.",0.285452087168827
"3848","Enterococcus spp.",1.04416403084582
"3849","Enterococcus spp.",-0.00727060197219947
"3850","Enterococcus spp.",-0.335770259086518
"3851","Enterococcus spp.",0.656593219854312
"3852","Enterococcus spp.",0.470977605473007
"3853","Enterococcus spp.",0.47184053701192
"3854","Enterococcus spp.",1.40733050268645
"3855","Enterococcus spp.",-0.196531067845118
"3856","Enterococcus spp.",0.535569385023496
"3857","Enterococcus spp.",0.627867474564212
"3858","Enterococcus spp.",1.6499025142362
"3859","Enterococcus spp.",1.30892018346928
"3860","Enterococcus spp.",-0.230279002981461
"3861","Enterococcus spp.",0.91030382589325
"3862","Enterococcus spp.",0.310224205100482
"3863","Enterococcus spp.",0.0521216217125655
"3864","Enterococcus spp.",0.119678702148533
"3865","Enterococcus spp.",0.846822603276471
"3866","Enterococcus spp.",0.213586349657752
"3867","Enterococcus spp.",0.868393867123977
"3868","Enterococcus spp.",1.25440336048793
"3869","Enterococcus spp.",0.694532040917374
"3870","Enterococcus spp.",0.851560300113276
"3871","Enterococcus spp.",0.196512746564968
"3872","Enterococcus spp.",1.2794154576713
"3873","Enterococcus spp.",-0.306528991828641
"3874","Enterococcus spp.",0.249785925404418
"3875","Enterococcus spp.",0.735574297960913
"3876","Enterococcus spp.",0.0893925925162105
"3877","Enterococcus spp.",-0.0933329080287181
"3878","Enterococcus spp.",0.975137253859506
"3879","Enterococcus spp.",0.83296262859413
"3880","Enterococcus spp.",1.19525396039067
"3881","Enterococcus spp.",-0.0967411360664956
"3882","Enterococcus spp.",0.0230595824114368
"3883","Enterococcus spp.",0.51242936261487
"3884","Enterococcus spp.",1.04230008085018
"3885","Enterococcus spp.",0.671974054436274
"3886","Enterococcus spp.",-0.244530699210437
"3887","Enterococcus spp.",0.611135523199725
"3888","Enterococcus spp.",-0.468229559434878
"3889","Enterococcus spp.",0.362225703964415
"3890","Enterococcus spp.",0.459987798009544
"3891","Enterococcus spp.",0.215649492143123
"3892","Enterococcus spp.",0.371985608500129
"3893","Enterococcus spp.",0.572395232055417
"3894","Enterococcus spp.",1.56309003151033
"3895","Enterococcus spp.",0.365397990804094
"3896","Enterococcus spp.",0.367844161934076
"3897","Enterococcus spp.",1.45446138393267
"3898","Enterococcus spp.",0.739260415702871
"3899","Enterococcus spp.",0.49231560752428
"3900","Enterococcus spp.",-0.0596856999781431
"3901","Enterococcus spp.",0.354895257077069
"3902","Enterococcus spp.",1.20222811147993
"3903","Enterococcus spp.",0.355322263758848
"3904","Enterococcus spp.",1.26447088549944
"3905","Enterococcus spp.",0.247203116700873
"3906","Enterococcus spp.",1.0572542110213
"3907","Enterococcus spp.",0.204348676962895
"3908","Enterococcus spp.",1.22043038953851
"3909","Enterococcus spp.",0.400427300723718
"3910","Enterococcus spp.",0.726014703412505
"3911","Enterococcus spp.",-0.0360188809479163
"3912","Enterococcus spp.",1.12246203636284
"3913","Enterococcus spp.",0.38384213208736
"3914","Enterococcus spp.",-0.323477794268594
"3915","Enterococcus spp.",1.73476873592031
"3916","Enterococcus spp.",0.634662126645301
"3917","Enterococcus spp.",-0.456478160518155
"3918","Enterococcus spp.",0.629890687828502
"3919","Enterococcus spp.",0.163085823234939
"3920","Enterococcus spp.",0.816735838585604
"3921","Enterococcus spp.",0.607938748080881
"3922","Enterococcus spp.",1.05660070488905
"3923","Enterococcus spp.",0.670419184530423
"3924","Enterococcus spp.",0.148847178178104
"3925","Enterococcus spp.",1.32000212637012
"3926","Enterococcus spp.",1.46694573720159
"3927","Enterococcus spp.",0.255431035359639
"3928","Enterococcus spp.",0.188687715642298
"3929","Enterococcus spp.",0.233320256718938
"3930","Enterococcus spp.",0.261012679544275
"3931","Enterococcus spp.",0.899351159542915
"3932","Enterococcus spp.",0.569319359500193
"3933","Enterococcus spp.",-0.260195210537975
"3934","Enterococcus spp.",0.0943806104201822
"3935","Enterococcus spp.",0.334825573834856
"3936","Enterococcus spp.",0.141909305577993
"3937","Enterococcus spp.",-0.414183211373027
"3938","Enterococcus spp.",2.01396186694942
"3939","Enterococcus spp.",1.30951102410772
"3940","Enterococcus spp.",-0.411200977809967
"3941","Enterococcus spp.",0.56195874351006
"3942","Enterococcus spp.",0.776597065066668
"3943","Enterococcus spp.",0.595362361215867
"3944","Enterococcus spp.",1.17487326778876
"3945","Enterococcus spp.",0.885755433223179
"3946","Enterococcus spp.",0.503427944539487
"3947","Enterococcus spp.",0.309574976949982
"3948","Enterococcus spp.",-0.137187213076403
"3949","Enterococcus spp.",0.53473049779074
"3950","Enterococcus spp.",0.198311934256638
"3951","Enterococcus spp.",1.33373248292204
"3952","Enterococcus spp.",-0.0143224585058799
"3953","Enterococcus spp.",2.31614780983732
"3954","Enterococcus spp.",-0.0498459218133599
"3955","Enterococcus spp.",0.384488354515313
"3956","Enterococcus spp.",0.414744422154105
"3957","Enterococcus spp.",1.34502089410048
"3958","Enterococcus spp.",0.75447884840222
"3959","Enterococcus spp.",-0.422473296371665
"3960","Enterococcus spp.",0.509062572365831
"3961","Enterococcus spp.",0.590026197668981
"3962","Enterococcus spp.",1.155178279032
"3963","Enterococcus spp.",1.02732963079536
"3964","Enterococcus spp.",0.465343902405882
"3965","Enterococcus spp.",0.495566451258913
"3966","Enterococcus spp.",0.0512725685992378
"3967","Enterococcus spp.",-0.074331030655874
"3968","Enterococcus spp.",0.0325126586925751
"3969","Enterococcus spp.",1.16352346574187
"3970","Enterococcus spp.",-0.143786480542326
"3971","Enterococcus spp.",0.807756570469462
"3972","Enterococcus spp.",0.718458736540334
"3973","Enterococcus spp.",-0.338947775592635
"3974","Enterococcus spp.",0.525109671842505
"3975","Enterococcus spp.",-0.320604785698701
"3976","Enterococcus spp.",0.430825564121794
"3977","Enterococcus spp.",0.0858434950879185
"3978","Enterococcus spp.",0.304510930800449
"3979","Enterococcus spp.",-0.143702432656542
"3980","Enterococcus spp.",1.0447968482481
"3981","Enterococcus spp.",-0.19345604275385
"3982","Enterococcus spp.",0.66733384636665
"3983","Enterococcus spp.",0.263032807692629
"3984","Enterococcus spp.",-0.331122199807409
"3985","Enterococcus spp.",1.33091384774268
"3986","Enterococcus spp.",0.773400388285248
"3987","Enterococcus spp.",0.182934533876107
"3988","Enterococcus spp.",-0.641366420966052
"3989","Enterococcus spp.",0.9432587106442
"3990","Enterococcus spp.",-0.061473568916921
"3991","Enterococcus spp.",0.522396798412866
"3992","Enterococcus spp.",1.1838304184054
"3993","Enterococcus spp.",1.1704375347079
"3994","Enterococcus spp.",0.835127977932111
"3995","Enterococcus spp.",0.912512030128766
"3996","Enterococcus spp.",0.519097861995901
"3997","Enterococcus spp.",0.318354178220086
"3998","Enterococcus spp.",1.37789489363819
"3999","Enterococcus spp.",0.221235344727922
"4000","Enterococcus spp.",0.487426481632674
"4001","H. influenzae",0.0313641457533792
"4002","H. influenzae",0.0279421089724128
"4003","H. influenzae",0.0375761613698723
"4004","H. influenzae",0.0240250080621906
"4005","H. influenzae",0.0278926522813138
"4006","H. influenzae",0.032816982473376
"4007","H. influenzae",0.0275232888585109
"4008","H. influenzae",0.0273763773011634
"4009","H. influenzae",0.0284391616164828
"4010","H. influenzae",0.0324453989983134
"4011","H. influenzae",0.0322469263064529
"4012","H. influenzae",0.0318795063906182
"4013","H. influenzae",0.0294045424510444
"4014","H. influenzae",0.0273289504800315
"4015","H. influenzae",0.0309804181873726
"4016","H. influenzae",0.0296332225619033
"4017","H. influenzae",0.0297090592836715
"4018","H. influenzae",0.028525784171206
"4019","H. influenzae",0.0318935179504583
"4020","H. influenzae",0.0289920299260799
"4021","H. influenzae",0.0263266239474149
"4022","H. influenzae",0.0295440707660714
"4023","H. influenzae",0.024052624342718
"4024","H. influenzae",0.0298956378162634
"4025","H. influenzae",0.0254702969548579
"4026","H. influenzae",0.0278795081712289
"4027","H. influenzae",0.0315147149302625
"4028","H. influenzae",0.0308713969135118
"4029","H. influenzae",0.0256712994518991
"4030","H. influenzae",0.0332223740516005
"4031","H. influenzae",0.0349741392784938
"4032","H. influenzae",0.0340104618636811
"4033","H. influenzae",0.0321202121312747
"4034","H. influenzae",0.0275568887297455
"4035","H. influenzae",0.0237141304116919
"4036","H. influenzae",0.0315320921699801
"4037","H. influenzae",0.0296034362410705
"4038","H. influenzae",0.0293995408305592
"4039","H. influenzae",0.0261934924405579
"4040","H. influenzae",0.03307914417096
"4041","H. influenzae",0.0315414590029937
"4042","H. influenzae",0.0283042139999598
"4043","H. influenzae",0.0299044923705838
"4044","H. influenzae",0.0273494592756158
"4045","H. influenzae",0.0286967514774796
"4046","H. influenzae",0.0265045387310142
"4047","H. influenzae",0.0262265554755942
"4048","H. influenzae",0.0278238960773409
"4049","H. influenzae",0.0290018999361465
"4050","H. influenzae",0.0351264763127386
"4051","H. influenzae",0.0312138196860885
"4052","H. influenzae",0.0330463327133007
"4053","H. influenzae",0.0285536003832459
"4054","H. influenzae",0.0342347591615447
"4055","H. influenzae",0.028188807468676
"4056","H. influenzae",0.0359414505877134
"4057","H. influenzae",0.0355058156968778
"4058","H. influenzae",0.0255432517189577
"4059","H. influenzae",0.0293687788426014
"4060","H. influenzae",0.0298379567329552
"4061","H. influenzae",0.0263699137445968
"4062","H. influenzae",0.0265191838698686
"4063","H. influenzae",0.0301773864198892
"4064","H. influenzae",0.028691903982021
"4065","H. influenzae",0.0248625586549807
"4066","H. influenzae",0.027353655261382
"4067","H. influenzae",0.028528529454795
"4068","H. influenzae",0.0322121589865266
"4069","H. influenzae",0.030598730160823
"4070","H. influenzae",0.0284459590583135
"4071","H. influenzae",0.0335348316658743
"4072","H. influenzae",0.030035902404598
"4073","H. influenzae",0.0280219997761493
"4074","H. influenzae",0.0291343596675149
"4075","H. influenzae",0.0320992052197117
"4076","H. influenzae",0.0318153942285446
"4077","H. influenzae",0.0327252695147985
"4078","H. influenzae",0.0281842013362862
"4079","H. influenzae",0.0223010944873153
"4080","H. influenzae",0.0265326407118712
"4081","H. influenzae",0.0251375100773406
"4082","H. influenzae",0.034349381497034
"4083","H. influenzae",0.0313334274513093
"4084","H. influenzae",0.0296090398819508
"4085","H. influenzae",0.0296108192111208
"4086","H. influenzae",0.0272502730562324
"4087","H. influenzae",0.0257152748472768
"4088","H. influenzae",0.026500129812301
"4089","H. influenzae",0.0339320525763014
"4090","H. influenzae",0.0311201059553569
"4091","H. influenzae",0.0332296566400643
"4092","H. influenzae",0.0266871449911269
"4093","H. influenzae",0.0324926266806781
"4094","H. influenzae",0.0307605044350014
"4095","H. influenzae",0.0267349729266245
"4096","H. influenzae",0.0306780607351015
"4097","H. influenzae",0.0315918539140354
"4098","H. influenzae",0.02842223115111
"4099","H. influenzae",0.0327115204888971
"4100","H. influenzae",0.030185488490863
"4101","H. influenzae",0.0294787334276375
"4102","H. influenzae",0.0297886908219298
"4103","H. influenzae",0.0279924139483959
"4104","H. influenzae",0.0260885924965684
"4105","H. influenzae",0.0283958580375254
"4106","H. influenzae",0.033690080635995
"4107","H. influenzae",0.0308166464000316
"4108","H. influenzae",0.0303710017146418
"4109","H. influenzae",0.0331797990875476
"4110","H. influenzae",0.0234681451592343
"4111","H. influenzae",0.0293822117356531
"4112","H. influenzae",0.0364182726620825
"4113","H. influenzae",0.0305239437513287
"4114","H. influenzae",0.0224645506420777
"4115","H. influenzae",0.0253077678727598
"4116","H. influenzae",0.0329311927230177
"4117","H. influenzae",0.0323172877216706
"4118","H. influenzae",0.0272364832834437
"4119","H. influenzae",0.0301213296960124
"4120","H. influenzae",0.0354567391402459
"4121","H. influenzae",0.0313888361994642
"4122","H. influenzae",0.0340899826779877
"4123","H. influenzae",0.0275374838386502
"4124","H. influenzae",0.0337998220970211
"4125","H. influenzae",0.0310849469115553
"4126","H. influenzae",0.0267824355582459
"4127","H. influenzae",0.03478059193223
"4128","H. influenzae",0.0286783100330502
"4129","H. influenzae",0.035056316282563
"4130","H. influenzae",0.033641357692427
"4131","H. influenzae",0.0349243687415587
"4132","H. influenzae",0.0275985781297027
"4133","H. influenzae",0.0296300107826827
"4134","H. influenzae",0.0337855721687538
"4135","H. influenzae",0.0360358674323584
"4136","H. influenzae",0.0243321843975989
"4137","H. influenzae",0.0243729434571937
"4138","H. influenzae",0.0357714194685383
"4139","H. influenzae",0.0281943389446916
"4140","H. influenzae",0.0297700269186204
"4141","H. influenzae",0.0316125704542429
"4142","H. influenzae",0.0280720676807854
"4143","H. influenzae",0.0259515705675259
"4144","H. influenzae",0.0312848156813279
"4145","H. influenzae",0.0320169399517561
"4146","H. influenzae",0.0332888849444273
"4147","H. influenzae",0.0283417958699363
"4148","H. influenzae",0.0262419654501538
"4149","H. influenzae",0.0324981153886037
"4150","H. influenzae",0.03034009748952
"4151","H. influenzae",0.0355633962544887
"4152","H. influenzae",0.0294108809992587
"4153","H. influenzae",0.0283759872234017
"4154","H. influenzae",0.0286170809687233
"4155","H. influenzae",0.0315439162272816
"4156","H. influenzae",0.0303236343672
"4157","H. influenzae",0.0302047640851707
"4158","H. influenzae",0.0263259131426136
"4159","H. influenzae",0.032115174881593
"4160","H. influenzae",0.028948740831259
"4161","H. influenzae",0.0327991001957943
"4162","H. influenzae",0.0260591512245626
"4163","H. influenzae",0.0329467234809948
"4164","H. influenzae",0.0322980402982798
"4165","H. influenzae",0.0279975729676048
"4166","H. influenzae",0.0242111607141867
"4167","H. influenzae",0.0300525437522349
"4168","H. influenzae",0.0306672265311391
"4169","H. influenzae",0.0309955980343511
"4170","H. influenzae",0.0306936755902487
"4171","H. influenzae",0.0307560491887864
"4172","H. influenzae",0.029609569641271
"4173","H. influenzae",0.0319411425757179
"4174","H. influenzae",0.0314228638079612
"4175","H. influenzae",0.028224002625457
"4176","H. influenzae",0.0297210490908022
"4177","H. influenzae",0.0304795592932181
"4178","H. influenzae",0.0267813662325171
"4179","H. influenzae",0.0345959022209943
"4180","H. influenzae",0.0245077672193649
"4181","H. influenzae",0.0335980405724207
"4182","H. influenzae",0.0296382327094791
"4183","H. influenzae",0.0263633099637934
"4184","H. influenzae",0.0263595935386038
"4185","H. influenzae",0.0314402171894029
"4186","H. influenzae",0.0273421841260009
"4187","H. influenzae",0.0314954974853422
"4188","H. influenzae",0.0320698604399189
"4189","H. influenzae",0.0306105094359321
"4190","H. influenzae",0.0264769490282475
"4191","H. influenzae",0.0356499353456896
"4192","H. influenzae",0.02811396500626
"4193","H. influenzae",0.0300270621152211
"4194","H. influenzae",0.027219519560959
"4195","H. influenzae",0.032213824836102
"4196","H. influenzae",0.029510140149719
"4197","H. influenzae",0.0298262044982506
"4198","H. influenzae",0.0268148382775013
"4199","H. influenzae",0.0332754850089516
"4200","H. influenzae",0.0268454280190041
"4201","H. influenzae",0.0327003666431813
"4202","H. influenzae",0.032219506022005
"4203","H. influenzae",0.026726487142741
"4204","H. influenzae",0.0304094470829977
"4205","H. influenzae",0.0329012890777036
"4206","H. influenzae",0.0319992192518968
"4207","H. influenzae",0.0286080349805382
"4208","H. influenzae",0.0306209074594941
"4209","H. influenzae",0.0316469245016005
"4210","H. influenzae",0.0346680671960698
"4211","H. influenzae",0.0255154517099232
"4212","H. influenzae",0.0321760956688981
"4213","H. influenzae",0.0328033676703709
"4214","H. influenzae",0.0287425451874405
"4215","H. influenzae",0.0301523360521134
"4216","H. influenzae",0.0273459140947862
"4217","H. influenzae",0.0300887800499124
"4218","H. influenzae",0.0345022598909727
"4219","H. influenzae",0.0287345876527872
"4220","H. influenzae",0.0329703892398248
"4221","H. influenzae",0.0356390639890452
"4222","H. influenzae",0.0307874932094177
"4223","H. influenzae",0.0325914640400721
"4224","H. influenzae",0.0317448754713905
"4225","H. influenzae",0.0288809501559959
"4226","H. influenzae",0.0253734200032587
"4227","H. influenzae",0.0291638223345623
"4228","H. influenzae",0.0281856622538467
"4229","H. influenzae",0.0305960440376153
"4230","H. influenzae",0.031742842161424
"4231","H. influenzae",0.0278649370455633
"4232","H. influenzae",0.0280919591475654
"4233","H. influenzae",0.0346083522343944
"4234","H. influenzae",0.03493216929644
"4235","H. influenzae",0.0300728875824554
"4236","H. influenzae",0.0338522803711375
"4237","H. influenzae",0.0315656430656211
"4238","H. influenzae",0.0269978520583744
"4239","H. influenzae",0.0307006413140598
"4240","H. influenzae",0.0307155596670366
"4241","H. influenzae",0.0315839059424056
"4242","H. influenzae",0.0285372790234104
"4243","H. influenzae",0.0260471114303728
"4244","H. influenzae",0.032845688289432
"4245","H. influenzae",0.0288089483419933
"4246","H. influenzae",0.0284218045097762
"4247","H. influenzae",0.0332653990401861
"4248","H. influenzae",0.0281575426392484
"4249","H. influenzae",0.0329627668829758
"4250","H. influenzae",0.0243987045807137
"4251","H. influenzae",0.0280209979111781
"4252","H. influenzae",0.0297519752563657
"4253","H. influenzae",0.0263153118193384
"4254","H. influenzae",0.0306797680128262
"4255","H. influenzae",0.0314447806733025
"4256","H. influenzae",0.0312011590484956
"4257","H. influenzae",0.0318291026436951
"4258","H. influenzae",0.0305311066975333
"4259","H. influenzae",0.0251353348048539
"4260","H. influenzae",0.033435599557608
"4261","H. influenzae",0.0323002030583672
"4262","H. influenzae",0.0306842820089202
"4263","H. influenzae",0.0329105041235445
"4264","H. influenzae",0.0333461362395794
"4265","H. influenzae",0.0320344913694639
"4266","H. influenzae",0.0302859051683745
"4267","H. influenzae",0.03047505720485
"4268","H. influenzae",0.0259796993194248
"4269","H. influenzae",0.0301910370116224
"4270","H. influenzae",0.0334252084731536
"4271","H. influenzae",0.0337472724777024
"4272","H. influenzae",0.0309137396845978
"4273","H. influenzae",0.0296474790706154
"4274","H. influenzae",0.025314594761481
"4275","H. influenzae",0.0328273428428959
"4276","H. influenzae",0.0304947863202583
"4277","H. influenzae",0.0274776739051385
"4278","H. influenzae",0.031182907234143
"4279","H. influenzae",0.0314201218892777
"4280","H. influenzae",0.0276249502467903
"4281","H. influenzae",0.0328880273504793
"4282","H. influenzae",0.0265560916322176
"4283","H. influenzae",0.0310778454010906
"4284","H. influenzae",0.0328193073749466
"4285","H. influenzae",0.0318225570892442
"4286","H. influenzae",0.0312302804246745
"4287","H. influenzae",0.0341736028776376
"4288","H. influenzae",0.0304897015113796
"4289","H. influenzae",0.0280068753907105
"4290","H. influenzae",0.0329347342712464
"4291","H. influenzae",0.0280110625977611
"4292","H. influenzae",0.0342326318361137
"4293","H. influenzae",0.0341729592556777
"4294","H. influenzae",0.0297638717044117
"4295","H. influenzae",0.0281262278584788
"4296","H. influenzae",0.0304674225469283
"4297","H. influenzae",0.0292883241961836
"4298","H. influenzae",0.0219121280276622
"4299","H. influenzae",0.0294370099891398
"4300","H. influenzae",0.0343875805749521
"4301","H. influenzae",0.0262730849681654
"4302","H. influenzae",0.0289262115620602
"4303","H. influenzae",0.0313685634378051
"4304","H. influenzae",0.0324641476892936
"4305","H. influenzae",0.0323917994298308
"4306","H. influenzae",0.0288941559528517
"4307","H. influenzae",0.0280499388204207
"4308","H. influenzae",0.0262580252415174
"4309","H. influenzae",0.0280242551914465
"4310","H. influenzae",0.0276906275019109
"4311","H. influenzae",0.0322296597324329
"4312","H. influenzae",0.0262495428507589
"4313","H. influenzae",0.0263154190469718
"4314","H. influenzae",0.0267867951392555
"4315","H. influenzae",0.0318405191269072
"4316","H. influenzae",0.0287476429225514
"4317","H. influenzae",0.0312294423637254
"4318","H. influenzae",0.032986841135388
"4319","H. influenzae",0.0300804511542429
"4320","H. influenzae",0.0319275515038282
"4321","H. influenzae",0.0288002873003156
"4322","H. influenzae",0.0252034472936168
"4323","H. influenzae",0.0307538553905971
"4324","H. influenzae",0.0342259259581411
"4325","H. influenzae",0.0361981394569639
"4326","H. influenzae",0.029020274171801
"4327","H. influenzae",0.0322656717227697
"4328","H. influenzae",0.0272804076527415
"4329","H. influenzae",0.0282265592108981
"4330","H. influenzae",0.0297291831466173
"4331","H. influenzae",0.0266683686086139
"4332","H. influenzae",0.0270273962131272
"4333","H. influenzae",0.0334365669841802
"4334","H. influenzae",0.0327399445034263
"4335","H. influenzae",0.0302372544667675
"4336","H. influenzae",0.0274334774272372
"4337","H. influenzae",0.0298968311429338
"4338","H. influenzae",0.0255092356858031
"4339","H. influenzae",0.0292171705770025
"4340","H. influenzae",0.0319431424374677
"4341","H. influenzae",0.0319190214188051
"4342","H. influenzae",0.0274850119521673
"4343","H. influenzae",0.0283455317159026
"4344","H. influenzae",0.0307151261583527
"4345","H. influenzae",0.0299929059931024
"4346","H. influenzae",0.0265181631546456
"4347","H. influenzae",0.029999673495889
"4348","H. influenzae",0.0335206393968656
"4349","H. influenzae",0.0305572476563706
"4350","H. influenzae",0.0295953728096965
"4351","H. influenzae",0.0270313218201304
"4352","H. influenzae",0.0310271251523118
"4353","H. influenzae",0.0297593268518192
"4354","H. influenzae",0.0292457443484578
"4355","H. influenzae",0.0284941274572726
"4356","H. influenzae",0.023962107930393
"4357","H. influenzae",0.0253935921198145
"4358","H. influenzae",0.0313805682588979
"4359","H. influenzae",0.0281603457274974
"4360","H. influenzae",0.0264176451046207
"4361","H. influenzae",0.0240676590145393
"4362","H. influenzae",0.0304386375490458
"4363","H. influenzae",0.0253852384624851
"4364","H. influenzae",0.0318905072665477
"4365","H. influenzae",0.0284672259943155
"4366","H. influenzae",0.0296935495447698
"4367","H. influenzae",0.0369647701614441
"4368","H. influenzae",0.0285131981611584
"4369","H. influenzae",0.0314476450885222
"4370","H. influenzae",0.0272501491895473
"4371","H. influenzae",0.0343349761790974
"4372","H. influenzae",0.0302574431259847
"4373","H. influenzae",0.0241795481133624
"4374","H. influenzae",0.0298384982001711
"4375","H. influenzae",0.0321327533509565
"4376","H. influenzae",0.0285329820187978
"4377","H. influenzae",0.0343097924935175
"4378","H. influenzae",0.0321629842045763
"4379","H. influenzae",0.0286772402958436
"4380","H. influenzae",0.0353560243777922
"4381","H. influenzae",0.0267760410731771
"4382","H. influenzae",0.0307364367528462
"4383","H. influenzae",0.0286753452930279
"4384","H. influenzae",0.0319860520425746
"4385","H. influenzae",0.0340138080010554
"4386","H. influenzae",0.0300466533217857
"4387","H. influenzae",0.0290128428985056
"4388","H. influenzae",0.0260105094683988
"4389","H. influenzae",0.027382306710127
"4390","H. influenzae",0.0270329067592041
"4391","H. influenzae",0.0323121329676973
"4392","H. influenzae",0.030917731816562
"4393","H. influenzae",0.032468698921836
"4394","H. influenzae",0.0274201544677313
"4395","H. influenzae",0.0334536244408161
"4396","H. influenzae",0.033248128808469
"4397","H. influenzae",0.0295558233146301
"4398","H. influenzae",0.0286337446474979
"4399","H. influenzae",0.0272887846398047
"4400","H. influenzae",0.0294012274094029
"4401","H. influenzae",0.0315545613699434
"4402","H. influenzae",0.0247543692835684
"4403","H. influenzae",0.0300744927228307
"4404","H. influenzae",0.0260683456338148
"4405","H. influenzae",0.0277799184461784
"4406","H. influenzae",0.0288518575235245
"4407","H. influenzae",0.0269240142729631
"4408","H. influenzae",0.029743871281339
"4409","H. influenzae",0.0312200974925942
"4410","H. influenzae",0.027690415394794
"4411","H. influenzae",0.0372247301436854
"4412","H. influenzae",0.0318721913872011
"4413","H. influenzae",0.0295612011120695
"4414","H. influenzae",0.0287573381369917
"4415","H. influenzae",0.0293461660971187
"4416","H. influenzae",0.0342182108053255
"4417","H. influenzae",0.0309323667121193
"4418","H. influenzae",0.0293988377416202
"4419","H. influenzae",0.0303998884667327
"4420","H. influenzae",0.0277540711558695
"4421","H. influenzae",0.0286829708854058
"4422","H. influenzae",0.0272973060090191
"4423","H. influenzae",0.0285505509066346
"4424","H. influenzae",0.0278566327712209
"4425","H. influenzae",0.0268813455009347
"4426","H. influenzae",0.031378024054075
"4427","H. influenzae",0.030740469484788
"4428","H. influenzae",0.0325735196321042
"4429","H. influenzae",0.0305935258598311
"4430","H. influenzae",0.0321457844107583
"4431","H. influenzae",0.0302553437583055
"4432","H. influenzae",0.0313771689939876
"4433","H. influenzae",0.0277741287188173
"4434","H. influenzae",0.0261424238346571
"4435","H. influenzae",0.0289026116315893
"4436","H. influenzae",0.029765521558356
"4437","H. influenzae",0.02845284544113
"4438","H. influenzae",0.0364773718946469
"4439","H. influenzae",0.030307341549063
"4440","H. influenzae",0.0297951390368317
"4441","H. influenzae",0.0332236368193488
"4442","H. influenzae",0.0274331323880259
"4443","H. influenzae",0.0290527816943373
"4444","H. influenzae",0.0288557192635655
"4445","H. influenzae",0.0258055567275317
"4446","H. influenzae",0.0337624261902091
"4447","H. influenzae",0.0324865130989918
"4448","H. influenzae",0.028509157426257
"4449","H. influenzae",0.0241195437680287
"4450","H. influenzae",0.0324183847684223
"4451","H. influenzae",0.0253675177977751
"4452","H. influenzae",0.0257992424614027
"4453","H. influenzae",0.0328072014818916
"4454","H. influenzae",0.0317822382823833
"4455","H. influenzae",0.0283930691657
"4456","H. influenzae",0.0314935161305704
"4457","H. influenzae",0.020152115050308
"4458","H. influenzae",0.029834434018162
"4459","H. influenzae",0.0366763395359246
"4460","H. influenzae",0.025188592841306
"4461","H. influenzae",0.0275069882277136
"4462","H. influenzae",0.0347466177635194
"4463","H. influenzae",0.0291933476361605
"4464","H. influenzae",0.0321401509021368
"4465","H. influenzae",0.0265949810462809
"4466","H. influenzae",0.0308522587114619
"4467","H. influenzae",0.0347023835414846
"4468","H. influenzae",0.026016285100564
"4469","H. influenzae",0.0326416425070895
"4470","H. influenzae",0.0312691741980125
"4471","H. influenzae",0.0312205668020802
"4472","H. influenzae",0.0315651969540987
"4473","H. influenzae",0.0320618802829123
"4474","H. influenzae",0.0263056983035375
"4475","H. influenzae",0.0296860666117517
"4476","H. influenzae",0.0284953521220478
"4477","H. influenzae",0.0312868243949333
"4478","H. influenzae",0.0289814582118001
"4479","H. influenzae",0.0244974441500834
"4480","H. influenzae",0.0277707571547334
"4481","H. influenzae",0.0330726367122553
"4482","H. influenzae",0.0321772987154194
"4483","H. influenzae",0.0329696935059011
"4484","H. influenzae",0.0338607824923288
"4485","H. influenzae",0.032276277302187
"4486","H. influenzae",0.0301556423592881
"4487","H. influenzae",0.029284638248267
"4488","H. influenzae",0.0262269323112121
"4489","H. influenzae",0.028783705883468
"4490","H. influenzae",0.033585426851936
"4491","H. influenzae",0.0352237432562881
"4492","H. influenzae",0.0303772240140606
"4493","H. influenzae",0.0329924239641209
"4494","H. influenzae",0.030469015023801
"4495","H. influenzae",0.030196164624512
"4496","H. influenzae",0.0330027000017022
"4497","H. influenzae",0.0347182014293588
"4498","H. influenzae",0.0330221600704958
"4499","H. influenzae",0.0311737995717682
"4500","H. influenzae",0.0298446131842917
"4501","H. influenzae",0.0365307167796577
"4502","H. influenzae",0.0288798031627653
"4503","H. influenzae",0.0286895373751467
"4504","H. influenzae",0.0318026295820375
"4505","H. influenzae",0.0266307554578557
"4506","H. influenzae",0.0257029618591175
"4507","H. influenzae",0.0274820906654799
"4508","H. influenzae",0.029819276719236
"4509","H. influenzae",0.0233622788073543
"4510","H. influenzae",0.0273900462382727
"4511","H. influenzae",0.0286774784619489
"4512","H. influenzae",0.0300104864878762
"4513","H. influenzae",0.0283440206272252
"4514","H. influenzae",0.0259758913841277
"4515","H. influenzae",0.0305905134244873
"4516","H. influenzae",0.0305708303106048
"4517","H. influenzae",0.0309348104544003
"4518","H. influenzae",0.0330785752081081
"4519","H. influenzae",0.032364500333104
"4520","H. influenzae",0.0269365382517931
"4521","H. influenzae",0.0240119670245947
"4522","H. influenzae",0.0323281376819685
"4523","H. influenzae",0.0273976813000301
"4524","H. influenzae",0.0349013116738157
"4525","H. influenzae",0.0294183854660425
"4526","H. influenzae",0.0297748571355072
"4527","H. influenzae",0.0296819952874366
"4528","H. influenzae",0.0285260449005224
"4529","H. influenzae",0.0317062750824188
"4530","H. influenzae",0.0338177602000655
"4531","H. influenzae",0.0295749206971816
"4532","H. influenzae",0.0291432141475743
"4533","H. influenzae",0.0261791874986706
"4534","H. influenzae",0.0303886966077111
"4535","H. influenzae",0.0306813750155704
"4536","H. influenzae",0.0272638756903552
"4537","H. influenzae",0.0343089064249459
"4538","H. influenzae",0.0265940486459197
"4539","H. influenzae",0.0280073536936678
"4540","H. influenzae",0.0330306558978427
"4541","H. influenzae",0.0248721231891193
"4542","H. influenzae",0.0288604413661526
"4543","H. influenzae",0.0310393455518059
"4544","H. influenzae",0.0317311158903582
"4545","H. influenzae",0.0324283471918367
"4546","H. influenzae",0.0320182741554876
"4547","H. influenzae",0.0274851351734796
"4548","H. influenzae",0.0310750092695473
"4549","H. influenzae",0.0313057556288949
"4550","H. influenzae",0.0288882000885002
"4551","H. influenzae",0.0280233475094588
"4552","H. influenzae",0.0315109268581648
"4553","H. influenzae",0.0272442728452343
"4554","H. influenzae",0.0294307538186475
"4555","H. influenzae",0.0344782981781016
"4556","H. influenzae",0.0309058843446212
"4557","H. influenzae",0.0230893028985786
"4558","H. influenzae",0.0263079545001974
"4559","H. influenzae",0.0301494960875137
"4560","H. influenzae",0.0315867598342631
"4561","H. influenzae",0.0318028945291833
"4562","H. influenzae",0.0273435218510176
"4563","H. influenzae",0.0307885092531399
"4564","H. influenzae",0.0265803893594508
"4565","H. influenzae",0.0320164299400316
"4566","H. influenzae",0.0285188744331345
"4567","H. influenzae",0.0271771625272489
"4568","H. influenzae",0.0218399818366978
"4569","H. influenzae",0.0303746999173569
"4570","H. influenzae",0.0325640608449053
"4571","H. influenzae",0.0262847817920404
"4572","H. influenzae",0.031605416582703
"4573","H. influenzae",0.0294270466409004
"4574","H. influenzae",0.0341081950404288
"4575","H. influenzae",0.0306585484050946
"4576","H. influenzae",0.032002920996175
"4577","H. influenzae",0.0290530220667981
"4578","H. influenzae",0.0317154471799012
"4579","H. influenzae",0.0345311068466862
"4580","H. influenzae",0.0338952207800173
"4581","H. influenzae",0.0308889968426989
"4582","H. influenzae",0.0330070404636058
"4583","H. influenzae",0.0270760338177417
"4584","H. influenzae",0.0260995454480026
"4585","H. influenzae",0.0338962671993006
"4586","H. influenzae",0.03177373431106
"4587","H. influenzae",0.026322321436619
"4588","H. influenzae",0.0355067793346455
"4589","H. influenzae",0.0271811347555924
"4590","H. influenzae",0.0285552897243148
"4591","H. influenzae",0.0287998774754363
"4592","H. influenzae",0.0313225073671208
"4593","H. influenzae",0.0241438717827134
"4594","H. influenzae",0.0309108132120325
"4595","H. influenzae",0.0277989279128739
"4596","H. influenzae",0.0261950370654888
"4597","H. influenzae",0.0266385739601688
"4598","H. influenzae",0.0282183675193322
"4599","H. influenzae",0.0266284826239978
"4600","H. influenzae",0.0262584469251223
"4601","H. influenzae",0.0311892240267488
"4602","H. influenzae",0.0305557680610431
"4603","H. influenzae",0.0315395493020901
"4604","H. influenzae",0.0293382994587922
"4605","H. influenzae",0.0255262510654279
"4606","H. influenzae",0.0302575522855701
"4607","H. influenzae",0.0318455686153874
"4608","H. influenzae",0.0264795000842731
"4609","H. influenzae",0.03127150177947
"4610","H. influenzae",0.0274689843911184
"4611","H. influenzae",0.0319328797210521
"4612","H. influenzae",0.0263370878040223
"4613","H. influenzae",0.0280259464011039
"4614","H. influenzae",0.0297694981105154
"4615","H. influenzae",0.0332082462955466
"4616","H. influenzae",0.0255270364686654
"4617","H. influenzae",0.0323112492776944
"4618","H. influenzae",0.0354629456003015
"4619","H. influenzae",0.0265686102363282
"4620","H. influenzae",0.0255126804714286
"4621","H. influenzae",0.0334944916933976
"4622","H. influenzae",0.0280378364990015
"4623","H. influenzae",0.0251883178329629
"4624","H. influenzae",0.0291157881971455
"4625","H. influenzae",0.0243571477506514
"4626","H. influenzae",0.0313198614925012
"4627","H. influenzae",0.0349369996368762
"4628","H. influenzae",0.0238271823005057
"4629","H. influenzae",0.0296484610844483
"4630","H. influenzae",0.0337064952463711
"4631","H. influenzae",0.0281689049608381
"4632","H. influenzae",0.0245601166606987
"4633","H. influenzae",0.0267548186816368
"4634","H. influenzae",0.0286130620581586
"4635","H. influenzae",0.0317262841073207
"4636","H. influenzae",0.0330719603150028
"4637","H. influenzae",0.0328523824223722
"4638","H. influenzae",0.0264263060512364
"4639","H. influenzae",0.0304103097446099
"4640","H. influenzae",0.0310962942063479
"4641","H. influenzae",0.0280033905294488
"4642","H. influenzae",0.0281618936540399
"4643","H. influenzae",0.0304895170496698
"4644","H. influenzae",0.0315897986348121
"4645","H. influenzae",0.030087859506351
"4646","H. influenzae",0.0293111513046683
"4647","H. influenzae",0.0259432017741523
"4648","H. influenzae",0.0360231735475074
"4649","H. influenzae",0.0282801094857768
"4650","H. influenzae",0.0313781352678287
"4651","H. influenzae",0.0263116145763146
"4652","H. influenzae",0.0295732250319267
"4653","H. influenzae",0.0247678375149414
"4654","H. influenzae",0.0263820278626105
"4655","H. influenzae",0.0275430460106106
"4656","H. influenzae",0.0290065470339234
"4657","H. influenzae",0.0282134462062546
"4658","H. influenzae",0.0238101722895144
"4659","H. influenzae",0.0285507421625258
"4660","H. influenzae",0.0272543331279762
"4661","H. influenzae",0.0274119434698347
"4662","H. influenzae",0.031792598303549
"4663","H. influenzae",0.0260856165979098
"4664","H. influenzae",0.0275226000343744
"4665","H. influenzae",0.0279323348211005
"4666","H. influenzae",0.025622990174887
"4667","H. influenzae",0.0295159530069072
"4668","H. influenzae",0.0284459539650135
"4669","H. influenzae",0.0367259977714992
"4670","H. influenzae",0.0294111787956693
"4671","H. influenzae",0.0321499375635342
"4672","H. influenzae",0.0316274585723381
"4673","H. influenzae",0.0247676346311599
"4674","H. influenzae",0.0280953932949547
"4675","H. influenzae",0.0292881414854916
"4676","H. influenzae",0.0291291337264264
"4677","H. influenzae",0.0303167823993021
"4678","H. influenzae",0.0267666795461194
"4679","H. influenzae",0.0288221182932255
"4680","H. influenzae",0.0268221264154869
"4681","H. influenzae",0.0279660569905331
"4682","H. influenzae",0.0292124932576085
"4683","H. influenzae",0.0301362469943832
"4684","H. influenzae",0.028641759418055
"4685","H. influenzae",0.0286355993872668
"4686","H. influenzae",0.0284330869850386
"4687","H. influenzae",0.0317824716880653
"4688","H. influenzae",0.0282824579389056
"4689","H. influenzae",0.0283694159468643
"4690","H. influenzae",0.0284740069874469
"4691","H. influenzae",0.0287079256567802
"4692","H. influenzae",0.0296818963883016
"4693","H. influenzae",0.0329792145996165
"4694","H. influenzae",0.0325162955721128
"4695","H. influenzae",0.0306432539063173
"4696","H. influenzae",0.0270101146624459
"4697","H. influenzae",0.0327230593034839
"4698","H. influenzae",0.0286973228350722
"4699","H. influenzae",0.0272585971499621
"4700","H. influenzae",0.0250505300259325
"4701","H. influenzae",0.0332409959059016
"4702","H. influenzae",0.027354993027577
"4703","H. influenzae",0.0289118960899786
"4704","H. influenzae",0.0253496526159985
"4705","H. influenzae",0.0299136700289672
"4706","H. influenzae",0.0299636641541429
"4707","H. influenzae",0.0301406733825952
"4708","H. influenzae",0.030265962560027
"4709","H. influenzae",0.0251013327603438
"4710","H. influenzae",0.0296496422469386
"4711","H. influenzae",0.0280492469003871
"4712","H. influenzae",0.0313151370069271
"4713","H. influenzae",0.0347189185087917
"4714","H. influenzae",0.0287851875456184
"4715","H. influenzae",0.0279065620593669
"4716","H. influenzae",0.0312581479989781
"4717","H. influenzae",0.0293778340094415
"4718","H. influenzae",0.031342067634914
"4719","H. influenzae",0.0303013445119184
"4720","H. influenzae",0.0298628218179398
"4721","H. influenzae",0.031913885399918
"4722","H. influenzae",0.031573214112292
"4723","H. influenzae",0.0315785515645896
"4724","H. influenzae",0.0318518301612968
"4725","H. influenzae",0.0282610705315151
"4726","H. influenzae",0.033784943869842
"4727","H. influenzae",0.0296872659911751
"4728","H. influenzae",0.0293297339552535
"4729","H. influenzae",0.0290563544051744
"4730","H. influenzae",0.0287039247011411
"4731","H. influenzae",0.0267608100576107
"4732","H. influenzae",0.0265747298432434
"4733","H. influenzae",0.0268373867408516
"4734","H. influenzae",0.0298210098506776
"4735","H. influenzae",0.0319877766939894
"4736","H. influenzae",0.0259944325733327
"4737","H. influenzae",0.0276237691271612
"4738","H. influenzae",0.0279760385258173
"4739","H. influenzae",0.0326356481364295
"4740","H. influenzae",0.0284173952515745
"4741","H. influenzae",0.0305669284336522
"4742","H. influenzae",0.0273395309679154
"4743","H. influenzae",0.0279297709359839
"4744","H. influenzae",0.0230475760543178
"4745","H. influenzae",0.0310073503395081
"4746","H. influenzae",0.0298750591806837
"4747","H. influenzae",0.0342454842758501
"4748","H. influenzae",0.0299683172018965
"4749","H. influenzae",0.0300108840833209
"4750","H. influenzae",0.0286080101669413
"4751","H. influenzae",0.0299399681877655
"4752","H. influenzae",0.0278582235005563
"4753","H. influenzae",0.0275994812981732
"4754","H. influenzae",0.0264722443055276
"4755","H. influenzae",0.0341746917996194
"4756","H. influenzae",0.0312007029806206
"4757","H. influenzae",0.0315541665896836
"4758","H. influenzae",0.0300781782711459
"4759","H. influenzae",0.027019953755187
"4760","H. influenzae",0.0291878298398065
"4761","H. influenzae",0.0279811709369707
"4762","H. influenzae",0.0257201044805845
"4763","H. influenzae",0.0257633521496536
"4764","H. influenzae",0.0292652139240533
"4765","H. influenzae",0.0296946165395433
"4766","H. influenzae",0.0305696750818424
"4767","H. influenzae",0.0315424981183023
"4768","H. influenzae",0.0296862862901388
"4769","H. influenzae",0.0334581846383972
"4770","H. influenzae",0.0256577000598217
"4771","H. influenzae",0.0276376165777775
"4772","H. influenzae",0.0261517322316906
"4773","H. influenzae",0.0344934342367761
"4774","H. influenzae",0.0239051739315486
"4775","H. influenzae",0.0249994151843107
"4776","H. influenzae",0.0251900457597615
"4777","H. influenzae",0.0233811169659823
"4778","H. influenzae",0.0284416955257931
"4779","H. influenzae",0.0309133905078568
"4780","H. influenzae",0.0289834937253872
"4781","H. influenzae",0.0235977416466469
"4782","H. influenzae",0.0295883407736293
"4783","H. influenzae",0.0270347430461141
"4784","H. influenzae",0.0282105021917586
"4785","H. influenzae",0.0242822447361035
"4786","H. influenzae",0.0344286989964547
"4787","H. influenzae",0.0330543851803499
"4788","H. influenzae",0.0290987386082372
"4789","H. influenzae",0.0261835222866549
"4790","H. influenzae",0.0276605574594586
"4791","H. influenzae",0.029770522593729
"4792","H. influenzae",0.0284637715411172
"4793","H. influenzae",0.0315223897904648
"4794","H. influenzae",0.0344042812122011
"4795","H. influenzae",0.0279791176663206
"4796","H. influenzae",0.0327596741972882
"4797","H. influenzae",0.0234867449630687
"4798","H. influenzae",0.0297211042920383
"4799","H. influenzae",0.0301026607852687
"4800","H. influenzae",0.0311483481374206
"4801","H. influenzae",0.0287398743788326
"4802","H. influenzae",0.0285033735626279
"4803","H. influenzae",0.0254805476010612
"4804","H. influenzae",0.0331938829001186
"4805","H. influenzae",0.0297213012143348
"4806","H. influenzae",0.0260571878997119
"4807","H. influenzae",0.0246321480144756
"4808","H. influenzae",0.0289136766763115
"4809","H. influenzae",0.0331500133528584
"4810","H. influenzae",0.0288509530232992
"4811","H. influenzae",0.0346601485991265
"4812","H. influenzae",0.0358347543658342
"4813","H. influenzae",0.0284709196711248
"4814","H. influenzae",0.0269681779918023
"4815","H. influenzae",0.0300137928979784
"4816","H. influenzae",0.032089758868792
"4817","H. influenzae",0.0349957299387072
"4818","H. influenzae",0.0277830787737334
"4819","H. influenzae",0.0309227037240097
"4820","H. influenzae",0.0296745773863092
"4821","H. influenzae",0.026980574139593
"4822","H. influenzae",0.0264189292321319
"4823","H. influenzae",0.0293239851991332
"4824","H. influenzae",0.0276494180538202
"4825","H. influenzae",0.0293106011164275
"4826","H. influenzae",0.0297860211555258
"4827","H. influenzae",0.033858951310909
"4828","H. influenzae",0.0301516986812788
"4829","H. influenzae",0.0303565432705093
"4830","H. influenzae",0.0306271117272055
"4831","H. influenzae",0.0269454999097931
"4832","H. influenzae",0.0343405602525493
"4833","H. influenzae",0.028830120321628
"4834","H. influenzae",0.0268463524974589
"4835","H. influenzae",0.0282646582556258
"4836","H. influenzae",0.0261573553289091
"4837","H. influenzae",0.0269306925207186
"4838","H. influenzae",0.0328975671389164
"4839","H. influenzae",0.0311148450329751
"4840","H. influenzae",0.0243454383987274
"4841","H. influenzae",0.0348660226681304
"4842","H. influenzae",0.0289287382620135
"4843","H. influenzae",0.0293322581156276
"4844","H. influenzae",0.0280207059846454
"4845","H. influenzae",0.0306076273397881
"4846","H. influenzae",0.0348208702684664
"4847","H. influenzae",0.0262294789094819
"4848","H. influenzae",0.0314295436363397
"4849","H. influenzae",0.0334248000880044
"4850","H. influenzae",0.0320974024770171
"4851","H. influenzae",0.0301468443526461
"4852","H. influenzae",0.0308368083494023
"4853","H. influenzae",0.02968967096309
"4854","H. influenzae",0.0321394974765482
"4855","H. influenzae",0.0294634939215426
"4856","H. influenzae",0.0264271546570506
"4857","H. influenzae",0.0302188923908807
"4858","H. influenzae",0.0332508903416002
"4859","H. influenzae",0.0315899361072632
"4860","H. influenzae",0.0342053500852278
"4861","H. influenzae",0.0327033853104375
"4862","H. influenzae",0.0260235137984967
"4863","H. influenzae",0.0329034215603067
"4864","H. influenzae",0.0305468506034171
"4865","H. influenzae",0.027027173444343
"4866","H. influenzae",0.025389906323261
"4867","H. influenzae",0.0317656849681823
"4868","H. influenzae",0.0292168803823009
"4869","H. influenzae",0.0293621891714394
"4870","H. influenzae",0.0316433799223271
"4871","H. influenzae",0.0363557461894031
"4872","H. influenzae",0.0317328639143638
"4873","H. influenzae",0.0299979703467401
"4874","H. influenzae",0.0333852675281688
"4875","H. influenzae",0.0301723772720035
"4876","H. influenzae",0.0269179802368243
"4877","H. influenzae",0.0251974937147757
"4878","H. influenzae",0.038075132428909
"4879","H. influenzae",0.0269439845238513
"4880","H. influenzae",0.0319552231132226
"4881","H. influenzae",0.0283974950935098
"4882","H. influenzae",0.0323162852962966
"4883","H. influenzae",0.0285833285462713
"4884","H. influenzae",0.0343460137340834
"4885","H. influenzae",0.0263311842190207
"4886","H. influenzae",0.0306257803251243
"4887","H. influenzae",0.027649854815977
"4888","H. influenzae",0.0276601344497067
"4889","H. influenzae",0.0323715628909947
"4890","H. influenzae",0.028958606211532
"4891","H. influenzae",0.0297191259461801
"4892","H. influenzae",0.026832019286956
"4893","H. influenzae",0.0303285390132829
"4894","H. influenzae",0.0279197266068261
"4895","H. influenzae",0.0362988563505785
"4896","H. influenzae",0.0269665555501702
"4897","H. influenzae",0.0280177728141059
"4898","H. influenzae",0.0297475893151915
"4899","H. influenzae",0.0294124253342905
"4900","H. influenzae",0.0301223449813621
"4901","H. influenzae",0.0264481915431999
"4902","H. influenzae",0.0309023492252857
"4903","H. influenzae",0.0289710424910735
"4904","H. influenzae",0.0265648982491564
"4905","H. influenzae",0.0288978832966399
"4906","H. influenzae",0.0288102505155424
"4907","H. influenzae",0.0256166804106136
"4908","H. influenzae",0.0282457568515107
"4909","H. influenzae",0.0393943723301865
"4910","H. influenzae",0.0311759361167647
"4911","H. influenzae",0.0300012268282755
"4912","H. influenzae",0.0320245870937859
"4913","H. influenzae",0.026633155776061
"4914","H. influenzae",0.0271555201648698
"4915","H. influenzae",0.0276830600278242
"4916","H. influenzae",0.0306764573577112
"4917","H. influenzae",0.0289981860449109
"4918","H. influenzae",0.027261836808182
"4919","H. influenzae",0.029888936975401
"4920","H. influenzae",0.0273489225146799
"4921","H. influenzae",0.0326498185591715
"4922","H. influenzae",0.0289785259084451
"4923","H. influenzae",0.0294214181086089
"4924","H. influenzae",0.0312762819708579
"4925","H. influenzae",0.0297712008489603
"4926","H. influenzae",0.0237314619298129
"4927","H. influenzae",0.029290650266866
"4928","H. influenzae",0.0345256589285268
"4929","H. influenzae",0.0347806630794838
"4930","H. influenzae",0.0292021253182443
"4931","H. influenzae",0.0285040871063058
"4932","H. influenzae",0.0273569522218146
"4933","H. influenzae",0.028874559619111
"4934","H. influenzae",0.0287280163010777
"4935","H. influenzae",0.0358337549519204
"4936","H. influenzae",0.0321879880085432
"4937","H. influenzae",0.0296205994967792
"4938","H. influenzae",0.0312841908931762
"4939","H. influenzae",0.0235770014958651
"4940","H. influenzae",0.0338553331447246
"4941","H. influenzae",0.0294806141797088
"4942","H. influenzae",0.0316748757082122
"4943","H. influenzae",0.0280700322590854
"4944","H. influenzae",0.0272642052550212
"4945","H. influenzae",0.0282688919527918
"4946","H. influenzae",0.0288862881668877
"4947","H. influenzae",0.0338420702005125
"4948","H. influenzae",0.031540870909336
"4949","H. influenzae",0.0304114477516027
"4950","H. influenzae",0.0310468563445003
"4951","H. influenzae",0.0290911607225422
"4952","H. influenzae",0.0276896104326619
"4953","H. influenzae",0.030886046495388
"4954","H. influenzae",0.0280613346035898
"4955","H. influenzae",0.0308826009444353
"4956","H. influenzae",0.0284179540165206
"4957","H. influenzae",0.0276751328183829
"4958","H. influenzae",0.0283234698191033
"4959","H. influenzae",0.0315199033936934
"4960","H. influenzae",0.0323705627346131
"4961","H. influenzae",0.0299279624696103
"4962","H. influenzae",0.0258907203404805
"4963","H. influenzae",0.0309988598256159
"4964","H. influenzae",0.0319047784983301
"4965","H. influenzae",0.030617627813125
"4966","H. influenzae",0.0281899325420275
"4967","H. influenzae",0.0290288479237976
"4968","H. influenzae",0.0269443711420994
"4969","H. influenzae",0.0319609141139678
"4970","H. influenzae",0.0360912714274596
"4971","H. influenzae",0.0316022007816482
"4972","H. influenzae",0.0279407056920591
"4973","H. influenzae",0.0312867682417122
"4974","H. influenzae",0.0312925175079418
"4975","H. influenzae",0.0306641824547442
"4976","H. influenzae",0.031572064027167
"4977","H. influenzae",0.0311005073206197
"4978","H. influenzae",0.0306728694745331
"4979","H. influenzae",0.0287686151585826
"4980","H. influenzae",0.0258355263955831
"4981","H. influenzae",0.0329580684718697
"4982","H. influenzae",0.0323087756611108
"4983","H. influenzae",0.0282071141817363
"4984","H. influenzae",0.0312546785499172
"4985","H. influenzae",0.0321085165310983
"4986","H. influenzae",0.0329179558786794
"4987","H. influenzae",0.0289343801243815
"4988","H. influenzae",0.0291586719951252
"4989","H. influenzae",0.0306644468343231
"4990","H. influenzae",0.0298045657914622
"4991","H. influenzae",0.0269925786389037
"4992","H. influenzae",0.0332352707522792
"4993","H. influenzae",0.0213601755973844
"4994","H. influenzae",0.0342133196869932
"4995","H. influenzae",0.030888392513506
"4996","H. influenzae",0.0261995025350077
"4997","H. influenzae",0.0295213696438766
"4998","H. influenzae",0.0276913210548463
"4999","H. influenzae",0.029294895999441
"5000","H. influenzae",0.0310444277704466
"5001","K. pneumoniae",0.463468684484086
"5002","K. pneumoniae",0.374964812486843
"5003","K. pneumoniae",0.597333111005101
"5004","K. pneumoniae",0.651061100947639
"5005","K. pneumoniae",0.755346315828262
"5006","K. pneumoniae",0.944633797148715
"5007","K. pneumoniae",0.97430190018151
"5008","K. pneumoniae",0.702183801151653
"5009","K. pneumoniae",0.803857904421951
"5010","K. pneumoniae",1.10023513483663
"5011","K. pneumoniae",0.835407217610318
"5012","K. pneumoniae",0.801348415441191
"5013","K. pneumoniae",0.443339051377098
"5014","K. pneumoniae",0.613486951437618
"5015","K. pneumoniae",0.932128877816978
"5016","K. pneumoniae",0.518569452487679
"5017","K. pneumoniae",0.458551705714245
"5018","K. pneumoniae",0.764869292041082
"5019","K. pneumoniae",0.690290535061078
"5020","K. pneumoniae",0.826388576187265
"5021","K. pneumoniae",1.29652408036026
"5022","K. pneumoniae",0.859708555530403
"5023","K. pneumoniae",0.911822403879152
"5024","K. pneumoniae",0.201877223156148
"5025","K. pneumoniae",0.814682004812966
"5026","K. pneumoniae",0.772598057366282
"5027","K. pneumoniae",0.550443747624115
"5028","K. pneumoniae",0.658546777129563
"5029","K. pneumoniae",1.05275412984323
"5030","K. pneumoniae",1.1497831377321
"5031","K. pneumoniae",0.907363851485155
"5032","K. pneumoniae",0.619192128370151
"5033","K. pneumoniae",0.782999031711863
"5034","K. pneumoniae",0.737052321621562
"5035","K. pneumoniae",0.788256613191752
"5036","K. pneumoniae",0.418634561990173
"5037","K. pneumoniae",0.470618299437719
"5038","K. pneumoniae",0.719233513250708
"5039","K. pneumoniae",0.798857873918702
"5040","K. pneumoniae",0.536406348541812
"5041","K. pneumoniae",0.463533340028705
"5042","K. pneumoniae",0.61573109348128
"5043","K. pneumoniae",0.950443164845977
"5044","K. pneumoniae",0.54037979016713
"5045","K. pneumoniae",0.668349343312149
"5046","K. pneumoniae",0.395776962343191
"5047","K. pneumoniae",0.482243392785995
"5048","K. pneumoniae",0.872987930984047
"5049","K. pneumoniae",0.535543738393822
"5050","K. pneumoniae",0.492649667727284
"5051","K. pneumoniae",0.437533231197364
"5052","K. pneumoniae",0.709069256952607
"5053","K. pneumoniae",0.781022837634727
"5054","K. pneumoniae",0.304258229527029
"5055","K. pneumoniae",0.455055007474311
"5056","K. pneumoniae",0.920873307907749
"5057","K. pneumoniae",0.743422252314569
"5058","K. pneumoniae",0.49693999202958
"5059","K. pneumoniae",0.604023434297958
"5060","K. pneumoniae",0.496552300234031
"5061","K. pneumoniae",0.48793485109281
"5062","K. pneumoniae",0.494593490604187
"5063","K. pneumoniae",0.350339218290093
"5064","K. pneumoniae",0.921650603970408
"5065","K. pneumoniae",0.431740786854088
"5066","K. pneumoniae",0.696056313466491
"5067","K. pneumoniae",0.590064368023769
"5068","K. pneumoniae",0.762137644611404
"5069","K. pneumoniae",0.645974511241985
"5070","K. pneumoniae",0.775064666485599
"5071","K. pneumoniae",0.572666578489327
"5072","K. pneumoniae",0.659768523714006
"5073","K. pneumoniae",0.752136700468192
"5074","K. pneumoniae",0.931181512018532
"5075","K. pneumoniae",0.865963211382338
"5076","K. pneumoniae",0.935043021323946
"5077","K. pneumoniae",0.597105421048743
"5078","K. pneumoniae",0.501043843095102
"5079","K. pneumoniae",0.565619518623025
"5080","K. pneumoniae",0.584445452006759
"5081","K. pneumoniae",0.63248079714773
"5082","K. pneumoniae",0.639428809061416
"5083","K. pneumoniae",0.750599591083693
"5084","K. pneumoniae",0.52725013522813
"5085","K. pneumoniae",0.525810291968345
"5086","K. pneumoniae",0.679525361321758
"5087","K. pneumoniae",0.588311890815854
"5088","K. pneumoniae",0.441993625427131
"5089","K. pneumoniae",1.03373249521359
"5090","K. pneumoniae",0.555188214842036
"5091","K. pneumoniae",0.899219948146106
"5092","K. pneumoniae",0.841141929528683
"5093","K. pneumoniae",0.866043710922834
"5094","K. pneumoniae",0.800812243998911
"5095","K. pneumoniae",0.555583970543983
"5096","K. pneumoniae",0.543901412024723
"5097","K. pneumoniae",0.649740638261828
"5098","K. pneumoniae",0.992612755237714
"5099","K. pneumoniae",0.692595053412079
"5100","K. pneumoniae",0.594854936540735
"5101","K. pneumoniae",0.795041545270865
"5102","K. pneumoniae",0.50178895156162
"5103","K. pneumoniae",0.66514270568944
"5104","K. pneumoniae",0.652654188585693
"5105","K. pneumoniae",0.800862236249235
"5106","K. pneumoniae",0.666362984219729
"5107","K. pneumoniae",0.428448763069421
"5108","K. pneumoniae",0.707485409718153
"5109","K. pneumoniae",0.427941310385238
"5110","K. pneumoniae",0.764608011992521
"5111","K. pneumoniae",0.535854579913893
"5112","K. pneumoniae",0.665640504030974
"5113","K. pneumoniae",0.412888845720595
"5114","K. pneumoniae",0.532255392555656
"5115","K. pneumoniae",1.11923249203178
"5116","K. pneumoniae",0.749557873903023
"5117","K. pneumoniae",0.660349144097878
"5118","K. pneumoniae",0.563134645730277
"5119","K. pneumoniae",0.871769437409192
"5120","K. pneumoniae",0.657937722139049
"5121","K. pneumoniae",0.465027552846955
"5122","K. pneumoniae",0.89519519139431
"5123","K. pneumoniae",1.03478560355715
"5124","K. pneumoniae",0.443964106143083
"5125","K. pneumoniae",0.481812396685193
"5126","K. pneumoniae",0.988635165643811
"5127","K. pneumoniae",0.531049182620606
"5128","K. pneumoniae",0.47724705011198
"5129","K. pneumoniae",0.375164292497281
"5130","K. pneumoniae",0.634070914928174
"5131","K. pneumoniae",0.511306860224841
"5132","K. pneumoniae",0.437714974236017
"5133","K. pneumoniae",0.761530627949964
"5134","K. pneumoniae",0.177233497092834
"5135","K. pneumoniae",0.690867250183162
"5136","K. pneumoniae",0.229220024336998
"5137","K. pneumoniae",0.727724413725888
"5138","K. pneumoniae",0.950105902331065
"5139","K. pneumoniae",0.669374346439058
"5140","K. pneumoniae",0.644179308534473
"5141","K. pneumoniae",0.842726658272725
"5142","K. pneumoniae",0.700692647060158
"5143","K. pneumoniae",0.77670012155069
"5144","K. pneumoniae",0.791480940676304
"5145","K. pneumoniae",0.578555313408163
"5146","K. pneumoniae",0.715609699805284
"5147","K. pneumoniae",0.841084208729745
"5148","K. pneumoniae",0.643934725529282
"5149","K. pneumoniae",0.565286992915336
"5150","K. pneumoniae",0.990482667904965
"5151","K. pneumoniae",0.897994455912646
"5152","K. pneumoniae",0.6483999829747
"5153","K. pneumoniae",0.90721218575453
"5154","K. pneumoniae",0.923080461998733
"5155","K. pneumoniae",0.817421181327166
"5156","K. pneumoniae",0.386471153728156
"5157","K. pneumoniae",0.442089551315427
"5158","K. pneumoniae",0.625348095162745
"5159","K. pneumoniae",0.700184144511113
"5160","K. pneumoniae",0.67594588196178
"5161","K. pneumoniae",0.666129992630611
"5162","K. pneumoniae",0.614698403614162
"5163","K. pneumoniae",0.530748200040719
"5164","K. pneumoniae",0.61371146076838
"5165","K. pneumoniae",0.298107024325176
"5166","K. pneumoniae",0.72318492840329
"5167","K. pneumoniae",0.970922384473834
"5168","K. pneumoniae",0.542926028558141
"5169","K. pneumoniae",0.761252197226257
"5170","K. pneumoniae",0.502706612385694
"5171","K. pneumoniae",0.668134809586367
"5172","K. pneumoniae",0.908592234565322
"5173","K. pneumoniae",0.837911839187093
"5174","K. pneumoniae",0.928811492959657
"5175","K. pneumoniae",0.197287904898631
"5176","K. pneumoniae",0.844767221512525
"5177","K. pneumoniae",0.992120637993261
"5178","K. pneumoniae",0.397811426062506
"5179","K. pneumoniae",0.658476375853435
"5180","K. pneumoniae",0.470320919464313
"5181","K. pneumoniae",0.790065679524331
"5182","K. pneumoniae",0.840561084920176
"5183","K. pneumoniae",0.89588114849773
"5184","K. pneumoniae",0.819634223153613
"5185","K. pneumoniae",0.726553545515282
"5186","K. pneumoniae",0.696277885939566
"5187","K. pneumoniae",0.743080062891187
"5188","K. pneumoniae",0.703846704002862
"5189","K. pneumoniae",0.642010587029128
"5190","K. pneumoniae",0.481962018164941
"5191","K. pneumoniae",0.751831086732009
"5192","K. pneumoniae",0.407074056713286
"5193","K. pneumoniae",0.50507952355199
"5194","K. pneumoniae",0.501648049939097
"5195","K. pneumoniae",0.646173091008765
"5196","K. pneumoniae",0.902680613924964
"5197","K. pneumoniae",1.11819709416612
"5198","K. pneumoniae",1.0808054632554
"5199","K. pneumoniae",0.726902847022219
"5200","K. pneumoniae",0.525339150550085
"5201","K. pneumoniae",0.66545219166926
"5202","K. pneumoniae",0.934409254580652
"5203","K. pneumoniae",0.882452297487013
"5204","K. pneumoniae",1.18168888602315
"5205","K. pneumoniae",1.00573072048733
"5206","K. pneumoniae",0.902955503137286
"5207","K. pneumoniae",0.726152218230057
"5208","K. pneumoniae",1.07961744962626
"5209","K. pneumoniae",0.719252212339693
"5210","K. pneumoniae",0.846882382561326
"5211","K. pneumoniae",1.02739076524589
"5212","K. pneumoniae",0.576444844878242
"5213","K. pneumoniae",0.525003057412363
"5214","K. pneumoniae",0.960237999948847
"5215","K. pneumoniae",0.574090889724077
"5216","K. pneumoniae",0.956007127342009
"5217","K. pneumoniae",0.549182454313129
"5218","K. pneumoniae",0.735819183199218
"5219","K. pneumoniae",0.55842845078953
"5220","K. pneumoniae",0.405268408822782
"5221","K. pneumoniae",0.648546135341494
"5222","K. pneumoniae",0.326550318312378
"5223","K. pneumoniae",0.754509810836363
"5224","K. pneumoniae",0.930881380411204
"5225","K. pneumoniae",0.793212511005357
"5226","K. pneumoniae",0.521578347584663
"5227","K. pneumoniae",0.434501667722451
"5228","K. pneumoniae",0.549365378327441
"5229","K. pneumoniae",0.567461249888165
"5230","K. pneumoniae",0.722476032571586
"5231","K. pneumoniae",0.785968075083853
"5232","K. pneumoniae",0.683145240939581
"5233","K. pneumoniae",0.951081137592517
"5234","K. pneumoniae",0.91617966403621
"5235","K. pneumoniae",0.592970051284868
"5236","K. pneumoniae",0.743119323047379
"5237","K. pneumoniae",0.75114950030844
"5238","K. pneumoniae",0.564280965100578
"5239","K. pneumoniae",1.02165745803614
"5240","K. pneumoniae",0.585063172703799
"5241","K. pneumoniae",0.6652501472184
"5242","K. pneumoniae",0.690263744154128
"5243","K. pneumoniae",0.778727592273664
"5244","K. pneumoniae",0.984453014705189
"5245","K. pneumoniae",0.929718856974854
"5246","K. pneumoniae",0.66528046145147
"5247","K. pneumoniae",0.414623952044544
"5248","K. pneumoniae",0.503283122618939
"5249","K. pneumoniae",0.715595366937087
"5250","K. pneumoniae",0.927258329139623
"5251","K. pneumoniae",0.748297679791296
"5252","K. pneumoniae",0.660987665380998
"5253","K. pneumoniae",0.622548249230891
"5254","K. pneumoniae",0.68966466437921
"5255","K. pneumoniae",0.641435582032853
"5256","K. pneumoniae",0.748021835515053
"5257","K. pneumoniae",0.499023709945318
"5258","K. pneumoniae",0.872060818957683
"5259","K. pneumoniae",0.650998707578702
"5260","K. pneumoniae",0.736510549145817
"5261","K. pneumoniae",0.541468367607135
"5262","K. pneumoniae",0.551259162890489
"5263","K. pneumoniae",0.963473086718727
"5264","K. pneumoniae",0.266076006909729
"5265","K. pneumoniae",0.890096742233651
"5266","K. pneumoniae",0.445195923888857
"5267","K. pneumoniae",0.570120382567606
"5268","K. pneumoniae",0.738049715397777
"5269","K. pneumoniae",0.212256879441457
"5270","K. pneumoniae",0.372114515095156
"5271","K. pneumoniae",0.616140455101908
"5272","K. pneumoniae",0.668109363824585
"5273","K. pneumoniae",0.948057589331628
"5274","K. pneumoniae",0.69182047019321
"5275","K. pneumoniae",0.684783843907314
"5276","K. pneumoniae",0.750679802643874
"5277","K. pneumoniae",0.269951614688121
"5278","K. pneumoniae",0.671972607842357
"5279","K. pneumoniae",0.48797755185126
"5280","K. pneumoniae",0.779813302921355
"5281","K. pneumoniae",0.7377273493859
"5282","K. pneumoniae",0.667398136433225
"5283","K. pneumoniae",0.692810030876318
"5284","K. pneumoniae",0.817883959830967
"5285","K. pneumoniae",0.675499514132307
"5286","K. pneumoniae",0.591284701457427
"5287","K. pneumoniae",0.597386558028607
"5288","K. pneumoniae",0.793680862881225
"5289","K. pneumoniae",0.755714486477088
"5290","K. pneumoniae",0.821157865420384
"5291","K. pneumoniae",0.696900620348381
"5292","K. pneumoniae",0.218962446809441
"5293","K. pneumoniae",0.548498706048857
"5294","K. pneumoniae",0.5364826226361
"5295","K. pneumoniae",0.563737822991327
"5296","K. pneumoniae",0.595979145008825
"5297","K. pneumoniae",0.672813134614809
"5298","K. pneumoniae",0.815011048984717
"5299","K. pneumoniae",0.587681511305186
"5300","K. pneumoniae",0.210875934843851
"5301","K. pneumoniae",0.612280438006431
"5302","K. pneumoniae",0.452681823719486
"5303","K. pneumoniae",0.762825050596265
"5304","K. pneumoniae",0.611022991736848
"5305","K. pneumoniae",0.45544167130048
"5306","K. pneumoniae",0.790342299017258
"5307","K. pneumoniae",0.543370206028431
"5308","K. pneumoniae",0.194095614681866
"5309","K. pneumoniae",0.367330361106812
"5310","K. pneumoniae",0.152235518812959
"5311","K. pneumoniae",0.523427932815667
"5312","K. pneumoniae",0.390092689062885
"5313","K. pneumoniae",0.766829240654703
"5314","K. pneumoniae",0.475615479894319
"5315","K. pneumoniae",0.948463755050847
"5316","K. pneumoniae",0.226747784664872
"5317","K. pneumoniae",1.05053065031598
"5318","K. pneumoniae",0.522419570348988
"5319","K. pneumoniae",0.930708248519691
"5320","K. pneumoniae",0.978344989546012
"5321","K. pneumoniae",0.544478497292549
"5322","K. pneumoniae",0.426338250231162
"5323","K. pneumoniae",0.542995816114233
"5324","K. pneumoniae",0.751594780649596
"5325","K. pneumoniae",0.767529173733612
"5326","K. pneumoniae",0.539789346584235
"5327","K. pneumoniae",0.542803939286622
"5328","K. pneumoniae",0.694679701781955
"5329","K. pneumoniae",0.678621904848738
"5330","K. pneumoniae",0.724670527774879
"5331","K. pneumoniae",0.322024204034892
"5332","K. pneumoniae",0.731674695391874
"5333","K. pneumoniae",0.618043612163629
"5334","K. pneumoniae",1.08841655555516
"5335","K. pneumoniae",0.666911091053835
"5336","K. pneumoniae",0.587898791513415
"5337","K. pneumoniae",0.904672048075243
"5338","K. pneumoniae",0.744890553350844
"5339","K. pneumoniae",0.703033193512915
"5340","K. pneumoniae",0.498814623185936
"5341","K. pneumoniae",0.391520715694127
"5342","K. pneumoniae",0.699961789232525
"5343","K. pneumoniae",0.6887255188611
"5344","K. pneumoniae",0.836770626609442
"5345","K. pneumoniae",0.4837451903986
"5346","K. pneumoniae",1.1111793492497
"5347","K. pneumoniae",0.734698704160959
"5348","K. pneumoniae",0.421551195799174
"5349","K. pneumoniae",0.464955261939981
"5350","K. pneumoniae",0.535257703202402
"5351","K. pneumoniae",0.564104848884823
"5352","K. pneumoniae",0.917429873246403
"5353","K. pneumoniae",0.921221338705823
"5354","K. pneumoniae",0.580745498139001
"5355","K. pneumoniae",0.540931326550231
"5356","K. pneumoniae",0.75764989355149
"5357","K. pneumoniae",0.288076132631457
"5358","K. pneumoniae",0.625189087983458
"5359","K. pneumoniae",0.511782174137739
"5360","K. pneumoniae",0.858914776489817
"5361","K. pneumoniae",0.554043609424212
"5362","K. pneumoniae",0.372447596342109
"5363","K. pneumoniae",0.676569454432891
"5364","K. pneumoniae",0.384187193151366
"5365","K. pneumoniae",0.866208215633033
"5366","K. pneumoniae",0.366301241425341
"5367","K. pneumoniae",0.895559010959974
"5368","K. pneumoniae",0.797045377829365
"5369","K. pneumoniae",0.590543706693739
"5370","K. pneumoniae",0.829117238866857
"5371","K. pneumoniae",0.851725201111988
"5372","K. pneumoniae",0.606953537643263
"5373","K. pneumoniae",0.514463582556217
"5374","K. pneumoniae",1.03529866702891
"5375","K. pneumoniae",0.619169092839769
"5376","K. pneumoniae",0.594558588621087
"5377","K. pneumoniae",0.657090311000307
"5378","K. pneumoniae",0.893664151841566
"5379","K. pneumoniae",0.859479440838264
"5380","K. pneumoniae",0.372805659247076
"5381","K. pneumoniae",0.407396792586348
"5382","K. pneumoniae",0.778317864954913
"5383","K. pneumoniae",0.792070638139088
"5384","K. pneumoniae",0.26391785741743
"5385","K. pneumoniae",0.489892290311072
"5386","K. pneumoniae",0.798942360876456
"5387","K. pneumoniae",0.637254311056265
"5388","K. pneumoniae",0.399899014717403
"5389","K. pneumoniae",0.871693649432719
"5390","K. pneumoniae",0.745419199013502
"5391","K. pneumoniae",0.959555912104763
"5392","K. pneumoniae",0.800456645343578
"5393","K. pneumoniae",0.638183034282683
"5394","K. pneumoniae",0.709690164576225
"5395","K. pneumoniae",0.558441165455784
"5396","K. pneumoniae",0.411155321181407
"5397","K. pneumoniae",0.978041817412634
"5398","K. pneumoniae",0.630185206965502
"5399","K. pneumoniae",0.562336554995703
"5400","K. pneumoniae",0.994703981328937
"5401","K. pneumoniae",0.54401642572696
"5402","K. pneumoniae",0.727317503969223
"5403","K. pneumoniae",0.545441235224708
"5404","K. pneumoniae",0.80953442900015
"5405","K. pneumoniae",0.436549982597311
"5406","K. pneumoniae",1.08262589083948
"5407","K. pneumoniae",0.253221951260494
"5408","K. pneumoniae",0.738842982644386
"5409","K. pneumoniae",0.934850301741595
"5410","K. pneumoniae",0.4537710707511
"5411","K. pneumoniae",0.834619655647964
"5412","K. pneumoniae",0.583847004044983
"5413","K. pneumoniae",0.425163609351827
"5414","K. pneumoniae",0.69219678754293
"5415","K. pneumoniae",0.349585798140487
"5416","K. pneumoniae",0.55105374276318
"5417","K. pneumoniae",0.547077279724644
"5418","K. pneumoniae",0.81837358325215
"5419","K. pneumoniae",0.731874431642876
"5420","K. pneumoniae",0.40721952639296
"5421","K. pneumoniae",0.746833173402164
"5422","K. pneumoniae",0.884381375286086
"5423","K. pneumoniae",0.484489771934667
"5424","K. pneumoniae",0.55992519388242
"5425","K. pneumoniae",0.434175638632391
"5426","K. pneumoniae",0.824463029554238
"5427","K. pneumoniae",0.646780548819598
"5428","K. pneumoniae",0.731612811698645
"5429","K. pneumoniae",0.671146077473677
"5430","K. pneumoniae",0.671001965036461
"5431","K. pneumoniae",0.622519170965966
"5432","K. pneumoniae",0.83791373035211
"5433","K. pneumoniae",0.564382269370523
"5434","K. pneumoniae",0.485502503924532
"5435","K. pneumoniae",0.435263916605649
"5436","K. pneumoniae",1.12372228928735
"5437","K. pneumoniae",0.624182903880614
"5438","K. pneumoniae",0.496018392812106
"5439","K. pneumoniae",0.603201627140279
"5440","K. pneumoniae",0.724978737979089
"5441","K. pneumoniae",0.791222352682441
"5442","K. pneumoniae",0.909211453083015
"5443","K. pneumoniae",0.775979574508225
"5444","K. pneumoniae",0.849522181208663
"5445","K. pneumoniae",0.361705723634271
"5446","K. pneumoniae",0.789650395272125
"5447","K. pneumoniae",0.727781033377792
"5448","K. pneumoniae",0.460703176834484
"5449","K. pneumoniae",0.25817744917401
"5450","K. pneumoniae",0.907701756401495
"5451","K. pneumoniae",0.661606681244586
"5452","K. pneumoniae",0.903626798566224
"5453","K. pneumoniae",0.914135997821871
"5454","K. pneumoniae",0.888754219350644
"5455","K. pneumoniae",0.620960754892939
"5456","K. pneumoniae",0.544885194400463
"5457","K. pneumoniae",0.413080959173168
"5458","K. pneumoniae",0.525211482045036
"5459","K. pneumoniae",0.58433680007554
"5460","K. pneumoniae",0.811470741144941
"5461","K. pneumoniae",0.716624854364823
"5462","K. pneumoniae",0.688474243885365
"5463","K. pneumoniae",0.699482335347097
"5464","K. pneumoniae",0.514329719449419
"5465","K. pneumoniae",0.813635595817461
"5466","K. pneumoniae",0.44767556155224
"5467","K. pneumoniae",0.546715727829534
"5468","K. pneumoniae",0.60338948090796
"5469","K. pneumoniae",0.470862435023546
"5470","K. pneumoniae",0.790181466704465
"5471","K. pneumoniae",0.55844213722092
"5472","K. pneumoniae",0.931070962625392
"5473","K. pneumoniae",0.843471421830954
"5474","K. pneumoniae",0.571364510510974
"5475","K. pneumoniae",0.542755925769007
"5476","K. pneumoniae",0.289930456530667
"5477","K. pneumoniae",0.533433834382766
"5478","K. pneumoniae",0.716817422417029
"5479","K. pneumoniae",0.67599411881069
"5480","K. pneumoniae",0.256400298592751
"5481","K. pneumoniae",0.599904697959158
"5482","K. pneumoniae",0.527994893964954
"5483","K. pneumoniae",0.79599039696736
"5484","K. pneumoniae",0.571088074397061
"5485","K. pneumoniae",0.326108817947518
"5486","K. pneumoniae",0.766462035838375
"5487","K. pneumoniae",0.440601167579486
"5488","K. pneumoniae",0.378955551217993
"5489","K. pneumoniae",0.802467870060815
"5490","K. pneumoniae",0.487405212812403
"5491","K. pneumoniae",0.525510029608446
"5492","K. pneumoniae",0.713256410465401
"5493","K. pneumoniae",0.72761409704222
"5494","K. pneumoniae",0.689482121590237
"5495","K. pneumoniae",0.686391443363207
"5496","K. pneumoniae",0.612839346117587
"5497","K. pneumoniae",0.59466412443866
"5498","K. pneumoniae",0.816877772148282
"5499","K. pneumoniae",0.886260789778544
"5500","K. pneumoniae",0.98397315992538
"5501","K. pneumoniae",0.4125653816067
"5502","K. pneumoniae",0.86792934374347
"5503","K. pneumoniae",0.880772773568267
"5504","K. pneumoniae",1.1340372421692
"5505","K. pneumoniae",0.641604827991262
"5506","K. pneumoniae",0.537260353474067
"5507","K. pneumoniae",0.783251776245276
"5508","K. pneumoniae",0.387794559558257
"5509","K. pneumoniae",0.5036850103669
"5510","K. pneumoniae",0.448386223430661
"5511","K. pneumoniae",0.771738616027685
"5512","K. pneumoniae",0.497907785161564
"5513","K. pneumoniae",1.13239523673398
"5514","K. pneumoniae",0.414434179915184
"5515","K. pneumoniae",0.384433301917411
"5516","K. pneumoniae",0.577069520256794
"5517","K. pneumoniae",0.515240973102439
"5518","K. pneumoniae",0.341730622901896
"5519","K. pneumoniae",0.572023105643377
"5520","K. pneumoniae",0.630917004546329
"5521","K. pneumoniae",0.375095728642626
"5522","K. pneumoniae",0.611260906585244
"5523","K. pneumoniae",0.836610199281495
"5524","K. pneumoniae",0.632851146281606
"5525","K. pneumoniae",0.6900614638226
"5526","K. pneumoniae",0.649106424710979
"5527","K. pneumoniae",0.589988352473527
"5528","K. pneumoniae",0.707094024669567
"5529","K. pneumoniae",1.05886689660899
"5530","K. pneumoniae",0.269003609903835
"5531","K. pneumoniae",0.409447283785396
"5532","K. pneumoniae",1.07295584708121
"5533","K. pneumoniae",0.726733586725296
"5534","K. pneumoniae",0.330321979412476
"5535","K. pneumoniae",0.431937789017544
"5536","K. pneumoniae",0.914383830835798
"5537","K. pneumoniae",0.616043542793791
"5538","K. pneumoniae",0.298765551485582
"5539","K. pneumoniae",0.775233565452464
"5540","K. pneumoniae",0.98884044297994
"5541","K. pneumoniae",1.07707067811158
"5542","K. pneumoniae",0.84814147769562
"5543","K. pneumoniae",0.874505385105538
"5544","K. pneumoniae",0.88714718788664
"5545","K. pneumoniae",0.892193527734884
"5546","K. pneumoniae",0.457083767244407
"5547","K. pneumoniae",0.655945873108353
"5548","K. pneumoniae",1.04229761137822
"5549","K. pneumoniae",0.511210910489551
"5550","K. pneumoniae",0.832189463414904
"5551","K. pneumoniae",0.648534159871646
"5552","K. pneumoniae",0.639666802491023
"5553","K. pneumoniae",0.720015468610473
"5554","K. pneumoniae",0.81367216173445
"5555","K. pneumoniae",0.764678102306284
"5556","K. pneumoniae",0.819799227953264
"5557","K. pneumoniae",0.888301832519093
"5558","K. pneumoniae",0.706713494070368
"5559","K. pneumoniae",0.731868014975045
"5560","K. pneumoniae",0.682002043562257
"5561","K. pneumoniae",0.288935861927005
"5562","K. pneumoniae",0.319343142241829
"5563","K. pneumoniae",0.215753560639226
"5564","K. pneumoniae",0.730336369692566
"5565","K. pneumoniae",0.488064017361147
"5566","K. pneumoniae",0.648083254106769
"5567","K. pneumoniae",1.01360099558628
"5568","K. pneumoniae",0.612004656739701
"5569","K. pneumoniae",0.0848139200321361
"5570","K. pneumoniae",1.02633503255945
"5571","K. pneumoniae",0.108813389900838
"5572","K. pneumoniae",0.249881268753647
"5573","K. pneumoniae",0.345148136467733
"5574","K. pneumoniae",0.446705307025591
"5575","K. pneumoniae",0.210400442776499
"5576","K. pneumoniae",0.444007331646355
"5577","K. pneumoniae",0.390359484088764
"5578","K. pneumoniae",0.758267504574785
"5579","K. pneumoniae",0.384424704842932
"5580","K. pneumoniae",0.709107998488461
"5581","K. pneumoniae",0.542002183781118
"5582","K. pneumoniae",0.734804486278449
"5583","K. pneumoniae",0.706927475330234
"5584","K. pneumoniae",0.539376375732247
"5585","K. pneumoniae",0.530869893522785
"5586","K. pneumoniae",0.406282583167424
"5587","K. pneumoniae",0.813908930692376
"5588","K. pneumoniae",0.697190880790678
"5589","K. pneumoniae",0.821411394327559
"5590","K. pneumoniae",0.464785867194601
"5591","K. pneumoniae",0.620184298819448
"5592","K. pneumoniae",0.522513380846444
"5593","K. pneumoniae",0.0756678935055571
"5594","K. pneumoniae",0.644310856590504
"5595","K. pneumoniae",0.700741997481708
"5596","K. pneumoniae",0.613431443034296
"5597","K. pneumoniae",0.661896309779427
"5598","K. pneumoniae",0.318636819468131
"5599","K. pneumoniae",0.65512294163745
"5600","K. pneumoniae",0.535309738626885
"5601","K. pneumoniae",0.35437747047674
"5602","K. pneumoniae",0.307382798403126
"5603","K. pneumoniae",0.318673206112373
"5604","K. pneumoniae",0.488606717557127
"5605","K. pneumoniae",0.818754738879526
"5606","K. pneumoniae",0.701697094846249
"5607","K. pneumoniae",0.535369528203029
"5608","K. pneumoniae",0.806050173526643
"5609","K. pneumoniae",0.607382540170083
"5610","K. pneumoniae",0.666855369540956
"5611","K. pneumoniae",0.805624486316963
"5612","K. pneumoniae",1.03212442207414
"5613","K. pneumoniae",0.505624095693736
"5614","K. pneumoniae",0.70760053205939
"5615","K. pneumoniae",0.631766643181916
"5616","K. pneumoniae",0.608017751354974
"5617","K. pneumoniae",0.738943416730332
"5618","K. pneumoniae",1.07005428607473
"5619","K. pneumoniae",0.559559395359706
"5620","K. pneumoniae",0.520289062293727
"5621","K. pneumoniae",0.620004872961984
"5622","K. pneumoniae",0.635799019657062
"5623","K. pneumoniae",0.703093194855405
"5624","K. pneumoniae",0.328984832876347
"5625","K. pneumoniae",0.461360084205573
"5626","K. pneumoniae",0.494671441884608
"5627","K. pneumoniae",0.610340895799338
"5628","K. pneumoniae",0.506442412408337
"5629","K. pneumoniae",0.917115059337077
"5630","K. pneumoniae",0.433894336745614
"5631","K. pneumoniae",0.529438863271485
"5632","K. pneumoniae",0.974467958283357
"5633","K. pneumoniae",0.712242445819532
"5634","K. pneumoniae",0.568468706180057
"5635","K. pneumoniae",0.634223580143244
"5636","K. pneumoniae",0.737655458018634
"5637","K. pneumoniae",0.856313445821179
"5638","K. pneumoniae",0.394679897907811
"5639","K. pneumoniae",0.75111285766371
"5640","K. pneumoniae",0.72600771821851
"5641","K. pneumoniae",0.446600972190778
"5642","K. pneumoniae",0.679782591927088
"5643","K. pneumoniae",0.696923131726234
"5644","K. pneumoniae",0.848112913651261
"5645","K. pneumoniae",0.71625218575723
"5646","K. pneumoniae",0.52125699423535
"5647","K. pneumoniae",0.72672609631696
"5648","K. pneumoniae",0.935413168450486
"5649","K. pneumoniae",0.864045334091451
"5650","K. pneumoniae",0.928861516020003
"5651","K. pneumoniae",0.493885781956017
"5652","K. pneumoniae",0.759577543395736
"5653","K. pneumoniae",0.80253212592538
"5654","K. pneumoniae",0.743501103764835
"5655","K. pneumoniae",0.652584505385268
"5656","K. pneumoniae",0.562241894624734
"5657","K. pneumoniae",0.785706598217167
"5658","K. pneumoniae",1.05953435008927
"5659","K. pneumoniae",0.818335656002201
"5660","K. pneumoniae",0.766223831487232
"5661","K. pneumoniae",1.02043857402836
"5662","K. pneumoniae",0.714892809347189
"5663","K. pneumoniae",0.517608041270051
"5664","K. pneumoniae",0.516190452608048
"5665","K. pneumoniae",0.681003915737257
"5666","K. pneumoniae",0.785518117761543
"5667","K. pneumoniae",0.405812368687139
"5668","K. pneumoniae",0.608118672239019
"5669","K. pneumoniae",0.383497273611807
"5670","K. pneumoniae",0.686947751931379
"5671","K. pneumoniae",0.547794177607408
"5672","K. pneumoniae",0.693583824261349
"5673","K. pneumoniae",0.786080247974459
"5674","K. pneumoniae",0.712012681616105
"5675","K. pneumoniae",0.655633305395815
"5676","K. pneumoniae",0.529524583326113
"5677","K. pneumoniae",0.668743066934372
"5678","K. pneumoniae",0.73922865930383
"5679","K. pneumoniae",0.341195832741411
"5680","K. pneumoniae",0.912075361646808
"5681","K. pneumoniae",1.04831325446578
"5682","K. pneumoniae",0.749216029212849
"5683","K. pneumoniae",0.630979402111727
"5684","K. pneumoniae",0.653136821228514
"5685","K. pneumoniae",1.07310831252099
"5686","K. pneumoniae",0.640610066489265
"5687","K. pneumoniae",0.41348387318174
"5688","K. pneumoniae",0.328852606251223
"5689","K. pneumoniae",0.388844262256224
"5690","K. pneumoniae",0.88975599096675
"5691","K. pneumoniae",0.522005709085402
"5692","K. pneumoniae",0.60162803032179
"5693","K. pneumoniae",0.856603667572317
"5694","K. pneumoniae",1.05760823997739
"5695","K. pneumoniae",0.583047428107059
"5696","K. pneumoniae",0.754239606263224
"5697","K. pneumoniae",0.568249474000105
"5698","K. pneumoniae",0.272363655428774
"5699","K. pneumoniae",0.832532619684272
"5700","K. pneumoniae",0.658442651757626
"5701","K. pneumoniae",0.838438141118383
"5702","K. pneumoniae",0.79322737176116
"5703","K. pneumoniae",0.593204673603299
"5704","K. pneumoniae",0.788194663761536
"5705","K. pneumoniae",0.754133291700859
"5706","K. pneumoniae",0.384632181954377
"5707","K. pneumoniae",0.67010068310594
"5708","K. pneumoniae",0.436310160514002
"5709","K. pneumoniae",0.642015000223983
"5710","K. pneumoniae",0.454998342357365
"5711","K. pneumoniae",0.61649215032347
"5712","K. pneumoniae",0.771194698493892
"5713","K. pneumoniae",0.74297888133343
"5714","K. pneumoniae",0.754071086185829
"5715","K. pneumoniae",0.445529485295884
"5716","K. pneumoniae",0.93112331554103
"5717","K. pneumoniae",1.01462332470399
"5718","K. pneumoniae",0.184048184525613
"5719","K. pneumoniae",0.571548161035811
"5720","K. pneumoniae",0.939328318350288
"5721","K. pneumoniae",0.421548995791763
"5722","K. pneumoniae",0.748763191740483
"5723","K. pneumoniae",0.844960497467128
"5724","K. pneumoniae",0.883784256658466
"5725","K. pneumoniae",0.75668037941183
"5726","K. pneumoniae",0.772641536359671
"5727","K. pneumoniae",0.652591569162314
"5728","K. pneumoniae",0.27880132597931
"5729","K. pneumoniae",0.801262465397967
"5730","K. pneumoniae",0.815892266224408
"5731","K. pneumoniae",0.725176932275477
"5732","K. pneumoniae",0.732767294714343
"5733","K. pneumoniae",0.707693879612048
"5734","K. pneumoniae",0.396392995135673
"5735","K. pneumoniae",0.522880875678514
"5736","K. pneumoniae",0.551609651845007
"5737","K. pneumoniae",0.454348977269383
"5738","K. pneumoniae",0.956892685787164
"5739","K. pneumoniae",0.360442471501164
"5740","K. pneumoniae",0.74920148865987
"5741","K. pneumoniae",1.11389859306652
"5742","K. pneumoniae",0.551009976487782
"5743","K. pneumoniae",0.771770357382532
"5744","K. pneumoniae",0.931003934785236
"5745","K. pneumoniae",1.01229948927156
"5746","K. pneumoniae",0.715715519780907
"5747","K. pneumoniae",0.656501880887065
"5748","K. pneumoniae",0.811925757688956
"5749","K. pneumoniae",0.932628081475405
"5750","K. pneumoniae",0.501749565808246
"5751","K. pneumoniae",0.551899747503972
"5752","K. pneumoniae",0.584381068512938
"5753","K. pneumoniae",0.779624253887751
"5754","K. pneumoniae",0.493845345489605
"5755","K. pneumoniae",0.419889314462231
"5756","K. pneumoniae",0.715190072843305
"5757","K. pneumoniae",0.706323467070336
"5758","K. pneumoniae",0.365263470901493
"5759","K. pneumoniae",0.457334458668625
"5760","K. pneumoniae",0.748146407383859
"5761","K. pneumoniae",0.712597700042728
"5762","K. pneumoniae",1.20090336738414
"5763","K. pneumoniae",0.758281999914403
"5764","K. pneumoniae",0.710375961309087
"5765","K. pneumoniae",0.558118848576913
"5766","K. pneumoniae",0.713769414944085
"5767","K. pneumoniae",0.602884884582513
"5768","K. pneumoniae",0.707999183314072
"5769","K. pneumoniae",0.854332398854241
"5770","K. pneumoniae",0.578401711162871
"5771","K. pneumoniae",0.331861756353723
"5772","K. pneumoniae",0.648152132335491
"5773","K. pneumoniae",0.600239275008627
"5774","K. pneumoniae",0.770195580039059
"5775","K. pneumoniae",0.431439097315097
"5776","K. pneumoniae",0.446255239039397
"5777","K. pneumoniae",0.422931472020607
"5778","K. pneumoniae",0.639840888737174
"5779","K. pneumoniae",0.388936332043522
"5780","K. pneumoniae",0.615823319825496
"5781","K. pneumoniae",0.8060222668386
"5782","K. pneumoniae",0.437587564214765
"5783","K. pneumoniae",0.690738017979094
"5784","K. pneumoniae",0.422991717673868
"5785","K. pneumoniae",0.540214413877475
"5786","K. pneumoniae",0.817442673253439
"5787","K. pneumoniae",0.913528522451962
"5788","K. pneumoniae",0.544126493304499
"5789","K. pneumoniae",0.488679378273991
"5790","K. pneumoniae",0.292953216854635
"5791","K. pneumoniae",0.605672234702413
"5792","K. pneumoniae",0.44654804185456
"5793","K. pneumoniae",0.854778341829066
"5794","K. pneumoniae",1.03035793943397
"5795","K. pneumoniae",0.721084517368051
"5796","K. pneumoniae",0.622125576632539
"5797","K. pneumoniae",0.646199617883508
"5798","K. pneumoniae",0.58905280862499
"5799","K. pneumoniae",0.765252618556639
"5800","K. pneumoniae",0.528287232100796
"5801","K. pneumoniae",0.768985244551941
"5802","K. pneumoniae",0.679646150334198
"5803","K. pneumoniae",0.626146129277429
"5804","K. pneumoniae",0.717386311902721
"5805","K. pneumoniae",1.14445435361616
"5806","K. pneumoniae",0.634036916735856
"5807","K. pneumoniae",0.600592675745871
"5808","K. pneumoniae",0.286697962225815
"5809","K. pneumoniae",0.964671598841158
"5810","K. pneumoniae",0.556564832838481
"5811","K. pneumoniae",0.850012373296598
"5812","K. pneumoniae",0.701310390251745
"5813","K. pneumoniae",0.250505000446001
"5814","K. pneumoniae",0.511129067395291
"5815","K. pneumoniae",0.547277055337831
"5816","K. pneumoniae",0.887049091847004
"5817","K. pneumoniae",0.915624782788344
"5818","K. pneumoniae",0.957693765279887
"5819","K. pneumoniae",0.785893191446644
"5820","K. pneumoniae",0.779634511068647
"5821","K. pneumoniae",0.830104932957862
"5822","K. pneumoniae",0.773588784890401
"5823","K. pneumoniae",0.589009232994632
"5824","K. pneumoniae",0.880648521658189
"5825","K. pneumoniae",0.614704352948923
"5826","K. pneumoniae",0.747004304481847
"5827","K. pneumoniae",0.422501142477338
"5828","K. pneumoniae",0.561843580891192
"5829","K. pneumoniae",0.615305743920391
"5830","K. pneumoniae",0.342736940821972
"5831","K. pneumoniae",0.55992306820699
"5832","K. pneumoniae",0.708860934991993
"5833","K. pneumoniae",0.469258802947459
"5834","K. pneumoniae",0.523926877501831
"5835","K. pneumoniae",0.851340648860619
"5836","K. pneumoniae",0.580285709170815
"5837","K. pneumoniae",0.976545908557107
"5838","K. pneumoniae",0.684266555029831
"5839","K. pneumoniae",0.673669590701332
"5840","K. pneumoniae",0.970741082910225
"5841","K. pneumoniae",0.443068490071105
"5842","K. pneumoniae",1.25892651166212
"5843","K. pneumoniae",0.476261595344265
"5844","K. pneumoniae",0.366613783290001
"5845","K. pneumoniae",0.728695740613208
"5846","K. pneumoniae",0.728134617811853
"5847","K. pneumoniae",0.909894525905829
"5848","K. pneumoniae",0.545416523426736
"5849","K. pneumoniae",0.610208290131257
"5850","K. pneumoniae",0.441994152141518
"5851","K. pneumoniae",0.165406717506907
"5852","K. pneumoniae",0.583725458302221
"5853","K. pneumoniae",0.58727790180734
"5854","K. pneumoniae",0.87412968362517
"5855","K. pneumoniae",0.786018089351148
"5856","K. pneumoniae",1.21809917581186
"5857","K. pneumoniae",0.814357903419032
"5858","K. pneumoniae",0.724508196839094
"5859","K. pneumoniae",0.816428183272845
"5860","K. pneumoniae",0.712021813736708
"5861","K. pneumoniae",0.613120861956718
"5862","K. pneumoniae",0.744578889969775
"5863","K. pneumoniae",0.757640340298918
"5864","K. pneumoniae",0.559236972176825
"5865","K. pneumoniae",1.05284283139825
"5866","K. pneumoniae",0.611035312230721
"5867","K. pneumoniae",0.755046500319035
"5868","K. pneumoniae",1.10023909966845
"5869","K. pneumoniae",0.771483269438643
"5870","K. pneumoniae",0.468153191687728
"5871","K. pneumoniae",0.730251960863607
"5872","K. pneumoniae",0.41850047697749
"5873","K. pneumoniae",0.900584755625038
"5874","K. pneumoniae",1.06483525180033
"5875","K. pneumoniae",0.493916916057477
"5876","K. pneumoniae",0.335127526710638
"5877","K. pneumoniae",0.750081767030176
"5878","K. pneumoniae",0.486362389931914
"5879","K. pneumoniae",0.726466189942715
"5880","K. pneumoniae",0.778606534355554
"5881","K. pneumoniae",0.680097574000999
"5882","K. pneumoniae",0.538234476099464
"5883","K. pneumoniae",0.620624260808762
"5884","K. pneumoniae",0.382844719813268
"5885","K. pneumoniae",0.357360810787087
"5886","K. pneumoniae",0.372175922389683
"5887","K. pneumoniae",0.654371488928495
"5888","K. pneumoniae",0.247666326955332
"5889","K. pneumoniae",0.291603950212028
"5890","K. pneumoniae",0.727062870701517
"5891","K. pneumoniae",0.946408727171391
"5892","K. pneumoniae",0.411445181829079
"5893","K. pneumoniae",0.646243330900104
"5894","K. pneumoniae",0.503062147356728
"5895","K. pneumoniae",0.194088751089438
"5896","K. pneumoniae",0.813444368739992
"5897","K. pneumoniae",0.917317446446409
"5898","K. pneumoniae",1.00805966767093
"5899","K. pneumoniae",0.704980233005519
"5900","K. pneumoniae",0.594084104164442
"5901","K. pneumoniae",0.950511558527391
"5902","K. pneumoniae",0.873072373029982
"5903","K. pneumoniae",0.701410653815265
"5904","K. pneumoniae",0.578896619663544
"5905","K. pneumoniae",1.20682936509289
"5906","K. pneumoniae",0.526800132247395
"5907","K. pneumoniae",0.634902788549273
"5908","K. pneumoniae",0.393001819415693
"5909","K. pneumoniae",0.894184071398888
"5910","K. pneumoniae",0.775907851238943
"5911","K. pneumoniae",0.363390012211919
"5912","K. pneumoniae",0.511860933484542
"5913","K. pneumoniae",0.658414307048859
"5914","K. pneumoniae",0.749741958999831
"5915","K. pneumoniae",0.843018096583373
"5916","K. pneumoniae",0.525975390934221
"5917","K. pneumoniae",0.55381093018475
"5918","K. pneumoniae",0.756663179621191
"5919","K. pneumoniae",0.617582394920204
"5920","K. pneumoniae",0.649650755471311
"5921","K. pneumoniae",0.716407271382409
"5922","K. pneumoniae",0.575902968941747
"5923","K. pneumoniae",0.7537161381147
"5924","K. pneumoniae",0.599433196639993
"5925","K. pneumoniae",0.348708750804711
"5926","K. pneumoniae",0.804252120592424
"5927","K. pneumoniae",0.491262334642842
"5928","K. pneumoniae",0.827785260514621
"5929","K. pneumoniae",0.629285282282264
"5930","K. pneumoniae",0.953009646057055
"5931","K. pneumoniae",0.658166652095368
"5932","K. pneumoniae",0.783689164231164
"5933","K. pneumoniae",1.10107944710663
"5934","K. pneumoniae",0.75497849432321
"5935","K. pneumoniae",0.699702777999836
"5936","K. pneumoniae",0.909925048910789
"5937","K. pneumoniae",0.707358048273229
"5938","K. pneumoniae",0.580648045022983
"5939","K. pneumoniae",0.229786008773016
"5940","K. pneumoniae",0.602291069884375
"5941","K. pneumoniae",0.585827606339874
"5942","K. pneumoniae",0.420635727136106
"5943","K. pneumoniae",0.771098853831731
"5944","K. pneumoniae",0.824376122818615
"5945","K. pneumoniae",0.740678575846827
"5946","K. pneumoniae",0.300876351146509
"5947","K. pneumoniae",0.604117315262547
"5948","K. pneumoniae",0.220280470600774
"5949","K. pneumoniae",0.683190551398295
"5950","K. pneumoniae",0.771912069165048
"5951","K. pneumoniae",0.74269113590816
"5952","K. pneumoniae",0.521528190042697
"5953","K. pneumoniae",0.345630452846268
"5954","K. pneumoniae",0.746038900857362
"5955","K. pneumoniae",0.447238732897655
"5956","K. pneumoniae",0.646425279404695
"5957","K. pneumoniae",0.867014820151502
"5958","K. pneumoniae",0.8390987797706
"5959","K. pneumoniae",0.121975085033636
"5960","K. pneumoniae",1.02870888383964
"5961","K. pneumoniae",0.558754194386783
"5962","K. pneumoniae",0.647433433076625
"5963","K. pneumoniae",0.347838742711122
"5964","K. pneumoniae",0.676487588411912
"5965","K. pneumoniae",0.953515250409976
"5966","K. pneumoniae",0.806541857592246
"5967","K. pneumoniae",0.983224300070495
"5968","K. pneumoniae",0.75083787203738
"5969","K. pneumoniae",0.836882867899425
"5970","K. pneumoniae",0.461507480180251
"5971","K. pneumoniae",0.716359271314781
"5972","K. pneumoniae",0.465222118194218
"5973","K. pneumoniae",0.55536046024328
"5974","K. pneumoniae",0.702031654692783
"5975","K. pneumoniae",1.08050110603919
"5976","K. pneumoniae",0.598081051582045
"5977","K. pneumoniae",0.777778967826843
"5978","K. pneumoniae",0.484299391693455
"5979","K. pneumoniae",0.655591247887509
"5980","K. pneumoniae",0.466588406572308
"5981","K. pneumoniae",0.565450270757266
"5982","K. pneumoniae",0.536708519766925
"5983","K. pneumoniae",0.590144884827801
"5984","K. pneumoniae",0.975336664764724
"5985","K. pneumoniae",0.628310515502641
"5986","K. pneumoniae",0.740852389457945
"5987","K. pneumoniae",0.617150355279024
"5988","K. pneumoniae",0.416525217334929
"5989","K. pneumoniae",0.525749267364216
"5990","K. pneumoniae",0.248531527809886
"5991","K. pneumoniae",0.547835251252759
"5992","K. pneumoniae",0.833381225657204
"5993","K. pneumoniae",0.508966726818231
"5994","K. pneumoniae",0.765989521732747
"5995","K. pneumoniae",0.455632301904892
"5996","K. pneumoniae",0.803474026152531
"5997","K. pneumoniae",0.991528375891733
"5998","K. pneumoniae",0.591222451882874
"5999","K. pneumoniae",0.690429661999812
"6000","K. pneumoniae",0.549433242755529
"6001","P. aeruginosa",0.282501156371574
"6002","P. aeruginosa",0.0224240407062048
"6003","P. aeruginosa",0.764184002567898
"6004","P. aeruginosa",0.158509651794481
"6005","P. aeruginosa",0.715582652892759
"6006","P. aeruginosa",0.440355920647122
"6007","P. aeruginosa",0.349784206321447
"6008","P. aeruginosa",0.617534540166692
"6009","P. aeruginosa",0.236371563677844
"6010","P. aeruginosa",0.904897263749994
"6011","P. aeruginosa",0.774720724277106
"6012","P. aeruginosa",0.0675186300221592
"6013","P. aeruginosa",0.699988633726987
"6014","P. aeruginosa",0.0115291915523602
"6015","P. aeruginosa",0.182528018503682
"6016","P. aeruginosa",0.284761838240057
"6017","P. aeruginosa",0.703100863609098
"6018","P. aeruginosa",0.288712385991708
"6019","P. aeruginosa",0.186263693642129
"6020","P. aeruginosa",0.309025216382887
"6021","P. aeruginosa",0.276559175779451
"6022","P. aeruginosa",0.515507819384365
"6023","P. aeruginosa",0.244493510837449
"6024","P. aeruginosa",0.561726748450831
"6025","P. aeruginosa",0.127578333152335
"6026","P. aeruginosa",0.0793350209558681
"6027","P. aeruginosa",-0.197910411446296
"6028","P. aeruginosa",0.652712176557563
"6029","P. aeruginosa",0.313783614625286
"6030","P. aeruginosa",0.626088680855657
"6031","P. aeruginosa",0.946346081700613
"6032","P. aeruginosa",0.380188484229764
"6033","P. aeruginosa",0.506843708984576
"6034","P. aeruginosa",0.260579202732656
"6035","P. aeruginosa",0.465867996911455
"6036","P. aeruginosa",0.143008325416988
"6037","P. aeruginosa",0.374517021912029
"6038","P. aeruginosa",0.187563265958725
"6039","P. aeruginosa",0.0211282911497563
"6040","P. aeruginosa",-0.224382384721629
"6041","P. aeruginosa",0.546114468265387
"6042","P. aeruginosa",-0.00894220355192055
"6043","P. aeruginosa",0.337927862678721
"6044","P. aeruginosa",0.0805294885513676
"6045","P. aeruginosa",0.451849801252494
"6046","P. aeruginosa",-0.265048263466823
"6047","P. aeruginosa",0.236119983855865
"6048","P. aeruginosa",0.373136039237052
"6049","P. aeruginosa",0.831421912130034
"6050","P. aeruginosa",0.553631297835141
"6051","P. aeruginosa",0.212056547078554
"6052","P. aeruginosa",0.343361814845164
"6053","P. aeruginosa",0.606383169446164
"6054","P. aeruginosa",0.116394237137403
"6055","P. aeruginosa",0.25834857535495
"6056","P. aeruginosa",0.530930876325263
"6057","P. aeruginosa",0.328037431480931
"6058","P. aeruginosa",0.458531785408091
"6059","P. aeruginosa",0.469048899196777
"6060","P. aeruginosa",0.444737445872215
"6061","P. aeruginosa",-0.0369204347468814
"6062","P. aeruginosa",0.0190179385143111
"6063","P. aeruginosa",-0.063296454360454
"6064","P. aeruginosa",0.556331074843183
"6065","P. aeruginosa",-0.293417745575044
"6066","P. aeruginosa",0.294853042919263
"6067","P. aeruginosa",0.350419038566461
"6068","P. aeruginosa",0.0227120464104461
"6069","P. aeruginosa",-0.144558427241169
"6070","P. aeruginosa",0.296628892827074
"6071","P. aeruginosa",0.175174316266404
"6072","P. aeruginosa",-0.338278701323242
"6073","P. aeruginosa",0.308642472116221
"6074","P. aeruginosa",0.31467219208586
"6075","P. aeruginosa",0.446802096492982
"6076","P. aeruginosa",0.423510734966546
"6077","P. aeruginosa",0.697112050108158
"6078","P. aeruginosa",0.0598416202404454
"6079","P. aeruginosa",0.781164808830431
"6080","P. aeruginosa",0.802209511969558
"6081","P. aeruginosa",0.739989223374163
"6082","P. aeruginosa",0.374266466254417
"6083","P. aeruginosa",-0.0275263826477093
"6084","P. aeruginosa",0.463109116484633
"6085","P. aeruginosa",-0.0633926484544208
"6086","P. aeruginosa",0.13068163149627
"6087","P. aeruginosa",0.622839213860014
"6088","P. aeruginosa",0.184809250331287
"6089","P. aeruginosa",0.474908742976024
"6090","P. aeruginosa",0.380523423060902
"6091","P. aeruginosa",0.454709550375709
"6092","P. aeruginosa",0.235955004963582
"6093","P. aeruginosa",0.486126749290454
"6094","P. aeruginosa",0.648569856302587
"6095","P. aeruginosa",-0.0299788806905702
"6096","P. aeruginosa",0.273229459814929
"6097","P. aeruginosa",0.43315042234119
"6098","P. aeruginosa",0.00504880991307593
"6099","P. aeruginosa",0.388087989716648
"6100","P. aeruginosa",0.542886382964842
"6101","P. aeruginosa",0.322163089686892
"6102","P. aeruginosa",0.28604219779904
"6103","P. aeruginosa",0.491412598870825
"6104","P. aeruginosa",0.169218197697518
"6105","P. aeruginosa",0.332926059905457
"6106","P. aeruginosa",0.0544674342644814
"6107","P. aeruginosa",0.162614624978606
"6108","P. aeruginosa",0.141370162720699
"6109","P. aeruginosa",0.726520477711924
"6110","P. aeruginosa",0.433724792138737
"6111","P. aeruginosa",0.29888358752158
"6112","P. aeruginosa",0.834590601688572
"6113","P. aeruginosa",0.571872870626929
"6114","P. aeruginosa",0.405257236966338
"6115","P. aeruginosa",0.698424039879407
"6116","P. aeruginosa",0.369895188875302
"6117","P. aeruginosa",0.292798853612605
"6118","P. aeruginosa",0.393805676237997
"6119","P. aeruginosa",0.0525685221998333
"6120","P. aeruginosa",0.531261783711216
"6121","P. aeruginosa",0.243868786996466
"6122","P. aeruginosa",0.407723038527644
"6123","P. aeruginosa",-0.057574245556143
"6124","P. aeruginosa",0.340868107259594
"6125","P. aeruginosa",0.497015869084575
"6126","P. aeruginosa",0.334995760385854
"6127","P. aeruginosa",0.285331485261678
"6128","P. aeruginosa",0.294620413058504
"6129","P. aeruginosa",-0.0691910997326554
"6130","P. aeruginosa",0.127719092510178
"6131","P. aeruginosa",0.454340274564084
"6132","P. aeruginosa",0.449775310809599
"6133","P. aeruginosa",0.193758224804771
"6134","P. aeruginosa",0.0919189695557713
"6135","P. aeruginosa",0.190102762495372
"6136","P. aeruginosa",0.328430050449551
"6137","P. aeruginosa",0.416795311484563
"6138","P. aeruginosa",0.372528394843026
"6139","P. aeruginosa",0.125837919283959
"6140","P. aeruginosa",-0.0153258431407029
"6141","P. aeruginosa",-0.00794099977051953
"6142","P. aeruginosa",0.103792637217527
"6143","P. aeruginosa",-0.146710042110524
"6144","P. aeruginosa",1.0745953217782
"6145","P. aeruginosa",0.0982614156762573
"6146","P. aeruginosa",0.0626218199384454
"6147","P. aeruginosa",0.784180226556394
"6148","P. aeruginosa",-0.301128409895342
"6149","P. aeruginosa",0.601320228137794
"6150","P. aeruginosa",0.251430419483268
"6151","P. aeruginosa",0.116251341503073
"6152","P. aeruginosa",0.597044021470557
"6153","P. aeruginosa",0.624354857476514
"6154","P. aeruginosa",0.549000705317115
"6155","P. aeruginosa",0.571117133525015
"6156","P. aeruginosa",-0.156423940799349
"6157","P. aeruginosa",0.261816166577839
"6158","P. aeruginosa",0.503693098791614
"6159","P. aeruginosa",0.6793073325411
"6160","P. aeruginosa",0.50385791763192
"6161","P. aeruginosa",-0.0351739769192922
"6162","P. aeruginosa",0.52864268867152
"6163","P. aeruginosa",0.175689384322803
"6164","P. aeruginosa",0.457675131399036
"6165","P. aeruginosa",0.797476487392773
"6166","P. aeruginosa",0.271593491608219
"6167","P. aeruginosa",-0.0478924798180503
"6168","P. aeruginosa",0.521358218557405
"6169","P. aeruginosa",0.135682892499061
"6170","P. aeruginosa",0.13605561636557
"6171","P. aeruginosa",0.548616273706768
"6172","P. aeruginosa",0.307304874775515
"6173","P. aeruginosa",0.522394086701267
"6174","P. aeruginosa",0.453209315190228
"6175","P. aeruginosa",0.601546544188056
"6176","P. aeruginosa",0.183769337984359
"6177","P. aeruginosa",0.148465032721279
"6178","P. aeruginosa",-0.00312713664380335
"6179","P. aeruginosa",0.537554772688605
"6180","P. aeruginosa",0.281848725646256
"6181","P. aeruginosa",0.139769786518497
"6182","P. aeruginosa",0.256885803160639
"6183","P. aeruginosa",0.195130184375269
"6184","P. aeruginosa",0.460859976519205
"6185","P. aeruginosa",0.740695196977839
"6186","P. aeruginosa",-0.0567218117134294
"6187","P. aeruginosa",0.524636755118947
"6188","P. aeruginosa",0.132549600744035
"6189","P. aeruginosa",0.770784410384836
"6190","P. aeruginosa",0.190725483315779
"6191","P. aeruginosa",0.298621186173949
"6192","P. aeruginosa",0.303497643392612
"6193","P. aeruginosa",0.0401810894603037
"6194","P. aeruginosa",0.178059066144474
"6195","P. aeruginosa",0.511201070774732
"6196","P. aeruginosa",-0.138699043388677
"6197","P. aeruginosa",0.178996391598307
"6198","P. aeruginosa",0.314899967213492
"6199","P. aeruginosa",0.391149775678824
"6200","P. aeruginosa",0.611828817529879
"6201","P. aeruginosa",0.483522181272217
"6202","P. aeruginosa",0.145303996942029
"6203","P. aeruginosa",0.270675920796681
"6204","P. aeruginosa",0.0404906214692077
"6205","P. aeruginosa",0.336371011213944
"6206","P. aeruginosa",0.632161662784826
"6207","P. aeruginosa",0.256082355219549
"6208","P. aeruginosa",0.0643750695123
"6209","P. aeruginosa",0.176711156170392
"6210","P. aeruginosa",0.0742784140317331
"6211","P. aeruginosa",0.346224927467257
"6212","P. aeruginosa",0.00139567130773948
"6213","P. aeruginosa",-0.131949684300049
"6214","P. aeruginosa",0.0542561241946626
"6215","P. aeruginosa",0.361160028735687
"6216","P. aeruginosa",0.0495061876152754
"6217","P. aeruginosa",0.568475034820139
"6218","P. aeruginosa",0.257827415483644
"6219","P. aeruginosa",-0.474294321737309
"6220","P. aeruginosa",0.201127726068138
"6221","P. aeruginosa",0.182299753698291
"6222","P. aeruginosa",0.133402197093231
"6223","P. aeruginosa",0.502987111200599
"6224","P. aeruginosa",-0.0613672521819636
"6225","P. aeruginosa",0.43692163386763
"6226","P. aeruginosa",0.200700259809049
"6227","P. aeruginosa",0.214269610335817
"6228","P. aeruginosa",0.0095739803857286
"6229","P. aeruginosa",0.487969519826097
"6230","P. aeruginosa",0.246454702493076
"6231","P. aeruginosa",0.553376575885354
"6232","P. aeruginosa",-0.0219942071010357
"6233","P. aeruginosa",0.150572245984191
"6234","P. aeruginosa",0.317662750418122
"6235","P. aeruginosa",0.189572836592297
"6236","P. aeruginosa",0.412195284395137
"6237","P. aeruginosa",0.223991507217617
"6238","P. aeruginosa",0.0733137784973279
"6239","P. aeruginosa",0.207739535000162
"6240","P. aeruginosa",0.302404087860985
"6241","P. aeruginosa",0.568407286234913
"6242","P. aeruginosa",0.640633092253422
"6243","P. aeruginosa",0.551690980478312
"6244","P. aeruginosa",0.071589212153282
"6245","P. aeruginosa",0.366643414624298
"6246","P. aeruginosa",0.219822318202966
"6247","P. aeruginosa",0.37710796363073
"6248","P. aeruginosa",0.117764144576908
"6249","P. aeruginosa",0.128779381175646
"6250","P. aeruginosa",0.394755334516058
"6251","P. aeruginosa",0.374116877160231
"6252","P. aeruginosa",0.00694115405536988
"6253","P. aeruginosa",0.306469415504657
"6254","P. aeruginosa",0.338045096898263
"6255","P. aeruginosa",0.131083369511781
"6256","P. aeruginosa",0.303158495711221
"6257","P. aeruginosa",0.432581901359304
"6258","P. aeruginosa",0.237306807592413
"6259","P. aeruginosa",0.0630842355059388
"6260","P. aeruginosa",0.429170975910253
"6261","P. aeruginosa",0.148997886147307
"6262","P. aeruginosa",0.551528298000371
"6263","P. aeruginosa",0.473987173970172
"6264","P. aeruginosa",0.507380169618694
"6265","P. aeruginosa",0.12305249706631
"6266","P. aeruginosa",0.161846903564361
"6267","P. aeruginosa",-0.105261825572514
"6268","P. aeruginosa",0.653775956296575
"6269","P. aeruginosa",0.301208583288723
"6270","P. aeruginosa",0.691914038325748
"6271","P. aeruginosa",0.0914883653143769
"6272","P. aeruginosa",0.319809392782955
"6273","P. aeruginosa",0.532028921247318
"6274","P. aeruginosa",0.0620952904632195
"6275","P. aeruginosa",0.556565802439102
"6276","P. aeruginosa",0.174018732955585
"6277","P. aeruginosa",0.393622499432452
"6278","P. aeruginosa",0.451859985830111
"6279","P. aeruginosa",0.532003438811154
"6280","P. aeruginosa",0.255626658162416
"6281","P. aeruginosa",0.179418084730766
"6282","P. aeruginosa",0.188473691829858
"6283","P. aeruginosa",-0.0316662593257526
"6284","P. aeruginosa",-0.0323197861849604
"6285","P. aeruginosa",0.347558405596161
"6286","P. aeruginosa",0.73812604552638
"6287","P. aeruginosa",-0.0224596316256348
"6288","P. aeruginosa",0.541801057018523
"6289","P. aeruginosa",0.184118452413156
"6290","P. aeruginosa",0.0406820290459105
"6291","P. aeruginosa",0.442347911463954
"6292","P. aeruginosa",-0.468540000309347
"6293","P. aeruginosa",-0.0200079319772729
"6294","P. aeruginosa",0.584954754669962
"6295","P. aeruginosa",-0.205205121291813
"6296","P. aeruginosa",0.585902983829867
"6297","P. aeruginosa",0.25929061202906
"6298","P. aeruginosa",0.737466511661142
"6299","P. aeruginosa",0.416268405309028
"6300","P. aeruginosa",0.699437400732015
"6301","P. aeruginosa",0.571139031744368
"6302","P. aeruginosa",0.158338820436819
"6303","P. aeruginosa",-0.0446264383754037
"6304","P. aeruginosa",0.287398920813009
"6305","P. aeruginosa",0.168311535647699
"6306","P. aeruginosa",0.265642702930897
"6307","P. aeruginosa",0.462538697816181
"6308","P. aeruginosa",-0.0915452896062038
"6309","P. aeruginosa",0.642666707897044
"6310","P. aeruginosa",0.0222367629298506
"6311","P. aeruginosa",0.126343951505659
"6312","P. aeruginosa",0.231891529034018
"6313","P. aeruginosa",0.292490191198634
"6314","P. aeruginosa",0.7471036093271
"6315","P. aeruginosa",0.240376004214089
"6316","P. aeruginosa",0.701609037435929
"6317","P. aeruginosa",0.171710509315645
"6318","P. aeruginosa",0.501340086506417
"6319","P. aeruginosa",0.706687912801989
"6320","P. aeruginosa",0.423290421969546
"6321","P. aeruginosa",0.000726693840473942
"6322","P. aeruginosa",0.397587953073862
"6323","P. aeruginosa",0.307645954988205
"6324","P. aeruginosa",0.186470207067268
"6325","P. aeruginosa",0.346000473232007
"6326","P. aeruginosa",0.183106676325358
"6327","P. aeruginosa",0.495428403625401
"6328","P. aeruginosa",0.163474330160024
"6329","P. aeruginosa",0.444696741727652
"6330","P. aeruginosa",0.239628056807867
"6331","P. aeruginosa",0.100071141518701
"6332","P. aeruginosa",0.0277345300822524
"6333","P. aeruginosa",-0.0176876235125494
"6334","P. aeruginosa",0.219182335799897
"6335","P. aeruginosa",0.250312371585997
"6336","P. aeruginosa",0.224967371292088
"6337","P. aeruginosa",-0.481185635607162
"6338","P. aeruginosa",0.648897127011412
"6339","P. aeruginosa",-0.0322153192005247
"6340","P. aeruginosa",0.261372204448719
"6341","P. aeruginosa",0.854276894028905
"6342","P. aeruginosa",0.508671026313534
"6343","P. aeruginosa",0.300942990243512
"6344","P. aeruginosa",0.75236977214562
"6345","P. aeruginosa",0.344736206375688
"6346","P. aeruginosa",0.453985182180914
"6347","P. aeruginosa",0.126975628558238
"6348","P. aeruginosa",0.627650891788091
"6349","P. aeruginosa",-0.012770656705907
"6350","P. aeruginosa",0.559956410758884
"6351","P. aeruginosa",0.112704853553729
"6352","P. aeruginosa",0.119940304607722
"6353","P. aeruginosa",0.386464869947668
"6354","P. aeruginosa",-0.283630851523508
"6355","P. aeruginosa",0.174564001859617
"6356","P. aeruginosa",0.668578430506309
"6357","P. aeruginosa",0.625588172690985
"6358","P. aeruginosa",0.134561006205029
"6359","P. aeruginosa",0.354246271851996
"6360","P. aeruginosa",0.619304236128825
"6361","P. aeruginosa",-0.0571295485045892
"6362","P. aeruginosa",0.667826530594115
"6363","P. aeruginosa",0.434460654679424
"6364","P. aeruginosa",0.298205954284857
"6365","P. aeruginosa",0.462539917039909
"6366","P. aeruginosa",-0.0794648266032813
"6367","P. aeruginosa",0.366974177651694
"6368","P. aeruginosa",0.353628101565437
"6369","P. aeruginosa",0.483744551579504
"6370","P. aeruginosa",0.0364909669216189
"6371","P. aeruginosa",0.19105229783772
"6372","P. aeruginosa",0.154027822685365
"6373","P. aeruginosa",0.159638590684999
"6374","P. aeruginosa",0.360853522585823
"6375","P. aeruginosa",0.49953349459627
"6376","P. aeruginosa",0.339231465790208
"6377","P. aeruginosa",0.928672203614658
"6378","P. aeruginosa",0.136830652721924
"6379","P. aeruginosa",0.239324306384297
"6380","P. aeruginosa",-0.306205709640512
"6381","P. aeruginosa",0.0122000289940902
"6382","P. aeruginosa",0.317531873637296
"6383","P. aeruginosa",0.479274763209818
"6384","P. aeruginosa",0.123137626633054
"6385","P. aeruginosa",0.226839409502547
"6386","P. aeruginosa",0.318743066529016
"6387","P. aeruginosa",0.559210379626902
"6388","P. aeruginosa",0.205187278582301
"6389","P. aeruginosa",0.0720995765722333
"6390","P. aeruginosa",0.598278700019308
"6391","P. aeruginosa",0.216861503781402
"6392","P. aeruginosa",0.485453281592689
"6393","P. aeruginosa",-0.163432539554012
"6394","P. aeruginosa",-0.0835528430012794
"6395","P. aeruginosa",0.159902824785408
"6396","P. aeruginosa",0.152313692095709
"6397","P. aeruginosa",0.823113027157716
"6398","P. aeruginosa",-0.170892180874843
"6399","P. aeruginosa",0.150056082533434
"6400","P. aeruginosa",0.197104877596315
"6401","P. aeruginosa",0.754164979152273
"6402","P. aeruginosa",0.16442092467867
"6403","P. aeruginosa",-0.114872979443817
"6404","P. aeruginosa",0.00312538415116938
"6405","P. aeruginosa",0.251912141997754
"6406","P. aeruginosa",-0.126627305678356
"6407","P. aeruginosa",0.309664349906964
"6408","P. aeruginosa",0.323255903833527
"6409","P. aeruginosa",0.677658324578795
"6410","P. aeruginosa",0.545213337776447
"6411","P. aeruginosa",0.108836343953299
"6412","P. aeruginosa",0.688359949951733
"6413","P. aeruginosa",0.0998548933649733
"6414","P. aeruginosa",0.0466333800952504
"6415","P. aeruginosa",0.450972720072547
"6416","P. aeruginosa",0.888268005172235
"6417","P. aeruginosa",0.379187211034869
"6418","P. aeruginosa",0.685613076488863
"6419","P. aeruginosa",0.176605352121379
"6420","P. aeruginosa",0.028294153812067
"6421","P. aeruginosa",0.989369704352203
"6422","P. aeruginosa",-0.191512028655493
"6423","P. aeruginosa",0.393168011390839
"6424","P. aeruginosa",0.0441998573843456
"6425","P. aeruginosa",0.298242671805006
"6426","P. aeruginosa",-0.147757129670151
"6427","P. aeruginosa",0.0668943342204951
"6428","P. aeruginosa",0.743496961656305
"6429","P. aeruginosa",0.158829069429315
"6430","P. aeruginosa",0.149389295294477
"6431","P. aeruginosa",0.502374401804698
"6432","P. aeruginosa",0.278624413081271
"6433","P. aeruginosa",0.419704532107295
"6434","P. aeruginosa",0.328776572259605
"6435","P. aeruginosa",-0.0481700650578733
"6436","P. aeruginosa",0.0747967483850625
"6437","P. aeruginosa",-0.0162715783718533
"6438","P. aeruginosa",0.667395234444457
"6439","P. aeruginosa",0.371059104430132
"6440","P. aeruginosa",0.717491509608873
"6441","P. aeruginosa",0.551644847100659
"6442","P. aeruginosa",0.0460068383458434
"6443","P. aeruginosa",-0.0969692101914893
"6444","P. aeruginosa",0.243534066679914
"6445","P. aeruginosa",0.216757136540598
"6446","P. aeruginosa",0.121781065976924
"6447","P. aeruginosa",0.302959630067848
"6448","P. aeruginosa",0.164320625127074
"6449","P. aeruginosa",0.738920783025256
"6450","P. aeruginosa",0.260040840890604
"6451","P. aeruginosa",0.108322104644888
"6452","P. aeruginosa",0.155545108775401
"6453","P. aeruginosa",0.185629123186885
"6454","P. aeruginosa",0.436826520480447
"6455","P. aeruginosa",0.350054720923013
"6456","P. aeruginosa",0.472925948657882
"6457","P. aeruginosa",0.262559432626855
"6458","P. aeruginosa",0.573095278939611
"6459","P. aeruginosa",0.696485445584295
"6460","P. aeruginosa",-0.189510838732706
"6461","P. aeruginosa",0.554199312005698
"6462","P. aeruginosa",0.446742156349121
"6463","P. aeruginosa",0.643719268874566
"6464","P. aeruginosa",0.0874480612332384
"6465","P. aeruginosa",0.282649884742379
"6466","P. aeruginosa",0.541352945247275
"6467","P. aeruginosa",0.336533294350336
"6468","P. aeruginosa",0.131132262369021
"6469","P. aeruginosa",0.337882783946994
"6470","P. aeruginosa",0.445053527430516
"6471","P. aeruginosa",0.722272068915956
"6472","P. aeruginosa",0.623009039771461
"6473","P. aeruginosa",0.699857161871537
"6474","P. aeruginosa",-0.156847247205175
"6475","P. aeruginosa",0.461228058587525
"6476","P. aeruginosa",-0.0975917650780428
"6477","P. aeruginosa",0.608921519584578
"6478","P. aeruginosa",0.386365887468004
"6479","P. aeruginosa",0.179711998977529
"6480","P. aeruginosa",0.0276322218676035
"6481","P. aeruginosa",0.362070301984018
"6482","P. aeruginosa",0.208610318572309
"6483","P. aeruginosa",0.668917407654324
"6484","P. aeruginosa",0.0198081993435859
"6485","P. aeruginosa",0.827065176359858
"6486","P. aeruginosa",0.762486638470237
"6487","P. aeruginosa",0.270859556659693
"6488","P. aeruginosa",0.16018787193223
"6489","P. aeruginosa",0.395774669977741
"6490","P. aeruginosa",0.29888700066662
"6491","P. aeruginosa",0.363785038612694
"6492","P. aeruginosa",0.240808007330733
"6493","P. aeruginosa",0.740182387160089
"6494","P. aeruginosa",0.542634624651307
"6495","P. aeruginosa",0.462266953064108
"6496","P. aeruginosa",0.0447855172574765
"6497","P. aeruginosa",-0.142950335977927
"6498","P. aeruginosa",0.10460590243116
"6499","P. aeruginosa",0.704985652361619
"6500","P. aeruginosa",0.15626911593985
"6501","P. aeruginosa",-0.131168784296782
"6502","P. aeruginosa",0.402370779744008
"6503","P. aeruginosa",0.402948018992974
"6504","P. aeruginosa",0.407950890523525
"6505","P. aeruginosa",0.589432789757004
"6506","P. aeruginosa",0.28766615873198
"6507","P. aeruginosa",0.0477280500174811
"6508","P. aeruginosa",-0.173580548982305
"6509","P. aeruginosa",0.385490052611384
"6510","P. aeruginosa",0.346924400018346
"6511","P. aeruginosa",0.193828994634818
"6512","P. aeruginosa",0.742228065437429
"6513","P. aeruginosa",-0.0700761807798859
"6514","P. aeruginosa",-0.285761210861319
"6515","P. aeruginosa",0.653130709934811
"6516","P. aeruginosa",0.0285157304786258
"6517","P. aeruginosa",0.334507303772663
"6518","P. aeruginosa",0.466804987140518
"6519","P. aeruginosa",0.497642769240786
"6520","P. aeruginosa",0.220508031632707
"6521","P. aeruginosa",-0.388474524947214
"6522","P. aeruginosa",0.28093304138933
"6523","P. aeruginosa",0.733100716335801
"6524","P. aeruginosa",0.0338216922221828
"6525","P. aeruginosa",0.655507405058447
"6526","P. aeruginosa",0.155251817734687
"6527","P. aeruginosa",-0.0896053102228322
"6528","P. aeruginosa",0.481922443717723
"6529","P. aeruginosa",0.360711439878935
"6530","P. aeruginosa",0.314453541470128
"6531","P. aeruginosa",-0.332968380942557
"6532","P. aeruginosa",0.387296402034397
"6533","P. aeruginosa",0.0485983026315866
"6534","P. aeruginosa",-0.237082432536438
"6535","P. aeruginosa",-0.176798252518683
"6536","P. aeruginosa",0.143817434252383
"6537","P. aeruginosa",0.773424897922499
"6538","P. aeruginosa",0.261932274448596
"6539","P. aeruginosa",0.567183516816058
"6540","P. aeruginosa",0.3024035113618
"6541","P. aeruginosa",0.117715702419005
"6542","P. aeruginosa",0.227908070353393
"6543","P. aeruginosa",-0.0484777945498983
"6544","P. aeruginosa",-0.126460323881019
"6545","P. aeruginosa",0.260391319652229
"6546","P. aeruginosa",0.03117323328183
"6547","P. aeruginosa",0.395934350918122
"6548","P. aeruginosa",0.158846157547536
"6549","P. aeruginosa",0.948839274995625
"6550","P. aeruginosa",0.491870924268687
"6551","P. aeruginosa",0.306795117018115
"6552","P. aeruginosa",0.186241932314747
"6553","P. aeruginosa",0.971364441082947
"6554","P. aeruginosa",0.472648183187896
"6555","P. aeruginosa",0.543945464439105
"6556","P. aeruginosa",-0.0032556626663259
"6557","P. aeruginosa",0.675588662372275
"6558","P. aeruginosa",0.235376215146546
"6559","P. aeruginosa",0.500292312515186
"6560","P. aeruginosa",0.53572248142696
"6561","P. aeruginosa",0.520239339102434
"6562","P. aeruginosa",0.855658461105058
"6563","P. aeruginosa",0.359599931673091
"6564","P. aeruginosa",0.602337725326635
"6565","P. aeruginosa",0.571512032998581
"6566","P. aeruginosa",0.302817803419181
"6567","P. aeruginosa",0.0129842938903627
"6568","P. aeruginosa",0.0533996967339331
"6569","P. aeruginosa",0.386203590862422
"6570","P. aeruginosa",0.288882452948615
"6571","P. aeruginosa",0.233858914871669
"6572","P. aeruginosa",0.266567783895047
"6573","P. aeruginosa",0.30155647804763
"6574","P. aeruginosa",0.367708732074221
"6575","P. aeruginosa",0.545266704053401
"6576","P. aeruginosa",0.208110310472178
"6577","P. aeruginosa",0.583190186579852
"6578","P. aeruginosa",0.432323201725389
"6579","P. aeruginosa",-0.146851382694061
"6580","P. aeruginosa",0.374863678471582
"6581","P. aeruginosa",0.329586798184893
"6582","P. aeruginosa",0.312923692129988
"6583","P. aeruginosa",0.0873101047641291
"6584","P. aeruginosa",0.448236709680285
"6585","P. aeruginosa",0.112101532080501
"6586","P. aeruginosa",0.0942761724441437
"6587","P. aeruginosa",0.367430822041759
"6588","P. aeruginosa",0.223754019951474
"6589","P. aeruginosa",0.0754642873295168
"6590","P. aeruginosa",0.0762400346197771
"6591","P. aeruginosa",0.379631088806777
"6592","P. aeruginosa",0.380446124682956
"6593","P. aeruginosa",0.4615994269178
"6594","P. aeruginosa",0.677525781852109
"6595","P. aeruginosa",0.111661947062214
"6596","P. aeruginosa",0.390634846748627
"6597","P. aeruginosa",0.487301008687065
"6598","P. aeruginosa",0.478520849282189
"6599","P. aeruginosa",0.198117395651584
"6600","P. aeruginosa",0.4708282424758
"6601","P. aeruginosa",1.06042215741256
"6602","P. aeruginosa",0.391176493927922
"6603","P. aeruginosa",0.834240619990172
"6604","P. aeruginosa",0.0235200121366094
"6605","P. aeruginosa",0.771561179192963
"6606","P. aeruginosa",0.430552587010949
"6607","P. aeruginosa",-0.160416513904617
"6608","P. aeruginosa",0.327140128823521
"6609","P. aeruginosa",-0.125782734448473
"6610","P. aeruginosa",0.397273435468327
"6611","P. aeruginosa",0.340224105521417
"6612","P. aeruginosa",0.792846452330341
"6613","P. aeruginosa",-0.111761767447175
"6614","P. aeruginosa",0.156800416893802
"6615","P. aeruginosa",0.0299426918634855
"6616","P. aeruginosa",0.311603444308414
"6617","P. aeruginosa",0.333721469134936
"6618","P. aeruginosa",0.796763841078265
"6619","P. aeruginosa",0.44689954270735
"6620","P. aeruginosa",0.528417043923883
"6621","P. aeruginosa",0.411989115641013
"6622","P. aeruginosa",0.391411293065004
"6623","P. aeruginosa",0.420108450661661
"6624","P. aeruginosa",0.0264969970753298
"6625","P. aeruginosa",0.323861960500805
"6626","P. aeruginosa",-0.0227916137441234
"6627","P. aeruginosa",0.835025536282466
"6628","P. aeruginosa",0.207597567696473
"6629","P. aeruginosa",0.00870615574445703
"6630","P. aeruginosa",0.0188810055432313
"6631","P. aeruginosa",-0.0040070536623973
"6632","P. aeruginosa",0.250992892204867
"6633","P. aeruginosa",0.284662505959235
"6634","P. aeruginosa",0.516959828170761
"6635","P. aeruginosa",0.108198156970335
"6636","P. aeruginosa",0.0390929008358184
"6637","P. aeruginosa",0.436206449779603
"6638","P. aeruginosa",0.340645911391182
"6639","P. aeruginosa",0.426368083628843
"6640","P. aeruginosa",-0.0361215826686189
"6641","P. aeruginosa",-0.197043329469953
"6642","P. aeruginosa",0.411160498148478
"6643","P. aeruginosa",0.50416463624522
"6644","P. aeruginosa",0.0302368470534051
"6645","P. aeruginosa",0.157371082847687
"6646","P. aeruginosa",0.340102579926752
"6647","P. aeruginosa",0.464506128041999
"6648","P. aeruginosa",0.086350527073391
"6649","P. aeruginosa",0.315174344628569
"6650","P. aeruginosa",0.0782605621224906
"6651","P. aeruginosa",0.193817283639706
"6652","P. aeruginosa",0.100359193767579
"6653","P. aeruginosa",0.602270788899497
"6654","P. aeruginosa",-0.0544237713464422
"6655","P. aeruginosa",0.331861198498295
"6656","P. aeruginosa",0.766537116104114
"6657","P. aeruginosa",0.624989386068172
"6658","P. aeruginosa",0.398096229743945
"6659","P. aeruginosa",0.1354572435439
"6660","P. aeruginosa",0.133103111707807
"6661","P. aeruginosa",0.309887873868085
"6662","P. aeruginosa",0.525360485344157
"6663","P. aeruginosa",0.628743237826218
"6664","P. aeruginosa",0.429579663163553
"6665","P. aeruginosa",0.370118416237296
"6666","P. aeruginosa",-0.0336983126139752
"6667","P. aeruginosa",0.493574853180705
"6668","P. aeruginosa",0.443489017226065
"6669","P. aeruginosa",0.488613809847392
"6670","P. aeruginosa",0.0445408461678432
"6671","P. aeruginosa",0.199728900214832
"6672","P. aeruginosa",0.506576486340568
"6673","P. aeruginosa",0.681911968161915
"6674","P. aeruginosa",0.257437237869158
"6675","P. aeruginosa",0.583708199264741
"6676","P. aeruginosa",-0.0385138974847894
"6677","P. aeruginosa",-0.258791923771115
"6678","P. aeruginosa",0.306334645360763
"6679","P. aeruginosa",0.274835259673847
"6680","P. aeruginosa",-0.191424192644849
"6681","P. aeruginosa",0.263512626919997
"6682","P. aeruginosa",0.61897378056484
"6683","P. aeruginosa",0.538510174035831
"6684","P. aeruginosa",0.387147845278362
"6685","P. aeruginosa",0.371559113660023
"6686","P. aeruginosa",0.159602083285896
"6687","P. aeruginosa",0.244746549352295
"6688","P. aeruginosa",0.481667934041718
"6689","P. aeruginosa",0.299705489365884
"6690","P. aeruginosa",0.73617362312712
"6691","P. aeruginosa",0.136765878135129
"6692","P. aeruginosa",0.238636509188008
"6693","P. aeruginosa",0.5502835970443
"6694","P. aeruginosa",0.0991512189736069
"6695","P. aeruginosa",0.194812924075393
"6696","P. aeruginosa",0.596173922531732
"6697","P. aeruginosa",0.290684534986016
"6698","P. aeruginosa",1.04438941543349
"6699","P. aeruginosa",0.457342080889289
"6700","P. aeruginosa",0.5732361471889
"6701","P. aeruginosa",-0.264208699387102
"6702","P. aeruginosa",0.584347531119121
"6703","P. aeruginosa",0.836250138783539
"6704","P. aeruginosa",0.586603612749135
"6705","P. aeruginosa",0.0997381950179859
"6706","P. aeruginosa",0.415436459763153
"6707","P. aeruginosa",0.301158504403781
"6708","P. aeruginosa",0.204690992533121
"6709","P. aeruginosa",0.246081737439352
"6710","P. aeruginosa",-0.103716737293451
"6711","P. aeruginosa",0.332961691663715
"6712","P. aeruginosa",0.306484043371161
"6713","P. aeruginosa",0.10286857170269
"6714","P. aeruginosa",0.0195470155144503
"6715","P. aeruginosa",0.431922338623486
"6716","P. aeruginosa",0.384494997200169
"6717","P. aeruginosa",0.560411852340924
"6718","P. aeruginosa",0.725212874218081
"6719","P. aeruginosa",0.489917958541266
"6720","P. aeruginosa",0.0380383263884415
"6721","P. aeruginosa",-0.00976250194536203
"6722","P. aeruginosa",0.271917580628116
"6723","P. aeruginosa",0.193899318903411
"6724","P. aeruginosa",0.839168729637676
"6725","P. aeruginosa",0.443752188823489
"6726","P. aeruginosa",0.571395478302859
"6727","P. aeruginosa",0.501994381299748
"6728","P. aeruginosa",0.663654057657736
"6729","P. aeruginosa",0.281981878975708
"6730","P. aeruginosa",0.89965706797427
"6731","P. aeruginosa",0.618203572333795
"6732","P. aeruginosa",0.385092969389576
"6733","P. aeruginosa",-0.0450315130731921
"6734","P. aeruginosa",0.0942039529066481
"6735","P. aeruginosa",0.591476903788254
"6736","P. aeruginosa",0.120732060018494
"6737","P. aeruginosa",-0.173252746257639
"6738","P. aeruginosa",0.35931648810566
"6739","P. aeruginosa",-0.041433492245553
"6740","P. aeruginosa",0.182837137598682
"6741","P. aeruginosa",0.776479913952641
"6742","P. aeruginosa",0.468809494559883
"6743","P. aeruginosa",0.0274473706128908
"6744","P. aeruginosa",0.561656343762277
"6745","P. aeruginosa",0.130841869614269
"6746","P. aeruginosa",0.544433486024203
"6747","P. aeruginosa",0.864466937721473
"6748","P. aeruginosa",0.224693154565904
"6749","P. aeruginosa",-0.230378019090244
"6750","P. aeruginosa",0.428356660130698
"6751","P. aeruginosa",0.303677881400543
"6752","P. aeruginosa",0.181733371803764
"6753","P. aeruginosa",0.421931900804213
"6754","P. aeruginosa",0.190911743765837
"6755","P. aeruginosa",-0.203017235506898
"6756","P. aeruginosa",-0.115471114661725
"6757","P. aeruginosa",0.619533717654543
"6758","P. aeruginosa",-0.160478192202267
"6759","P. aeruginosa",0.0442063490750877
"6760","P. aeruginosa",0.567840971535014
"6761","P. aeruginosa",-0.00811321963580152
"6762","P. aeruginosa",0.203146223412275
"6763","P. aeruginosa",0.271614635145844
"6764","P. aeruginosa",0.175086725054956
"6765","P. aeruginosa",0.0912968334838716
"6766","P. aeruginosa",0.241350630590028
"6767","P. aeruginosa",0.704829484763792
"6768","P. aeruginosa",0.277934172551278
"6769","P. aeruginosa",0.127931550523634
"6770","P. aeruginosa",0.853785878277087
"6771","P. aeruginosa",0.354890685251697
"6772","P. aeruginosa",0.174500467755348
"6773","P. aeruginosa",0.414563852102607
"6774","P. aeruginosa",0.470089259352531
"6775","P. aeruginosa",0.117152245345759
"6776","P. aeruginosa",-0.138252313580543
"6777","P. aeruginosa",0.298260922714374
"6778","P. aeruginosa",-0.196291997836076
"6779","P. aeruginosa",0.144102289694043
"6780","P. aeruginosa",0.021495860527148
"6781","P. aeruginosa",0.00644591025798426
"6782","P. aeruginosa",0.7008782716329
"6783","P. aeruginosa",0.212708009594749
"6784","P. aeruginosa",0.52774520462836
"6785","P. aeruginosa",0.43428740364965
"6786","P. aeruginosa",0.419610027407841
"6787","P. aeruginosa",0.261396689456561
"6788","P. aeruginosa",0.398358167632546
"6789","P. aeruginosa",0.116599151536099
"6790","P. aeruginosa",0.405209158880341
"6791","P. aeruginosa",0.307924598309176
"6792","P. aeruginosa",0.278615706349529
"6793","P. aeruginosa",0.28613602093376
"6794","P. aeruginosa",0.0595833795477641
"6795","P. aeruginosa",0.609978735283399
"6796","P. aeruginosa",0.171432935221536
"6797","P. aeruginosa",-0.10257733147627
"6798","P. aeruginosa",0.292370321497582
"6799","P. aeruginosa",0.418053449297255
"6800","P. aeruginosa",0.557022788763792
"6801","P. aeruginosa",0.439240184984068
"6802","P. aeruginosa",0.310614456970063
"6803","P. aeruginosa",0.43930125903702
"6804","P. aeruginosa",0.466491767127752
"6805","P. aeruginosa",0.329211819240335
"6806","P. aeruginosa",0.501272423890417
"6807","P. aeruginosa",0.892260573674307
"6808","P. aeruginosa",0.47338595483025
"6809","P. aeruginosa",0.888389778678256
"6810","P. aeruginosa",0.589069061149877
"6811","P. aeruginosa",-0.233514290994632
"6812","P. aeruginosa",0.486147413518077
"6813","P. aeruginosa",0.720733503906351
"6814","P. aeruginosa",0.266409391010448
"6815","P. aeruginosa",0.180475011373632
"6816","P. aeruginosa",0.1222434939609
"6817","P. aeruginosa",0.177428139726136
"6818","P. aeruginosa",0.456333939984016
"6819","P. aeruginosa",0.558382666437011
"6820","P. aeruginosa",0.167411510591527
"6821","P. aeruginosa",0.756106307706491
"6822","P. aeruginosa",0.222138748518019
"6823","P. aeruginosa",0.527477860120581
"6824","P. aeruginosa",0.264695858690379
"6825","P. aeruginosa",0.377673378205012
"6826","P. aeruginosa",0.0525365875028159
"6827","P. aeruginosa",0.270223800194315
"6828","P. aeruginosa",0.472209807228326
"6829","P. aeruginosa",0.0357032268113817
"6830","P. aeruginosa",0.360358213588743
"6831","P. aeruginosa",0.487335908625406
"6832","P. aeruginosa",-0.0415643099468156
"6833","P. aeruginosa",0.087009640602819
"6834","P. aeruginosa",0.386175183982416
"6835","P. aeruginosa",0.149700263856411
"6836","P. aeruginosa",0.413869879914963
"6837","P. aeruginosa",0.350546307509895
"6838","P. aeruginosa",0.0238679192813003
"6839","P. aeruginosa",0.775672710474014
"6840","P. aeruginosa",0.361105021012725
"6841","P. aeruginosa",0.0132801667892429
"6842","P. aeruginosa",0.156550164141282
"6843","P. aeruginosa",0.178234781302683
"6844","P. aeruginosa",0.369400929460215
"6845","P. aeruginosa",0.742608468921819
"6846","P. aeruginosa",0.557780710304117
"6847","P. aeruginosa",0.732188084691612
"6848","P. aeruginosa",-0.104825581192202
"6849","P. aeruginosa",0.624742345092334
"6850","P. aeruginosa",0.206100002073125
"6851","P. aeruginosa",-0.0851365373774033
"6852","P. aeruginosa",0.210924165389633
"6853","P. aeruginosa",0.407978844449417
"6854","P. aeruginosa",0.938854922653626
"6855","P. aeruginosa",0.141641787898351
"6856","P. aeruginosa",0.88597295253186
"6857","P. aeruginosa",0.995760335178122
"6858","P. aeruginosa",-0.487535569317113
"6859","P. aeruginosa",0.0982824684569538
"6860","P. aeruginosa",0.231006339180976
"6861","P. aeruginosa",0.243442507282953
"6862","P. aeruginosa",0.143986871858403
"6863","P. aeruginosa",0.648390230031866
"6864","P. aeruginosa",0.716085900371052
"6865","P. aeruginosa",0.165913660284938
"6866","P. aeruginosa",0.70109505050426
"6867","P. aeruginosa",0.459208154720236
"6868","P. aeruginosa",0.465591954983538
"6869","P. aeruginosa",-0.167650644752523
"6870","P. aeruginosa",0.304920511030364
"6871","P. aeruginosa",0.0908319607325296
"6872","P. aeruginosa",0.261413105612909
"6873","P. aeruginosa",0.0642376592966751
"6874","P. aeruginosa",0.335159050749351
"6875","P. aeruginosa",0.152790983909562
"6876","P. aeruginosa",0.385472445672996
"6877","P. aeruginosa",-0.134895638255106
"6878","P. aeruginosa",0.0785003449881894
"6879","P. aeruginosa",0.312662130418473
"6880","P. aeruginosa",0.360074345532901
"6881","P. aeruginosa",0.0354432284373222
"6882","P. aeruginosa",-0.0602365158244391
"6883","P. aeruginosa",0.591079225428976
"6884","P. aeruginosa",0.430914782556479
"6885","P. aeruginosa",0.108225687816275
"6886","P. aeruginosa",-0.277837670845113
"6887","P. aeruginosa",0.209172707249913
"6888","P. aeruginosa",0.417960408553869
"6889","P. aeruginosa",0.0921371927827264
"6890","P. aeruginosa",0.509329118513732
"6891","P. aeruginosa",0.537737939874117
"6892","P. aeruginosa",0.281238380590134
"6893","P. aeruginosa",0.479681225977288
"6894","P. aeruginosa",0.0868756133814307
"6895","P. aeruginosa",0.27719369122489
"6896","P. aeruginosa",0.425659787309417
"6897","P. aeruginosa",0.20855040477476
"6898","P. aeruginosa",-0.401663295993212
"6899","P. aeruginosa",0.801802599746102
"6900","P. aeruginosa",-0.046641082791788
"6901","P. aeruginosa",0.196557681886104
"6902","P. aeruginosa",0.37217682290493
"6903","P. aeruginosa",0.393289142921303
"6904","P. aeruginosa",0.47879608476285
"6905","P. aeruginosa",0.756990497328666
"6906","P. aeruginosa",0.110874720085995
"6907","P. aeruginosa",0.412725713676477
"6908","P. aeruginosa",0.356742310362402
"6909","P. aeruginosa",0.276212300660442
"6910","P. aeruginosa",-0.253983220736415
"6911","P. aeruginosa",0.289364097231271
"6912","P. aeruginosa",0.203401471315289
"6913","P. aeruginosa",0.600256615302978
"6914","P. aeruginosa",0.323936347567228
"6915","P. aeruginosa",0.0974842893446546
"6916","P. aeruginosa",0.926926039635771
"6917","P. aeruginosa",0.325885429355005
"6918","P. aeruginosa",0.424778834335524
"6919","P. aeruginosa",0.341246241335056
"6920","P. aeruginosa",0.540108763095626
"6921","P. aeruginosa",0.495910607309979
"6922","P. aeruginosa",0.24075619239555
"6923","P. aeruginosa",0.51955801998229
"6924","P. aeruginosa",0.694207226816056
"6925","P. aeruginosa",0.400416432686084
"6926","P. aeruginosa",-0.0828131030011271
"6927","P. aeruginosa",0.0322917646420928
"6928","P. aeruginosa",0.293398230395546
"6929","P. aeruginosa",0.42788157885808
"6930","P. aeruginosa",0.513457616154643
"6931","P. aeruginosa",0.728336541832572
"6932","P. aeruginosa",0.234431598529223
"6933","P. aeruginosa",0.53896183225115
"6934","P. aeruginosa",0.34180934210226
"6935","P. aeruginosa",-0.225786657199096
"6936","P. aeruginosa",0.289948602889213
"6937","P. aeruginosa",0.602287246209684
"6938","P. aeruginosa",0.472813456353912
"6939","P. aeruginosa",0.625621448666877
"6940","P. aeruginosa",0.257217365328376
"6941","P. aeruginosa",0.757093004494157
"6942","P. aeruginosa",0.181410094146471
"6943","P. aeruginosa",0.503769897913159
"6944","P. aeruginosa",0.34536265995601
"6945","P. aeruginosa",0.584801317624197
"6946","P. aeruginosa",-0.134312322731954
"6947","P. aeruginosa",0.318035560497002
"6948","P. aeruginosa",0.115837492967025
"6949","P. aeruginosa",0.476830424401549
"6950","P. aeruginosa",0.188432177270669
"6951","P. aeruginosa",0.516417613553134
"6952","P. aeruginosa",0.28903255436981
"6953","P. aeruginosa",-0.231598180029996
"6954","P. aeruginosa",0.247989897219458
"6955","P. aeruginosa",0.0011993764513475
"6956","P. aeruginosa",0.378824229560493
"6957","P. aeruginosa",0.597364662172625
"6958","P. aeruginosa",0.141188089054236
"6959","P. aeruginosa",0.56477971457535
"6960","P. aeruginosa",0.125133385138186
"6961","P. aeruginosa",0.215170513935721
"6962","P. aeruginosa",0.293519086028681
"6963","P. aeruginosa",0.493441524727483
"6964","P. aeruginosa",0.413746439671172
"6965","P. aeruginosa",0.233419322263362
"6966","P. aeruginosa",0.017877586286455
"6967","P. aeruginosa",0.44100759786101
"6968","P. aeruginosa",0.299935522096725
"6969","P. aeruginosa",0.561082055443109
"6970","P. aeruginosa",0.734233907273147
"6971","P. aeruginosa",0.17618967345643
"6972","P. aeruginosa",0.0573204598631
"6973","P. aeruginosa",0.0364713180421151
"6974","P. aeruginosa",0.209424846128029
"6975","P. aeruginosa",0.531306858754563
"6976","P. aeruginosa",0.109364966190241
"6977","P. aeruginosa",-0.0335149300342079
"6978","P. aeruginosa",0.408900037919052
"6979","P. aeruginosa",0.118545274333774
"6980","P. aeruginosa",0.500183224037305
"6981","P. aeruginosa",0.0625534480481579
"6982","P. aeruginosa",0.31319086571608
"6983","P. aeruginosa",0.142193414984011
"6984","P. aeruginosa",0.416019144391161
"6985","P. aeruginosa",-0.471133945698581
"6986","P. aeruginosa",0.270294989318623
"6987","P. aeruginosa",0.252920603719294
"6988","P. aeruginosa",0.225380618099515
"6989","P. aeruginosa",0.842011358717072
"6990","P. aeruginosa",0.135250667737657
"6991","P. aeruginosa",-0.187190087257749
"6992","P. aeruginosa",-0.0250863384562008
"6993","P. aeruginosa",0.32048833221176
"6994","P. aeruginosa",0.466421854494173
"6995","P. aeruginosa",0.029685103050255
"6996","P. aeruginosa",0.539515342994644
"6997","P. aeruginosa",0.0475047702010041
"6998","P. aeruginosa",0.301208865716057
"6999","P. aeruginosa",0.0647057309129927
"7000","P. aeruginosa",-0.181563548389699
"7001","S. aureus",-0.0521563973437828
"7002","S. aureus",-0.0903754697745804
"7003","S. aureus",0.0321353559051417
"7004","S. aureus",-0.060458001485159
"7005","S. aureus",-0.0517543526210311
"7006","S. aureus",0.0767447919989876
"7007","S. aureus",-0.356757597532189
"7008","S. aureus",0.00662871778706659
"7009","S. aureus",-0.0607387821139509
"7010","S. aureus",0.0816618196738853
"7011","S. aureus",0.0465341656200279
"7012","S. aureus",-0.139735816573516
"7013","S. aureus",-0.0549292622407041
"7014","S. aureus",-0.224685193375378
"7015","S. aureus",-0.135720099160313
"7016","S. aureus",-0.179944232724844
"7017","S. aureus",-0.105940405833852
"7018","S. aureus",-0.087441303586182
"7019","S. aureus",-0.123314739652334
"7020","S. aureus",-0.0674759013102382
"7021","S. aureus",0.0491541032442862
"7022","S. aureus",-0.104807870614366
"7023","S. aureus",-0.158491235926639
"7024","S. aureus",0.195244980514275
"7025","S. aureus",-0.129850001956004
"7026","S. aureus",0.0113405225574581
"7027","S. aureus",-0.0273742605176696
"7028","S. aureus",-0.0842822952158531
"7029","S. aureus",-0.0633707016515139
"7030","S. aureus",-0.181473695294868
"7031","S. aureus",0.032815628747803
"7032","S. aureus",0.0214083872265405
"7033","S. aureus",0.0196382803115996
"7034","S. aureus",-0.10247933568612
"7035","S. aureus",-0.0192425544946032
"7036","S. aureus",0.0684713207451336
"7037","S. aureus",-0.105709761667896
"7038","S. aureus",0.158143249095871
"7039","S. aureus",-0.0222352294827655
"7040","S. aureus",0.130124405416919
"7041","S. aureus",0.108957055876196
"7042","S. aureus",0.113435412631809
"7043","S. aureus",-0.0136412065865628
"7044","S. aureus",-0.16117162558957
"7045","S. aureus",0.0384018691029654
"7046","S. aureus",0.0418339750911921
"7047","S. aureus",0.00130138175885471
"7048","S. aureus",-0.08853330193379
"7049","S. aureus",-0.137920200649542
"7050","S. aureus",0.0619058263184428
"7051","S. aureus",-0.0987287589996512
"7052","S. aureus",0.0603342238638388
"7053","S. aureus",-0.0778134083516141
"7054","S. aureus",-0.181471572382545
"7055","S. aureus",0.0527185406400937
"7056","S. aureus",-0.134398913565311
"7057","S. aureus",0.0701986216126461
"7058","S. aureus",-0.0417538161546685
"7059","S. aureus",0.0259584743805274
"7060","S. aureus",-0.0833688045989374
"7061","S. aureus",0.0341135995190749
"7062","S. aureus",0.0507866206012729
"7063","S. aureus",0.0958710121070852
"7064","S. aureus",0.0953295285303119
"7065","S. aureus",0.0812014687804193
"7066","S. aureus",0.0620764003193659
"7067","S. aureus",-0.158004393216376
"7068","S. aureus",-0.106080539426818
"7069","S. aureus",0.0239172247678889
"7070","S. aureus",0.05831540669715
"7071","S. aureus",-0.200687683759111
"7072","S. aureus",-0.113418762434269
"7073","S. aureus",0.0810348209258549
"7074","S. aureus",-0.0415676245330886
"7075","S. aureus",0.154683432363951
"7076","S. aureus",-0.149924615196907
"7077","S. aureus",0.0401390514495784
"7078","S. aureus",0.0748161564564285
"7079","S. aureus",-0.154674693298315
"7080","S. aureus",-0.0931387478455769
"7081","S. aureus",0.0354514266959591
"7082","S. aureus",-0.182295344076408
"7083","S. aureus",-0.227854659117124
"7084","S. aureus",-0.174342521207977
"7085","S. aureus",-0.161852875736669
"7086","S. aureus",-0.0793160496905434
"7087","S. aureus",-0.091562848310608
"7088","S. aureus",0.00488051097636427
"7089","S. aureus",-0.0949367389860749
"7090","S. aureus",-0.0270670153618463
"7091","S. aureus",0.0476478252536371
"7092","S. aureus",0.0451764878512306
"7093","S. aureus",0.161927793289798
"7094","S. aureus",0.0459923829990296
"7095","S. aureus",-0.0140169648407129
"7096","S. aureus",-0.0506329510642418
"7097","S. aureus",-0.0013303222164705
"7098","S. aureus",-0.214153397949588
"7099","S. aureus",-0.118892724132836
"7100","S. aureus",0.0277354614886525
"7101","S. aureus",0.0302597220340433
"7102","S. aureus",0.0716789853885837
"7103","S. aureus",-0.16223179932939
"7104","S. aureus",-0.0209765712237099
"7105","S. aureus",-0.12244643736939
"7106","S. aureus",-0.0286258704631073
"7107","S. aureus",-0.0553905576738046
"7108","S. aureus",-0.00604357664410332
"7109","S. aureus",-0.0396914435518033
"7110","S. aureus",-0.00586111277572972
"7111","S. aureus",-0.074274633503851
"7112","S. aureus",-0.14800297087662
"7113","S. aureus",0.0821653866262183
"7114","S. aureus",-0.1246731559294
"7115","S. aureus",0.136665615282942
"7116","S. aureus",-0.122965167761491
"7117","S. aureus",0.180325471480585
"7118","S. aureus",-0.0151695923197365
"7119","S. aureus",0.0894405523671293
"7120","S. aureus",0.175726111819002
"7121","S. aureus",-0.0771838184908427
"7122","S. aureus",0.27542222518551
"7123","S. aureus",-0.1843715020967
"7124","S. aureus",-0.0372685731014641
"7125","S. aureus",-0.0646852105304255
"7126","S. aureus",-0.107603550149263
"7127","S. aureus",-0.0439917470682294
"7128","S. aureus",0.0196380373305287
"7129","S. aureus",-0.115326491593695
"7130","S. aureus",0.0452463351357729
"7131","S. aureus",-0.0405666345187586
"7132","S. aureus",-0.132933923728411
"7133","S. aureus",-0.0563841190423665
"7134","S. aureus",-0.162340128780529
"7135","S. aureus",0.137918553430707
"7136","S. aureus",-0.132568098846726
"7137","S. aureus",-0.0483195130355458
"7138","S. aureus",0.0807073378680274
"7139","S. aureus",0.116049918037623
"7140","S. aureus",0.207393839032893
"7141","S. aureus",-0.106739675857639
"7142","S. aureus",0.0320939142666897
"7143","S. aureus",0.00490019964690009
"7144","S. aureus",0.0228197039731602
"7145","S. aureus",-0.0940026008240078
"7146","S. aureus",-0.131082597782469
"7147","S. aureus",0.113848669374034
"7148","S. aureus",0.0576418873565289
"7149","S. aureus",-0.139055314832588
"7150","S. aureus",0.0179646969251979
"7151","S. aureus",-0.127033511670315
"7152","S. aureus",-0.222062020899384
"7153","S. aureus",-0.0913660718220089
"7154","S. aureus",-0.0413717486271836
"7155","S. aureus",0.132829419320752
"7156","S. aureus",0.0612131681423297
"7157","S. aureus",-0.307321834606453
"7158","S. aureus",0.0523670636447706
"7159","S. aureus",0.025246307117822
"7160","S. aureus",-0.0240839073213658
"7161","S. aureus",0.0120602950435616
"7162","S. aureus",-0.237087956266725
"7163","S. aureus",-0.0948451868833091
"7164","S. aureus",-0.084776636751669
"7165","S. aureus",9.47048443846718e-05
"7166","S. aureus",0.103824908121373
"7167","S. aureus",-0.0783404288249958
"7168","S. aureus",-0.0913370029082843
"7169","S. aureus",-0.200502387387293
"7170","S. aureus",-0.0901670432389761
"7171","S. aureus",0.081770002935452
"7172","S. aureus",-0.128262268838319
"7173","S. aureus",-0.0621578726967745
"7174","S. aureus",0.0832288994502563
"7175","S. aureus",0.0464449212816572
"7176","S. aureus",-0.0740552777282489
"7177","S. aureus",-0.0332751954047504
"7178","S. aureus",0.043520755578196
"7179","S. aureus",0.00456618242964375
"7180","S. aureus",-0.049371730452543
"7181","S. aureus",0.00282049802476918
"7182","S. aureus",-0.0802651944773411
"7183","S. aureus",-0.0383999799199303
"7184","S. aureus",-0.0331345989954266
"7185","S. aureus",0.00604138792449881
"7186","S. aureus",0.0293634591702012
"7187","S. aureus",0.116017820245835
"7188","S. aureus",-0.166512163882877
"7189","S. aureus",-0.0391680091568075
"7190","S. aureus",-0.0986360012903292
"7191","S. aureus",-0.182394033989822
"7192","S. aureus",-0.11615193040772
"7193","S. aureus",-0.0352819423696375
"7194","S. aureus",0.0925352740370852
"7195","S. aureus",-0.0453007004874087
"7196","S. aureus",-0.22514245301407
"7197","S. aureus",-0.0843797296573078
"7198","S. aureus",0.0353744319217411
"7199","S. aureus",-0.0918971381666192
"7200","S. aureus",0.0179594794010408
"7201","S. aureus",0.0129433188472846
"7202","S. aureus",0.18400209598444
"7203","S. aureus",-0.0474281277029983
"7204","S. aureus",-0.00908621897398845
"7205","S. aureus",0.181651318142614
"7206","S. aureus",0.0949244175433412
"7207","S. aureus",0.0343560741078857
"7208","S. aureus",-0.0972920492365297
"7209","S. aureus",0.0770859384653607
"7210","S. aureus",0.070043871955909
"7211","S. aureus",0.192074864375084
"7212","S. aureus",-0.0192292901010097
"7213","S. aureus",-0.04757455938905
"7214","S. aureus",-0.00153468621846552
"7215","S. aureus",-0.135676053516256
"7216","S. aureus",-0.212991042705648
"7217","S. aureus",0.0987078686695717
"7218","S. aureus",0.0240321062585907
"7219","S. aureus",0.13591743363933
"7220","S. aureus",0.0166136797374989
"7221","S. aureus",0.0749960987229601
"7222","S. aureus",-0.0501182869433534
"7223","S. aureus",-0.040297364639665
"7224","S. aureus",0.0999111489200851
"7225","S. aureus",0.062346493673137
"7226","S. aureus",-0.045275808667594
"7227","S. aureus",-0.238106615277341
"7228","S. aureus",-0.00969007603195772
"7229","S. aureus",-0.120151468915137
"7230","S. aureus",-0.223273357201643
"7231","S. aureus",-0.0035905198941914
"7232","S. aureus",-0.0674574449125796
"7233","S. aureus",0.078688500394229
"7234","S. aureus",-0.254420001692925
"7235","S. aureus",-0.077867846945626
"7236","S. aureus",-0.122247744030958
"7237","S. aureus",0.0010390237173268
"7238","S. aureus",0.158324335431994
"7239","S. aureus",-0.0317028587437908
"7240","S. aureus",-0.173692550338533
"7241","S. aureus",-0.10777034530826
"7242","S. aureus",-0.103540859037153
"7243","S. aureus",-0.0494085890846509
"7244","S. aureus",-0.0352863982308933
"7245","S. aureus",0.00956316334270397
"7246","S. aureus",0.0230186222565725
"7247","S. aureus",0.0725418028464439
"7248","S. aureus",-0.08514448271999
"7249","S. aureus",-0.154218419067053
"7250","S. aureus",-0.00350968635035531
"7251","S. aureus",0.0627719122671966
"7252","S. aureus",0.104228084917503
"7253","S. aureus",-0.0599424241147658
"7254","S. aureus",-0.208831331132827
"7255","S. aureus",-0.102154157939136
"7256","S. aureus",-0.00776180938753481
"7257","S. aureus",-0.0661381025638103
"7258","S. aureus",-0.0719692299665365
"7259","S. aureus",0.0348450258612213
"7260","S. aureus",0.0303653007923335
"7261","S. aureus",0.0308082299991897
"7262","S. aureus",-0.0301891319673391
"7263","S. aureus",0.010317589234818
"7264","S. aureus",-0.0769548359397646
"7265","S. aureus",0.00566292032040984
"7266","S. aureus",-0.0669296093432252
"7267","S. aureus",-0.0666953573306251
"7268","S. aureus",-0.019835568762525
"7269","S. aureus",0.145605422512034
"7270","S. aureus",0.0681323906131828
"7271","S. aureus",-0.150033065398197
"7272","S. aureus",-0.0406512469105533
"7273","S. aureus",-0.0968959473962734
"7274","S. aureus",-0.0681251224896353
"7275","S. aureus",-0.082095623097694
"7276","S. aureus",-0.0433119502369623
"7277","S. aureus",0.0826866983074288
"7278","S. aureus",-0.0162516060545171
"7279","S. aureus",0.068427205767977
"7280","S. aureus",-0.0859402938031535
"7281","S. aureus",-0.05108287818718
"7282","S. aureus",-0.00291931081262116
"7283","S. aureus",-0.251377818023608
"7284","S. aureus",-0.0219204722611434
"7285","S. aureus",0.0572309737560238
"7286","S. aureus",-0.0717350557893826
"7287","S. aureus",0.168038500045879
"7288","S. aureus",-0.0404914321213861
"7289","S. aureus",0.0965506655198169
"7290","S. aureus",0.0281483133254531
"7291","S. aureus",-0.108834199002393
"7292","S. aureus",0.133121616313122
"7293","S. aureus",-0.164833501061379
"7294","S. aureus",-0.0836219008607958
"7295","S. aureus",-0.118066063928706
"7296","S. aureus",-0.0315065088854771
"7297","S. aureus",0.0502136199936455
"7298","S. aureus",-0.053972093920901
"7299","S. aureus",0.0061650783948231
"7300","S. aureus",-0.00185523528931891
"7301","S. aureus",0.00397887604837501
"7302","S. aureus",-0.0983277083108354
"7303","S. aureus",-0.101916801935252
"7304","S. aureus",0.0116296881102098
"7305","S. aureus",0.119371400627259
"7306","S. aureus",0.122512077517652
"7307","S. aureus",0.123051860620185
"7308","S. aureus",-0.148599143383085
"7309","S. aureus",0.09756515165072
"7310","S. aureus",0.0462266709991925
"7311","S. aureus",0.0448419948800603
"7312","S. aureus",0.000836479980654293
"7313","S. aureus",0.01340533998232
"7314","S. aureus",-0.067757911850727
"7315","S. aureus",-0.0609954113180083
"7316","S. aureus",0.215305078780832
"7317","S. aureus",-0.0198467959949728
"7318","S. aureus",0.0249771165577127
"7319","S. aureus",-0.0195490966537907
"7320","S. aureus",0.00999319487051535
"7321","S. aureus",0.0190408548011442
"7322","S. aureus",-0.0825072706476338
"7323","S. aureus",-0.0571516461939313
"7324","S. aureus",0.0550799597975521
"7325","S. aureus",-0.18188747008919
"7326","S. aureus",-0.0944779767113019
"7327","S. aureus",0.142583583700682
"7328","S. aureus",-0.0203802258249869
"7329","S. aureus",0.0798781650061178
"7330","S. aureus",-0.0110403168574431
"7331","S. aureus",0.0271325702956609
"7332","S. aureus",0.0587054992345328
"7333","S. aureus",0.0769581568434509
"7334","S. aureus",-0.113148004486693
"7335","S. aureus",-0.156499698021307
"7336","S. aureus",0.00552880120818629
"7337","S. aureus",0.033837438855801
"7338","S. aureus",0.0448216581830132
"7339","S. aureus",-0.253841601698063
"7340","S. aureus",-0.115551826794483
"7341","S. aureus",0.0401955321894356
"7342","S. aureus",-0.0200734668984531
"7343","S. aureus",-0.178988134259795
"7344","S. aureus",-0.118185942844442
"7345","S. aureus",-0.0892203686954782
"7346","S. aureus",0.0572807452843398
"7347","S. aureus",0.20978261085616
"7348","S. aureus",0.0413812884118895
"7349","S. aureus",-0.0451575908194495
"7350","S. aureus",0.0354053068580773
"7351","S. aureus",-0.0232646010061793
"7352","S. aureus",0.085242192208471
"7353","S. aureus",-0.038903380756517
"7354","S. aureus",-0.040156236507767
"7355","S. aureus",-0.151892690917208
"7356","S. aureus",-0.0296188350085817
"7357","S. aureus",-0.0369321563602225
"7358","S. aureus",0.0307944783848154
"7359","S. aureus",0.0629648645364985
"7360","S. aureus",-0.0829016533870229
"7361","S. aureus",-0.00768225339842776
"7362","S. aureus",0.0160642334797484
"7363","S. aureus",-0.0528602055565423
"7364","S. aureus",0.0665398789132517
"7365","S. aureus",0.122890127533596
"7366","S. aureus",-0.125210352738475
"7367","S. aureus",0.0944783526519189
"7368","S. aureus",0.173274664144448
"7369","S. aureus",0.0973743126161656
"7370","S. aureus",0.101477959100659
"7371","S. aureus",-0.0448758778919197
"7372","S. aureus",0.0651903636813256
"7373","S. aureus",-0.219412022003477
"7374","S. aureus",0.0770617755607334
"7375","S. aureus",-0.101851074351883
"7376","S. aureus",0.00106328449824595
"7377","S. aureus",0.0679724910222636
"7378","S. aureus",-0.0938987834989591
"7379","S. aureus",-0.0908164425200932
"7380","S. aureus",-0.000327221367904132
"7381","S. aureus",0.0548384086911943
"7382","S. aureus",-0.0134861103264764
"7383","S. aureus",-0.0992008924437161
"7384","S. aureus",-0.051098371867436
"7385","S. aureus",0.201048058844684
"7386","S. aureus",-0.0628824663573019
"7387","S. aureus",0.176139394362019
"7388","S. aureus",0.0361789239783016
"7389","S. aureus",0.00226818162982497
"7390","S. aureus",0.0103609451666867
"7391","S. aureus",-0.000735033868258442
"7392","S. aureus",-0.178278489280175
"7393","S. aureus",-0.129305242661
"7394","S. aureus",0.0444134804400008
"7395","S. aureus",-0.0960729088257495
"7396","S. aureus",0.0875037976490477
"7397","S. aureus",-0.00115153322792195
"7398","S. aureus",-0.0833437017802086
"7399","S. aureus",-0.148563881312796
"7400","S. aureus",-0.120786697384917
"7401","S. aureus",-0.0425865192670657
"7402","S. aureus",-0.135226410551298
"7403","S. aureus",0.110159269673596
"7404","S. aureus",-0.0621033418637998
"7405","S. aureus",0.0803065288097457
"7406","S. aureus",0.264331399513617
"7407","S. aureus",0.0692668076024373
"7408","S. aureus",0.0502610450540948
"7409","S. aureus",-0.0360568516912568
"7410","S. aureus",-0.153958286639223
"7411","S. aureus",0.03348689363581
"7412","S. aureus",-0.16527075827926
"7413","S. aureus",0.123488660533624
"7414","S. aureus",-0.0440158047082001
"7415","S. aureus",-0.0222607588376318
"7416","S. aureus",0.147641542226283
"7417","S. aureus",0.0870195981360082
"7418","S. aureus",-0.0306206057064229
"7419","S. aureus",0.0437243152590431
"7420","S. aureus",-0.114237686412809
"7421","S. aureus",-0.121837969829416
"7422","S. aureus",-0.0370184546441789
"7423","S. aureus",-0.0162401392955567
"7424","S. aureus",0.156596285886665
"7425","S. aureus",-0.0168972908636817
"7426","S. aureus",0.0318263361101209
"7427","S. aureus",-0.038146038006425
"7428","S. aureus",0.00113043509339446
"7429","S. aureus",-0.151816765444396
"7430","S. aureus",-0.0611047184192765
"7431","S. aureus",0.0670049484919995
"7432","S. aureus",0.0642032674982256
"7433","S. aureus",-0.211849389700302
"7434","S. aureus",-0.177842377777138
"7435","S. aureus",-0.054448181268268
"7436","S. aureus",0.0679432428727088
"7437","S. aureus",-0.119806386518145
"7438","S. aureus",-0.116193504814326
"7439","S. aureus",-0.0218328310874073
"7440","S. aureus",0.0436831454605849
"7441","S. aureus",-0.111293530622206
"7442","S. aureus",-0.0614036106173511
"7443","S. aureus",-0.132943661913392
"7444","S. aureus",0.0175931385309791
"7445","S. aureus",0.0148865578527763
"7446","S. aureus",0.166988251902669
"7447","S. aureus",-0.134382892251242
"7448","S. aureus",-0.111342064832874
"7449","S. aureus",0.0848051480228739
"7450","S. aureus",0.00369896299539848
"7451","S. aureus",0.0329849112808868
"7452","S. aureus",-0.125226237203146
"7453","S. aureus",-0.0683169516413308
"7454","S. aureus",0.0765039152157386
"7455","S. aureus",-0.128061074033869
"7456","S. aureus",-0.00462028853084931
"7457","S. aureus",-0.126123599145169
"7458","S. aureus",-0.164273823192695
"7459","S. aureus",-0.0827538389924455
"7460","S. aureus",-0.0682278928339656
"7461","S. aureus",0.130234151488369
"7462","S. aureus",-0.251860439998128
"7463","S. aureus",-0.0163195570570759
"7464","S. aureus",-0.156902786168462
"7465","S. aureus",-0.0747735075492349
"7466","S. aureus",-0.0894492069176077
"7467","S. aureus",-0.0534702331873155
"7468","S. aureus",0.131366006922809
"7469","S. aureus",-0.0367339517381393
"7470","S. aureus",0.0481030439769944
"7471","S. aureus",-0.260285584394895
"7472","S. aureus",0.0240496229015108
"7473","S. aureus",-0.093114379036699
"7474","S. aureus",-0.109385064288302
"7475","S. aureus",0.187051516007831
"7476","S. aureus",-0.0807193057196649
"7477","S. aureus",-0.0776050583604679
"7478","S. aureus",-0.0262500928443144
"7479","S. aureus",-0.0673535679743482
"7480","S. aureus",-0.096058956682712
"7481","S. aureus",0.0248083401682629
"7482","S. aureus",0.0518028314872148
"7483","S. aureus",-0.0268998743885351
"7484","S. aureus",-0.1325805239539
"7485","S. aureus",-0.00017317284788713
"7486","S. aureus",-0.0269482166446272
"7487","S. aureus",-0.00470116083405492
"7488","S. aureus",-0.0744325551874141
"7489","S. aureus",-0.0182015554036777
"7490","S. aureus",0.0511198355216385
"7491","S. aureus",-0.091637934989968
"7492","S. aureus",-0.0749419955192592
"7493","S. aureus",-0.0644399141704538
"7494","S. aureus",-0.0115615436390841
"7495","S. aureus",0.0378259438900149
"7496","S. aureus",-0.0558581961618187
"7497","S. aureus",-0.108926666209324
"7498","S. aureus",0.0353672795521052
"7499","S. aureus",-0.0745584288865759
"7500","S. aureus",-0.00166361278765298
"7501","S. aureus",-0.0532081208379621
"7502","S. aureus",8.85298532199896e-05
"7503","S. aureus",-0.111218927880573
"7504","S. aureus",0.142534454928663
"7505","S. aureus",-0.0765609458038928
"7506","S. aureus",-0.116854248813514
"7507","S. aureus",-0.048128438404415
"7508","S. aureus",-0.0300682817139067
"7509","S. aureus",-0.0535641239341388
"7510","S. aureus",-0.225912922541653
"7511","S. aureus",-0.0660506118259176
"7512","S. aureus",-0.0164979287526315
"7513","S. aureus",0.0996868021794499
"7514","S. aureus",0.0743702708716959
"7515","S. aureus",-0.18256967108522
"7516","S. aureus",-0.0254345249589245
"7517","S. aureus",-0.05976744491636
"7518","S. aureus",-0.0301146670120689
"7519","S. aureus",0.00210919349458842
"7520","S. aureus",-0.00292697936916734
"7521","S. aureus",-0.107828640208622
"7522","S. aureus",0.110495417217526
"7523","S. aureus",-0.0621236496966149
"7524","S. aureus",-0.066131367320919
"7525","S. aureus",0.0445322592317186
"7526","S. aureus",0.0183618174610234
"7527","S. aureus",-0.0272788344024016
"7528","S. aureus",-0.0765360438220021
"7529","S. aureus",-0.170962560263317
"7530","S. aureus",0.20759862130303
"7531","S. aureus",-0.103995474488786
"7532","S. aureus",0.0741121082481613
"7533","S. aureus",-0.0366945966608525
"7534","S. aureus",-0.0919027045429158
"7535","S. aureus",0.0522898115810725
"7536","S. aureus",0.219754395096292
"7537","S. aureus",-0.0668415547607924
"7538","S. aureus",0.113258223237968
"7539","S. aureus",-0.0937281406822392
"7540","S. aureus",0.0251592994420265
"7541","S. aureus",0.0110496484008723
"7542","S. aureus",-0.01545534348286
"7543","S. aureus",-0.0821216821231506
"7544","S. aureus",-0.0420070874679283
"7545","S. aureus",0.00727024107871348
"7546","S. aureus",-0.0650066521257412
"7547","S. aureus",-0.126078337397255
"7548","S. aureus",-0.0394791414928908
"7549","S. aureus",-0.167004015148059
"7550","S. aureus",-0.0662787077576945
"7551","S. aureus",-0.133965090291289
"7552","S. aureus",-0.249930567147759
"7553","S. aureus",0.0418706405067533
"7554","S. aureus",-0.127674734415029
"7555","S. aureus",-0.0432571427445727
"7556","S. aureus",0.0927689055362081
"7557","S. aureus",-0.0169889380426465
"7558","S. aureus",-0.0525781048313328
"7559","S. aureus",-0.0365420176244348
"7560","S. aureus",0.0760379130951132
"7561","S. aureus",-0.018095018269257
"7562","S. aureus",0.0838765801524587
"7563","S. aureus",-0.178667483677791
"7564","S. aureus",-0.228753947823622
"7565","S. aureus",-0.113449547575862
"7566","S. aureus",-0.211463608712848
"7567","S. aureus",0.0627116639282871
"7568","S. aureus",0.0336295682450627
"7569","S. aureus",-0.0698551817074512
"7570","S. aureus",-0.181481710489331
"7571","S. aureus",0.00820746549029561
"7572","S. aureus",-0.104763721034461
"7573","S. aureus",0.13212412695805
"7574","S. aureus",0.0472276349686261
"7575","S. aureus",0.00576615759827057
"7576","S. aureus",-0.0908645621945766
"7577","S. aureus",0.0771158471374929
"7578","S. aureus",-0.131895551246734
"7579","S. aureus",0.0841317131123964
"7580","S. aureus",-0.19359352266057
"7581","S. aureus",0.187728960997998
"7582","S. aureus",-0.0137254276482296
"7583","S. aureus",0.0363842235061702
"7584","S. aureus",0.103529486444779
"7585","S. aureus",0.0745250549529034
"7586","S. aureus",0.0500277932565499
"7587","S. aureus",0.0096524719284183
"7588","S. aureus",-0.137475701894061
"7589","S. aureus",-0.0517835085075231
"7590","S. aureus",0.0920027511985958
"7591","S. aureus",-0.0507971698789381
"7592","S. aureus",-0.123614340633116
"7593","S. aureus",-0.131118543673121
"7594","S. aureus",-0.224536639670797
"7595","S. aureus",-0.0322696054140884
"7596","S. aureus",0.00620168636628755
"7597","S. aureus",-0.121057307110086
"7598","S. aureus",-0.095714518981625
"7599","S. aureus",0.0155570196470946
"7600","S. aureus",-0.00467541325913694
"7601","S. aureus",-0.0192892881077441
"7602","S. aureus",0.118098819145747
"7603","S. aureus",-0.0617483328124609
"7604","S. aureus",0.148755875489059
"7605","S. aureus",-0.044306522144775
"7606","S. aureus",-0.245338016882596
"7607","S. aureus",-0.0565914951576766
"7608","S. aureus",-0.00254949098284642
"7609","S. aureus",-0.031326890787728
"7610","S. aureus",0.0434172618489274
"7611","S. aureus",-0.070787671105804
"7612","S. aureus",-0.14350113974257
"7613","S. aureus",-0.13421595760994
"7614","S. aureus",-0.140358251114357
"7615","S. aureus",-0.0610864548364923
"7616","S. aureus",-0.215158281484122
"7617","S. aureus",-0.0832581561909261
"7618","S. aureus",-0.0853777473863774
"7619","S. aureus",-0.198169108667199
"7620","S. aureus",0.0187137956066132
"7621","S. aureus",-0.121178383246567
"7622","S. aureus",0.306489639490757
"7623","S. aureus",-0.20782652467897
"7624","S. aureus",-0.11333472345636
"7625","S. aureus",-0.298974021180374
"7626","S. aureus",0.0132718972456766
"7627","S. aureus",0.00752115306727043
"7628","S. aureus",-0.0203355727107286
"7629","S. aureus",0.13201861657087
"7630","S. aureus",-0.141140312447166
"7631","S. aureus",-0.13039318694737
"7632","S. aureus",0.065505662904621
"7633","S. aureus",-0.0113804956311523
"7634","S. aureus",0.00175774946592568
"7635","S. aureus",-0.0948528240174445
"7636","S. aureus",-0.0237325777531896
"7637","S. aureus",-0.0535778791711258
"7638","S. aureus",0.0454102521743399
"7639","S. aureus",-0.0464597644541369
"7640","S. aureus",-0.0680618264969346
"7641","S. aureus",-0.0195765160528396
"7642","S. aureus",0.0876789517440553
"7643","S. aureus",-0.149218114505519
"7644","S. aureus",-0.0670027635676302
"7645","S. aureus",-0.243297294970861
"7646","S. aureus",0.0226530042755833
"7647","S. aureus",0.0878788099239071
"7648","S. aureus",-0.0464278639745226
"7649","S. aureus",-0.231920639722854
"7650","S. aureus",-0.167249961344164
"7651","S. aureus",-0.14897919688072
"7652","S. aureus",-0.0872742111801246
"7653","S. aureus",-0.0406796316374391
"7654","S. aureus",0.0686274979651437
"7655","S. aureus",0.0312899056496531
"7656","S. aureus",-0.00560882054771232
"7657","S. aureus",-0.0265735652903317
"7658","S. aureus",0.000888740230132154
"7659","S. aureus",0.0144108526546925
"7660","S. aureus",-0.0482872417293638
"7661","S. aureus",-0.0055183344753721
"7662","S. aureus",-0.13880069136048
"7663","S. aureus",-0.209819738489618
"7664","S. aureus",0.0940798616324184
"7665","S. aureus",-0.0630944472934743
"7666","S. aureus",-0.0851515764342674
"7667","S. aureus",-0.0940263855208395
"7668","S. aureus",0.0541007290767469
"7669","S. aureus",-0.265800763401569
"7670","S. aureus",0.0503265757840099
"7671","S. aureus",0.000139910496532638
"7672","S. aureus",-0.0742582824766672
"7673","S. aureus",0.0667629977554027
"7674","S. aureus",0.0409915521502999
"7675","S. aureus",-0.0866767620626586
"7676","S. aureus",-0.00318067492288803
"7677","S. aureus",-0.132769596042961
"7678","S. aureus",-0.199399008544225
"7679","S. aureus",-0.0627548696483252
"7680","S. aureus",0.2278317206504
"7681","S. aureus",-0.0863684093532616
"7682","S. aureus",0.0228690295120031
"7683","S. aureus",-0.068509409490281
"7684","S. aureus",-0.0104632648373654
"7685","S. aureus",-0.0626910568003756
"7686","S. aureus",0.0233878522008269
"7687","S. aureus",0.107455292463378
"7688","S. aureus",0.018325624642179
"7689","S. aureus",-0.246832448997584
"7690","S. aureus",0.0724652711032535
"7691","S. aureus",-0.034761041057302
"7692","S. aureus",0.0519042004958582
"7693","S. aureus",0.0635202255065801
"7694","S. aureus",-0.149358324021063
"7695","S. aureus",-0.0742857904681379
"7696","S. aureus",-0.17489939120436
"7697","S. aureus",-0.000126297955739195
"7698","S. aureus",-0.0257661636134499
"7699","S. aureus",-0.0140608987695262
"7700","S. aureus",-0.0754293423190598
"7701","S. aureus",0.0363731263115434
"7702","S. aureus",0.0120352433927498
"7703","S. aureus",0.0193248150341676
"7704","S. aureus",0.134277164125781
"7705","S. aureus",-0.00628219545142204
"7706","S. aureus",-0.0373748109114534
"7707","S. aureus",0.0307358101718533
"7708","S. aureus",0.00368366962521733
"7709","S. aureus",-0.190275298179128
"7710","S. aureus",-0.044697545211363
"7711","S. aureus",0.0345430460289916
"7712","S. aureus",0.0605201114581967
"7713","S. aureus",-0.0243826031055873
"7714","S. aureus",0.147926131730701
"7715","S. aureus",-0.272732377494185
"7716","S. aureus",-0.0475524823983688
"7717","S. aureus",-0.150610863167648
"7718","S. aureus",-0.167909537787269
"7719","S. aureus",-0.098281055225081
"7720","S. aureus",-0.136258917659717
"7721","S. aureus",-0.0310368787441981
"7722","S. aureus",0.0242565329894733
"7723","S. aureus",-0.000897688447149567
"7724","S. aureus",-0.0500957508640293
"7725","S. aureus",0.0206653906358071
"7726","S. aureus",-0.193043282200616
"7727","S. aureus",-0.0156869825046098
"7728","S. aureus",-0.0633363212575796
"7729","S. aureus",0.108200071314723
"7730","S. aureus",-0.133643856321777
"7731","S. aureus",-0.0138778660300716
"7732","S. aureus",0.0817982448354843
"7733","S. aureus",-0.0424308541204474
"7734","S. aureus",-0.141791196648756
"7735","S. aureus",0.00707273206652353
"7736","S. aureus",0.0909581207822166
"7737","S. aureus",0.122913651870483
"7738","S. aureus",0.00071995469544408
"7739","S. aureus",-0.0461096423792579
"7740","S. aureus",0.0475273270652996
"7741","S. aureus",0.0476397954632874
"7742","S. aureus",-0.0299871851662022
"7743","S. aureus",-0.144064427326269
"7744","S. aureus",0.0479193166498502
"7745","S. aureus",-0.232357661654145
"7746","S. aureus",0.0128677777598862
"7747","S. aureus",-0.129369198500241
"7748","S. aureus",-0.0881709551936278
"7749","S. aureus",0.0663176919194185
"7750","S. aureus",0.0466091494853201
"7751","S. aureus",-0.138780157032627
"7752","S. aureus",-0.0844044208453766
"7753","S. aureus",-0.21038033339443
"7754","S. aureus",-0.098099068021984
"7755","S. aureus",0.0502202984397726
"7756","S. aureus",-0.0990707786153995
"7757","S. aureus",0.0440001912024656
"7758","S. aureus",0.0700596572311261
"7759","S. aureus",-0.00599561962053478
"7760","S. aureus",-0.118468272098055
"7761","S. aureus",-0.0226837531222355
"7762","S. aureus",0.0163677010795954
"7763","S. aureus",-0.0927703803693115
"7764","S. aureus",0.0755126716544273
"7765","S. aureus",0.102133987255135
"7766","S. aureus",-0.0461222599684927
"7767","S. aureus",0.094081838951436
"7768","S. aureus",-0.107948265749618
"7769","S. aureus",0.129951362512909
"7770","S. aureus",-0.105695943577428
"7771","S. aureus",-0.188231587920873
"7772","S. aureus",-0.0501173349657416
"7773","S. aureus",-0.103087372911591
"7774","S. aureus",-0.0468278534113217
"7775","S. aureus",0.119781756536943
"7776","S. aureus",0.1305025307068
"7777","S. aureus",0.0682243165819467
"7778","S. aureus",-0.0245817435308711
"7779","S. aureus",0.0159700587258404
"7780","S. aureus",0.0788084437333525
"7781","S. aureus",-0.0227100871573159
"7782","S. aureus",0.141129303268275
"7783","S. aureus",-0.106951741175812
"7784","S. aureus",0.0579101466410344
"7785","S. aureus",-0.0780020350340551
"7786","S. aureus",-0.0596009494523558
"7787","S. aureus",0.0590241059677308
"7788","S. aureus",-0.183908460302418
"7789","S. aureus",0.00426540837280264
"7790","S. aureus",-0.0233811311702786
"7791","S. aureus",0.128644820918783
"7792","S. aureus",-0.232146921325894
"7793","S. aureus",0.0154211835976111
"7794","S. aureus",-0.114848488048101
"7795","S. aureus",0.0692049820438701
"7796","S. aureus",0.0275079939024971
"7797","S. aureus",-0.016538577502179
"7798","S. aureus",-0.074030436683031
"7799","S. aureus",-0.0203740796622948
"7800","S. aureus",0.112611453820068
"7801","S. aureus",-0.12957997630325
"7802","S. aureus",-0.00719666807310881
"7803","S. aureus",-0.0951477355694631
"7804","S. aureus",0.116439159504038
"7805","S. aureus",-0.0021834293465309
"7806","S. aureus",0.0831763165615364
"7807","S. aureus",-0.118603378233982
"7808","S. aureus",-0.0559774207814172
"7809","S. aureus",-0.0936537038370257
"7810","S. aureus",0.047967663248041
"7811","S. aureus",-0.0426173375732397
"7812","S. aureus",0.00765152551461993
"7813","S. aureus",-0.116047433252781
"7814","S. aureus",0.0602948652896683
"7815","S. aureus",-0.104702726992269
"7816","S. aureus",0.00580532885692753
"7817","S. aureus",0.00519106328254945
"7818","S. aureus",0.0225618458361433
"7819","S. aureus",-0.00946766762163261
"7820","S. aureus",-0.167428115425231
"7821","S. aureus",-0.0165379580446114
"7822","S. aureus",-0.0166555753624742
"7823","S. aureus",0.0124633851612417
"7824","S. aureus",0.133803208214989
"7825","S. aureus",0.018343999573147
"7826","S. aureus",-0.0240505081880724
"7827","S. aureus",-0.0494720182774787
"7828","S. aureus",-0.00612681218784563
"7829","S. aureus",-0.0681154675624272
"7830","S. aureus",0.059813897949865
"7831","S. aureus",0.00936727607233763
"7832","S. aureus",0.0129271951693163
"7833","S. aureus",0.0465910916744571
"7834","S. aureus",-0.0662810225754754
"7835","S. aureus",-0.0735482158208358
"7836","S. aureus",-0.034857392436474
"7837","S. aureus",-0.00110096608791255
"7838","S. aureus",-0.0202777057218664
"7839","S. aureus",-0.185223870312087
"7840","S. aureus",-0.178474050182153
"7841","S. aureus",-0.072974612951244
"7842","S. aureus",-0.0123140196504547
"7843","S. aureus",-0.0706692767601399
"7844","S. aureus",-0.140799919362615
"7845","S. aureus",-0.0484683023516597
"7846","S. aureus",0.0868445550524859
"7847","S. aureus",-0.079118876486337
"7848","S. aureus",0.05955021457806
"7849","S. aureus",0.0641694002919228
"7850","S. aureus",-0.0168076322917864
"7851","S. aureus",0.0913925512925402
"7852","S. aureus",-0.0163168933408401
"7853","S. aureus",0.121404090890593
"7854","S. aureus",-0.0595153002095005
"7855","S. aureus",-0.0289843027889457
"7856","S. aureus",-0.0602834608648834
"7857","S. aureus",-0.068246944495146
"7858","S. aureus",0.0696980143425532
"7859","S. aureus",0.00716019546013894
"7860","S. aureus",-0.250526526834644
"7861","S. aureus",-0.252274032194501
"7862","S. aureus",-0.0106574452578743
"7863","S. aureus",-0.0723157148555318
"7864","S. aureus",-0.0136338617448717
"7865","S. aureus",0.118528510043569
"7866","S. aureus",-0.0777208671683638
"7867","S. aureus",0.0874491239223969
"7868","S. aureus",-0.0824236495745241
"7869","S. aureus",0.0610368540149496
"7870","S. aureus",-0.118765310525036
"7871","S. aureus",-0.0683513747974029
"7872","S. aureus",0.0441510813951414
"7873","S. aureus",-0.15690422742786
"7874","S. aureus",-0.0196936172355127
"7875","S. aureus",-0.111413346790402
"7876","S. aureus",-0.00666936833124626
"7877","S. aureus",0.0907620765132635
"7878","S. aureus",-0.0120484128317212
"7879","S. aureus",0.175345880231847
"7880","S. aureus",0.0566255376823129
"7881","S. aureus",0.0542975843950423
"7882","S. aureus",-0.0169867547873869
"7883","S. aureus",-0.140700291946534
"7884","S. aureus",-0.00391900653950697
"7885","S. aureus",-0.0678531080677977
"7886","S. aureus",-0.139620731354931
"7887","S. aureus",-0.0149975060840001
"7888","S. aureus",-0.0677028126742969
"7889","S. aureus",-0.0815515463985733
"7890","S. aureus",-0.110150608657027
"7891","S. aureus",-0.0636596807410288
"7892","S. aureus",0.181610398045367
"7893","S. aureus",0.0126508229250656
"7894","S. aureus",-0.258112340380123
"7895","S. aureus",0.0193683875667585
"7896","S. aureus",-0.170693033128241
"7897","S. aureus",-0.168031910686899
"7898","S. aureus",-0.00379470239197092
"7899","S. aureus",-0.181901076096759
"7900","S. aureus",0.0996273483198941
"7901","S. aureus",-0.0944556282926099
"7902","S. aureus",-0.0913271485167109
"7903","S. aureus",0.114892749825018
"7904","S. aureus",0.013602850714425
"7905","S. aureus",-0.22067074329619
"7906","S. aureus",-0.0648208394736703
"7907","S. aureus",-0.0958656270666165
"7908","S. aureus",0.147836566634936
"7909","S. aureus",-0.25259984357045
"7910","S. aureus",-0.150035109136487
"7911","S. aureus",-0.107451393207499
"7912","S. aureus",0.00133246107750105
"7913","S. aureus",-0.103832282371441
"7914","S. aureus",0.00453264699723991
"7915","S. aureus",0.0698768602115364
"7916","S. aureus",-0.00977658848233108
"7917","S. aureus",-0.170138804845329
"7918","S. aureus",0.167678995906784
"7919","S. aureus",0.114230188850264
"7920","S. aureus",-0.119394317876339
"7921","S. aureus",-0.0513476359707826
"7922","S. aureus",-0.14193277592579
"7923","S. aureus",0.101801199547593
"7924","S. aureus",-0.091844341412883
"7925","S. aureus",-0.0396905289262918
"7926","S. aureus",0.220710645951601
"7927","S. aureus",-0.0951233421013876
"7928","S. aureus",-0.0639390875471533
"7929","S. aureus",-0.196452292254799
"7930","S. aureus",0.114683941037621
"7931","S. aureus",-0.0456429002748072
"7932","S. aureus",0.0930678223814653
"7933","S. aureus",0.173454467140204
"7934","S. aureus",-0.100451194885738
"7935","S. aureus",-0.0184816975988191
"7936","S. aureus",-0.0110657806168182
"7937","S. aureus",-0.0540467610633203
"7938","S. aureus",-0.0788640524052426
"7939","S. aureus",0.0437288220345349
"7940","S. aureus",-0.079397996467073
"7941","S. aureus",-0.240784865616223
"7942","S. aureus",0.0497729357282293
"7943","S. aureus",0.164439561700964
"7944","S. aureus",0.00549059035628683
"7945","S. aureus",-0.193155040076699
"7946","S. aureus",0.0381871019009714
"7947","S. aureus",0.0500735806072367
"7948","S. aureus",0.0789999547599406
"7949","S. aureus",0.0878560973832247
"7950","S. aureus",-0.0524420180226065
"7951","S. aureus",-0.0165702187350616
"7952","S. aureus",-0.0404080265683083
"7953","S. aureus",-0.115886060954495
"7954","S. aureus",-0.142673687296941
"7955","S. aureus",0.0155871571945156
"7956","S. aureus",-0.0278558358287655
"7957","S. aureus",-0.052766642980283
"7958","S. aureus",-0.00745613080733598
"7959","S. aureus",-0.0193352871996192
"7960","S. aureus",-0.0479195606695027
"7961","S. aureus",0.0842682947973773
"7962","S. aureus",0.0452821555686271
"7963","S. aureus",-0.0160660188403524
"7964","S. aureus",0.0534421884773178
"7965","S. aureus",-0.0857228902213062
"7966","S. aureus",0.201324898001986
"7967","S. aureus",0.0125875563739392
"7968","S. aureus",-0.0312850603627907
"7969","S. aureus",0.0200517708219336
"7970","S. aureus",0.225903147223124
"7971","S. aureus",0.00416340355607522
"7972","S. aureus",-0.129611040900115
"7973","S. aureus",-0.130059573954233
"7974","S. aureus",0.0349358904937564
"7975","S. aureus",-0.0736465904472304
"7976","S. aureus",-0.130210931871111
"7977","S. aureus",0.0312515244693658
"7978","S. aureus",-0.029352957662453
"7979","S. aureus",-0.0183902605886257
"7980","S. aureus",-0.057493138318023
"7981","S. aureus",0.0261384673549707
"7982","S. aureus",-0.0234823138032862
"7983","S. aureus",0.0730698516742717
"7984","S. aureus",-0.154809919089285
"7985","S. aureus",0.0332509441497028
"7986","S. aureus",0.129867168174848
"7987","S. aureus",0.0230346022727453
"7988","S. aureus",-0.0439392783218292
"7989","S. aureus",-0.00918969122286644
"7990","S. aureus",-0.0064496868727943
"7991","S. aureus",-0.0837204504991599
"7992","S. aureus",-0.00242195785999709
"7993","S. aureus",-0.0497927219945264
"7994","S. aureus",-0.152230241728463
"7995","S. aureus",0.130812502781187
"7996","S. aureus",0.0823335730454938
"7997","S. aureus",-0.164500002449366
"7998","S. aureus",-0.106194167056627
"7999","S. aureus",-0.00151323661433445
"8000","S. aureus",-0.140445672179698
"8001","S. pneumoniae",0.521744327907991
"8002","S. pneumoniae",0.650111516589868
"8003","S. pneumoniae",0.31507922690153
"8004","S. pneumoniae",-0.272763914114753
"8005","S. pneumoniae",0.870750547190991
"8006","S. pneumoniae",0.666624353837569
"8007","S. pneumoniae",0.324897206165067
"8008","S. pneumoniae",1.05935337427371
"8009","S. pneumoniae",1.07510264029009
"8010","S. pneumoniae",-0.457902537075525
"8011","S. pneumoniae",0.350187473076776
"8012","S. pneumoniae",0.761973119753034
"8013","S. pneumoniae",0.0909472996676169
"8014","S. pneumoniae",1.45920575502893
"8015","S. pneumoniae",-0.24887902242817
"8016","S. pneumoniae",0.69800504091329
"8017","S. pneumoniae",0.0825604297629739
"8018","S. pneumoniae",0.40540117769842
"8019","S. pneumoniae",-0.282238045923341
"8020","S. pneumoniae",0.82487707226931
"8021","S. pneumoniae",0.342916294778616
"8022","S. pneumoniae",0.602269627219543
"8023","S. pneumoniae",0.257868142741543
"8024","S. pneumoniae",0.493974627215858
"8025","S. pneumoniae",0.333407935798807
"8026","S. pneumoniae",0.454841516805638
"8027","S. pneumoniae",0.0471626169798028
"8028","S. pneumoniae",0.555747810584774
"8029","S. pneumoniae",0.0705640494666332
"8030","S. pneumoniae",0.413140477268171
"8031","S. pneumoniae",0.118505682428517
"8032","S. pneumoniae",0.377110926761931
"8033","S. pneumoniae",0.396166806071418
"8034","S. pneumoniae",0.519378701966082
"8035","S. pneumoniae",0.0722967242385717
"8036","S. pneumoniae",0.285118161068856
"8037","S. pneumoniae",0.614421457861798
"8038","S. pneumoniae",0.93962491752636
"8039","S. pneumoniae",0.935507620334831
"8040","S. pneumoniae",0.856989558724442
"8041","S. pneumoniae",0.0160502842226398
"8042","S. pneumoniae",0.0219191082191274
"8043","S. pneumoniae",0.604546350575155
"8044","S. pneumoniae",1.12237733213382
"8045","S. pneumoniae",0.328864514703776
"8046","S. pneumoniae",0.916822106884713
"8047","S. pneumoniae",1.3436075342101
"8048","S. pneumoniae",0.473196096790463
"8049","S. pneumoniae",-0.0529427989955818
"8050","S. pneumoniae",0.53955964634771
"8051","S. pneumoniae",0.994462794399899
"8052","S. pneumoniae",0.324262840005569
"8053","S. pneumoniae",0.861286549784997
"8054","S. pneumoniae",0.362751960024346
"8055","S. pneumoniae",0.671173807596934
"8056","S. pneumoniae",0.536667069595506
"8057","S. pneumoniae",0.196241487326851
"8058","S. pneumoniae",-0.105891693650187
"8059","S. pneumoniae",1.03996262389723
"8060","S. pneumoniae",1.0494248928441
"8061","S. pneumoniae",0.902875523361535
"8062","S. pneumoniae",0.817623633266627
"8063","S. pneumoniae",0.89554349552599
"8064","S. pneumoniae",0.404319103002465
"8065","S. pneumoniae",0.658681181069967
"8066","S. pneumoniae",0.189157160779153
"8067","S. pneumoniae",0.999530416874492
"8068","S. pneumoniae",0.27492333312912
"8069","S. pneumoniae",1.01862142274029
"8070","S. pneumoniae",0.0995062404015035
"8071","S. pneumoniae",0.796254604187738
"8072","S. pneumoniae",-0.0170762372610391
"8073","S. pneumoniae",0.154765397452768
"8074","S. pneumoniae",0.787184723782858
"8075","S. pneumoniae",0.514915100060443
"8076","S. pneumoniae",0.206955150809162
"8077","S. pneumoniae",0.2733222187778
"8078","S. pneumoniae",-0.0218691972222029
"8079","S. pneumoniae",0.292097125604955
"8080","S. pneumoniae",-0.0674835606038795
"8081","S. pneumoniae",-0.294110764880989
"8082","S. pneumoniae",0.642884128686256
"8083","S. pneumoniae",0.718950640515054
"8084","S. pneumoniae",0.243188656258201
"8085","S. pneumoniae",0.394364488768731
"8086","S. pneumoniae",0.672247882160231
"8087","S. pneumoniae",0.842205005342994
"8088","S. pneumoniae",0.22226620750851
"8089","S. pneumoniae",0.445785349791103
"8090","S. pneumoniae",1.04427100783789
"8091","S. pneumoniae",0.405094718518324
"8092","S. pneumoniae",0.77207650278236
"8093","S. pneumoniae",0.188312550963753
"8094","S. pneumoniae",0.374239299701138
"8095","S. pneumoniae",0.631673464207129
"8096","S. pneumoniae",0.110754206390897
"8097","S. pneumoniae",0.869968180351974
"8098","S. pneumoniae",0.686489124447918
"8099","S. pneumoniae",0.474103224746382
"8100","S. pneumoniae",1.31304677156289
"8101","S. pneumoniae",0.468223698726477
"8102","S. pneumoniae",0.151740057538684
"8103","S. pneumoniae",0.392057847062009
"8104","S. pneumoniae",0.678599807270874
"8105","S. pneumoniae",0.683119946655031
"8106","S. pneumoniae",0.516511021987159
"8107","S. pneumoniae",0.0237925514237604
"8108","S. pneumoniae",0.64170418562911
"8109","S. pneumoniae",0.0157188474163794
"8110","S. pneumoniae",1.6627910780061
"8111","S. pneumoniae",0.422130218439774
"8112","S. pneumoniae",0.518331038196187
"8113","S. pneumoniae",0.289184673174995
"8114","S. pneumoniae",0.470763333101942
"8115","S. pneumoniae",0.573974916974824
"8116","S. pneumoniae",0.51906240770935
"8117","S. pneumoniae",0.609678120546003
"8118","S. pneumoniae",0.0171125678861064
"8119","S. pneumoniae",0.681625307618633
"8120","S. pneumoniae",1.17712481895984
"8121","S. pneumoniae",0.445924336427861
"8122","S. pneumoniae",0.449651878536587
"8123","S. pneumoniae",0.0712238987058736
"8124","S. pneumoniae",0.525224228046899
"8125","S. pneumoniae",0.541118959325781
"8126","S. pneumoniae",0.109885984285233
"8127","S. pneumoniae",0.391429769156184
"8128","S. pneumoniae",0.928779429131276
"8129","S. pneumoniae",0.28538509644042
"8130","S. pneumoniae",0.561490968450046
"8131","S. pneumoniae",0.660156944685462
"8132","S. pneumoniae",1.39260893979155
"8133","S. pneumoniae",0.504462327549939
"8134","S. pneumoniae",1.07365081358202
"8135","S. pneumoniae",0.16205691086641
"8136","S. pneumoniae",0.00767152833312807
"8137","S. pneumoniae",0.617635822426241
"8138","S. pneumoniae",0.891816861610271
"8139","S. pneumoniae",0.714787347909949
"8140","S. pneumoniae",0.204392613886436
"8141","S. pneumoniae",-0.195638645996133
"8142","S. pneumoniae",0.626096265336842
"8143","S. pneumoniae",0.801819442928558
"8144","S. pneumoniae",0.818304446214581
"8145","S. pneumoniae",0.385063965397108
"8146","S. pneumoniae",1.02511612032446
"8147","S. pneumoniae",0.722256209069401
"8148","S. pneumoniae",0.471905781147241
"8149","S. pneumoniae",0.4545086776174
"8150","S. pneumoniae",0.892432530337461
"8151","S. pneumoniae",0.169345039302541
"8152","S. pneumoniae",0.118507696515732
"8153","S. pneumoniae",0.738674430941946
"8154","S. pneumoniae",0.859098301893466
"8155","S. pneumoniae",0.619655152587827
"8156","S. pneumoniae",0.624421094559442
"8157","S. pneumoniae",0.502932504695652
"8158","S. pneumoniae",0.251037926536522
"8159","S. pneumoniae",0.370400170416734
"8160","S. pneumoniae",-0.149226569312969
"8161","S. pneumoniae",0.155338160270693
"8162","S. pneumoniae",0.489479574585475
"8163","S. pneumoniae",0.463254772135709
"8164","S. pneumoniae",0.471933890485988
"8165","S. pneumoniae",0.286087520361382
"8166","S. pneumoniae",0.375566613393519
"8167","S. pneumoniae",0.0449734604538411
"8168","S. pneumoniae",0.585680587390801
"8169","S. pneumoniae",0.544248520862257
"8170","S. pneumoniae",0.422134703732612
"8171","S. pneumoniae",0.975464239180076
"8172","S. pneumoniae",0.347127032614792
"8173","S. pneumoniae",0.689188349967253
"8174","S. pneumoniae",0.893015330853476
"8175","S. pneumoniae",0.593824447549866
"8176","S. pneumoniae",0.89450441693207
"8177","S. pneumoniae",0.163921580346429
"8178","S. pneumoniae",0.415023430631407
"8179","S. pneumoniae",0.493868925677365
"8180","S. pneumoniae",0.0819368396241998
"8181","S. pneumoniae",0.131919632011732
"8182","S. pneumoniae",0.896748616957109
"8183","S. pneumoniae",0.095944862085021
"8184","S. pneumoniae",0.737532174570419
"8185","S. pneumoniae",0.453260579956773
"8186","S. pneumoniae",0.685354412275371
"8187","S. pneumoniae",0.798911470217536
"8188","S. pneumoniae",0.293471661902682
"8189","S. pneumoniae",0.380679090697908
"8190","S. pneumoniae",0.29162902507889
"8191","S. pneumoniae",0.427373050199307
"8192","S. pneumoniae",1.04075467367676
"8193","S. pneumoniae",0.944558385730784
"8194","S. pneumoniae",0.256684111983734
"8195","S. pneumoniae",0.657719764339581
"8196","S. pneumoniae",0.45313429041988
"8197","S. pneumoniae",-0.0509974734405092
"8198","S. pneumoniae",0.206262909133221
"8199","S. pneumoniae",0.532905204957639
"8200","S. pneumoniae",0.0689918197735349
"8201","S. pneumoniae",0.294922454593559
"8202","S. pneumoniae",0.536504745318452
"8203","S. pneumoniae",0.735449874228987
"8204","S. pneumoniae",0.636935577765813
"8205","S. pneumoniae",0.278762593956003
"8206","S. pneumoniae",0.414844762919356
"8207","S. pneumoniae",0.399080037488499
"8208","S. pneumoniae",0.641049410241232
"8209","S. pneumoniae",0.454332962719114
"8210","S. pneumoniae",0.415094672264472
"8211","S. pneumoniae",0.375407595321889
"8212","S. pneumoniae",0.883917592780388
"8213","S. pneumoniae",0.930551641425238
"8214","S. pneumoniae",0.262584168849232
"8215","S. pneumoniae",0.56474052894825
"8216","S. pneumoniae",0.158976924852981
"8217","S. pneumoniae",0.850384558533227
"8218","S. pneumoniae",0.51730576788262
"8219","S. pneumoniae",0.63563013058813
"8220","S. pneumoniae",1.06864730337422
"8221","S. pneumoniae",0.267687152931877
"8222","S. pneumoniae",-0.111081328269886
"8223","S. pneumoniae",0.093783706374716
"8224","S. pneumoniae",-0.0944679539188256
"8225","S. pneumoniae",0.723291234031243
"8226","S. pneumoniae",0.4463618523681
"8227","S. pneumoniae",0.399534071381457
"8228","S. pneumoniae",0.480836381796544
"8229","S. pneumoniae",0.772222831563839
"8230","S. pneumoniae",0.221396532445872
"8231","S. pneumoniae",0.588181218188761
"8232","S. pneumoniae",0.835347494995434
"8233","S. pneumoniae",-0.341940124046932
"8234","S. pneumoniae",-0.202008814028987
"8235","S. pneumoniae",-0.142945595510738
"8236","S. pneumoniae",0.38305496534062
"8237","S. pneumoniae",0.680738214472876
"8238","S. pneumoniae",0.789902564770335
"8239","S. pneumoniae",0.339532060387703
"8240","S. pneumoniae",0.654377062565389
"8241","S. pneumoniae",0.217653974296626
"8242","S. pneumoniae",0.135096448032556
"8243","S. pneumoniae",0.721539919264036
"8244","S. pneumoniae",1.00609197353872
"8245","S. pneumoniae",1.04865843156676
"8246","S. pneumoniae",0.500293608213887
"8247","S. pneumoniae",0.615970592422411
"8248","S. pneumoniae",0.149633106618463
"8249","S. pneumoniae",-0.00359008103815721
"8250","S. pneumoniae",0.0950364782243575
"8251","S. pneumoniae",1.03658705957022
"8252","S. pneumoniae",1.10637868301587
"8253","S. pneumoniae",0.0127427861262978
"8254","S. pneumoniae",0.301180765201145
"8255","S. pneumoniae",0.602048714038
"8256","S. pneumoniae",0.634529353376206
"8257","S. pneumoniae",0.141787978348348
"8258","S. pneumoniae",0.799768151172312
"8259","S. pneumoniae",0.210680751745721
"8260","S. pneumoniae",0.131328755361189
"8261","S. pneumoniae",0.214029003515664
"8262","S. pneumoniae",0.716847105387637
"8263","S. pneumoniae",-0.120209561327097
"8264","S. pneumoniae",0.442892394929131
"8265","S. pneumoniae",0.052399738422327
"8266","S. pneumoniae",0.446003260748668
"8267","S. pneumoniae",0.582933675600393
"8268","S. pneumoniae",0.739387403397375
"8269","S. pneumoniae",-0.0934562510881706
"8270","S. pneumoniae",0.0622241920867505
"8271","S. pneumoniae",0.55728405768182
"8272","S. pneumoniae",1.13515092214363
"8273","S. pneumoniae",0.951282241511387
"8274","S. pneumoniae",-0.0409647233171459
"8275","S. pneumoniae",0.927937759557331
"8276","S. pneumoniae",0.24620775689374
"8277","S. pneumoniae",-0.0109037307050897
"8278","S. pneumoniae",0.421492562170917
"8279","S. pneumoniae",0.496164178441172
"8280","S. pneumoniae",-0.0724517334348767
"8281","S. pneumoniae",0.870747871575662
"8282","S. pneumoniae",-0.249421952928207
"8283","S. pneumoniae",0.76095467669411
"8284","S. pneumoniae",0.360966158099569
"8285","S. pneumoniae",0.167564628057247
"8286","S. pneumoniae",0.215455403129559
"8287","S. pneumoniae",0.53066404242839
"8288","S. pneumoniae",0.295877281954903
"8289","S. pneumoniae",1.03769231386702
"8290","S. pneumoniae",0.146981863259789
"8291","S. pneumoniae",0.71839021363642
"8292","S. pneumoniae",0.26544726180333
"8293","S. pneumoniae",0.581017450885698
"8294","S. pneumoniae",0.789325206204372
"8295","S. pneumoniae",0.170997088735207
"8296","S. pneumoniae",1.04590578216965
"8297","S. pneumoniae",0.114204641990809
"8298","S. pneumoniae",0.316051558126253
"8299","S. pneumoniae",0.544801986959028
"8300","S. pneumoniae",0.739294371938371
"8301","S. pneumoniae",0.653629143979852
"8302","S. pneumoniae",0.579618881392876
"8303","S. pneumoniae",0.578763390482901
"8304","S. pneumoniae",0.42040497634776
"8305","S. pneumoniae",0.657170922530294
"8306","S. pneumoniae",0.0849508613889614
"8307","S. pneumoniae",0.994826479258059
"8308","S. pneumoniae",1.47153949529235
"8309","S. pneumoniae",0.59750168680815
"8310","S. pneumoniae",0.26633008153266
"8311","S. pneumoniae",0.364903229604103
"8312","S. pneumoniae",-0.517941866470578
"8313","S. pneumoniae",0.614154433222766
"8314","S. pneumoniae",-0.460950931484929
"8315","S. pneumoniae",0.956418010641227
"8316","S. pneumoniae",0.910250476960141
"8317","S. pneumoniae",0.564449912922931
"8318","S. pneumoniae",0.832773300342317
"8319","S. pneumoniae",0.493448510479176
"8320","S. pneumoniae",1.05420366024177
"8321","S. pneumoniae",0.154356217920848
"8322","S. pneumoniae",0.290922247740548
"8323","S. pneumoniae",0.350114281002245
"8324","S. pneumoniae",0.968053223513275
"8325","S. pneumoniae",0.29500465655074
"8326","S. pneumoniae",-0.212376775631027
"8327","S. pneumoniae",0.648895494250743
"8328","S. pneumoniae",0.319674539578728
"8329","S. pneumoniae",0.313235897831681
"8330","S. pneumoniae",1.20534940936921
"8331","S. pneumoniae",0.833262957464447
"8332","S. pneumoniae",0.337659161436257
"8333","S. pneumoniae",0.233854545092961
"8334","S. pneumoniae",-0.0141170216944911
"8335","S. pneumoniae",0.74278886184442
"8336","S. pneumoniae",-0.0619622798235175
"8337","S. pneumoniae",0.0426436026003499
"8338","S. pneumoniae",0.43649492987067
"8339","S. pneumoniae",1.07261920295215
"8340","S. pneumoniae",0.434547740068299
"8341","S. pneumoniae",0.167065572197718
"8342","S. pneumoniae",0.711392828146056
"8343","S. pneumoniae",-0.427146605980014
"8344","S. pneumoniae",0.803028654018683
"8345","S. pneumoniae",0.754909428922534
"8346","S. pneumoniae",0.757918160525856
"8347","S. pneumoniae",0.204024009183775
"8348","S. pneumoniae",0.547797529654379
"8349","S. pneumoniae",0.665664797605876
"8350","S. pneumoniae",0.391583553465604
"8351","S. pneumoniae",0.837607350809594
"8352","S. pneumoniae",0.207769723925892
"8353","S. pneumoniae",-0.007260059652997
"8354","S. pneumoniae",0.00242137029162255
"8355","S. pneumoniae",0.504099098989193
"8356","S. pneumoniae",0.608833749128737
"8357","S. pneumoniae",1.1007328766932
"8358","S. pneumoniae",0.60650166586838
"8359","S. pneumoniae",0.871788455108463
"8360","S. pneumoniae",1.04115835626103
"8361","S. pneumoniae",0.509381825883764
"8362","S. pneumoniae",0.608098685604255
"8363","S. pneumoniae",-0.340189506938933
"8364","S. pneumoniae",0.340508024612047
"8365","S. pneumoniae",0.206903894915953
"8366","S. pneumoniae",-0.0880439473046967
"8367","S. pneumoniae",0.540856598623344
"8368","S. pneumoniae",0.420275738413123
"8369","S. pneumoniae",0.455690351820387
"8370","S. pneumoniae",0.188992250078902
"8371","S. pneumoniae",0.329045277752533
"8372","S. pneumoniae",0.206315722527309
"8373","S. pneumoniae",1.07720068849221
"8374","S. pneumoniae",0.416869733457703
"8375","S. pneumoniae",1.03236517657609
"8376","S. pneumoniae",-0.200519279043516
"8377","S. pneumoniae",0.00268918147413159
"8378","S. pneumoniae",0.714813890401836
"8379","S. pneumoniae",0.80479348577883
"8380","S. pneumoniae",0.121941071419408
"8381","S. pneumoniae",0.0193064298630081
"8382","S. pneumoniae",-0.0513438655422731
"8383","S. pneumoniae",0.370527156504984
"8384","S. pneumoniae",0.0572495408023829
"8385","S. pneumoniae",0.521721651360025
"8386","S. pneumoniae",0.793242379850699
"8387","S. pneumoniae",0.512967484482705
"8388","S. pneumoniae",0.304737917605827
"8389","S. pneumoniae",-0.259027574760144
"8390","S. pneumoniae",0.116409877295801
"8391","S. pneumoniae",0.373605534637468
"8392","S. pneumoniae",0.660703085561781
"8393","S. pneumoniae",0.816324214017014
"8394","S. pneumoniae",1.03609324895206
"8395","S. pneumoniae",0.262059495403426
"8396","S. pneumoniae",0.223271723480866
"8397","S. pneumoniae",0.327195729473491
"8398","S. pneumoniae",1.14323492547913
"8399","S. pneumoniae",0.499868542864588
"8400","S. pneumoniae",0.643864992968373
"8401","S. pneumoniae",-0.180048352344099
"8402","S. pneumoniae",0.541951920788564
"8403","S. pneumoniae",-0.229252413331867
"8404","S. pneumoniae",0.650602787840248
"8405","S. pneumoniae",0.487202544680419
"8406","S. pneumoniae",-0.145939477501412
"8407","S. pneumoniae",-0.266042996219288
"8408","S. pneumoniae",0.0796202742388816
"8409","S. pneumoniae",0.806066984622629
"8410","S. pneumoniae",0.664603971988144
"8411","S. pneumoniae",0.764724388502674
"8412","S. pneumoniae",0.487582050784442
"8413","S. pneumoniae",0.648624176770248
"8414","S. pneumoniae",0.522911884127835
"8415","S. pneumoniae",0.0478765156693628
"8416","S. pneumoniae",0.147220653092206
"8417","S. pneumoniae",0.21950319309411
"8418","S. pneumoniae",-0.0997903844962525
"8419","S. pneumoniae",0.632970594175382
"8420","S. pneumoniae",0.188924950034205
"8421","S. pneumoniae",-0.0125239150587522
"8422","S. pneumoniae",0.396462167218257
"8423","S. pneumoniae",0.76420642985297
"8424","S. pneumoniae",0.193137053889631
"8425","S. pneumoniae",0.313854757551664
"8426","S. pneumoniae",0.79134419814084
"8427","S. pneumoniae",0.278995027314146
"8428","S. pneumoniae",0.77957453774231
"8429","S. pneumoniae",0.556387374193319
"8430","S. pneumoniae",1.20167739196896
"8431","S. pneumoniae",0.12511243918113
"8432","S. pneumoniae",0.277396134285535
"8433","S. pneumoniae",0.00836556158308927
"8434","S. pneumoniae",0.245184694794175
"8435","S. pneumoniae",0.701585554094766
"8436","S. pneumoniae",0.523195418974885
"8437","S. pneumoniae",0.310821091368067
"8438","S. pneumoniae",0.394595222641009
"8439","S. pneumoniae",0.0876694484138874
"8440","S. pneumoniae",0.0612054794441177
"8441","S. pneumoniae",0.1399319713753
"8442","S. pneumoniae",0.943663042698389
"8443","S. pneumoniae",0.843407467483691
"8444","S. pneumoniae",0.120471654620019
"8445","S. pneumoniae",0.551729867694453
"8446","S. pneumoniae",1.05451284647533
"8447","S. pneumoniae",0.762165233839761
"8448","S. pneumoniae",1.34289877950394
"8449","S. pneumoniae",0.664784785688692
"8450","S. pneumoniae",0.442527739856824
"8451","S. pneumoniae",1.20008823640762
"8452","S. pneumoniae",0.540046553800911
"8453","S. pneumoniae",0.146627404850523
"8454","S. pneumoniae",0.602353243421521
"8455","S. pneumoniae",0.488459360118458
"8456","S. pneumoniae",0.0594472706935747
"8457","S. pneumoniae",0.501139537241215
"8458","S. pneumoniae",0.911318671644726
"8459","S. pneumoniae",0.984225701737615
"8460","S. pneumoniae",0.38494111451384
"8461","S. pneumoniae",0.877858225470576
"8462","S. pneumoniae",0.321881932498403
"8463","S. pneumoniae",-0.186189751976788
"8464","S. pneumoniae",0.948981340507246
"8465","S. pneumoniae",0.321735232817005
"8466","S. pneumoniae",1.14847625138182
"8467","S. pneumoniae",0.237332291295973
"8468","S. pneumoniae",1.41093013069732
"8469","S. pneumoniae",0.50958117006012
"8470","S. pneumoniae",0.713792399588055
"8471","S. pneumoniae",0.73723327965628
"8472","S. pneumoniae",0.551331866476518
"8473","S. pneumoniae",0.779953870152988
"8474","S. pneumoniae",-0.171804908856074
"8475","S. pneumoniae",0.385554479617227
"8476","S. pneumoniae",0.556493585469877
"8477","S. pneumoniae",0.234419468415707
"8478","S. pneumoniae",-0.0110137466121491
"8479","S. pneumoniae",0.702948422105682
"8480","S. pneumoniae",1.02028072099929
"8481","S. pneumoniae",0.317352991674604
"8482","S. pneumoniae",0.235851790268535
"8483","S. pneumoniae",0.548754520001884
"8484","S. pneumoniae",0.0701111697820705
"8485","S. pneumoniae",0.216591138097017
"8486","S. pneumoniae",1.25823381638575
"8487","S. pneumoniae",1.56766713456055
"8488","S. pneumoniae",0.962773714343115
"8489","S. pneumoniae",0.866741105282953
"8490","S. pneumoniae",0.455679494805522
"8491","S. pneumoniae",0.679443536756484
"8492","S. pneumoniae",0.588276753398671
"8493","S. pneumoniae",0.769290206331113
"8494","S. pneumoniae",1.31347503814184
"8495","S. pneumoniae",0.353214800374124
"8496","S. pneumoniae",-0.0407185441936479
"8497","S. pneumoniae",0.395604387383711
"8498","S. pneumoniae",0.114987560665766
"8499","S. pneumoniae",0.729849073880499
"8500","S. pneumoniae",0.554808125833125
"8501","S. pneumoniae",0.622747939059456
"8502","S. pneumoniae",-0.192514415389622
"8503","S. pneumoniae",0.52124680595379
"8504","S. pneumoniae",0.20487846920572
"8505","S. pneumoniae",-0.0697329426394326
"8506","S. pneumoniae",0.394336292194468
"8507","S. pneumoniae",0.212723611836951
"8508","S. pneumoniae",-0.12111701438784
"8509","S. pneumoniae",0.0394358467698399
"8510","S. pneumoniae",0.0752354934914676
"8511","S. pneumoniae",0.618418520492728
"8512","S. pneumoniae",-0.00571197639692047
"8513","S. pneumoniae",0.247794875844006
"8514","S. pneumoniae",1.17310848090923
"8515","S. pneumoniae",-0.0344004100464623
"8516","S. pneumoniae",0.319499319966566
"8517","S. pneumoniae",0.495436022330374
"8518","S. pneumoniae",0.499622794921481
"8519","S. pneumoniae",0.946812118727789
"8520","S. pneumoniae",0.575165245074806
"8521","S. pneumoniae",0.0567326000816568
"8522","S. pneumoniae",0.835553567852588
"8523","S. pneumoniae",0.456982729255766
"8524","S. pneumoniae",0.297671230684551
"8525","S. pneumoniae",0.552727799240262
"8526","S. pneumoniae",-0.0157886905029443
"8527","S. pneumoniae",0.13663520165163
"8528","S. pneumoniae",0.775231126384885
"8529","S. pneumoniae",0.17024497025913
"8530","S. pneumoniae",0.883931262931126
"8531","S. pneumoniae",0.202637467280978
"8532","S. pneumoniae",0.922312533696917
"8533","S. pneumoniae",0.307713604741789
"8534","S. pneumoniae",0.292856579412059
"8535","S. pneumoniae",0.447084407006437
"8536","S. pneumoniae",-0.155215417087089
"8537","S. pneumoniae",0.142976354251615
"8538","S. pneumoniae",0.890882255662616
"8539","S. pneumoniae",1.23610259381771
"8540","S. pneumoniae",0.513550315147174
"8541","S. pneumoniae",0.402265957850514
"8542","S. pneumoniae",0.543115258111358
"8543","S. pneumoniae",0.575392434471437
"8544","S. pneumoniae",-0.157064922018968
"8545","S. pneumoniae",0.629543062269401
"8546","S. pneumoniae",0.64674212315755
"8547","S. pneumoniae",0.842553960600384
"8548","S. pneumoniae",0.495061411636628
"8549","S. pneumoniae",0.707765589214781
"8550","S. pneumoniae",0.0995107061106281
"8551","S. pneumoniae",0.252418614845164
"8552","S. pneumoniae",0.504756306731496
"8553","S. pneumoniae",0.687435123669693
"8554","S. pneumoniae",0.196430768269968
"8555","S. pneumoniae",0.198620827423891
"8556","S. pneumoniae",0.909549615633661
"8557","S. pneumoniae",-0.0113093975758221
"8558","S. pneumoniae",0.535742846426487
"8559","S. pneumoniae",0.62814243080378
"8560","S. pneumoniae",0.560524166375803
"8561","S. pneumoniae",-0.241025825764229
"8562","S. pneumoniae",0.0241703626574015
"8563","S. pneumoniae",0.142614907037315
"8564","S. pneumoniae",0.457670470016367
"8565","S. pneumoniae",0.725895848786834
"8566","S. pneumoniae",0.817465877537544
"8567","S. pneumoniae",0.164802908712706
"8568","S. pneumoniae",1.00360760205138
"8569","S. pneumoniae",0.573845593329931
"8570","S. pneumoniae",0.357770016827872
"8571","S. pneumoniae",-0.375893118256233
"8572","S. pneumoniae",1.04601014628162
"8573","S. pneumoniae",0.229806544814899
"8574","S. pneumoniae",0.238148182672942
"8575","S. pneumoniae",0.671841686944465
"8576","S. pneumoniae",0.459253945453091
"8577","S. pneumoniae",0.110763032348379
"8578","S. pneumoniae",0.564275591615951
"8579","S. pneumoniae",-0.0797981077751256
"8580","S. pneumoniae",0.968985921664927
"8581","S. pneumoniae",0.412065621219782
"8582","S. pneumoniae",0.329031634884952
"8583","S. pneumoniae",-0.277180870451719
"8584","S. pneumoniae",0.631833162594159
"8585","S. pneumoniae",0.476056715539657
"8586","S. pneumoniae",1.11588026427746
"8587","S. pneumoniae",0.801185046706379
"8588","S. pneumoniae",0.224105806392568
"8589","S. pneumoniae",1.02343534368747
"8590","S. pneumoniae",0.0292943986181978
"8591","S. pneumoniae",0.599592091226937
"8592","S. pneumoniae",0.143743400590144
"8593","S. pneumoniae",0.538557096936259
"8594","S. pneumoniae",0.404216015484468
"8595","S. pneumoniae",1.03943156009201
"8596","S. pneumoniae",0.310734890299467
"8597","S. pneumoniae",0.055699379575856
"8598","S. pneumoniae",0.157495054468519
"8599","S. pneumoniae",0.420317076455792
"8600","S. pneumoniae",0.790018725607746
"8601","S. pneumoniae",-0.4091851577864
"8602","S. pneumoniae",-0.0104580042287083
"8603","S. pneumoniae",0.990497768081306
"8604","S. pneumoniae",0.107729573688226
"8605","S. pneumoniae",0.153043170720838
"8606","S. pneumoniae",0.603170320941892
"8607","S. pneumoniae",0.64343375778139
"8608","S. pneumoniae",0.312845076972763
"8609","S. pneumoniae",0.91930502506367
"8610","S. pneumoniae",0.444208831366292
"8611","S. pneumoniae",-0.105295197631909
"8612","S. pneumoniae",1.12575264484176
"8613","S. pneumoniae",0.880295653724733
"8614","S. pneumoniae",0.614011323901531
"8615","S. pneumoniae",-0.189793409470664
"8616","S. pneumoniae",0.51140969268626
"8617","S. pneumoniae",-0.123066345175458
"8618","S. pneumoniae",0.877015515499542
"8619","S. pneumoniae",0.812244673030497
"8620","S. pneumoniae",0.450038419125628
"8621","S. pneumoniae",1.28847842102403
"8622","S. pneumoniae",0.589646324088472
"8623","S. pneumoniae",0.839402654629825
"8624","S. pneumoniae",-0.0199882183637435
"8625","S. pneumoniae",0.552253259574332
"8626","S. pneumoniae",0.335615360113228
"8627","S. pneumoniae",1.14005992026956
"8628","S. pneumoniae",0.495005126914133
"8629","S. pneumoniae",0.705852635901664
"8630","S. pneumoniae",0.880798072465545
"8631","S. pneumoniae",0.0706815021076737
"8632","S. pneumoniae",-0.26315378451855
"8633","S. pneumoniae",0.328533310489653
"8634","S. pneumoniae",0.367778296698429
"8635","S. pneumoniae",-0.0134684654420092
"8636","S. pneumoniae",-0.00725442084380674
"8637","S. pneumoniae",1.15759601996756
"8638","S. pneumoniae",0.532196895874729
"8639","S. pneumoniae",0.329009017147005
"8640","S. pneumoniae",0.436371921762158
"8641","S. pneumoniae",1.45629778312154
"8642","S. pneumoniae",1.28846283581895
"8643","S. pneumoniae",0.448400053843209
"8644","S. pneumoniae",0.104082579529153
"8645","S. pneumoniae",0.195423892873271
"8646","S. pneumoniae",0.785411918018424
"8647","S. pneumoniae",0.907714465791703
"8648","S. pneumoniae",-0.182838385355679
"8649","S. pneumoniae",0.0592042327825007
"8650","S. pneumoniae",0.422512815877071
"8651","S. pneumoniae",0.865959395543814
"8652","S. pneumoniae",0.42289163094981
"8653","S. pneumoniae",0.668193149883055
"8654","S. pneumoniae",0.741948591781146
"8655","S. pneumoniae",0.342680644057404
"8656","S. pneumoniae",0.0112687367364273
"8657","S. pneumoniae",0.414752497180334
"8658","S. pneumoniae",0.752400873906687
"8659","S. pneumoniae",0.347473095857837
"8660","S. pneumoniae",-0.0632302094985928
"8661","S. pneumoniae",0.410806847739227
"8662","S. pneumoniae",0.280879084836491
"8663","S. pneumoniae",1.11642515793761
"8664","S. pneumoniae",0.226712308320529
"8665","S. pneumoniae",1.06074950121389
"8666","S. pneumoniae",0.742559058827395
"8667","S. pneumoniae",-0.203741968362261
"8668","S. pneumoniae",0.656828683809072
"8669","S. pneumoniae",0.741820493893195
"8670","S. pneumoniae",-0.356836681605157
"8671","S. pneumoniae",1.04563117474276
"8672","S. pneumoniae",0.816807700695359
"8673","S. pneumoniae",0.160913230878762
"8674","S. pneumoniae",0.63181975213604
"8675","S. pneumoniae",0.727263977961073
"8676","S. pneumoniae",-0.0641048984284492
"8677","S. pneumoniae",0.353078139847323
"8678","S. pneumoniae",1.51041376508164
"8679","S. pneumoniae",0.313429643390039
"8680","S. pneumoniae",0.610374804893493
"8681","S. pneumoniae",0.995441653169523
"8682","S. pneumoniae",0.897301431746351
"8683","S. pneumoniae",0.266540637928601
"8684","S. pneumoniae",0.32458939110305
"8685","S. pneumoniae",1.35646763872809
"8686","S. pneumoniae",0.38568089706873
"8687","S. pneumoniae",0.380113330362985
"8688","S. pneumoniae",0.957341400893383
"8689","S. pneumoniae",0.407421395727146
"8690","S. pneumoniae",0.168696531969604
"8691","S. pneumoniae",0.808633379158899
"8692","S. pneumoniae",0.448287111146263
"8693","S. pneumoniae",0.0628525301617683
"8694","S. pneumoniae",0.592821807756538
"8695","S. pneumoniae",0.482777744142498
"8696","S. pneumoniae",0.862786558711476
"8697","S. pneumoniae",0.388217949869584
"8698","S. pneumoniae",0.735137745038199
"8699","S. pneumoniae",0.846379150071881
"8700","S. pneumoniae",0.429414337535126
"8701","S. pneumoniae",0.402029285016971
"8702","S. pneumoniae",0.129295178794774
"8703","S. pneumoniae",0.903246143509327
"8704","S. pneumoniae",-0.105162727613121
"8705","S. pneumoniae",0.698131228822654
"8706","S. pneumoniae",0.820312780006073
"8707","S. pneumoniae",0.409502400130312
"8708","S. pneumoniae",0.363943129591205
"8709","S. pneumoniae",0.268049488363719
"8710","S. pneumoniae",0.292428094127452
"8711","S. pneumoniae",1.1522813052593
"8712","S. pneumoniae",1.03005280721455
"8713","S. pneumoniae",1.10197277473478
"8714","S. pneumoniae",0.350011350723604
"8715","S. pneumoniae",0.683972914576909
"8716","S. pneumoniae",0.807621425091873
"8717","S. pneumoniae",0.782527960361062
"8718","S. pneumoniae",0.104272766142403
"8719","S. pneumoniae",0.556723960269528
"8720","S. pneumoniae",0.322102156405286
"8721","S. pneumoniae",0.417821424187644
"8722","S. pneumoniae",0.592006236293241
"8723","S. pneumoniae",0.660947002060518
"8724","S. pneumoniae",0.542434026634662
"8725","S. pneumoniae",-0.0275154895193409
"8726","S. pneumoniae",-0.289549167302608
"8727","S. pneumoniae",0.212922622012582
"8728","S. pneumoniae",0.726610889970991
"8729","S. pneumoniae",0.327007923057131
"8730","S. pneumoniae",0.183209638054834
"8731","S. pneumoniae",0.469416396875828
"8732","S. pneumoniae",-0.00776725553151619
"8733","S. pneumoniae",-0.157657042035937
"8734","S. pneumoniae",-0.0775334031641708
"8735","S. pneumoniae",1.66312590534782
"8736","S. pneumoniae",1.49110548074617
"8737","S. pneumoniae",0.496172815835072
"8738","S. pneumoniae",0.342289348977531
"8739","S. pneumoniae",0.628391502274415
"8740","S. pneumoniae",0.103763867561195
"8741","S. pneumoniae",0.572437744925532
"8742","S. pneumoniae",0.219716798743158
"8743","S. pneumoniae",0.477896766380798
"8744","S. pneumoniae",0.720824130104954
"8745","S. pneumoniae",0.975685546323964
"8746","S. pneumoniae",0.602012378492256
"8747","S. pneumoniae",0.79189454097249
"8748","S. pneumoniae",0.887733982165842
"8749","S. pneumoniae",0.380472622976164
"8750","S. pneumoniae",0.577436618901948
"8751","S. pneumoniae",-0.534300672343891
"8752","S. pneumoniae",0.369629884910829
"8753","S. pneumoniae",0.512246678921789
"8754","S. pneumoniae",1.27825739677066
"8755","S. pneumoniae",0.569746633085375
"8756","S. pneumoniae",0.448718091354934
"8757","S. pneumoniae",0.475075418091763
"8758","S. pneumoniae",0.573656698143204
"8759","S. pneumoniae",0.21657467589794
"8760","S. pneumoniae",-0.220095925438231
"8761","S. pneumoniae",-0.312080860966895
"8762","S. pneumoniae",1.38269493467165
"8763","S. pneumoniae",0.73899607419863
"8764","S. pneumoniae",0.638966825352078
"8765","S. pneumoniae",0.416355661467844
"8766","S. pneumoniae",0.279244808258303
"8767","S. pneumoniae",1.29143107898247
"8768","S. pneumoniae",1.47160038096386
"8769","S. pneumoniae",0.540730433891394
"8770","S. pneumoniae",0.625886487727612
"8771","S. pneumoniae",0.452722432081116
"8772","S. pneumoniae",0.359792542310763
"8773","S. pneumoniae",0.251796334116627
"8774","S. pneumoniae",0.307215270750095
"8775","S. pneumoniae",0.123675211714982
"8776","S. pneumoniae",0.497750730548645
"8777","S. pneumoniae",0.0132913596791861
"8778","S. pneumoniae",0.919721844086123
"8779","S. pneumoniae",1.10370338192342
"8780","S. pneumoniae",0.2571165374272
"8781","S. pneumoniae",0.290114432818484
"8782","S. pneumoniae",-0.260403645497081
"8783","S. pneumoniae",0.353695071761317
"8784","S. pneumoniae",0.357160545244526
"8785","S. pneumoniae",0.692152201989858
"8786","S. pneumoniae",0.260852626241636
"8787","S. pneumoniae",0.857726094547827
"8788","S. pneumoniae",-0.365331004174416
"8789","S. pneumoniae",0.34060350663489
"8790","S. pneumoniae",0.190482866724074
"8791","S. pneumoniae",0.509453554592134
"8792","S. pneumoniae",0.0282978657032168
"8793","S. pneumoniae",1.17915488953027
"8794","S. pneumoniae",0.582562727370021
"8795","S. pneumoniae",0.106484905448595
"8796","S. pneumoniae",-0.438016681988882
"8797","S. pneumoniae",0.140911231057732
"8798","S. pneumoniae",1.41117086900019
"8799","S. pneumoniae",0.420899477050424
"8800","S. pneumoniae",-0.0885698327302322
"8801","S. pneumoniae",0.722278547329271
"8802","S. pneumoniae",0.589322557081711
"8803","S. pneumoniae",0.359836325891069
"8804","S. pneumoniae",-0.243403036751714
"8805","S. pneumoniae",0.6243549902898
"8806","S. pneumoniae",0.412437387808242
"8807","S. pneumoniae",0.697027446462722
"8808","S. pneumoniae",-0.0872122327820613
"8809","S. pneumoniae",1.50709436890079
"8810","S. pneumoniae",0.497770071310189
"8811","S. pneumoniae",-0.14434685309883
"8812","S. pneumoniae",0.786464647033822
"8813","S. pneumoniae",0.316560751781544
"8814","S. pneumoniae",-0.0540368840153792
"8815","S. pneumoniae",0.706682868118386
"8816","S. pneumoniae",-0.0684293093337143
"8817","S. pneumoniae",0.779424852349019
"8818","S. pneumoniae",0.875083833562297
"8819","S. pneumoniae",0.332270354078324
"8820","S. pneumoniae",0.170384255835134
"8821","S. pneumoniae",1.05156397019812
"8822","S. pneumoniae",-0.394455467697961
"8823","S. pneumoniae",0.696478132786646
"8824","S. pneumoniae",1.25777133062038
"8825","S. pneumoniae",0.839876887499312
"8826","S. pneumoniae",0.16228929442604
"8827","S. pneumoniae",-0.148704954904755
"8828","S. pneumoniae",0.530209641115595
"8829","S. pneumoniae",1.0885967741878
"8830","S. pneumoniae",0.718031224245523
"8831","S. pneumoniae",0.4206135842741
"8832","S. pneumoniae",0.75746848944
"8833","S. pneumoniae",0.401345258274873
"8834","S. pneumoniae",0.762009578034394
"8835","S. pneumoniae",0.521653467205137
"8836","S. pneumoniae",0.294825452942588
"8837","S. pneumoniae",0.364570452516123
"8838","S. pneumoniae",0.318420151932827
"8839","S. pneumoniae",0.788628996434197
"8840","S. pneumoniae",0.0483417490187204
"8841","S. pneumoniae",0.818069914822819
"8842","S. pneumoniae",0.45660806530165
"8843","S. pneumoniae",0.407828976556015
"8844","S. pneumoniae",1.0822013178517
"8845","S. pneumoniae",0.0609854438873024
"8846","S. pneumoniae",0.111576901003833
"8847","S. pneumoniae",0.0292678114737294
"8848","S. pneumoniae",0.89432833062153
"8849","S. pneumoniae",0.0383067263174598
"8850","S. pneumoniae",0.490036488508852
"8851","S. pneumoniae",0.897768585567431
"8852","S. pneumoniae",0.644910093764018
"8853","S. pneumoniae",0.555527440454734
"8854","S. pneumoniae",0.645884512646838
"8855","S. pneumoniae",1.28044082606535
"8856","S. pneumoniae",0.555577640003467
"8857","S. pneumoniae",0.98706084502179
"8858","S. pneumoniae",0.0733482265822037
"8859","S. pneumoniae",0.113877037828916
"8860","S. pneumoniae",0.887570927734995
"8861","S. pneumoniae",0.685018943239507
"8862","S. pneumoniae",0.435699640838992
"8863","S. pneumoniae",0.322957908875905
"8864","S. pneumoniae",0.952729355197527
"8865","S. pneumoniae",1.09058939516226
"8866","S. pneumoniae",0.0901963654912768
"8867","S. pneumoniae",0.721402877994099
"8868","S. pneumoniae",-0.00456154479135755
"8869","S. pneumoniae",0.319155223484074
"8870","S. pneumoniae",0.2778833570468
"8871","S. pneumoniae",1.03318335852988
"8872","S. pneumoniae",0.738654364144233
"8873","S. pneumoniae",0.592766955174329
"8874","S. pneumoniae",-0.0524503194707044
"8875","S. pneumoniae",0.240108511337737
"8876","S. pneumoniae",0.651360567914044
"8877","S. pneumoniae",0.609046995690021
"8878","S. pneumoniae",0.606485086099983
"8879","S. pneumoniae",0.422633267161888
"8880","S. pneumoniae",0.522502173379879
"8881","S. pneumoniae",0.420430144358948
"8882","S. pneumoniae",0.191327979236965
"8883","S. pneumoniae",-0.268018225024601
"8884","S. pneumoniae",0.203271748637563
"8885","S. pneumoniae",0.867458682410654
"8886","S. pneumoniae",0.393279231343585
"8887","S. pneumoniae",0.409431074450113
"8888","S. pneumoniae",-0.13285578845197
"8889","S. pneumoniae",-0.167061118310763
"8890","S. pneumoniae",0.895159724468177
"8891","S. pneumoniae",0.596284989649304
"8892","S. pneumoniae",0.510390337753933
"8893","S. pneumoniae",0.780148774174401
"8894","S. pneumoniae",0.00850101087747255
"8895","S. pneumoniae",0.649692889733771
"8896","S. pneumoniae",0.330586382639257
"8897","S. pneumoniae",0.489929983566681
"8898","S. pneumoniae",0.387086421355965
"8899","S. pneumoniae",-0.0813166726031271
"8900","S. pneumoniae",0.575333419394791
"8901","S. pneumoniae",0.293349431480497
"8902","S. pneumoniae",0.110538986560556
"8903","S. pneumoniae",0.666280372680638
"8904","S. pneumoniae",0.496977591170021
"8905","S. pneumoniae",-0.21430403130803
"8906","S. pneumoniae",0.583322422796566
"8907","S. pneumoniae",0.229391868310793
"8908","S. pneumoniae",0.750411538931161
"8909","S. pneumoniae",0.481692340501215
"8910","S. pneumoniae",0.37161930526757
"8911","S. pneumoniae",-0.0647767546485832
"8912","S. pneumoniae",1.05122370675273
"8913","S. pneumoniae",0.431458063059097
"8914","S. pneumoniae",-0.131858272570952
"8915","S. pneumoniae",1.09774345381758
"8916","S. pneumoniae",0.452927065564622
"8917","S. pneumoniae",0.804957144808613
"8918","S. pneumoniae",0.555261029432526
"8919","S. pneumoniae",0.493952126892753
"8920","S. pneumoniae",0.28379886412775
"8921","S. pneumoniae",0.377447575924311
"8922","S. pneumoniae",0.572626906512177
"8923","S. pneumoniae",0.126170178214846
"8924","S. pneumoniae",-0.03745378728293
"8925","S. pneumoniae",0.926102987424804
"8926","S. pneumoniae",0.341801553496813
"8927","S. pneumoniae",0.596821401826551
"8928","S. pneumoniae",0.898959473718805
"8929","S. pneumoniae",0.289066153611562
"8930","S. pneumoniae",-0.0560079956329573
"8931","S. pneumoniae",0.514438863602976
"8932","S. pneumoniae",1.36326550515444
"8933","S. pneumoniae",-0.175074943298288
"8934","S. pneumoniae",-0.691061019542955
"8935","S. pneumoniae",1.05055103700574
"8936","S. pneumoniae",0.441164714814029
"8937","S. pneumoniae",0.451237152201674
"8938","S. pneumoniae",0.627273609806841
"8939","S. pneumoniae",0.366989045181329
"8940","S. pneumoniae",0.76733530383049
"8941","S. pneumoniae",0.643359262934366
"8942","S. pneumoniae",0.666787150196823
"8943","S. pneumoniae",0.543742697575047
"8944","S. pneumoniae",0.130619601449632
"8945","S. pneumoniae",0.89195067131969
"8946","S. pneumoniae",-0.549076325791535
"8947","S. pneumoniae",0.254468967097607
"8948","S. pneumoniae",0.305248190639823
"8949","S. pneumoniae",-0.309667758579759
"8950","S. pneumoniae",0.144470860275591
"8951","S. pneumoniae",0.619916475177414
"8952","S. pneumoniae",0.497644701578903
"8953","S. pneumoniae",0.026796500067203
"8954","S. pneumoniae",0.748453573832056
"8955","S. pneumoniae",0.810612074911659
"8956","S. pneumoniae",0.724791526241429
"8957","S. pneumoniae",0.667583807392483
"8958","S. pneumoniae",1.1931204703954
"8959","S. pneumoniae",0.466154450085447
"8960","S. pneumoniae",0.321874465950493
"8961","S. pneumoniae",0.352471356820869
"8962","S. pneumoniae",1.03501539665155
"8963","S. pneumoniae",1.05082219705528
"8964","S. pneumoniae",0.305426409244774
"8965","S. pneumoniae",0.655061404645168
"8966","S. pneumoniae",0.460447230795333
"8967","S. pneumoniae",0.732987042138104
"8968","S. pneumoniae",0.382069241584862
"8969","S. pneumoniae",0.194928794202312
"8970","S. pneumoniae",0.561457990920084
"8971","S. pneumoniae",0.907208969814497
"8972","S. pneumoniae",-0.00244082693591349
"8973","S. pneumoniae",0.180084294549078
"8974","S. pneumoniae",0.847079078828605
"8975","S. pneumoniae",0.230015676898902
"8976","S. pneumoniae",-0.206134837207054
"8977","S. pneumoniae",0.135841937955124
"8978","S. pneumoniae",-0.045650005171998
"8979","S. pneumoniae",0.477521492698698
"8980","S. pneumoniae",0.338107570957088
"8981","S. pneumoniae",-0.0596607206944428
"8982","S. pneumoniae",0.177217243945103
"8983","S. pneumoniae",0.036947268348959
"8984","S. pneumoniae",0.237959786789738
"8985","S. pneumoniae",0.0236962166347899
"8986","S. pneumoniae",1.30877818395721
"8987","S. pneumoniae",0.770696350536475
"8988","S. pneumoniae",0.561043604745948
"8989","S. pneumoniae",0.976252834118204
"8990","S. pneumoniae",0.547033948515011
"8991","S. pneumoniae",0.435505543852559
"8992","S. pneumoniae",0.276131076594389
"8993","S. pneumoniae",1.10662150592857
"8994","S. pneumoniae",0.590345659596733
"8995","S. pneumoniae",0.812450152038124
"8996","S. pneumoniae",-0.241755413524882
"8997","S. pneumoniae",0.911981115757063
"8998","S. pneumoniae",-0.41939091784753
"8999","S. pneumoniae",0.305302601556226
"9000","S. pneumoniae",0.107360678070456
"9001","S. pyogenes",-0.344544215017079
"9002","S. pyogenes",-0.154594814595195
"9003","S. pyogenes",-0.295825933008026
"9004","S. pyogenes",-0.197452474109133
"9005","S. pyogenes",-0.460818114903213
"9006","S. pyogenes",-0.425075913965978
"9007","S. pyogenes",0.0636339066710926
"9008","S. pyogenes",-0.31893399344291
"9009","S. pyogenes",-0.0385295693238861
"9010","S. pyogenes",-0.172501061675655
"9011","S. pyogenes",-0.240621850993186
"9012","S. pyogenes",-0.304648260444915
"9013","S. pyogenes",-0.118385797385035
"9014","S. pyogenes",-0.293168488911775
"9015","S. pyogenes",-0.0477800933457064
"9016","S. pyogenes",-0.319762669781491
"9017","S. pyogenes",-0.242817156459432
"9018","S. pyogenes",-0.236617107107443
"9019","S. pyogenes",-0.00404450753499603
"9020","S. pyogenes",-0.376731671033265
"9021","S. pyogenes",-0.536316984687176
"9022","S. pyogenes",-0.183369262903369
"9023","S. pyogenes",-0.115870337496743
"9024","S. pyogenes",-0.0846362186052946
"9025","S. pyogenes",-0.242149560586577
"9026","S. pyogenes",-0.143278437843877
"9027","S. pyogenes",0.327094477446707
"9028","S. pyogenes",-0.246920660699546
"9029","S. pyogenes",0.074759354850083
"9030","S. pyogenes",-0.282509430375458
"9031","S. pyogenes",-0.119876447226318
"9032","S. pyogenes",-0.101804194358756
"9033","S. pyogenes",-0.075151183147484
"9034","S. pyogenes",-0.229827020361517
"9035","S. pyogenes",0.0206864024255629
"9036","S. pyogenes",-0.132599211218
"9037","S. pyogenes",-0.295738970367386
"9038","S. pyogenes",-0.255864321962574
"9039","S. pyogenes",0.152012664193334
"9040","S. pyogenes",-0.439494983615021
"9041","S. pyogenes",-0.511617504294634
"9042","S. pyogenes",-0.163513649476832
"9043","S. pyogenes",-0.270968423075869
"9044","S. pyogenes",-0.00236532712052109
"9045","S. pyogenes",-0.280162519235506
"9046","S. pyogenes",-0.363046646061475
"9047","S. pyogenes",-0.109761650649674
"9048","S. pyogenes",-0.373145926893773
"9049","S. pyogenes",-0.0741654339355514
"9050","S. pyogenes",0.065326874773303
"9051","S. pyogenes",-0.187841657230146
"9052","S. pyogenes",-0.247771777703697
"9053","S. pyogenes",-0.439565629148276
"9054","S. pyogenes",-0.415854132418337
"9055","S. pyogenes",0.148360376293488
"9056","S. pyogenes",-0.422816900421061
"9057","S. pyogenes",-0.0853047664104394
"9058","S. pyogenes",0.0435850536047021
"9059","S. pyogenes",0.085054766340404
"9060","S. pyogenes",-0.295861235355307
"9061","S. pyogenes",0.0680683798029634
"9062","S. pyogenes",0.0277555673096999
"9063","S. pyogenes",-0.322035424285486
"9064","S. pyogenes",-0.108681104649928
"9065","S. pyogenes",-0.431666002650695
"9066","S. pyogenes",-0.428196224317718
"9067","S. pyogenes",-0.158262227586875
"9068","S. pyogenes",-0.157406543636636
"9069","S. pyogenes",0.12992984362391
"9070","S. pyogenes",0.125068298019737
"9071","S. pyogenes",-0.46568286357723
"9072","S. pyogenes",-0.3073712301085
"9073","S. pyogenes",-0.244208499577367
"9074","S. pyogenes",0.0753044502564406
"9075","S. pyogenes",-0.154515379958378
"9076","S. pyogenes",-0.0405560495039249
"9077","S. pyogenes",-0.482782936339256
"9078","S. pyogenes",-0.279495593645753
"9079","S. pyogenes",-0.082536230971288
"9080","S. pyogenes",-0.161990256069952
"9081","S. pyogenes",-0.0792791334990788
"9082","S. pyogenes",-0.403675060159997
"9083","S. pyogenes",-0.0478320449132847
"9084","S. pyogenes",-0.156746660519657
"9085","S. pyogenes",-0.230381928284362
"9086","S. pyogenes",0.139136421772387
"9087","S. pyogenes",-0.890355509971068
"9088","S. pyogenes",-0.345416306909899
"9089","S. pyogenes",-0.134197763329038
"9090","S. pyogenes",-0.388691715885708
"9091","S. pyogenes",-0.252840824402492
"9092","S. pyogenes",-0.292959372970451
"9093","S. pyogenes",0.0781983637210482
"9094","S. pyogenes",-0.464541121862746
"9095","S. pyogenes",-0.426216198232461
"9096","S. pyogenes",-0.0330697632599715
"9097","S. pyogenes",-0.000302000509768496
"9098","S. pyogenes",0.0594257752250496
"9099","S. pyogenes",-0.415844300068719
"9100","S. pyogenes",0.141870047514382
"9101","S. pyogenes",-0.362626016320724
"9102","S. pyogenes",-0.414355706790367
"9103","S. pyogenes",-0.19379166212659
"9104","S. pyogenes",-0.35074224567599
"9105","S. pyogenes",-0.224726286327786
"9106","S. pyogenes",-0.161969270771263
"9107","S. pyogenes",-0.297120257810243
"9108","S. pyogenes",0.0330883896374686
"9109","S. pyogenes",-0.356298931452754
"9110","S. pyogenes",-0.176851908573329
"9111","S. pyogenes",-0.501328203967386
"9112","S. pyogenes",-0.23226660469963
"9113","S. pyogenes",0.181580102514666
"9114","S. pyogenes",-0.404826751319567
"9115","S. pyogenes",0.0831920636345289
"9116","S. pyogenes",-0.197805566329717
"9117","S. pyogenes",0.152131081760571
"9118","S. pyogenes",-0.244734598193502
"9119","S. pyogenes",-0.00730259946995575
"9120","S. pyogenes",-0.0540443453808925
"9121","S. pyogenes",-0.244843947746019
"9122","S. pyogenes",-0.238939304984525
"9123","S. pyogenes",-0.266926454382133
"9124","S. pyogenes",-0.040113871319943
"9125","S. pyogenes",-0.0297167490343921
"9126","S. pyogenes",-0.389120880810494
"9127","S. pyogenes",-0.0236231939914803
"9128","S. pyogenes",-0.553052566342747
"9129","S. pyogenes",-0.177224218993925
"9130","S. pyogenes",-0.122993728478603
"9131","S. pyogenes",-0.0898634889068683
"9132","S. pyogenes",-0.154222700418059
"9133","S. pyogenes",-0.354051804331912
"9134","S. pyogenes",-0.151232618475762
"9135","S. pyogenes",0.249289957003531
"9136","S. pyogenes",-0.0573995132881361
"9137","S. pyogenes",-0.184681315578194
"9138","S. pyogenes",-0.393112292231159
"9139","S. pyogenes",-0.0598615078051052
"9140","S. pyogenes",-0.335070540875822
"9141","S. pyogenes",-0.387158031131537
"9142","S. pyogenes",-0.420574980684269
"9143","S. pyogenes",-0.354630461220622
"9144","S. pyogenes",-0.0615274745129637
"9145","S. pyogenes",0.00601199313851243
"9146","S. pyogenes",-0.295653152491723
"9147","S. pyogenes",-0.399138456548134
"9148","S. pyogenes",-0.402879970001545
"9149","S. pyogenes",-0.125237368607478
"9150","S. pyogenes",-0.0676241922236961
"9151","S. pyogenes",-0.170058010364077
"9152","S. pyogenes",0.0763231839490363
"9153","S. pyogenes",-0.595979800530426
"9154","S. pyogenes",-0.0181627550620016
"9155","S. pyogenes",-0.0187803703028282
"9156","S. pyogenes",-0.293971334253813
"9157","S. pyogenes",-0.230078056857367
"9158","S. pyogenes",-0.346739193410657
"9159","S. pyogenes",-0.287906099027364
"9160","S. pyogenes",-0.269251282891903
"9161","S. pyogenes",-0.262320418956887
"9162","S. pyogenes",-0.279033187453609
"9163","S. pyogenes",-0.21293677111764
"9164","S. pyogenes",-0.287979039611299
"9165","S. pyogenes",-0.0708807940292555
"9166","S. pyogenes",-0.0705408471665434
"9167","S. pyogenes",-0.312797209084001
"9168","S. pyogenes",-0.246199984880339
"9169","S. pyogenes",-0.316965168708618
"9170","S. pyogenes",-0.482710755699199
"9171","S. pyogenes",-0.0667717012910396
"9172","S. pyogenes",-0.871991178142617
"9173","S. pyogenes",-0.437588669669475
"9174","S. pyogenes",-0.311059094166546
"9175","S. pyogenes",-0.303824491702655
"9176","S. pyogenes",-0.0921594400409761
"9177","S. pyogenes",-0.375679174021434
"9178","S. pyogenes",-0.300048445799107
"9179","S. pyogenes",-0.24192446103336
"9180","S. pyogenes",-0.656976429150096
"9181","S. pyogenes",-0.120643960307265
"9182","S. pyogenes",-0.341521628042472
"9183","S. pyogenes",-0.179532948086961
"9184","S. pyogenes",-0.21683766267793
"9185","S. pyogenes",-0.360527955655606
"9186","S. pyogenes",-0.358128546989585
"9187","S. pyogenes",-0.288518562707442
"9188","S. pyogenes",-0.372948745130921
"9189","S. pyogenes",-0.515057033482478
"9190","S. pyogenes",-0.557805500539093
"9191","S. pyogenes",0.0516779714418038
"9192","S. pyogenes",-0.524655312804279
"9193","S. pyogenes",-0.192749959110306
"9194","S. pyogenes",0.0091469191726141
"9195","S. pyogenes",-0.0889498689699151
"9196","S. pyogenes",-0.242359854142585
"9197","S. pyogenes",-0.605213205171267
"9198","S. pyogenes",0.0768582308602448
"9199","S. pyogenes",-0.227009732192391
"9200","S. pyogenes",-0.246593644364878
"9201","S. pyogenes",-0.420022771288168
"9202","S. pyogenes",-0.3856982997747
"9203","S. pyogenes",-0.402374393923222
"9204","S. pyogenes",0.112628494514754
"9205","S. pyogenes",-0.325385775117773
"9206","S. pyogenes",-0.0759432456410408
"9207","S. pyogenes",-0.347470068045755
"9208","S. pyogenes",-0.29535777403138
"9209","S. pyogenes",-0.316379261755767
"9210","S. pyogenes",-0.42631181169823
"9211","S. pyogenes",-0.253791219458313
"9212","S. pyogenes",-0.0580522619552546
"9213","S. pyogenes",-0.559251288000702
"9214","S. pyogenes",0.113565505376267
"9215","S. pyogenes",-0.338765376560377
"9216","S. pyogenes",-0.0863339580538413
"9217","S. pyogenes",-0.306024152719846
"9218","S. pyogenes",-0.049227979007446
"9219","S. pyogenes",-0.346876779509338
"9220","S. pyogenes",0.103417241155993
"9221","S. pyogenes",-0.510398689372863
"9222","S. pyogenes",-0.26700517711404
"9223","S. pyogenes",0.190549478547953
"9224","S. pyogenes",0.0284076988522683
"9225","S. pyogenes",0.134603120681488
"9226","S. pyogenes",-0.100485502730557
"9227","S. pyogenes",-0.360658253542113
"9228","S. pyogenes",0.0370267870321339
"9229","S. pyogenes",-0.172377418723477
"9230","S. pyogenes",-0.268198903374322
"9231","S. pyogenes",-0.00189115320114209
"9232","S. pyogenes",-0.337787985129593
"9233","S. pyogenes",0.0280613613048939
"9234","S. pyogenes",-0.169693096622797
"9235","S. pyogenes",-0.196970075991387
"9236","S. pyogenes",-0.353491727153102
"9237","S. pyogenes",-0.134150500325884
"9238","S. pyogenes",-0.366063031374557
"9239","S. pyogenes",-0.262868625984777
"9240","S. pyogenes",0.170242766311435
"9241","S. pyogenes",-0.0866970509767441
"9242","S. pyogenes",0.0466859755621688
"9243","S. pyogenes",-0.279254160382196
"9244","S. pyogenes",-0.539900532227754
"9245","S. pyogenes",-0.364497336887486
"9246","S. pyogenes",0.209043635837507
"9247","S. pyogenes",-0.350887694654346
"9248","S. pyogenes",-0.4749468624678
"9249","S. pyogenes",-0.347407380668144
"9250","S. pyogenes",0.213933421900592
"9251","S. pyogenes",0.0770668161444631
"9252","S. pyogenes",-0.263120125953696
"9253","S. pyogenes",-0.0799777948398834
"9254","S. pyogenes",0.295103451910858
"9255","S. pyogenes",-0.373815211032423
"9256","S. pyogenes",-0.259079675447585
"9257","S. pyogenes",0.119662813557848
"9258","S. pyogenes",0.0468869177292214
"9259","S. pyogenes",0.172933495119964
"9260","S. pyogenes",0.31342825786194
"9261","S. pyogenes",-0.59584186774692
"9262","S. pyogenes",-0.00019083977139529
"9263","S. pyogenes",-0.32247106658731
"9264","S. pyogenes",-0.29108517221301
"9265","S. pyogenes",-0.0723264447758048
"9266","S. pyogenes",0.0132175569776765
"9267","S. pyogenes",-0.371642521123348
"9268","S. pyogenes",-0.0365111651183016
"9269","S. pyogenes",-0.333853373444163
"9270","S. pyogenes",-0.205162870659219
"9271","S. pyogenes",-0.188924754295282
"9272","S. pyogenes",-0.317549181349309
"9273","S. pyogenes",-0.477329814420414
"9274","S. pyogenes",-0.331066881469334
"9275","S. pyogenes",-0.390354490983629
"9276","S. pyogenes",-0.0303660328523365
"9277","S. pyogenes",0.0345694507972082
"9278","S. pyogenes",-0.0744853741147926
"9279","S. pyogenes",-0.863786341162588
"9280","S. pyogenes",-0.623639609843757
"9281","S. pyogenes",0.0116518559618459
"9282","S. pyogenes",0.0217158535954701
"9283","S. pyogenes",-0.0505101185295071
"9284","S. pyogenes",0.0373655067484718
"9285","S. pyogenes",-0.350410413340576
"9286","S. pyogenes",-0.240118423519561
"9287","S. pyogenes",-0.443059029902745
"9288","S. pyogenes",-0.431715577738006
"9289","S. pyogenes",-0.273627417947936
"9290","S. pyogenes",-0.309609769183644
"9291","S. pyogenes",-0.0747626960326138
"9292","S. pyogenes",-0.0313246020981298
"9293","S. pyogenes",-0.112183646766922
"9294","S. pyogenes",-0.071438405309621
"9295","S. pyogenes",-0.593180909413124
"9296","S. pyogenes",-0.235375735061207
"9297","S. pyogenes",-0.087359099723691
"9298","S. pyogenes",0.0648229945696451
"9299","S. pyogenes",-0.148391376299823
"9300","S. pyogenes",-0.708850907215094
"9301","S. pyogenes",-0.106545837448552
"9302","S. pyogenes",-0.528100204726181
"9303","S. pyogenes",-0.0878428843625458
"9304","S. pyogenes",-0.203395079845288
"9305","S. pyogenes",-0.194864106774215
"9306","S. pyogenes",-0.186421440843652
"9307","S. pyogenes",-0.264411853620268
"9308","S. pyogenes",0.0786658650375598
"9309","S. pyogenes",-0.355051109662456
"9310","S. pyogenes",-0.0458613547420377
"9311","S. pyogenes",-0.42219706982021
"9312","S. pyogenes",-0.098347531286319
"9313","S. pyogenes",-0.392383432507675
"9314","S. pyogenes",-0.0113052602632063
"9315","S. pyogenes",-0.0613330378939168
"9316","S. pyogenes",0.335028917977415
"9317","S. pyogenes",-0.360583679863232
"9318","S. pyogenes",-0.136905312270735
"9319","S. pyogenes",-0.52072265352428
"9320","S. pyogenes",-0.490601427877246
"9321","S. pyogenes",-0.176254176717115
"9322","S. pyogenes",-0.288136511364719
"9323","S. pyogenes",-0.0434917223795526
"9324","S. pyogenes",-0.528863232771279
"9325","S. pyogenes",-0.181644120189526
"9326","S. pyogenes",0.0272296331132066
"9327","S. pyogenes",-0.114265903453954
"9328","S. pyogenes",-0.265314619716728
"9329","S. pyogenes",-0.469598866412135
"9330","S. pyogenes",-0.430255739363203
"9331","S. pyogenes",-0.261273286805426
"9332","S. pyogenes",-0.447548760296815
"9333","S. pyogenes",-0.0167589098160651
"9334","S. pyogenes",-0.242626350208293
"9335","S. pyogenes",-0.645599230436615
"9336","S. pyogenes",-0.00807162882135705
"9337","S. pyogenes",-0.300821252967579
"9338","S. pyogenes",-0.294287589344073
"9339","S. pyogenes",-0.090310513827815
"9340","S. pyogenes",-0.082194445313001
"9341","S. pyogenes",-0.222334799066389
"9342","S. pyogenes",-0.254451286398826
"9343","S. pyogenes",-0.127927736814786
"9344","S. pyogenes",0.294779311788343
"9345","S. pyogenes",-0.22417812477804
"9346","S. pyogenes",-0.472833406848698
"9347","S. pyogenes",-0.166472143899827
"9348","S. pyogenes",-0.269701458346445
"9349","S. pyogenes",-0.13916215452687
"9350","S. pyogenes",-0.146606011170919
"9351","S. pyogenes",-0.372379749368965
"9352","S. pyogenes",-0.512432578832953
"9353","S. pyogenes",-0.596054258561547
"9354","S. pyogenes",0.0107127733346773
"9355","S. pyogenes",-0.37756836002507
"9356","S. pyogenes",-0.217466082065844
"9357","S. pyogenes",-0.458585332072827
"9358","S. pyogenes",-0.0863597457160035
"9359","S. pyogenes",-0.634101801014146
"9360","S. pyogenes",-0.479338220625021
"9361","S. pyogenes",0.10653206274897
"9362","S. pyogenes",-0.343472629286983
"9363","S. pyogenes",-0.070502290004298
"9364","S. pyogenes",-0.105479579002575
"9365","S. pyogenes",-0.177159037568295
"9366","S. pyogenes",-0.181652424428552
"9367","S. pyogenes",-0.168468030109496
"9368","S. pyogenes",-0.19704155845021
"9369","S. pyogenes",-0.295842333499133
"9370","S. pyogenes",0.0172241228944749
"9371","S. pyogenes",-0.227127272884758
"9372","S. pyogenes",-0.0488720808097633
"9373","S. pyogenes",-0.253419570082724
"9374","S. pyogenes",-0.576147941631301
"9375","S. pyogenes",0.0167042571928264
"9376","S. pyogenes",0.00350234495393799
"9377","S. pyogenes",-0.541542331271556
"9378","S. pyogenes",-0.214805059255069
"9379","S. pyogenes",-0.243295241685005
"9380","S. pyogenes",0.149498671216836
"9381","S. pyogenes",-0.0854822857174593
"9382","S. pyogenes",-0.30738601836172
"9383","S. pyogenes",-0.197758376216807
"9384","S. pyogenes",-0.08501148258751
"9385","S. pyogenes",-0.675968182273513
"9386","S. pyogenes",-0.520967590947596
"9387","S. pyogenes",-0.102616633066592
"9388","S. pyogenes",-0.189757862370919
"9389","S. pyogenes",-0.26683513155869
"9390","S. pyogenes",-0.281659587358509
"9391","S. pyogenes",-0.238705532466197
"9392","S. pyogenes",-0.108399184501191
"9393","S. pyogenes",-0.248600883127018
"9394","S. pyogenes",-0.529824961894157
"9395","S. pyogenes",-0.0538946086652269
"9396","S. pyogenes",-0.243616445909522
"9397","S. pyogenes",-0.238424756509577
"9398","S. pyogenes",0.231804154162288
"9399","S. pyogenes",0.223824107121897
"9400","S. pyogenes",-0.0971640974101596
"9401","S. pyogenes",-0.197175188146451
"9402","S. pyogenes",0.0175677328124956
"9403","S. pyogenes",-0.0602957685858704
"9404","S. pyogenes",-0.627916225072219
"9405","S. pyogenes",-0.0849194003013872
"9406","S. pyogenes",-0.464726299646525
"9407","S. pyogenes",-0.295223410843176
"9408","S. pyogenes",-0.345488904836881
"9409","S. pyogenes",-0.113960141054987
"9410","S. pyogenes",-0.263426315101224
"9411","S. pyogenes",-0.215940933892162
"9412","S. pyogenes",-0.0792270544095808
"9413","S. pyogenes",-0.264576724136962
"9414","S. pyogenes",0.0827601865143803
"9415","S. pyogenes",-0.161715409006885
"9416","S. pyogenes",-0.0947690658863088
"9417","S. pyogenes",0.0541061875182083
"9418","S. pyogenes",0.0967345262768225
"9419","S. pyogenes",-0.647225460199143
"9420","S. pyogenes",-0.123180291927141
"9421","S. pyogenes",0.105197047980468
"9422","S. pyogenes",-0.17075067111592
"9423","S. pyogenes",-0.0571187034000435
"9424","S. pyogenes",-0.0295186149364729
"9425","S. pyogenes",-0.32202938650537
"9426","S. pyogenes",-0.377197367811697
"9427","S. pyogenes",-0.319316093717618
"9428","S. pyogenes",-0.124702603662892
"9429","S. pyogenes",-0.255802211949346
"9430","S. pyogenes",-0.389168748098358
"9431","S. pyogenes",-0.430948931150536
"9432","S. pyogenes",-0.374423654726138
"9433","S. pyogenes",-0.232857768887915
"9434","S. pyogenes",-0.582356091260471
"9435","S. pyogenes",0.143847232084879
"9436","S. pyogenes",-0.42689497757772
"9437","S. pyogenes",-0.0245519501246063
"9438","S. pyogenes",0.201601366095005
"9439","S. pyogenes",-0.17911107976224
"9440","S. pyogenes",0.00586838025949635
"9441","S. pyogenes",0.13825909755365
"9442","S. pyogenes",-0.193262046588684
"9443","S. pyogenes",-0.406422115068502
"9444","S. pyogenes",-0.32514632648353
"9445","S. pyogenes",-0.390888018422193
"9446","S. pyogenes",-0.215853713945489
"9447","S. pyogenes",-0.101362739193806
"9448","S. pyogenes",-0.206149338666529
"9449","S. pyogenes",-0.275063717030702
"9450","S. pyogenes",-0.0971509845287135
"9451","S. pyogenes",-0.417810184800515
"9452","S. pyogenes",-0.322767684113535
"9453","S. pyogenes",-0.268446943434637
"9454","S. pyogenes",-0.134344748361497
"9455","S. pyogenes",-0.721360634202559
"9456","S. pyogenes",-0.210517709139013
"9457","S. pyogenes",0.0154535610614656
"9458","S. pyogenes",-0.209375792384131
"9459","S. pyogenes",-0.423564272121582
"9460","S. pyogenes",-0.716948889526264
"9461","S. pyogenes",-0.266300138504709
"9462","S. pyogenes",-0.0140175582844462
"9463","S. pyogenes",-0.172546689119164
"9464","S. pyogenes",-0.443702523510108
"9465","S. pyogenes",-0.218857174410525
"9466","S. pyogenes",0.0350371721969654
"9467","S. pyogenes",-0.428739546838248
"9468","S. pyogenes",-0.212917976041606
"9469","S. pyogenes",-0.37547718674811
"9470","S. pyogenes",-0.282519176323029
"9471","S. pyogenes",-0.31812652312011
"9472","S. pyogenes",0.0215386229915179
"9473","S. pyogenes",-0.481567691471556
"9474","S. pyogenes",-0.693134114863672
"9475","S. pyogenes",-0.51817618427658
"9476","S. pyogenes",-0.285892661186928
"9477","S. pyogenes",-0.435135032261954
"9478","S. pyogenes",-0.287226376467828
"9479","S. pyogenes",0.083285079433218
"9480","S. pyogenes",-0.167068032307191
"9481","S. pyogenes",-0.0873608396972388
"9482","S. pyogenes",-0.448299234665839
"9483","S. pyogenes",-0.236337806537891
"9484","S. pyogenes",0.00268820593550403
"9485","S. pyogenes",-0.189648464930529
"9486","S. pyogenes",-0.424424964573574
"9487","S. pyogenes",-0.283280971578946
"9488","S. pyogenes",-0.320070810092499
"9489","S. pyogenes",-0.386327215486049
"9490","S. pyogenes",-0.50221215780645
"9491","S. pyogenes",-0.289698885699397
"9492","S. pyogenes",-0.242328136856011
"9493","S. pyogenes",-0.122657320481374
"9494","S. pyogenes",-0.228400325141587
"9495","S. pyogenes",-0.147891866562568
"9496","S. pyogenes",-0.166783677797221
"9497","S. pyogenes",-0.423526866589296
"9498","S. pyogenes",-0.256294133004746
"9499","S. pyogenes",-0.197465199448111
"9500","S. pyogenes",-0.252014034276684
"9501","S. pyogenes",-0.308815780751941
"9502","S. pyogenes",-0.00355100251642427
"9503","S. pyogenes",0.0663305724558535
"9504","S. pyogenes",-0.337009869035687
"9505","S. pyogenes",-0.344039236269059
"9506","S. pyogenes",0.209014620285736
"9507","S. pyogenes",0.223718486356497
"9508","S. pyogenes",0.217816512324209
"9509","S. pyogenes",0.0567730781743695
"9510","S. pyogenes",-0.385729429204832
"9511","S. pyogenes",0.0450929977707896
"9512","S. pyogenes",-0.305334438577112
"9513","S. pyogenes",-0.414769788120681
"9514","S. pyogenes",-0.327342579098878
"9515","S. pyogenes",-0.171937561164044
"9516","S. pyogenes",-0.322600991682407
"9517","S. pyogenes",-0.313810447587122
"9518","S. pyogenes",-0.28283530327908
"9519","S. pyogenes",-0.400383977820383
"9520","S. pyogenes",-0.56519122116843
"9521","S. pyogenes",-0.138619142401536
"9522","S. pyogenes",-0.42304312674198
"9523","S. pyogenes",-0.00815394497090396
"9524","S. pyogenes",-0.579499416272231
"9525","S. pyogenes",-0.343097208996703
"9526","S. pyogenes",-0.18274455100915
"9527","S. pyogenes",-0.395651284128926
"9528","S. pyogenes",-0.374394508972348
"9529","S. pyogenes",-0.174846210618036
"9530","S. pyogenes",-0.513118912655263
"9531","S. pyogenes",-0.287977653223406
"9532","S. pyogenes",0.0298196151101325
"9533","S. pyogenes",-0.359325483283907
"9534","S. pyogenes",-0.127747566357723
"9535","S. pyogenes",-0.152508684419431
"9536","S. pyogenes",-0.244973580892418
"9537","S. pyogenes",-0.24349588353833
"9538","S. pyogenes",-0.347214580691126
"9539","S. pyogenes",-0.327396980019009
"9540","S. pyogenes",0.042499451391781
"9541","S. pyogenes",-0.476683081304678
"9542","S. pyogenes",-0.266604396516264
"9543","S. pyogenes",-0.413107150695105
"9544","S. pyogenes",0.241174869580358
"9545","S. pyogenes",0.226450844193626
"9546","S. pyogenes",-0.19301043801658
"9547","S. pyogenes",-0.478918534454713
"9548","S. pyogenes",-0.274347580260462
"9549","S. pyogenes",-0.368179882475801
"9550","S. pyogenes",-0.0479047272705229
"9551","S. pyogenes",-0.255029183753601
"9552","S. pyogenes",-0.193254660338339
"9553","S. pyogenes",-0.200820674277575
"9554","S. pyogenes",-0.248256204375703
"9555","S. pyogenes",0.0134624241563411
"9556","S. pyogenes",-0.490967304758584
"9557","S. pyogenes",-0.365358495165105
"9558","S. pyogenes",-0.244964922352713
"9559","S. pyogenes",-0.534850372193623
"9560","S. pyogenes",-0.375086675144505
"9561","S. pyogenes",-0.297036455076717
"9562","S. pyogenes",-0.132339111174686
"9563","S. pyogenes",-0.0168773002028271
"9564","S. pyogenes",-0.00094766933935561
"9565","S. pyogenes",0.196879984255897
"9566","S. pyogenes",-0.25599454904215
"9567","S. pyogenes",-0.470230850564858
"9568","S. pyogenes",-0.168361891403601
"9569","S. pyogenes",-0.18324783621167
"9570","S. pyogenes",-0.665085875823221
"9571","S. pyogenes",-0.645575710331091
"9572","S. pyogenes",-0.0936802131548702
"9573","S. pyogenes",-0.575247351622615
"9574","S. pyogenes",-0.15420367197718
"9575","S. pyogenes",-0.209163252537159
"9576","S. pyogenes",-0.244672781535316
"9577","S. pyogenes",-0.0811360611689507
"9578","S. pyogenes",-0.204397110700934
"9579","S. pyogenes",-0.373708258423031
"9580","S. pyogenes",-0.29878051224704
"9581","S. pyogenes",0.126031028552181
"9582","S. pyogenes",-0.172074061457843
"9583","S. pyogenes",-0.0357179499397389
"9584","S. pyogenes",0.119762812335785
"9585","S. pyogenes",-0.31569865935563
"9586","S. pyogenes",-0.748618232243424
"9587","S. pyogenes",-0.0427949564272322
"9588","S. pyogenes",-0.0760801274560507
"9589","S. pyogenes",-0.389245086195099
"9590","S. pyogenes",-0.399876745889595
"9591","S. pyogenes",-0.0578424666061629
"9592","S. pyogenes",-0.328640259568857
"9593","S. pyogenes",0.095638214658988
"9594","S. pyogenes",0.00817328419575108
"9595","S. pyogenes",-0.241427594063629
"9596","S. pyogenes",-0.190957275568663
"9597","S. pyogenes",-0.193588301369074
"9598","S. pyogenes",-0.276961231361775
"9599","S. pyogenes",-0.0289061259035756
"9600","S. pyogenes",-0.146488381500433
"9601","S. pyogenes",-0.227513892998096
"9602","S. pyogenes",-0.169896800334826
"9603","S. pyogenes",0.122534921906131
"9604","S. pyogenes",-0.156047041342721
"9605","S. pyogenes",-0.136663191558433
"9606","S. pyogenes",-0.216739975334863
"9607","S. pyogenes",-0.243561461542128
"9608","S. pyogenes",-0.702660357795633
"9609","S. pyogenes",-0.27644077333308
"9610","S. pyogenes",0.136497932045431
"9611","S. pyogenes",-0.368707158636654
"9612","S. pyogenes",-0.176958404719733
"9613","S. pyogenes",0.0859970992781383
"9614","S. pyogenes",-0.0886802972624066
"9615","S. pyogenes",-0.0432416098278324
"9616","S. pyogenes",-0.141648486592764
"9617","S. pyogenes",-0.361657130839161
"9618","S. pyogenes",-0.246996620412908
"9619","S. pyogenes",0.0136014669502989
"9620","S. pyogenes",-0.568329589531667
"9621","S. pyogenes",-0.354777345606114
"9622","S. pyogenes",-0.673729640820649
"9623","S. pyogenes",0.0279079921461429
"9624","S. pyogenes",-0.465537903339291
"9625","S. pyogenes",0.124760832160951
"9626","S. pyogenes",-0.197627466695839
"9627","S. pyogenes",-0.181076753223521
"9628","S. pyogenes",-0.357298376001773
"9629","S. pyogenes",-0.467496521176781
"9630","S. pyogenes",-0.104063437722307
"9631","S. pyogenes",-0.133252977160076
"9632","S. pyogenes",-0.444621456131276
"9633","S. pyogenes",-0.605863724800736
"9634","S. pyogenes",-0.00237633243274814
"9635","S. pyogenes",-0.332285674910846
"9636","S. pyogenes",-0.270658179728077
"9637","S. pyogenes",-0.441926061789179
"9638","S. pyogenes",-0.288201378728628
"9639","S. pyogenes",-0.470746967648478
"9640","S. pyogenes",-0.488535285953603
"9641","S. pyogenes",-0.270682590444846
"9642","S. pyogenes",-0.104340849861151
"9643","S. pyogenes",-0.329249525373077
"9644","S. pyogenes",-0.460735211948676
"9645","S. pyogenes",-0.0215862896005414
"9646","S. pyogenes",0.15117033099116
"9647","S. pyogenes",0.0127391592583783
"9648","S. pyogenes",-0.226953026797101
"9649","S. pyogenes",-0.0694968973060178
"9650","S. pyogenes",-0.176711785978739
"9651","S. pyogenes",-0.359040602435104
"9652","S. pyogenes",0.14190615612613
"9653","S. pyogenes",0.002733782574362
"9654","S. pyogenes",-0.383603319788296
"9655","S. pyogenes",-0.140818984686795
"9656","S. pyogenes",-0.159166335514249
"9657","S. pyogenes",0.0292939157779079
"9658","S. pyogenes",-0.383890715907928
"9659","S. pyogenes",0.0258912752639337
"9660","S. pyogenes",-0.317529288116012
"9661","S. pyogenes",-0.456278869745794
"9662","S. pyogenes",-0.066996396152775
"9663","S. pyogenes",-0.485748804198534
"9664","S. pyogenes",-0.131418199789293
"9665","S. pyogenes",-0.0685088020888339
"9666","S. pyogenes",-0.179205944919049
"9667","S. pyogenes",-0.574031010759044
"9668","S. pyogenes",-0.286815194787068
"9669","S. pyogenes",-0.0748267102399612
"9670","S. pyogenes",-0.178616009384478
"9671","S. pyogenes",-0.162321904179659
"9672","S. pyogenes",-0.271900562375292
"9673","S. pyogenes",-0.0312500846080508
"9674","S. pyogenes",-0.638366208699747
"9675","S. pyogenes",-0.0933420405165502
"9676","S. pyogenes",-0.343978994189957
"9677","S. pyogenes",-0.110700021288217
"9678","S. pyogenes",-0.100144033818559
"9679","S. pyogenes",-0.0651531436990416
"9680","S. pyogenes",-0.301057556137433
"9681","S. pyogenes",-0.64035589526883
"9682","S. pyogenes",-0.136732891251471
"9683","S. pyogenes",-0.532607551650132
"9684","S. pyogenes",-0.0977054730718801
"9685","S. pyogenes",-0.22556750140213
"9686","S. pyogenes",-0.0783751585506999
"9687","S. pyogenes",-0.207154372522166
"9688","S. pyogenes",-0.230935989325877
"9689","S. pyogenes",-0.444078519199204
"9690","S. pyogenes",-0.301711065731773
"9691","S. pyogenes",-0.480597713424338
"9692","S. pyogenes",-0.0184152424373262
"9693","S. pyogenes",0.0594318907355875
"9694","S. pyogenes",-0.197420665080369
"9695","S. pyogenes",-0.212057888569734
"9696","S. pyogenes",-0.197246965814661
"9697","S. pyogenes",-0.233912441877711
"9698","S. pyogenes",0.0115650019507525
"9699","S. pyogenes",-0.185751353148331
"9700","S. pyogenes",-0.173130432181436
"9701","S. pyogenes",-0.164979663630974
"9702","S. pyogenes",-0.181374081405954
"9703","S. pyogenes",-0.313318335839672
"9704","S. pyogenes",-0.107995095767522
"9705","S. pyogenes",-0.0707370173575921
"9706","S. pyogenes",-0.165360321897664
"9707","S. pyogenes",-0.220299656233127
"9708","S. pyogenes",-0.629943687572587
"9709","S. pyogenes",-0.0192165841941343
"9710","S. pyogenes",-0.256629749072161
"9711","S. pyogenes",-0.382497735810649
"9712","S. pyogenes",-0.343368886555354
"9713","S. pyogenes",-0.0327762848756859
"9714","S. pyogenes",-0.255255938564122
"9715","S. pyogenes",-0.210891875138147
"9716","S. pyogenes",-0.309701847818723
"9717","S. pyogenes",-0.0143328227953297
"9718","S. pyogenes",-0.647663727348435
"9719","S. pyogenes",-0.0519839198605043
"9720","S. pyogenes",-0.107747754779959
"9721","S. pyogenes",-0.143290386751243
"9722","S. pyogenes",-0.421223172281276
"9723","S. pyogenes",-0.305070339141053
"9724","S. pyogenes",-0.275216909238003
"9725","S. pyogenes",-0.643770621086749
"9726","S. pyogenes",-0.346625366672241
"9727","S. pyogenes",-0.421668776449586
"9728","S. pyogenes",-0.311482267880703
"9729","S. pyogenes",-0.135544643890303
"9730","S. pyogenes",-0.0472260000826523
"9731","S. pyogenes",-0.382835591214313
"9732","S. pyogenes",-0.256384940730268
"9733","S. pyogenes",0.00421421605946142
"9734","S. pyogenes",-0.408113725410522
"9735","S. pyogenes",0.179704087968006
"9736","S. pyogenes",-0.198993164634569
"9737","S. pyogenes",-0.253588220503365
"9738","S. pyogenes",-0.393263220745304
"9739","S. pyogenes",-0.118460404919215
"9740","S. pyogenes",-0.277846115292991
"9741","S. pyogenes",-0.505553971299536
"9742","S. pyogenes",0.125990325566657
"9743","S. pyogenes",0.200022981841282
"9744","S. pyogenes",0.0311683909464346
"9745","S. pyogenes",-0.526462570705044
"9746","S. pyogenes",-0.307178949557769
"9747","S. pyogenes",-0.0458059290260278
"9748","S. pyogenes",-0.036976331609383
"9749","S. pyogenes",-0.351429571095315
"9750","S. pyogenes",-0.100221590060519
"9751","S. pyogenes",0.0583072500284156
"9752","S. pyogenes",-0.567896350579877
"9753","S. pyogenes",-0.120645322449794
"9754","S. pyogenes",-0.224220583258348
"9755","S. pyogenes",-0.532256385912534
"9756","S. pyogenes",-0.336987176100253
"9757","S. pyogenes",-0.207734984726776
"9758","S. pyogenes",-0.291985291432463
"9759","S. pyogenes",0.0973629476625245
"9760","S. pyogenes",-0.392357860143286
"9761","S. pyogenes",0.00425419583317584
"9762","S. pyogenes",-0.438020135911744
"9763","S. pyogenes",-0.259377685530561
"9764","S. pyogenes",-0.367611375487041
"9765","S. pyogenes",-0.242832168876361
"9766","S. pyogenes",-0.622938092146592
"9767","S. pyogenes",-0.391173714456898
"9768","S. pyogenes",-0.167433233353997
"9769","S. pyogenes",-0.324955991683934
"9770","S. pyogenes",-0.19350938352315
"9771","S. pyogenes",-0.332878909002263
"9772","S. pyogenes",-0.330712116551692
"9773","S. pyogenes",-0.323982071603205
"9774","S. pyogenes",0.287613696808417
"9775","S. pyogenes",-0.489357830306169
"9776","S. pyogenes",-0.27868611770914
"9777","S. pyogenes",-0.0564201054470234
"9778","S. pyogenes",-0.270633739563571
"9779","S. pyogenes",-0.494680381097451
"9780","S. pyogenes",-0.00166510122828459
"9781","S. pyogenes",-0.193140189570765
"9782","S. pyogenes",-0.42743735974411
"9783","S. pyogenes",0.0212458924066697
"9784","S. pyogenes",-0.141692373079516
"9785","S. pyogenes",-0.38633381466292
"9786","S. pyogenes",0.0573915172289902
"9787","S. pyogenes",-0.671088919222511
"9788","S. pyogenes",-0.507753415390278
"9789","S. pyogenes",-0.824908400588635
"9790","S. pyogenes",-0.714492337609975
"9791","S. pyogenes",-0.126292987892723
"9792","S. pyogenes",0.13109537869516
"9793","S. pyogenes",-0.450434592243973
"9794","S. pyogenes",0.101304447299495
"9795","S. pyogenes",0.16002557044089
"9796","S. pyogenes",0.0385063105546004
"9797","S. pyogenes",-0.346986067168965
"9798","S. pyogenes",-0.464558018143731
"9799","S. pyogenes",-0.216566201446246
"9800","S. pyogenes",-0.0334003600747269
"9801","S. pyogenes",-0.0504018291333436
"9802","S. pyogenes",-0.450213745862519
"9803","S. pyogenes",-0.591960645353153
"9804","S. pyogenes",-0.0485822963954187
"9805","S. pyogenes",-0.105999860795512
"9806","S. pyogenes",0.0306193846036277
"9807","S. pyogenes",-0.549089825686073
"9808","S. pyogenes",0.122569522295025
"9809","S. pyogenes",-0.555087252363907
"9810","S. pyogenes",-0.189325280441571
"9811","S. pyogenes",0.00964242233058847
"9812","S. pyogenes",-0.0776227926466552
"9813","S. pyogenes",-0.057364493282303
"9814","S. pyogenes",-0.169958429433482
"9815","S. pyogenes",-0.15441381277878
"9816","S. pyogenes",-0.236197710155564
"9817","S. pyogenes",-0.252703615303799
"9818","S. pyogenes",-0.11793486074103
"9819","S. pyogenes",-0.531571498651019
"9820","S. pyogenes",-0.0589918034895384
"9821","S. pyogenes",-0.354637646553835
"9822","S. pyogenes",-0.433445530003839
"9823","S. pyogenes",-0.332217795914154
"9824","S. pyogenes",-0.271506786376141
"9825","S. pyogenes",-0.377977810873329
"9826","S. pyogenes",-0.240617713589908
"9827","S. pyogenes",-0.208581667419727
"9828","S. pyogenes",-0.325696928364062
"9829","S. pyogenes",-0.141376951898867
"9830","S. pyogenes",-0.542282211138285
"9831","S. pyogenes",-0.0410805538498805
"9832","S. pyogenes",-0.0422862280616328
"9833","S. pyogenes",-0.0927470146971658
"9834","S. pyogenes",-0.165274201177821
"9835","S. pyogenes",-0.240252676381105
"9836","S. pyogenes",-0.389175675840676
"9837","S. pyogenes",-0.670891439002338
"9838","S. pyogenes",-0.156119151414463
"9839","S. pyogenes",-0.480062536894939
"9840","S. pyogenes",-0.238034201349862
"9841","S. pyogenes",-0.293661146412101
"9842","S. pyogenes",-0.498289671196843
"9843","S. pyogenes",-0.340123212450372
"9844","S. pyogenes",0.162708087961932
"9845","S. pyogenes",0.00329104207663927
"9846","S. pyogenes",-0.051092251013546
"9847","S. pyogenes",-0.252493680484809
"9848","S. pyogenes",0.0534947047346745
"9849","S. pyogenes",-0.560673126011727
"9850","S. pyogenes",-0.349910797733485
"9851","S. pyogenes",-0.214868732671958
"9852","S. pyogenes",-0.617707330650545
"9853","S. pyogenes",-0.363507950898712
"9854","S. pyogenes",-0.45855205152975
"9855","S. pyogenes",-0.231681260741136
"9856","S. pyogenes",-0.315473306419784
"9857","S. pyogenes",-0.21395989075957
"9858","S. pyogenes",-0.447224371113218
"9859","S. pyogenes",-0.496775687924776
"9860","S. pyogenes",-0.379266688419748
"9861","S. pyogenes",-0.283019343198904
"9862","S. pyogenes",-0.26017030058585
"9863","S. pyogenes",-0.309344071384302
"9864","S. pyogenes",-0.319437489372809
"9865","S. pyogenes",-0.501539734971395
"9866","S. pyogenes",-0.568731482605406
"9867","S. pyogenes",-0.377455943931456
"9868","S. pyogenes",-0.25973640840965
"9869","S. pyogenes",-0.309433871601975
"9870","S. pyogenes",-0.504826464437032
"9871","S. pyogenes",-0.241307803982071
"9872","S. pyogenes",-0.461485090369434
"9873","S. pyogenes",-0.369634557934418
"9874","S. pyogenes",0.120556786286317
"9875","S. pyogenes",-0.12960070508675
"9876","S. pyogenes",-0.0822067375629674
"9877","S. pyogenes",0.14882462321904
"9878","S. pyogenes",0.0969190039401197
"9879","S. pyogenes",0.055313753880832
"9880","S. pyogenes",-0.0153926012552128
"9881","S. pyogenes",0.136072501317017
"9882","S. pyogenes",-0.522793925374777
"9883","S. pyogenes",-0.578024486099656
"9884","S. pyogenes",-0.243932198695638
"9885","S. pyogenes",-0.49771837007893
"9886","S. pyogenes",-0.62114519692144
"9887","S. pyogenes",0.0302822335987454
"9888","S. pyogenes",0.0213813924087826
"9889","S. pyogenes",-0.262482877067684
"9890","S. pyogenes",-0.494447712761888
"9891","S. pyogenes",-0.356179470059254
"9892","S. pyogenes",-0.505931407117872
"9893","S. pyogenes",-0.387143601691634
"9894","S. pyogenes",-0.119637877191574
"9895","S. pyogenes",-0.0485094163396093
"9896","S. pyogenes",0.165905783499901
"9897","S. pyogenes",-0.205897516038025
"9898","S. pyogenes",-0.302613979491002
"9899","S. pyogenes",-0.142557948995051
"9900","S. pyogenes",-0.302407771995316
"9901","S. pyogenes",-0.0219789238900465
"9902","S. pyogenes",-0.360640515832708
"9903","S. pyogenes",-0.281292046510884
"9904","S. pyogenes",0.0422661039115448
"9905","S. pyogenes",-0.265489597390743
"9906","S. pyogenes",0.0452250299979708
"9907","S. pyogenes",-0.122746193328683
"9908","S. pyogenes",-0.43485252623681
"9909","S. pyogenes",-0.428900311458919
"9910","S. pyogenes",-0.185271781261073
"9911","S. pyogenes",-0.228204645301203
"9912","S. pyogenes",-0.272397470828903
"9913","S. pyogenes",-0.0505708255358556
"9914","S. pyogenes",-0.174240796957883
"9915","S. pyogenes",-0.162616287813345
"9916","S. pyogenes",-0.115361061213726
"9917","S. pyogenes",-0.238024871931154
"9918","S. pyogenes",-0.067525010304781
"9919","S. pyogenes",-0.489876683172431
"9920","S. pyogenes",-0.100951929869935
"9921","S. pyogenes",-0.51657166639442
"9922","S. pyogenes",-0.160863523537438
"9923","S. pyogenes",-0.574735723540035
"9924","S. pyogenes",-0.290518679223111
"9925","S. pyogenes",-0.104127735890271
"9926","S. pyogenes",0.214018099621824
"9927","S. pyogenes",-0.00595445129502783
"9928","S. pyogenes",-0.132644240296601
"9929","S. pyogenes",-0.115155503619857
"9930","S. pyogenes",-0.437608486982394
"9931","S. pyogenes",-0.0970858713521618
"9932","S. pyogenes",-0.0422801661834442
"9933","S. pyogenes",-0.108155332446111
"9934","S. pyogenes",0.56361701174121
"9935","S. pyogenes",-0.630591551581077
"9936","S. pyogenes",-0.445589408913615
"9937","S. pyogenes",-0.357144172880185
"9938","S. pyogenes",-0.294737649968448
"9939","S. pyogenes",-0.11973150047238
"9940","S. pyogenes",-0.347812928970205
"9941","S. pyogenes",-0.302276379337701
"9942","S. pyogenes",0.129859415635059
"9943","S. pyogenes",-0.433902737096322
"9944","S. pyogenes",0.124895356459861
"9945","S. pyogenes",0.127041056918518
"9946","S. pyogenes",-0.34129606089437
"9947","S. pyogenes",-0.108565404997775
"9948","S. pyogenes",-0.304862667936591
"9949","S. pyogenes",-0.27748408136344
"9950","S. pyogenes",-0.389265225822595
"9951","S. pyogenes",-0.173710823191112
"9952","S. pyogenes",-0.200784574600302
"9953","S. pyogenes",-0.478721081151582
"9954","S. pyogenes",-0.3261609705096
"9955","S. pyogenes",-0.0466252823204764
"9956","S. pyogenes",-0.272948593163636
"9957","S. pyogenes",0.0976120279923253
"9958","S. pyogenes",-0.387517900077378
"9959","S. pyogenes",-0.631127754258516
"9960","S. pyogenes",-0.163939325075577
"9961","S. pyogenes",-0.0939387107816023
"9962","S. pyogenes",0.0630365782825288
"9963","S. pyogenes",-0.378151085662282
"9964","S. pyogenes",-0.200476005001584
"9965","S. pyogenes",-0.282115938551003
"9966","S. pyogenes",0.0374907648882219
"9967","S. pyogenes",-0.337646099095404
"9968","S. pyogenes",-0.42480356379829
"9969","S. pyogenes",-0.173070774920013
"9970","S. pyogenes",-0.297697323968731
"9971","S. pyogenes",-0.161241030231
"9972","S. pyogenes",-0.5604928278523
"9973","S. pyogenes",-0.162683283140043
"9974","S. pyogenes",-0.0151098450458913
"9975","S. pyogenes",-0.404282151359363
"9976","S. pyogenes",0.156607339977268
"9977","S. pyogenes",-0.461807282498076
"9978","S. pyogenes",-0.210991957993367
"9979","S. pyogenes",-0.270986482698694
"9980","S. pyogenes",0.115924951347292
"9981","S. pyogenes",-0.640176154883658
"9982","S. pyogenes",-0.242186769344386
"9983","S. pyogenes",-0.129601843749206
"9984","S. pyogenes",0.0783255505618282
"9985","S. pyogenes",-0.265733960865719
"9986","S. pyogenes",-0.541710540247793
"9987","S. pyogenes",-0.372073006696023
"9988","S. pyogenes",-0.26245564142749
"9989","S. pyogenes",-0.125962587483606
"9990","S. pyogenes",-0.303468516999964
"9991","S. pyogenes",0.148972161004208
"9992","S. pyogenes",-0.0516454124479124
"9993","S. pyogenes",-0.0507677365901488
"9994","S. pyogenes",-0.133477995346747
"9995","S. pyogenes",0.0567489447194908
"9996","S. pyogenes",-0.446362694955861
"9997","S. pyogenes",-0.00108831877996885
"9998","S. pyogenes",-0.345635890296172
"9999","S. pyogenes",-0.561085109799438
"10000","S. pyogenes",-0.00172769864663378
"10001","Salmonella spp.",-0.313806629417016
"10002","Salmonella spp.",3.94599516744988
"10003","Salmonella spp.",1.24516593574332
"10004","Salmonella spp.",-1.83218306744693
"10005","Salmonella spp.",2.5258260230989
"10006","Salmonella spp.",1.81366645948056
"10007","Salmonella spp.",0.580371233000661
"10008","Salmonella spp.",1.13167633586278
"10009","Salmonella spp.",1.78355597743219
"10010","Salmonella spp.",-1.40783259474361
"10011","Salmonella spp.",-0.740464080346629
"10012","Salmonella spp.",-0.381417719730922
"10013","Salmonella spp.",3.14225572598525
"10014","Salmonella spp.",4.25218907249932
"10015","Salmonella spp.",0.123729742988171
"10016","Salmonella spp.",5.10536959634076
"10017","Salmonella spp.",1.56139854969268
"10018","Salmonella spp.",1.87698994286459
"10019","Salmonella spp.",-0.0189130461498678
"10020","Salmonella spp.",4.8091550215859
"10021","Salmonella spp.",1.85768884676199
"10022","Salmonella spp.",2.85126681830373
"10023","Salmonella spp.",1.36865662655436
"10024","Salmonella spp.",-2.80570467084628
"10025","Salmonella spp.",2.05949352768891
"10026","Salmonella spp.",2.15955355134444
"10027","Salmonella spp.",-0.728670930761744
"10028","Salmonella spp.",0.892774696910322
"10029","Salmonella spp.",0.46297512594116
"10030","Salmonella spp.",2.22228052539527
"10031","Salmonella spp.",1.21262796437833
"10032","Salmonella spp.",1.9472222799191
"10033","Salmonella spp.",1.24454593466756
"10034","Salmonella spp.",2.54219081867839
"10035","Salmonella spp.",-0.401115428181336
"10036","Salmonella spp.",0.386390763346065
"10037","Salmonella spp.",-0.359583508413309
"10038","Salmonella spp.",-1.20844435151869
"10039","Salmonella spp.",1.88975262298337
"10040","Salmonella spp.",1.54223430630473
"10041","Salmonella spp.",0.581001038274294
"10042","Salmonella spp.",1.2441809778278
"10043","Salmonella spp.",0.987407066658418
"10044","Salmonella spp.",5.1089609246613
"10045","Salmonella spp.",1.46323893040808
"10046","Salmonella spp.",3.10150334145753
"10047","Salmonella spp.",1.76095119368172
"10048","Salmonella spp.",-1.66343112411644
"10049","Salmonella spp.",-2.80573315508917
"10050","Salmonella spp.",0.841474082617727
"10051","Salmonella spp.",2.87011488664692
"10052","Salmonella spp.",1.55685864763559
"10053","Salmonella spp.",2.03197391913357
"10054","Salmonella spp.",0.352709043828202
"10055","Salmonella spp.",1.75828149837002
"10056","Salmonella spp.",2.61120427478373
"10057","Salmonella spp.",-0.207158141040105
"10058","Salmonella spp.",5.14127676444121
"10059","Salmonella spp.",2.43984518193286
"10060","Salmonella spp.",1.2356091681491
"10061","Salmonella spp.",2.71071624447915
"10062","Salmonella spp.",0.0736128404052737
"10063","Salmonella spp.",-0.559733699354247
"10064","Salmonella spp.",4.37279951500559
"10065","Salmonella spp.",3.12417342285739
"10066","Salmonella spp.",-0.553381853266453
"10067","Salmonella spp.",-0.866877864181654
"10068","Salmonella spp.",3.5847661818179
"10069","Salmonella spp.",-0.925098530249526
"10070","Salmonella spp.",1.70311636854653
"10071","Salmonella spp.",0.643136644241638
"10072","Salmonella spp.",-2.57669162516504
"10073","Salmonella spp.",0.021382156008982
"10074","Salmonella spp.",-0.615336721743471
"10075","Salmonella spp.",2.18524538917607
"10076","Salmonella spp.",-0.635913293658875
"10077","Salmonella spp.",4.01866218376267
"10078","Salmonella spp.",2.03592450959551
"10079","Salmonella spp.",1.16645887618498
"10080","Salmonella spp.",-0.271294689592414
"10081","Salmonella spp.",2.92687809140821
"10082","Salmonella spp.",0.290391229660169
"10083","Salmonella spp.",-0.975630972143369
"10084","Salmonella spp.",1.50934039365995
"10085","Salmonella spp.",2.36444299885396
"10086","Salmonella spp.",0.162431678172485
"10087","Salmonella spp.",0.27852746485794
"10088","Salmonella spp.",2.43392084705153
"10089","Salmonella spp.",2.35583505550051
"10090","Salmonella spp.",0.79490621281001
"10091","Salmonella spp.",1.67004991543343
"10092","Salmonella spp.",1.68051108590753
"10093","Salmonella spp.",1.79305996487226
"10094","Salmonella spp.",3.31184866172403
"10095","Salmonella spp.",3.27663456506957
"10096","Salmonella spp.",0.70706514192963
"10097","Salmonella spp.",2.79662209514491
"10098","Salmonella spp.",-1.49240031499618
"10099","Salmonella spp.",0.718933428892656
"10100","Salmonella spp.",1.44288764301861
"10101","Salmonella spp.",-0.721936462571833
"10102","Salmonella spp.",2.72916481486992
"10103","Salmonella spp.",0.314169598616054
"10104","Salmonella spp.",-1.15594824616905
"10105","Salmonella spp.",2.54249083038979
"10106","Salmonella spp.",-0.12001068559751
"10107","Salmonella spp.",4.20885280591414
"10108","Salmonella spp.",1.04716789896507
"10109","Salmonella spp.",3.16927941550212
"10110","Salmonella spp.",1.44423024317391
"10111","Salmonella spp.",-0.425078895203919
"10112","Salmonella spp.",0.493654501070725
"10113","Salmonella spp.",1.73215279668805
"10114","Salmonella spp.",0.224038473859927
"10115","Salmonella spp.",0.0233756990365
"10116","Salmonella spp.",0.144286940341179
"10117","Salmonella spp.",1.82535294369923
"10118","Salmonella spp.",1.0668997576254
"10119","Salmonella spp.",-0.805444336919827
"10120","Salmonella spp.",2.23254643751837
"10121","Salmonella spp.",-0.412792167378037
"10122","Salmonella spp.",0.438153641740086
"10123","Salmonella spp.",-1.15585773214958
"10124","Salmonella spp.",2.85300722804598
"10125","Salmonella spp.",-0.95213257922457
"10126","Salmonella spp.",1.77834685207081
"10127","Salmonella spp.",1.14511643652863
"10128","Salmonella spp.",0.454059056086138
"10129","Salmonella spp.",0.400699529624112
"10130","Salmonella spp.",1.44569262483222
"10131","Salmonella spp.",-0.127971915263414
"10132","Salmonella spp.",-0.868785895596141
"10133","Salmonella spp.",1.97137992184547
"10134","Salmonella spp.",-0.145617976820115
"10135","Salmonella spp.",0.76142040395274
"10136","Salmonella spp.",3.57980685069927
"10137","Salmonella spp.",3.68501779802738
"10138","Salmonella spp.",1.88780982271222
"10139","Salmonella spp.",-2.26330680929956
"10140","Salmonella spp.",3.2914692285486
"10141","Salmonella spp.",0.45537119898079
"10142","Salmonella spp.",0.146940427135945
"10143","Salmonella spp.",-0.0744102740884837
"10144","Salmonella spp.",2.98215153138638
"10145","Salmonella spp.",0.739380753284369
"10146","Salmonella spp.",0.121366050058068
"10147","Salmonella spp.",1.19083579369155
"10148","Salmonella spp.",2.4284483579641
"10149","Salmonella spp.",2.61448297988468
"10150","Salmonella spp.",1.59259140825132
"10151","Salmonella spp.",-0.767621183378449
"10152","Salmonella spp.",3.14776957798119
"10153","Salmonella spp.",-1.49998793044841
"10154","Salmonella spp.",-0.405241716897184
"10155","Salmonella spp.",0.704972508612119
"10156","Salmonella spp.",2.27921359690302
"10157","Salmonella spp.",0.979958479533335
"10158","Salmonella spp.",0.884615994341335
"10159","Salmonella spp.",3.85519844968735
"10160","Salmonella spp.",3.24439871905939
"10161","Salmonella spp.",-0.774338252867284
"10162","Salmonella spp.",1.31727665037949
"10163","Salmonella spp.",1.96416654102722
"10164","Salmonella spp.",-0.236859095091209
"10165","Salmonella spp.",4.19057009700123
"10166","Salmonella spp.",0.827645597433105
"10167","Salmonella spp.",1.10387221337446
"10168","Salmonella spp.",-1.8823100788554
"10169","Salmonella spp.",1.39477964405148
"10170","Salmonella spp.",1.60089688717977
"10171","Salmonella spp.",1.80545433805679
"10172","Salmonella spp.",1.09773932484933
"10173","Salmonella spp.",3.22113657300886
"10174","Salmonella spp.",0.896933464809843
"10175","Salmonella spp.",4.5310342701452
"10176","Salmonella spp.",0.973746386878098
"10177","Salmonella spp.",0.952822272510107
"10178","Salmonella spp.",3.51068309699296
"10179","Salmonella spp.",2.55368383159673
"10180","Salmonella spp.",1.60651269276244
"10181","Salmonella spp.",1.13389718193933
"10182","Salmonella spp.",-0.198592589438141
"10183","Salmonella spp.",0.667631773693134
"10184","Salmonella spp.",2.16354461202871
"10185","Salmonella spp.",2.4538036482222
"10186","Salmonella spp.",0.898157952980516
"10187","Salmonella spp.",-0.724266757483538
"10188","Salmonella spp.",2.57110687025344
"10189","Salmonella spp.",0.321785159416246
"10190","Salmonella spp.",3.05808185624981
"10191","Salmonella spp.",-0.0517671819827907
"10192","Salmonella spp.",1.77307423165078
"10193","Salmonella spp.",0.382265657793386
"10194","Salmonella spp.",0.887519631717933
"10195","Salmonella spp.",1.26974958508069
"10196","Salmonella spp.",-0.609998152579777
"10197","Salmonella spp.",-0.419525900241646
"10198","Salmonella spp.",1.7011785797976
"10199","Salmonella spp.",1.04002070681242
"10200","Salmonella spp.",-1.80819374126991
"10201","Salmonella spp.",3.41702935667101
"10202","Salmonella spp.",-0.111217008541522
"10203","Salmonella spp.",0.748583108153169
"10204","Salmonella spp.",-0.20163374108911
"10205","Salmonella spp.",1.58529648923352
"10206","Salmonella spp.",-0.466593007621064
"10207","Salmonella spp.",-1.08497365607433
"10208","Salmonella spp.",2.66218976870202
"10209","Salmonella spp.",2.46071901599515
"10210","Salmonella spp.",0.26845741189311
"10211","Salmonella spp.",4.46748279727099
"10212","Salmonella spp.",0.659083127450725
"10213","Salmonella spp.",0.111827320215025
"10214","Salmonella spp.",0.556427647642573
"10215","Salmonella spp.",2.19023646615321
"10216","Salmonella spp.",0.936598193833411
"10217","Salmonella spp.",0.662043522204163
"10218","Salmonella spp.",-0.503921636284922
"10219","Salmonella spp.",3.24454643755334
"10220","Salmonella spp.",1.1523921077514
"10221","Salmonella spp.",2.18858816870081
"10222","Salmonella spp.",0.0281799263112042
"10223","Salmonella spp.",4.64944131940113
"10224","Salmonella spp.",0.63229488187353
"10225","Salmonella spp.",-2.61066768962546
"10226","Salmonella spp.",1.89979347737488
"10227","Salmonella spp.",-0.328328427064873
"10228","Salmonella spp.",1.96635810346206
"10229","Salmonella spp.",3.82029786728667
"10230","Salmonella spp.",0.60775557837782
"10231","Salmonella spp.",0.791409584599067
"10232","Salmonella spp.",4.46408634880235
"10233","Salmonella spp.",5.49323480292381
"10234","Salmonella spp.",-0.608684698170691
"10235","Salmonella spp.",-1.39010320540399
"10236","Salmonella spp.",1.38339648059211
"10237","Salmonella spp.",2.79908595019833
"10238","Salmonella spp.",3.01128649482826
"10239","Salmonella spp.",1.15656708770465
"10240","Salmonella spp.",0.738278144593333
"10241","Salmonella spp.",2.79886064425482
"10242","Salmonella spp.",1.29609181211268
"10243","Salmonella spp.",0.129183096237995
"10244","Salmonella spp.",2.02228737177766
"10245","Salmonella spp.",1.70058704491817
"10246","Salmonella spp.",3.72469376192913
"10247","Salmonella spp.",1.64918783443748
"10248","Salmonella spp.",-0.530948774110638
"10249","Salmonella spp.",2.81772115838718
"10250","Salmonella spp.",1.54556717117778
"10251","Salmonella spp.",2.46014865892619
"10252","Salmonella spp.",0.00743807030641001
"10253","Salmonella spp.",2.71909240658165
"10254","Salmonella spp.",-1.16366796004969
"10255","Salmonella spp.",0.577408167981709
"10256","Salmonella spp.",1.22360038706504
"10257","Salmonella spp.",2.81554493723309
"10258","Salmonella spp.",0.686345714885497
"10259","Salmonella spp.",-2.67102097484104
"10260","Salmonella spp.",2.77852599920296
"10261","Salmonella spp.",0.593849866294405
"10262","Salmonella spp.",-0.714272349215354
"10263","Salmonella spp.",-0.20352518626214
"10264","Salmonella spp.",-1.09276047331718
"10265","Salmonella spp.",1.57755680397592
"10266","Salmonella spp.",-0.589748572502652
"10267","Salmonella spp.",2.37772434088475
"10268","Salmonella spp.",1.30080747262312
"10269","Salmonella spp.",0.460850880454701
"10270","Salmonella spp.",0.933876725797131
"10271","Salmonella spp.",0.90186572357991
"10272","Salmonella spp.",-0.601405299234707
"10273","Salmonella spp.",3.94398692755667
"10274","Salmonella spp.",2.3852096508269
"10275","Salmonella spp.",5.04400855056407
"10276","Salmonella spp.",-0.962202542558707
"10277","Salmonella spp.",0.758363300125837
"10278","Salmonella spp.",-1.38833536841572
"10279","Salmonella spp.",0.00721067333327826
"10280","Salmonella spp.",-0.645818073782749
"10281","Salmonella spp.",0.257882437867571
"10282","Salmonella spp.",0.181176065433473
"10283","Salmonella spp.",1.03294580986541
"10284","Salmonella spp.",3.29460385529194
"10285","Salmonella spp.",1.8153450597775
"10286","Salmonella spp.",6.66281684979121
"10287","Salmonella spp.",1.23498107489427
"10288","Salmonella spp.",0.196970737279269
"10289","Salmonella spp.",1.63531290678592
"10290","Salmonella spp.",1.63574168667751
"10291","Salmonella spp.",2.25754807462988
"10292","Salmonella spp.",1.70912828968666
"10293","Salmonella spp.",-3.04378874644182
"10294","Salmonella spp.",1.49884279319178
"10295","Salmonella spp.",0.814106195713622
"10296","Salmonella spp.",0.468306620920467
"10297","Salmonella spp.",-0.37162263188637
"10298","Salmonella spp.",2.75596566211169
"10299","Salmonella spp.",0.726849590511392
"10300","Salmonella spp.",-0.00402950291674074
"10301","Salmonella spp.",-0.246066588679964
"10302","Salmonella spp.",2.79394667891745
"10303","Salmonella spp.",-0.471336785021504
"10304","Salmonella spp.",0.525611613744473
"10305","Salmonella spp.",1.82665660441319
"10306","Salmonella spp.",3.03394628546736
"10307","Salmonella spp.",0.157086024053174
"10308","Salmonella spp.",1.35826321992027
"10309","Salmonella spp.",3.80118174111158
"10310","Salmonella spp.",0.843663614207789
"10311","Salmonella spp.",2.57221033324766
"10312","Salmonella spp.",2.07847921656971
"10313","Salmonella spp.",1.80015705037473
"10314","Salmonella spp.",2.53758959807412
"10315","Salmonella spp.",0.894515710296583
"10316","Salmonella spp.",0.9925832186903
"10317","Salmonella spp.",-0.0172927650734
"10318","Salmonella spp.",1.31916737569084
"10319","Salmonella spp.",-1.1008008478236
"10320","Salmonella spp.",2.57182103899281
"10321","Salmonella spp.",0.90877248806873
"10322","Salmonella spp.",-2.14673607815464
"10323","Salmonella spp.",1.55407160564757
"10324","Salmonella spp.",2.03273238545222
"10325","Salmonella spp.",3.49482277268654
"10326","Salmonella spp.",1.66907256910551
"10327","Salmonella spp.",3.74416044500336
"10328","Salmonella spp.",2.82859848522657
"10329","Salmonella spp.",-2.67485730082356
"10330","Salmonella spp.",0.828960140427139
"10331","Salmonella spp.",1.21511545223967
"10332","Salmonella spp.",3.09626385613296
"10333","Salmonella spp.",2.49761540412986
"10334","Salmonella spp.",1.53680735850228
"10335","Salmonella spp.",3.7884904738451
"10336","Salmonella spp.",0.230806726436255
"10337","Salmonella spp.",-0.0407315286252036
"10338","Salmonella spp.",-1.75088626047002
"10339","Salmonella spp.",1.33004269750851
"10340","Salmonella spp.",1.78880467978185
"10341","Salmonella spp.",0.697092091154611
"10342","Salmonella spp.",3.82113084681227
"10343","Salmonella spp.",0.911681651243855
"10344","Salmonella spp.",1.16452742579734
"10345","Salmonella spp.",3.94209363129615
"10346","Salmonella spp.",0.928531986294166
"10347","Salmonella spp.",1.69975546110644
"10348","Salmonella spp.",-2.62678682797658
"10349","Salmonella spp.",-0.27174226742594
"10350","Salmonella spp.",0.844601970333809
"10351","Salmonella spp.",1.47225122405411
"10352","Salmonella spp.",0.26885386848694
"10353","Salmonella spp.",1.03857915767383
"10354","Salmonella spp.",3.12539566477398
"10355","Salmonella spp.",1.59016627707664
"10356","Salmonella spp.",-0.735915162271708
"10357","Salmonella spp.",0.809367034369293
"10358","Salmonella spp.",2.33748768775415
"10359","Salmonella spp.",0.152859000512699
"10360","Salmonella spp.",0.57665448173852
"10361","Salmonella spp.",3.38440514663301
"10362","Salmonella spp.",2.51576728832522
"10363","Salmonella spp.",-1.6552839645937
"10364","Salmonella spp.",2.11031023322897
"10365","Salmonella spp.",2.31693723218573
"10366","Salmonella spp.",2.59592859021901
"10367","Salmonella spp.",0.843495947522568
"10368","Salmonella spp.",2.33245215784607
"10369","Salmonella spp.",3.4258934732173
"10370","Salmonella spp.",-0.79426916117287
"10371","Salmonella spp.",0.844542775814338
"10372","Salmonella spp.",2.55882382228457
"10373","Salmonella spp.",-1.62175043890715
"10374","Salmonella spp.",2.03458450100352
"10375","Salmonella spp.",1.90512668878015
"10376","Salmonella spp.",3.65034426140231
"10377","Salmonella spp.",2.78453193544157
"10378","Salmonella spp.",-1.47435756312999
"10379","Salmonella spp.",0.13342033500111
"10380","Salmonella spp.",1.19386822276573
"10381","Salmonella spp.",-0.734788060472034
"10382","Salmonella spp.",0.645627530443756
"10383","Salmonella spp.",-0.738217016400245
"10384","Salmonella spp.",-0.533999650038837
"10385","Salmonella spp.",1.65632809863504
"10386","Salmonella spp.",0.566218484416051
"10387","Salmonella spp.",2.33300038803945
"10388","Salmonella spp.",1.96275665413333
"10389","Salmonella spp.",-1.1879949721259
"10390","Salmonella spp.",0.0919078832843081
"10391","Salmonella spp.",-4.05508036378608
"10392","Salmonella spp.",4.26911832793827
"10393","Salmonella spp.",-1.60028583790014
"10394","Salmonella spp.",-1.09330641956793
"10395","Salmonella spp.",1.71268657526794
"10396","Salmonella spp.",-1.91290076966845
"10397","Salmonella spp.",-0.503396280671774
"10398","Salmonella spp.",0.108776948632113
"10399","Salmonella spp.",0.91272412500802
"10400","Salmonella spp.",0.446360349591243
"10401","Salmonella spp.",-1.51106057897407
"10402","Salmonella spp.",1.44570479641772
"10403","Salmonella spp.",-0.305961852602637
"10404","Salmonella spp.",-1.13266741261026
"10405","Salmonella spp.",-0.0141632104041174
"10406","Salmonella spp.",3.6108673283229
"10407","Salmonella spp.",0.47090786533007
"10408","Salmonella spp.",-0.024411320861202
"10409","Salmonella spp.",-1.22950456793087
"10410","Salmonella spp.",1.34330919935925
"10411","Salmonella spp.",-0.039129074565041
"10412","Salmonella spp.",4.40018546794069
"10413","Salmonella spp.",0.549145799881311
"10414","Salmonella spp.",-0.394041178553129
"10415","Salmonella spp.",3.82979143753428
"10416","Salmonella spp.",3.45025952309888
"10417","Salmonella spp.",-0.111925566948809
"10418","Salmonella spp.",-1.09803612615866
"10419","Salmonella spp.",2.28077527738938
"10420","Salmonella spp.",-2.36293921995805
"10421","Salmonella spp.",1.75566750821287
"10422","Salmonella spp.",0.148007514822042
"10423","Salmonella spp.",3.42592460782464
"10424","Salmonella spp.",0.783870942185108
"10425","Salmonella spp.",1.47107576374544
"10426","Salmonella spp.",-1.81069132533416
"10427","Salmonella spp.",1.24795842022515
"10428","Salmonella spp.",2.09375450280158
"10429","Salmonella spp.",3.9163896099979
"10430","Salmonella spp.",1.71722683328397
"10431","Salmonella spp.",0.120680977785394
"10432","Salmonella spp.",-1.22460003215164
"10433","Salmonella spp.",2.85440065867579
"10434","Salmonella spp.",0.487985696215836
"10435","Salmonella spp.",-2.09225973926503
"10436","Salmonella spp.",0.828057542246401
"10437","Salmonella spp.",0.878641612842797
"10438","Salmonella spp.",1.93225913400221
"10439","Salmonella spp.",-0.651497438936277
"10440","Salmonella spp.",1.60141567815372
"10441","Salmonella spp.",4.90554475553268
"10442","Salmonella spp.",-1.0243421889818
"10443","Salmonella spp.",0.677526090768226
"10444","Salmonella spp.",3.54700281431318
"10445","Salmonella spp.",-1.32974250934885
"10446","Salmonella spp.",4.15214860517612
"10447","Salmonella spp.",0.166093913281943
"10448","Salmonella spp.",0.665651548842804
"10449","Salmonella spp.",2.16749704299715
"10450","Salmonella spp.",-0.458824465548594
"10451","Salmonella spp.",2.33138184235283
"10452","Salmonella spp.",-0.561717894278258
"10453","Salmonella spp.",-0.158221052928718
"10454","Salmonella spp.",4.21454349495647
"10455","Salmonella spp.",-0.218618759062654
"10456","Salmonella spp.",1.49972813801014
"10457","Salmonella spp.",-0.254379753608332
"10458","Salmonella spp.",0.764336599164467
"10459","Salmonella spp.",2.20892557716964
"10460","Salmonella spp.",4.18650222928338
"10461","Salmonella spp.",5.0594606151571
"10462","Salmonella spp.",-2.37086565067766
"10463","Salmonella spp.",-1.17282648368868
"10464","Salmonella spp.",2.9698940564686
"10465","Salmonella spp.",0.0719101814969195
"10466","Salmonella spp.",0.36785803437304
"10467","Salmonella spp.",2.10986601788301
"10468","Salmonella spp.",-1.0130066972209
"10469","Salmonella spp.",4.07862074530954
"10470","Salmonella spp.",-0.578589039158192
"10471","Salmonella spp.",-0.0361160736944704
"10472","Salmonella spp.",-0.625682225106759
"10473","Salmonella spp.",3.61803318479041
"10474","Salmonella spp.",0.74996496280262
"10475","Salmonella spp.",0.848095965154231
"10476","Salmonella spp.",2.80317573244857
"10477","Salmonella spp.",-0.682903967599842
"10478","Salmonella spp.",-1.80049731090932
"10479","Salmonella spp.",-1.70738350821628
"10480","Salmonella spp.",2.0333129968138
"10481","Salmonella spp.",-1.87087209552101
"10482","Salmonella spp.",4.29874382916818
"10483","Salmonella spp.",1.89001152072815
"10484","Salmonella spp.",1.67189745571716
"10485","Salmonella spp.",2.046412899748
"10486","Salmonella spp.",2.90864800811434
"10487","Salmonella spp.",0.0986506665795213
"10488","Salmonella spp.",-1.03054128224589
"10489","Salmonella spp.",2.82936630829843
"10490","Salmonella spp.",1.10721768772596
"10491","Salmonella spp.",-0.444325662671568
"10492","Salmonella spp.",3.42874697478652
"10493","Salmonella spp.",0.341216691135177
"10494","Salmonella spp.",-2.35044646584156
"10495","Salmonella spp.",-0.085026767758975
"10496","Salmonella spp.",0.611222889262732
"10497","Salmonella spp.",-0.39209949954837
"10498","Salmonella spp.",0.466204696918984
"10499","Salmonella spp.",1.30595462040686
"10500","Salmonella spp.",1.52278685584391
"10501","Salmonella spp.",-0.324447576177355
"10502","Salmonella spp.",-1.58426401521488
"10503","Salmonella spp.",-1.60797985010345
"10504","Salmonella spp.",0.283868934374678
"10505","Salmonella spp.",1.67266931733784
"10506","Salmonella spp.",-0.219802471897698
"10507","Salmonella spp.",1.56109803865762
"10508","Salmonella spp.",0.380155190154683
"10509","Salmonella spp.",1.71853359849771
"10510","Salmonella spp.",3.52376378548255
"10511","Salmonella spp.",3.11867687744197
"10512","Salmonella spp.",1.4960688575728
"10513","Salmonella spp.",4.259120077617
"10514","Salmonella spp.",-0.750815412715136
"10515","Salmonella spp.",1.11406800024449
"10516","Salmonella spp.",-0.956635622534095
"10517","Salmonella spp.",0.965088374346226
"10518","Salmonella spp.",1.00917488300501
"10519","Salmonella spp.",0.819923338366138
"10520","Salmonella spp.",0.460110908235494
"10521","Salmonella spp.",1.40267306573266
"10522","Salmonella spp.",0.0939870186882813
"10523","Salmonella spp.",-2.59558086089833
"10524","Salmonella spp.",1.14767528574361
"10525","Salmonella spp.",-1.65669491588236
"10526","Salmonella spp.",-2.13222787709946
"10527","Salmonella spp.",0.121427133617038
"10528","Salmonella spp.",0.851664879697754
"10529","Salmonella spp.",-1.85929855944167
"10530","Salmonella spp.",0.0523622938064564
"10531","Salmonella spp.",0.716519648253568
"10532","Salmonella spp.",2.44876735695512
"10533","Salmonella spp.",0.273918382137872
"10534","Salmonella spp.",-0.24021697620959
"10535","Salmonella spp.",0.586237374588469
"10536","Salmonella spp.",3.75702210445892
"10537","Salmonella spp.",2.26073286629865
"10538","Salmonella spp.",2.1211974818939
"10539","Salmonella spp.",-0.414632202410875
"10540","Salmonella spp.",-1.32345577364187
"10541","Salmonella spp.",-0.166490064043457
"10542","Salmonella spp.",-2.1100561863789
"10543","Salmonella spp.",3.03378766590312
"10544","Salmonella spp.",-0.996185367555111
"10545","Salmonella spp.",1.95420233557059
"10546","Salmonella spp.",1.66121967112908
"10547","Salmonella spp.",-1.67195547896621
"10548","Salmonella spp.",5.60706884567141
"10549","Salmonella spp.",-0.330838540070414
"10550","Salmonella spp.",0.0142051088056581
"10551","Salmonella spp.",0.488650086820914
"10552","Salmonella spp.",2.5044231748393
"10553","Salmonella spp.",0.53410887045894
"10554","Salmonella spp.",1.21612252910722
"10555","Salmonella spp.",1.78661747775684
"10556","Salmonella spp.",-1.1317326628722
"10557","Salmonella spp.",0.673326901089958
"10558","Salmonella spp.",2.18193450700211
"10559","Salmonella spp.",2.30933897053594
"10560","Salmonella spp.",-0.37988016864527
"10561","Salmonella spp.",-0.399677879975449
"10562","Salmonella spp.",-1.21049713920414
"10563","Salmonella spp.",-0.820557756534034
"10564","Salmonella spp.",2.52140538074871
"10565","Salmonella spp.",2.82042532638279
"10566","Salmonella spp.",3.60599909796753
"10567","Salmonella spp.",1.15859265474486
"10568","Salmonella spp.",-0.015949599783351
"10569","Salmonella spp.",0.148025597970918
"10570","Salmonella spp.",-1.12387742580742
"10571","Salmonella spp.",0.484649702949116
"10572","Salmonella spp.",1.47656376491377
"10573","Salmonella spp.",2.7040195101772
"10574","Salmonella spp.",0.957319239052634
"10575","Salmonella spp.",0.0190764371784091
"10576","Salmonella spp.",0.235391126132377
"10577","Salmonella spp.",0.291789725112132
"10578","Salmonella spp.",2.74733317107834
"10579","Salmonella spp.",0.578764851573674
"10580","Salmonella spp.",0.0502642002698726
"10581","Salmonella spp.",0.0331761545316616
"10582","Salmonella spp.",0.172411147331958
"10583","Salmonella spp.",1.14109274693765
"10584","Salmonella spp.",1.00809314079736
"10585","Salmonella spp.",0.259536490145565
"10586","Salmonella spp.",2.59903768751462
"10587","Salmonella spp.",2.3825201060649
"10588","Salmonella spp.",1.69637867826688
"10589","Salmonella spp.",2.47851115118909
"10590","Salmonella spp.",0.768798831619367
"10591","Salmonella spp.",-0.189700490785549
"10592","Salmonella spp.",1.4356428567178
"10593","Salmonella spp.",-0.370927681572725
"10594","Salmonella spp.",0.271878294811865
"10595","Salmonella spp.",-0.305544801819193
"10596","Salmonella spp.",3.32240433724203
"10597","Salmonella spp.",4.15175626387033
"10598","Salmonella spp.",2.65374225084315
"10599","Salmonella spp.",0.269141295268561
"10600","Salmonella spp.",2.90946849111067
"10601","Salmonella spp.",-0.757126256302986
"10602","Salmonella spp.",-0.111975247508889
"10603","Salmonella spp.",4.11843762959432
"10604","Salmonella spp.",-1.63351644897248
"10605","Salmonella spp.",3.43377620267026
"10606","Salmonella spp.",-2.02948053950545
"10607","Salmonella spp.",2.23217943947198
"10608","Salmonella spp.",0.237631231461312
"10609","Salmonella spp.",-0.154415118189795
"10610","Salmonella spp.",1.95347191279683
"10611","Salmonella spp.",0.277923416718622
"10612","Salmonella spp.",1.90661116553511
"10613","Salmonella spp.",1.4242368298538
"10614","Salmonella spp.",1.13466895850378
"10615","Salmonella spp.",-0.949835526480019
"10616","Salmonella spp.",3.55235674858704
"10617","Salmonella spp.",3.32294906897202
"10618","Salmonella spp.",0.248725598660366
"10619","Salmonella spp.",3.06476956089229
"10620","Salmonella spp.",1.69149105605541
"10621","Salmonella spp.",1.34983257345077
"10622","Salmonella spp.",1.59196213705017
"10623","Salmonella spp.",-1.16028432558635
"10624","Salmonella spp.",1.80156332412134
"10625","Salmonella spp.",0.105899097912877
"10626","Salmonella spp.",5.23335206137578
"10627","Salmonella spp.",-1.63168779637073
"10628","Salmonella spp.",1.66650254054354
"10629","Salmonella spp.",-1.3467062621129
"10630","Salmonella spp.",2.6625151949458
"10631","Salmonella spp.",2.33151086128786
"10632","Salmonella spp.",4.35675797579565
"10633","Salmonella spp.",2.24910337199861
"10634","Salmonella spp.",0.390027012394811
"10635","Salmonella spp.",0.859828280751728
"10636","Salmonella spp.",1.26788515506795
"10637","Salmonella spp.",0.0030970794603033
"10638","Salmonella spp.",-1.03011525934985
"10639","Salmonella spp.",-1.42749747137021
"10640","Salmonella spp.",1.0473163071718
"10641","Salmonella spp.",2.41951988440293
"10642","Salmonella spp.",2.35377586916498
"10643","Salmonella spp.",0.573992367728278
"10644","Salmonella spp.",1.91435669299831
"10645","Salmonella spp.",-0.617411050624003
"10646","Salmonella spp.",0.924125991701736
"10647","Salmonella spp.",1.39600471394069
"10648","Salmonella spp.",2.21631071492311
"10649","Salmonella spp.",3.97940786553365
"10650","Salmonella spp.",1.83120508709506
"10651","Salmonella spp.",0.131724452758226
"10652","Salmonella spp.",-1.80942831322347
"10653","Salmonella spp.",-0.803576068634911
"10654","Salmonella spp.",2.80075724085093
"10655","Salmonella spp.",2.97065233205289
"10656","Salmonella spp.",0.942551221850373
"10657","Salmonella spp.",0.989670919690411
"10658","Salmonella spp.",0.372597550420983
"10659","Salmonella spp.",-0.208846987858394
"10660","Salmonella spp.",-1.14338044620257
"10661","Salmonella spp.",2.19800257459437
"10662","Salmonella spp.",0.344612880284163
"10663","Salmonella spp.",0.132707015976533
"10664","Salmonella spp.",1.61845141994281
"10665","Salmonella spp.",0.666837562830807
"10666","Salmonella spp.",0.854358365402564
"10667","Salmonella spp.",1.97988581062977
"10668","Salmonella spp.",2.94696697050867
"10669","Salmonella spp.",1.31038404328391
"10670","Salmonella spp.",2.87920276341542
"10671","Salmonella spp.",0.191266371125186
"10672","Salmonella spp.",0.776723266164494
"10673","Salmonella spp.",4.73985935308025
"10674","Salmonella spp.",1.21118535654116
"10675","Salmonella spp.",-2.91832457038405
"10676","Salmonella spp.",2.2275519249446
"10677","Salmonella spp.",0.628621131251036
"10678","Salmonella spp.",0.165941116474748
"10679","Salmonella spp.",0.53803152904132
"10680","Salmonella spp.",0.871945412360726
"10681","Salmonella spp.",0.471299132084078
"10682","Salmonella spp.",-0.968314823621805
"10683","Salmonella spp.",1.08716124966727
"10684","Salmonella spp.",3.97388333009235
"10685","Salmonella spp.",3.5130148129196
"10686","Salmonella spp.",0.466427398245167
"10687","Salmonella spp.",2.61461724846161
"10688","Salmonella spp.",3.65339475750626
"10689","Salmonella spp.",2.92699714228164
"10690","Salmonella spp.",1.8388905012381
"10691","Salmonella spp.",4.00621200849839
"10692","Salmonella spp.",1.01678948276794
"10693","Salmonella spp.",2.15037738010084
"10694","Salmonella spp.",2.31920376273288
"10695","Salmonella spp.",-2.18509023365811
"10696","Salmonella spp.",0.264168014970801
"10697","Salmonella spp.",0.809998757768866
"10698","Salmonella spp.",3.31547539132326
"10699","Salmonella spp.",-0.568382463577298
"10700","Salmonella spp.",2.04827476251638
"10701","Salmonella spp.",1.60618003465443
"10702","Salmonella spp.",0.674006987077336
"10703","Salmonella spp.",0.881268222815711
"10704","Salmonella spp.",0.395020443820231
"10705","Salmonella spp.",-0.178452188475527
"10706","Salmonella spp.",2.55206443472972
"10707","Salmonella spp.",2.58609890750466
"10708","Salmonella spp.",1.26503985856689
"10709","Salmonella spp.",0.536653656012613
"10710","Salmonella spp.",0.436274414421626
"10711","Salmonella spp.",0.36660458220054
"10712","Salmonella spp.",1.96400998093682
"10713","Salmonella spp.",3.36358256399144
"10714","Salmonella spp.",0.926907355934703
"10715","Salmonella spp.",4.41257141489339
"10716","Salmonella spp.",-2.49151206974845
"10717","Salmonella spp.",-1.18310836718377
"10718","Salmonella spp.",1.18576534304982
"10719","Salmonella spp.",2.16663345374629
"10720","Salmonella spp.",3.33760945286765
"10721","Salmonella spp.",-0.414251051684115
"10722","Salmonella spp.",-2.82409232644375
"10723","Salmonella spp.",0.363037254025437
"10724","Salmonella spp.",3.64625938419191
"10725","Salmonella spp.",2.50432639560784
"10726","Salmonella spp.",1.12053643764037
"10727","Salmonella spp.",2.22571002283926
"10728","Salmonella spp.",0.218033939860214
"10729","Salmonella spp.",2.77700359943728
"10730","Salmonella spp.",1.80886302005026
"10731","Salmonella spp.",1.40117048128392
"10732","Salmonella spp.",1.83039069977297
"10733","Salmonella spp.",1.19502120509421
"10734","Salmonella spp.",0.459415846856455
"10735","Salmonella spp.",2.38398429003516
"10736","Salmonella spp.",1.0616461383156
"10737","Salmonella spp.",1.64559961025578
"10738","Salmonella spp.",2.39866399651137
"10739","Salmonella spp.",-0.214639868649303
"10740","Salmonella spp.",-1.43373088499628
"10741","Salmonella spp.",2.34597059809147
"10742","Salmonella spp.",-1.00177340552
"10743","Salmonella spp.",0.506835805533455
"10744","Salmonella spp.",-0.0255537593945097
"10745","Salmonella spp.",4.74296761787775
"10746","Salmonella spp.",1.9170794121311
"10747","Salmonella spp.",0.737323497758697
"10748","Salmonella spp.",-0.299055589420841
"10749","Salmonella spp.",3.41255518861809
"10750","Salmonella spp.",1.10957490747272
"10751","Salmonella spp.",1.13732026608379
"10752","Salmonella spp.",0.83111430102024
"10753","Salmonella spp.",2.1532938470791
"10754","Salmonella spp.",0.427802178427158
"10755","Salmonella spp.",2.11713996519225
"10756","Salmonella spp.",0.750405546795684
"10757","Salmonella spp.",2.00666046588831
"10758","Salmonella spp.",2.17719899788086
"10759","Salmonella spp.",3.01221276587687
"10760","Salmonella spp.",0.925753052581851
"10761","Salmonella spp.",2.88430894886125
"10762","Salmonella spp.",2.53410972136652
"10763","Salmonella spp.",2.25936664741301
"10764","Salmonella spp.",4.57339149449882
"10765","Salmonella spp.",1.61543554048798
"10766","Salmonella spp.",1.09064688672705
"10767","Salmonella spp.",1.83082573805389
"10768","Salmonella spp.",4.03936227033058
"10769","Salmonella spp.",3.07506102327499
"10770","Salmonella spp.",3.04820137659166
"10771","Salmonella spp.",1.05449294898864
"10772","Salmonella spp.",1.50527562375944
"10773","Salmonella spp.",-0.180154071297415
"10774","Salmonella spp.",0.035580790101961
"10775","Salmonella spp.",2.58059111709191
"10776","Salmonella spp.",2.54024577731927
"10777","Salmonella spp.",1.24021643099596
"10778","Salmonella spp.",0.324791611412717
"10779","Salmonella spp.",1.96530386615622
"10780","Salmonella spp.",1.055186200984
"10781","Salmonella spp.",-1.88039018165097
"10782","Salmonella spp.",-0.0417991591259587
"10783","Salmonella spp.",-0.79950457317193
"10784","Salmonella spp.",-0.0791622303970529
"10785","Salmonella spp.",5.45456750519357
"10786","Salmonella spp.",3.29439657248447
"10787","Salmonella spp.",-2.91915218943817
"10788","Salmonella spp.",3.57638587550943
"10789","Salmonella spp.",4.05054249822317
"10790","Salmonella spp.",-0.0516131405562388
"10791","Salmonella spp.",-0.443808628718897
"10792","Salmonella spp.",2.47424566056188
"10793","Salmonella spp.",-0.791722307736278
"10794","Salmonella spp.",2.71604857564358
"10795","Salmonella spp.",0.843015874490978
"10796","Salmonella spp.",-1.56462290842808
"10797","Salmonella spp.",-0.99512790741073
"10798","Salmonella spp.",-0.474037215234734
"10799","Salmonella spp.",1.58515027921876
"10800","Salmonella spp.",2.80655150475288
"10801","Salmonella spp.",1.45118047348066
"10802","Salmonella spp.",0.603550052222467
"10803","Salmonella spp.",3.58179563835477
"10804","Salmonella spp.",3.52194811875814
"10805","Salmonella spp.",2.84651119830763
"10806","Salmonella spp.",-0.25867316098069
"10807","Salmonella spp.",2.95748575398521
"10808","Salmonella spp.",0.588665534120817
"10809","Salmonella spp.",4.63665311953539
"10810","Salmonella spp.",0.702966659510116
"10811","Salmonella spp.",2.15335490851749
"10812","Salmonella spp.",-2.35136433424894
"10813","Salmonella spp.",0.191264563283962
"10814","Salmonella spp.",3.18168659955075
"10815","Salmonella spp.",1.0026227997324
"10816","Salmonella spp.",-0.347589125969117
"10817","Salmonella spp.",0.261596042950294
"10818","Salmonella spp.",2.09679990738462
"10819","Salmonella spp.",3.45314696142921
"10820","Salmonella spp.",2.80198007167681
"10821","Salmonella spp.",4.97713993575193
"10822","Salmonella spp.",3.08415736542348
"10823","Salmonella spp.",2.72517396607231
"10824","Salmonella spp.",0.103919807379122
"10825","Salmonella spp.",1.58714813030801
"10826","Salmonella spp.",1.90958572373308
"10827","Salmonella spp.",2.85400544893205
"10828","Salmonella spp.",1.66284871622013
"10829","Salmonella spp.",0.220431843388021
"10830","Salmonella spp.",3.38655030349842
"10831","Salmonella spp.",1.20968602250293
"10832","Salmonella spp.",0.947200661518632
"10833","Salmonella spp.",-0.954148000671784
"10834","Salmonella spp.",1.41925047587787
"10835","Salmonella spp.",-0.0903082899287514
"10836","Salmonella spp.",-0.543142513790306
"10837","Salmonella spp.",1.03126979760488
"10838","Salmonella spp.",0.50169718494275
"10839","Salmonella spp.",-2.5859851993926
"10840","Salmonella spp.",1.12086309279481
"10841","Salmonella spp.",1.42828469270701
"10842","Salmonella spp.",2.75100572056725
"10843","Salmonella spp.",-2.38625437789497
"10844","Salmonella spp.",-0.165989199390283
"10845","Salmonella spp.",-0.749628909099918
"10846","Salmonella spp.",-1.99067914662303
"10847","Salmonella spp.",1.9653759900054
"10848","Salmonella spp.",0.505504856504696
"10849","Salmonella spp.",2.52489325567413
"10850","Salmonella spp.",1.68417647107734
"10851","Salmonella spp.",3.59249791658589
"10852","Salmonella spp.",3.27398328138222
"10853","Salmonella spp.",3.73520479759781
"10854","Salmonella spp.",1.93095622133092
"10855","Salmonella spp.",-1.5317721780609
"10856","Salmonella spp.",0.463067682746367
"10857","Salmonella spp.",-0.677803840564138
"10858","Salmonella spp.",3.70792840654179
"10859","Salmonella spp.",1.71383578708547
"10860","Salmonella spp.",0.301775177710945
"10861","Salmonella spp.",2.4126813506856
"10862","Salmonella spp.",-3.04478316216761
"10863","Salmonella spp.",-0.100661700249577
"10864","Salmonella spp.",2.92952658335696
"10865","Salmonella spp.",0.999326642537441
"10866","Salmonella spp.",1.41486214621529
"10867","Salmonella spp.",-1.53555835003197
"10868","Salmonella spp.",2.32165736717861
"10869","Salmonella spp.",3.34873110023164
"10870","Salmonella spp.",3.05211059340138
"10871","Salmonella spp.",3.25743921481833
"10872","Salmonella spp.",0.864842272169233
"10873","Salmonella spp.",0.580232266298363
"10874","Salmonella spp.",4.9136006338638
"10875","Salmonella spp.",0.970232805166482
"10876","Salmonella spp.",2.74100691208922
"10877","Salmonella spp.",2.42186379871354
"10878","Salmonella spp.",2.71516855646698
"10879","Salmonella spp.",-0.517764359595974
"10880","Salmonella spp.",2.05848138695368
"10881","Salmonella spp.",2.19295081521697
"10882","Salmonella spp.",1.16962072728798
"10883","Salmonella spp.",-0.210137625721161
"10884","Salmonella spp.",1.30394713409525
"10885","Salmonella spp.",4.67312959817242
"10886","Salmonella spp.",2.60514506942564
"10887","Salmonella spp.",-0.214434207740595
"10888","Salmonella spp.",0.982084496292777
"10889","Salmonella spp.",0.188585433090414
"10890","Salmonella spp.",1.49564421416163
"10891","Salmonella spp.",-1.10173040756429
"10892","Salmonella spp.",-1.26153865427528
"10893","Salmonella spp.",-1.90770706522367
"10894","Salmonella spp.",0.220065867012074
"10895","Salmonella spp.",1.20339047288051
"10896","Salmonella spp.",3.09681422661829
"10897","Salmonella spp.",0.239635979788784
"10898","Salmonella spp.",2.61159062160211
"10899","Salmonella spp.",1.66536555663566
"10900","Salmonella spp.",1.72916284161133
"10901","Salmonella spp.",1.09068597172152
"10902","Salmonella spp.",1.33185065897228
"10903","Salmonella spp.",-0.0350588970028219
"10904","Salmonella spp.",0.277630591645846
"10905","Salmonella spp.",2.35670420067167
"10906","Salmonella spp.",4.42388750175174
"10907","Salmonella spp.",1.15584232883536
"10908","Salmonella spp.",0.23962227849356
"10909","Salmonella spp.",2.41515161048443
"10910","Salmonella spp.",-0.242453120620394
"10911","Salmonella spp.",0.607234121401113
"10912","Salmonella spp.",-1.60244721865386
"10913","Salmonella spp.",-1.0954811650101
"10914","Salmonella spp.",0.910786136243496
"10915","Salmonella spp.",-1.77546008417467
"10916","Salmonella spp.",2.62207896927428
"10917","Salmonella spp.",2.34473213955898
"10918","Salmonella spp.",1.05220909369266
"10919","Salmonella spp.",-0.714913859589087
"10920","Salmonella spp.",4.48806743200596
"10921","Salmonella spp.",3.19443442157968
"10922","Salmonella spp.",0.483895693128385
"10923","Salmonella spp.",4.6926625199814
"10924","Salmonella spp.",0.508471406483242
"10925","Salmonella spp.",1.25725549952927
"10926","Salmonella spp.",1.43901930917941
"10927","Salmonella spp.",1.11412687210315
"10928","Salmonella spp.",0.471144974765407
"10929","Salmonella spp.",1.51323595289118
"10930","Salmonella spp.",3.08732048952406
"10931","Salmonella spp.",-0.620637397269872
"10932","Salmonella spp.",-0.148767570474756
"10933","Salmonella spp.",-1.10062536567004
"10934","Salmonella spp.",1.89287118670316
"10935","Salmonella spp.",2.8366204653338
"10936","Salmonella spp.",2.67867584960778
"10937","Salmonella spp.",4.5787429851355
"10938","Salmonella spp.",-0.11912196798764
"10939","Salmonella spp.",2.06220397727575
"10940","Salmonella spp.",0.648357678951397
"10941","Salmonella spp.",2.28378912074408
"10942","Salmonella spp.",3.77942032544813
"10943","Salmonella spp.",3.24774770867908
"10944","Salmonella spp.",-0.714486623718172
"10945","Salmonella spp.",-0.279805616907018
"10946","Salmonella spp.",1.93617711600045
"10947","Salmonella spp.",3.37358549601259
"10948","Salmonella spp.",0.744491293214514
"10949","Salmonella spp.",3.92125894024737
"10950","Salmonella spp.",2.04735482119666
"10951","Salmonella spp.",-0.033289729660021
"10952","Salmonella spp.",0.982434138044957
"10953","Salmonella spp.",-1.04133847950214
"10954","Salmonella spp.",3.41398619205993
"10955","Salmonella spp.",3.89114809165791
"10956","Salmonella spp.",2.19216256765542
"10957","Salmonella spp.",0.469102345792011
"10958","Salmonella spp.",-2.71542503457879
"10959","Salmonella spp.",1.78185968442396
"10960","Salmonella spp.",0.872154140022715
"10961","Salmonella spp.",0.6018284559338
"10962","Salmonella spp.",1.74573790596818
"10963","Salmonella spp.",2.56093718668386
"10964","Salmonella spp.",-0.973399953902713
"10965","Salmonella spp.",1.32261160258274
"10966","Salmonella spp.",2.26235220348304
"10967","Salmonella spp.",-0.667822141136752
"10968","Salmonella spp.",0.286003400149745
"10969","Salmonella spp.",-0.409349829792595
"10970","Salmonella spp.",2.24261155505505
"10971","Salmonella spp.",1.85191567091546
"10972","Salmonella spp.",1.1209519647769
"10973","Salmonella spp.",2.49034877724601
"10974","Salmonella spp.",1.59169155813643
"10975","Salmonella spp.",-2.64985677984743
"10976","Salmonella spp.",-1.28386555797448
"10977","Salmonella spp.",1.92482949194147
"10978","Salmonella spp.",1.25851195772088
"10979","Salmonella spp.",4.19041908759736
"10980","Salmonella spp.",2.16958141158289
"10981","Salmonella spp.",2.81090173254765
"10982","Salmonella spp.",1.35553185153531
"10983","Salmonella spp.",0.152444445522154
"10984","Salmonella spp.",2.76227356680103
"10985","Salmonella spp.",2.15872118905805
"10986","Salmonella spp.",1.0970134414055
"10987","Salmonella spp.",-1.05356829569196
"10988","Salmonella spp.",-2.34115211404064
"10989","Salmonella spp.",-2.95925980964414
"10990","Salmonella spp.",1.30224418141784
"10991","Salmonella spp.",-2.5969800365542
"10992","Salmonella spp.",3.07112263836702
"10993","Salmonella spp.",0.812366818826198
"10994","Salmonella spp.",-0.0903338207525183
"10995","Salmonella spp.",1.20795334389947
"10996","Salmonella spp.",0.303619194596832
"10997","Salmonella spp.",-0.448378015819156
"10998","Salmonella spp.",0.241785418747612
"10999","Salmonella spp.",-0.963624678154319
"11000","Salmonella spp.",-2.47436282357032
