"","Antibiotic","Gradient"
"1","J01A",0.0282705543818497
"2","J01A",-0.0190038765335765
"3","J01A",0.0466813869462694
"4","J01A",0.0139035858310511
"5","J01A",0.0349023374368655
"6","J01A",0.0268842205720488
"7","J01A",-0.020503072002135
"8","J01A",0.0269447262679589
"9","J01A",0.0618523281447652
"10","J01A",0.0429553164426688
"11","J01A",0.0175699228192853
"12","J01A",0.0414687617270648
"13","J01A",0.0473019491418715
"14","J01A",0.0250203184370003
"15","J01A",0.0831786592020258
"16","J01A",0.0288347239065657
"17","J01A",0.0242086331424623
"18","J01A",0.0826467709314212
"19","J01A",0.0196991994517122
"20","J01A",-0.0252439772931811
"21","J01A",-0.0183985572844697
"22","J01A",0.0183678984549861
"23","J01A",0.0504747666970101
"24","J01A",-0.0128025124636715
"25","J01A",-0.0144357684603935
"26","J01A",-0.00544563143029479
"27","J01A",0.0381870167087901
"28","J01A",0.0204389262665795
"29","J01A",-0.0152898076645032
"30","J01A",0.015190761312397
"31","J01A",-0.000559759515149519
"32","J01A",0.0788461550969382
"33","J01A",0.0243290053140897
"34","J01A",-0.0174668498357471
"35","J01A",0.0294232966016801
"36","J01A",0.00867975358623189
"37","J01A",-0.0115027621444828
"38","J01A",0.0583041864704012
"39","J01A",0.0690676998759062
"40","J01A",0.0276283032656637
"41","J01A",0.0782828411234203
"42","J01A",0.0490256181684659
"43","J01A",-0.000906867494438353
"44","J01A",0.0673368534909278
"45","J01A",0.0580404857311638
"46","J01A",0.0263441234615035
"47","J01A",0.0227387774427478
"48","J01A",0.0292098917073609
"49","J01A",0.0254058514985898
"50","J01A",-0.00879254975494797
"51","J01A",0.05461118245127
"52","J01A",0.0320876124624659
"53","J01A",0.0785682438692556
"54","J01A",0.0337582037350629
"55","J01A",0.043368650251984
"56","J01A",0.00727469500145481
"57","J01A",0.0134871057894602
"58","J01A",0.027212050493527
"59","J01A",0.0649716551834393
"60","J01A",0.0252670798563595
"61","J01A",0.00800100992408214
"62","J01A",0.038645534797283
"63","J01A",0.037593077929639
"64","J01A",0.0333773493946815
"65","J01A",-0.0163258248773294
"66","J01A",0.0232689427592027
"67","J01A",0.0249845063419862
"68","J01A",0.0651464077065242
"69","J01A",0.0781542142723381
"70","J01A",0.023396082173354
"71","J01A",0.0247170306896055
"72","J01A",0.0187690351098296
"73","J01A",0.0214094909709566
"74","J01A",-0.0214438335564474
"75","J01A",0.0275431194505863
"76","J01A",0.0669823122767753
"77","J01A",0.0285733425296434
"78","J01A",0.0554811222373322
"79","J01A",0.0741406034593202
"80","J01A",-0.0430658530294318
"81","J01A",0.00253837026834885
"82","J01A",-0.00351986697685878
"83","J01A",-0.00671946088944226
"84","J01A",0.00183603652498715
"85","J01A",-0.00568454921884477
"86","J01A",0.0872365422367057
"87","J01A",0.0581963281559468
"88","J01A",0.00329266025743954
"89","J01A",-0.0207929274787446
"90","J01A",0.027318781305816
"91","J01A",-0.0119407319618691
"92","J01A",0.0368377830449734
"93","J01A",0.0883496059082292
"94","J01A",0.0113835348577186
"95","J01A",0.0637367741554743
"96","J01A",0.00910184533351618
"97","J01A",-0.0153115833187873
"98","J01A",0.0226543295793735
"99","J01A",0.0172091776762147
"100","J01A",0.0192183855598277
"101","J01A",0.0238383471874567
"102","J01A",0.0339540903291023
"103","J01A",-0.0021575276604222
"104","J01A",-0.0321480426635838
"105","J01A",-0.00619153703760948
"106","J01A",0.0518778237136161
"107","J01A",0.0527893335266031
"108","J01A",0.0258535812158494
"109","J01A",0.0421593549602812
"110","J01A",0.0144656706827933
"111","J01A",0.034480272573263
"112","J01A",0.0148135695476532
"113","J01A",0.0296220975200099
"114","J01A",0.00295048314816666
"115","J01A",0.0142038311001313
"116","J01A",-0.0028565031094031
"117","J01A",0.0126325020789952
"118","J01A",0.0297186105431058
"119","J01A",0.0378064913560549
"120","J01A",-0.0017535599670508
"121","J01A",-0.00561235821398451
"122","J01A",-0.00071849973391446
"123","J01A",0.0295305808436027
"124","J01A",0.0188233485108309
"125","J01A",0.061182477904504
"126","J01A",-0.00383825879099752
"127","J01A",0.00487715490748777
"128","J01A",0.00446215638355246
"129","J01A",0.0835279272527677
"130","J01A",0.0821972689686595
"131","J01A",0.0411192493293444
"132","J01A",0.00937791978565808
"133","J01A",0.083553818810628
"134","J01A",0.0677684847632542
"135","J01A",0.00752327261729605
"136","J01A",0.0167110373719738
"137","J01A",0.000559360288650382
"138","J01A",0.028297119290464
"139","J01A",0.0791502721618219
"140","J01A",0.0155746244988312
"141","J01A",-0.0139926562564459
"142","J01A",0.0433769895518576
"143","J01A",0.0256465804446723
"144","J01A",0.0102116484312744
"145","J01A",-0.0126471130225522
"146","J01A",-0.0129079638902219
"147","J01A",-0.0492293437078998
"148","J01A",0.0251611716262827
"149","J01A",0.023326858379695
"150","J01A",0.0156628575299929
"151","J01A",-0.00706830469217314
"152","J01A",0.0280204363701453
"153","J01A",0.0221373213489668
"154","J01A",0.0182380201561582
"155","J01A",0.0863482117259563
"156","J01A",0.0113392187648569
"157","J01A",0.0570885503415107
"158","J01A",0.0538786339736314
"159","J01A",0.00364065678788698
"160","J01A",0.0552925324166681
"161","J01A",0.0499304992024945
"162","J01A",-0.0278724696410103
"163","J01A",0.025543048978997
"164","J01A",-0.0112350384307669
"165","J01A",0.018553971417006
"166","J01A",-0.0226024757508133
"167","J01A",0.039296817700909
"168","J01A",0.0460328118304792
"169","J01A",-0.0084119521249452
"170","J01A",-0.00525716080515823
"171","J01A",-0.00894008218625981
"172","J01A",-0.0155848642692667
"173","J01A",0.0505388296476045
"174","J01A",0.0733262866370685
"175","J01A",0.0383457296137811
"176","J01A",0.0653566229764693
"177","J01A",-0.0136419142098104
"178","J01A",0.0712393434766887
"179","J01A",-0.0530882124727806
"180","J01A",0.0290737684366079
"181","J01A",0.0691992160421221
"182","J01A",0.0636349855529244
"183","J01A",0.00656439470243755
"184","J01A",0.0705285580016385
"185","J01A",-0.00253489582378614
"186","J01A",0.00374713177490356
"187","J01A",-0.00755666985019771
"188","J01A",-0.00582008113107521
"189","J01A",0.0165213017115216
"190","J01A",-0.0225936960555806
"191","J01A",0.00888489263485566
"192","J01A",0.0356507649390454
"193","J01A",0.0573362168022953
"194","J01A",0.0316339730939585
"195","J01A",0.00425165856418083
"196","J01A",-0.0277771451857854
"197","J01A",-0.00820544514983754
"198","J01A",0.0501248757120348
"199","J01A",0.0314232392169002
"200","J01A",0.0359248092410346
"201","J01A",0.0253210248606615
"202","J01A",0.0337940830021453
"203","J01A",0.0900033520284054
"204","J01A",0.0412031169763805
"205","J01A",0.00330478069688997
"206","J01A",0.0832315286063694
"207","J01A",0.0309565491812556
"208","J01A",0.0886117158324309
"209","J01A",-0.0364878714099002
"210","J01A",0.00624835543588676
"211","J01A",0.0190185415674001
"212","J01A",0.0501320132185048
"213","J01A",0.054077356187674
"214","J01A",0.0417925755793816
"215","J01A",0.0461444093022457
"216","J01A",0.0502681110163284
"217","J01A",0.0177548099724987
"218","J01A",0.029153629721113
"219","J01A",0.0578489466024162
"220","J01A",0.0848014737096144
"221","J01A",0.041744845900104
"222","J01A",0.00203233141409377
"223","J01A",0.0439370443001325
"224","J01A",0.030700265580622
"225","J01A",-0.0111552291708866
"226","J01A",0.0465250154243954
"227","J01A",0.00855152258273469
"228","J01A",0.00762597681028399
"229","J01A",0.0100167842997597
"230","J01A",-0.020897191310976
"231","J01A",0.0753630668841404
"232","J01A",0.0371776754896545
"233","J01A",0.0338158569781095
"234","J01A",0.0451159989860196
"235","J01A",-0.0197750877856898
"236","J01A",0.0632345484352518
"237","J01A",0.00827592050861259
"238","J01A",-0.0201482338314211
"239","J01A",0.0391201158323184
"240","J01A",0.03261640974656
"241","J01A",-0.00959490889891897
"242","J01A",0.0538834432642992
"243","J01A",0.0277699105171482
"244","J01A",-0.0286227571983131
"245","J01A",-0.0221724718866816
"246","J01A",0.0127186287578257
"247","J01A",0.00627194982881841
"248","J01A",-0.00380095777535628
"249","J01A",0.00464553822830434
"250","J01A",0.0215643639393868
"251","J01A",0.0105023614126346
"252","J01A",0.0324700036164194
"253","J01A",0.0209100296048548
"254","J01A",0.0420941260054756
"255","J01A",0.0293195601108505
"256","J01A",0.0348924953685958
"257","J01A",0.0171042475769121
"258","J01A",0.0292290337207527
"259","J01A",0.0182842332617315
"260","J01A",0.0574297827606816
"261","J01A",0.0720430773306125
"262","J01A",0.0426494384602864
"263","J01A",0.00205570367538451
"264","J01A",0.022687396910492
"265","J01A",0.00236841220115492
"266","J01A",-0.0476029148931501
"267","J01A",0.0850043898467234
"268","J01A",-0.0359451105769162
"269","J01A",0.0539739190488887
"270","J01A",0.0305388900189063
"271","J01A",0.0234459013238048
"272","J01A",0.0281456165239483
"273","J01A",0.0897666086199651
"274","J01A",0.0462895418092759
"275","J01A",0.0276016536242648
"276","J01A",0.0537935489719497
"277","J01A",0.0696191409320435
"278","J01A",0.0540471808693142
"279","J01A",0.00461314071112115
"280","J01A",0.0412451098506169
"281","J01A",0.0247660834168926
"282","J01A",0.0640833169216862
"283","J01A",0.0394762405919683
"284","J01A",-0.00509660236830509
"285","J01A",0.0278020414628351
"286","J01A",0.0105108561093254
"287","J01A",0.0266877992116173
"288","J01A",0.00838533657438708
"289","J01A",0.00707374379765805
"290","J01A",0.0126816285309757
"291","J01A",0.0539516895561681
"292","J01A",0.00305868108122588
"293","J01A",-0.025108895395145
"294","J01A",0.0440554605359156
"295","J01A",0.0394356786633113
"296","J01A",0.0203199562012736
"297","J01A",0.0240251640895301
"298","J01A",0.0634567476941326
"299","J01A",0.0343030267952873
"300","J01A",0.00814657452780272
"301","J01A",0.0741953470099828
"302","J01A",0.0702540851130235
"303","J01A",-0.0178986331673313
"304","J01A",0.0124149432720736
"305","J01A",0.0561855110699553
"306","J01A",0.0410263472805826
"307","J01A",0.0307061820585226
"308","J01A",-0.0129453698283672
"309","J01A",0.0577068940505502
"310","J01A",0.093320707506229
"311","J01A",0.0417493865443522
"312","J01A",0.0618381379198565
"313","J01A",0.0197029977860255
"314","J01A",0.0522863457766848
"315","J01A",-0.0379132342411838
"316","J01A",0.0522575385693842
"317","J01A",0.0562835612465763
"318","J01A",0.0459935950762334
"319","J01A",0.0536517281493534
"320","J01A",0.0412002310518956
"321","J01A",0.0697714577856516
"322","J01A",0.0518207886737166
"323","J01A",0.0458392014031292
"324","J01A",0.0431361643505504
"325","J01A",-0.0047952822765393
"326","J01A",0.00902822558547754
"327","J01A",-0.0732255928159218
"328","J01A",0.0334991898467607
"329","J01A",-0.00394161897087062
"330","J01A",0.0596359827938533
"331","J01A",-0.00638072590355851
"332","J01A",0.00116625302647406
"333","J01A",0.0356603350123847
"334","J01A",0.04917898616989
"335","J01A",0.0642558554868193
"336","J01A",0.059253847362038
"337","J01A",0.0300976494901872
"338","J01A",-0.00257195636594813
"339","J01A",0.00136411489359284
"340","J01A",0.0393339432688877
"341","J01A",-0.000986794843244864
"342","J01A",0.0097333311598766
"343","J01A",-0.0107503360391367
"344","J01A",-0.0236598107875936
"345","J01A",0.00456262637024278
"346","J01A",0.0804761024818219
"347","J01A",0.0998552591671667
"348","J01A",0.037858339392368
"349","J01A",0.0625565858240712
"350","J01A",0.0426395624314698
"351","J01A",0.00820067540494766
"352","J01A",0.044336783595141
"353","J01A",-0.000669563035740968
"354","J01A",0.0638051771816282
"355","J01A",-0.0026448384029202
"356","J01A",0.0211836948265534
"357","J01A",0.0189957574644418
"358","J01A",0.0393567473977823
"359","J01A",0.0457332641418126
"360","J01A",0.093634155819317
"361","J01A",0.0113704715227661
"362","J01A",-0.00834301224965903
"363","J01A",-0.0133678425842268
"364","J01A",0.00957901838379224
"365","J01A",0.0108472429420023
"366","J01A",0.00441729591026908
"367","J01A",-0.00986823960275098
"368","J01A",0.052391409334882
"369","J01A",0.0363326578199433
"370","J01A",0.0452975033935905
"371","J01A",-0.0237883852993042
"372","J01A",0.0294927224860187
"373","J01A",0.0962951276368344
"374","J01A",0.0102266139731043
"375","J01A",0.00798879409707462
"376","J01A",-0.00185380956678462
"377","J01A",0.058698817360741
"378","J01A",0.0472164198126243
"379","J01A",0.0893774406145584
"380","J01A",0.000276147815456097
"381","J01A",-0.00651633400707763
"382","J01A",0.044030179821114
"383","J01A",0.000458651094943618
"384","J01A",0.0108289639103679
"385","J01A",0.0986718151407749
"386","J01A",0.0167033333286907
"387","J01A",0.0628273389870764
"388","J01A",0.040626598700002
"389","J01A",0.00883473694107605
"390","J01A",0.0415027276641748
"391","J01A",-0.0505057175559877
"392","J01A",0.0295238467885281
"393","J01A",0.016211133193475
"394","J01A",0.0936402948763784
"395","J01A",0.0462518759038201
"396","J01A",0.0843220338419092
"397","J01A",0.0597607376012726
"398","J01A",-0.00744867112864216
"399","J01A",0.0313026443970538
"400","J01A",0.0558948298510611
"401","J01A",0.0620511728897449
"402","J01A",-0.0243195763617844
"403","J01A",0.0349732661933478
"404","J01A",0.045843824277641
"405","J01A",0.035515487663756
"406","J01A",0.117616589247193
"407","J01A",0.0185319444168959
"408","J01A",-0.0296450882759253
"409","J01A",0.0304053778288623
"410","J01A",0.0275020122150044
"411","J01A",0.0137095522286135
"412","J01A",0.0267502138273857
"413","J01A",0.0195714150647846
"414","J01A",-0.00391258037858709
"415","J01A",-0.0222518530333378
"416","J01A",0.0221067387291069
"417","J01A",0.015287168010029
"418","J01A",0.0650836010148604
"419","J01A",0.0162202482239268
"420","J01A",0.0763162395241788
"421","J01A",-0.0203912917949521
"422","J01A",0.00782202857697464
"423","J01A",0.0446495237793848
"424","J01A",0.0155315570040774
"425","J01A",-0.0295720094803329
"426","J01A",0.0441000181182066
"427","J01A",0.0404439930783353
"428","J01A",0.0492736208193087
"429","J01A",0.0118082598592139
"430","J01A",0.0197986914463431
"431","J01A",0.0154727358669665
"432","J01A",0.00852738615624701
"433","J01A",0.0196963507796066
"434","J01A",-0.00269016656043644
"435","J01A",0.017838625216441
"436","J01A",0.0515131244418759
"437","J01A",0.0387645878535375
"438","J01A",0.081268020606441
"439","J01A",0.00147659330747863
"440","J01A",0.0587008969190513
"441","J01A",0.0425308496615925
"442","J01A",0.0405982763413886
"443","J01A",0.0591148458314154
"444","J01A",0.0305781147474709
"445","J01A",0.00773305350777739
"446","J01A",-0.0118421483234863
"447","J01A",0.0419387600945838
"448","J01A",0.0300632904701553
"449","J01A",-0.0170565219568399
"450","J01A",0.0235625686973988
"451","J01A",0.0643372505151949
"452","J01A",0.0165656039110926
"453","J01A",0.0454218457657882
"454","J01A",0.0330982994741439
"455","J01A",0.0354043701144304
"456","J01A",0.0847941387255284
"457","J01A",0.0383832382333434
"458","J01A",0.0336880258488756
"459","J01A",0.0556024797601347
"460","J01A",0.0420320871197802
"461","J01A",0.00801015011066229
"462","J01A",-0.0252759653397683
"463","J01A",0.0812331776262473
"464","J01A",0.0394125610908754
"465","J01A",0.02396420376714
"466","J01A",0.0380005896737485
"467","J01A",0.0326057663264776
"468","J01A",-0.0150621677910726
"469","J01A",0.0748144518671578
"470","J01A",0.0211010060018456
"471","J01A",0.0147020527050992
"472","J01A",0.0353581004918047
"473","J01A",-0.0187999722637082
"474","J01A",0.0185813968762087
"475","J01A",0.0503341112163705
"476","J01A",0.0734267113795385
"477","J01A",0.00238977216282009
"478","J01A",-0.00934796796255408
"479","J01A",-0.00923799080135455
"480","J01A",-0.0060051626621306
"481","J01A",0.0544006115999894
"482","J01A",0.0625778813810803
"483","J01A",0.0589803850305336
"484","J01A",0.0822205441056417
"485","J01A",0.0259884342953206
"486","J01A",-0.0281363516595715
"487","J01A",-0.0158220761536626
"488","J01A",0.0107369107576815
"489","J01A",0.00844815824351082
"490","J01A",0.0781473490251551
"491","J01A",0.0424102475795403
"492","J01A",0.0410544652343185
"493","J01A",0.00345805522809528
"494","J01A",0.00261183816403594
"495","J01A",0.0247344551708111
"496","J01A",0.051051180822767
"497","J01A",0.00794257789878622
"498","J01A",0.0457742619144751
"499","J01A",-0.0098004385227747
"500","J01A",0.0226151251563413
"501","J01A",-0.000310075208670849
"502","J01A",0.00255497376210769
"503","J01A",0.0689083050502328
"504","J01A",0.029630697214082
"505","J01A",0.0548521531687594
"506","J01A",0.0843228671203378
"507","J01A",0.0734226170143113
"508","J01A",0.0750856408700622
"509","J01A",0.00733770358303499
"510","J01A",0.00154356390060328
"511","J01A",-0.00620373705779497
"512","J01A",0.092040089062771
"513","J01A",0.0219483195178776
"514","J01A",-0.0185373048196522
"515","J01A",0.088315675663629
"516","J01A",0.0761429935006653
"517","J01A",-0.00528599160882947
"518","J01A",0.0536406323610197
"519","J01A",0.0537536580095538
"520","J01A",0.0138628199160642
"521","J01A",0.0141377992458168
"522","J01A",-0.00997794675430632
"523","J01A",0.0106151930497781
"524","J01A",-0.0542742113448836
"525","J01A",0.0546702756613854
"526","J01A",0.0677616320153905
"527","J01A",0.0251438547666028
"528","J01A",0.108649410429307
"529","J01A",0.00728800880156497
"530","J01A",0.0161306008104635
"531","J01A",0.0737440705223453
"532","J01A",0.0341634228897838
"533","J01A",-0.0179094740619513
"534","J01A",0.0593415069293585
"535","J01A",0.0255157000825784
"536","J01A",0.0641042144808692
"537","J01A",-0.00772245221069444
"538","J01A",0.0433634301292684
"539","J01A",0.0643598445498654
"540","J01A",0.00140579906922275
"541","J01A",0.0142723336964747
"542","J01A",-0.00468500547643773
"543","J01A",0.0152175375394528
"544","J01A",0.063596308350763
"545","J01A",0.0283202200592438
"546","J01A",0.0598528120039004
"547","J01A",-0.0231357428347851
"548","J01A",0.0426339234327254
"549","J01A",0.0479740657400711
"550","J01A",0.0186893360824356
"551","J01A",-0.0127877704249233
"552","J01A",0.009677376516907
"553","J01A",0.0393098841434909
"554","J01A",0.0198549961818023
"555","J01A",0.0248924745167501
"556","J01A",0.0136275885254601
"557","J01A",0.0745325062904043
"558","J01A",-0.00665771876415427
"559","J01A",0.0199283434307126
"560","J01A",0.00280591154875738
"561","J01A",0.0585346076887679
"562","J01A",0.0149992748209717
"563","J01A",0.043230978867677
"564","J01A",0.0847165599883382
"565","J01A",-0.0232925145107097
"566","J01A",0.024403152381756
"567","J01A",-0.00684222765785556
"568","J01A",-0.00670894442424835
"569","J01A",0.0279045061634791
"570","J01A",0.0118001951837466
"571","J01A",0.0367672116113249
"572","J01A",0.032935907496585
"573","J01A",0.0103619039971744
"574","J01A",0.0210327820454751
"575","J01A",0.0505120865994729
"576","J01A",0.0219066202042392
"577","J01A",0.0395402741096953
"578","J01A",-0.038124320328296
"579","J01A",0.0174935736574329
"580","J01A",0.0202444142768189
"581","J01A",0.00628996715939842
"582","J01A",0.0138968528209847
"583","J01A",0.00329188761991725
"584","J01A",-0.0089872231365096
"585","J01A",0.00814468815350953
"586","J01A",0.0180236031093631
"587","J01A",0.0306944873491437
"588","J01A",0.0469442809288834
"589","J01A",0.00551177878253843
"590","J01A",0.00148421703584857
"591","J01A",-0.00360703308128888
"592","J01A",0.0110533369417919
"593","J01A",0.0500734555646333
"594","J01A",0.00400423117391199
"595","J01A",0.0456523099125969
"596","J01A",0.0602341778422004
"597","J01A",0.0556867332943744
"598","J01A",-0.0158354507895254
"599","J01A",0.0128286232402423
"600","J01A",-0.0252327759549315
"601","J01A",0.000171147075811272
"602","J01A",0.0127251009175092
"603","J01A",0.02294234753258
"604","J01A",0.04224242551892
"605","J01A",-0.00092522673337811
"606","J01A",0.0577347552443361
"607","J01A",0.0105075461871617
"608","J01A",0.0132050307069001
"609","J01A",0.0414874843776515
"610","J01A",0.00252836290390766
"611","J01A",0.0234492362276366
"612","J01A",-0.0136223888966671
"613","J01A",-0.051075208023401
"614","J01A",0.0289010528350255
"615","J01A",0.0183617284335679
"616","J01A",0.0303703724017324
"617","J01A",-0.00941329719230282
"618","J01A",0.0812674396686743
"619","J01A",0.00717372873871776
"620","J01A",-0.057887876539835
"621","J01A",0.00617586511904401
"622","J01A",0.0269897207678687
"623","J01A",-0.0189977993286093
"624","J01A",0.0266922084373476
"625","J01A",-0.0113111126757768
"626","J01A",0.0164770896323823
"627","J01A",0.0304324001558225
"628","J01A",0.00672999503394864
"629","J01A",0.0137351748671845
"630","J01A",0.0308973369688886
"631","J01A",0.0450795268957052
"632","J01A",0.0755405414850308
"633","J01A",0.0568441921511965
"634","J01A",0.0574580517381977
"635","J01A",0.0236978115129786
"636","J01A",0.00257211409595055
"637","J01A",0.0271004939462456
"638","J01A",0.0448629000564663
"639","J01A",-0.00490069356147949
"640","J01A",-0.043403623654173
"641","J01A",0.0588330792088889
"642","J01A",0.0322427880356101
"643","J01A",0.0502418043287196
"644","J01A",0.0264293320876375
"645","J01A",0.0151735237750122
"646","J01A",0.0133231029041357
"647","J01A",0.0561801456291824
"648","J01A",0.0324723119666641
"649","J01A",0.0646190191803886
"650","J01A",0.073235097390781
"651","J01A",0.0298926457839886
"652","J01A",0.00847546485394581
"653","J01A",0.0206654553016271
"654","J01A",0.0373867232900633
"655","J01A",0.0255982741757918
"656","J01A",0.0975781592603721
"657","J01A",0.0123383419941186
"658","J01A",0.0533212984192565
"659","J01A",0.117894687991281
"660","J01A",-0.0106511202252235
"661","J01A",-0.0349881611187469
"662","J01A",0.0439930071523729
"663","J01A",-0.00831725493102715
"664","J01A",0.0642006800815638
"665","J01A",0.0311042757938411
"666","J01A",0.0767202607908734
"667","J01A",-0.00310739550662794
"668","J01A",0.00653627676113678
"669","J01A",0.0366826445522807
"670","J01A",0.0686819592912355
"671","J01A",-0.00186756241445475
"672","J01A",0.0318381215607175
"673","J01A",-0.03969092986227
"674","J01A",0.0123633568177716
"675","J01A",-0.0280373095091659
"676","J01A",0.0202830824848545
"677","J01A",0.028927453130298
"678","J01A",0.0209485206014453
"679","J01A",0.0242137668956921
"680","J01A",-0.021298255470365
"681","J01A",0.071391788459304
"682","J01A",0.0413093588219019
"683","J01A",0.0275275816550491
"684","J01A",-0.0203660776053856
"685","J01A",0.0856498552476232
"686","J01A",0.0279611779996331
"687","J01A",0.0662336368402909
"688","J01A",0.0763797790631973
"689","J01A",0.0429948856796404
"690","J01A",0.0331559575140889
"691","J01A",0.0190628876193503
"692","J01A",0.00491976796191593
"693","J01A",0.0195394359556998
"694","J01A",0.0104757087500524
"695","J01A",-0.0101201506920308
"696","J01A",-0.0313663289236504
"697","J01A",0.0178952799506749
"698","J01A",0.0842816398008198
"699","J01A",0.0593850924467117
"700","J01A",-0.0106332224752288
"701","J01A",-0.020094442425512
"702","J01A",-0.00583465615689095
"703","J01A",0.0214118962279871
"704","J01A",0.0138356352447736
"705","J01A",0.0935314034864912
"706","J01A",-0.00268042669549687
"707","J01A",0.0311598830802064
"708","J01A",0.0368164934784819
"709","J01A",0.0351512253473723
"710","J01A",0.0138209843862809
"711","J01A",0.0129351119553664
"712","J01A",0.0330665628514076
"713","J01A",0.0435196382098526
"714","J01A",-0.0444608677329932
"715","J01A",0.0608788832541739
"716","J01A",0.032048913230884
"717","J01A",-0.00542084220350021
"718","J01A",0.0199977850635026
"719","J01A",0.0593918234481086
"720","J01A",0.054179113489701
"721","J01A",0.0174356009498125
"722","J01A",0.0576614680341174
"723","J01A",0.0178057696521243
"724","J01A",-0.00472940257663369
"725","J01A",0.0819333515180199
"726","J01A",0.0154856444836254
"727","J01A",0.00349338643926471
"728","J01A",0.0402627560709735
"729","J01A",0.0395091054268184
"730","J01A",0.0439347738087246
"731","J01A",0.0107876344790833
"732","J01A",0.00797619852228367
"733","J01A",-0.0334295822566559
"734","J01A",0.0593647298077983
"735","J01A",0.0408943270931219
"736","J01A",-0.053454612350505
"737","J01A",0.0651262697881251
"738","J01A",0.0643662613864346
"739","J01A",0.0260152143349689
"740","J01A",-0.0168489370082185
"741","J01A",0.0528134025898142
"742","J01A",-0.0148349540456557
"743","J01A",0.0213687598086755
"744","J01A",0.0229928606389104
"745","J01A",0.0577321016760757
"746","J01A",0.057299928314241
"747","J01A",0.030112343073353
"748","J01A",0.0536599780209775
"749","J01A",0.071056571285191
"750","J01A",0.0210988884757758
"751","J01A",0.0368950622561626
"752","J01A",0.0186540347536815
"753","J01A",-0.0129697787429294
"754","J01A",-0.0278488135394848
"755","J01A",0.035315285366277
"756","J01A",0.0286157763220874
"757","J01A",-0.0191262447176573
"758","J01A",0.00137694190698143
"759","J01A",0.000663109483533436
"760","J01A",0.0316072227019689
"761","J01A",0.0339676477398103
"762","J01A",0.0303633023440447
"763","J01A",0.04083156697797
"764","J01A",0.0682220232355296
"765","J01A",-0.0232881387593687
"766","J01A",0.0234397574684705
"767","J01A",-0.00718621761705157
"768","J01A",0.0409050650754742
"769","J01A",0.0614953495834052
"770","J01A",0.0223842673682027
"771","J01A",0.101010822451902
"772","J01A",-0.00833700954320825
"773","J01A",0.0212230782031455
"774","J01A",0.0494625559432467
"775","J01A",0.064046194715761
"776","J01A",0.0281269284737764
"777","J01A",0.0139204948930066
"778","J01A",0.032703243757842
"779","J01A",-0.00964350914285086
"780","J01A",-0.00818393141045728
"781","J01A",0.0473420582805573
"782","J01A",0.0139366466455414
"783","J01A",0.00587037236183142
"784","J01A",0.0344304405953726
"785","J01A",0.0289608305193573
"786","J01A",0.0669622721729894
"787","J01A",0.0139850678315539
"788","J01A",0.00570987941110404
"789","J01A",0.0260660665839583
"790","J01A",-0.0104674630331957
"791","J01A",0.0341768635543674
"792","J01A",0.036150627998964
"793","J01A",0.0256812643043022
"794","J01A",-0.00343229281767019
"795","J01A",0.0208942336812044
"796","J01A",0.0336970861422293
"797","J01A",0.0186277602589107
"798","J01A",-0.0260815950219226
"799","J01A",-0.00799163637348919
"800","J01A",0.00339494471075653
"801","J01A",0.0198043295063669
"802","J01A",0.0730128844751686
"803","J01A",0.048727273785659
"804","J01A",0.0246361291196016
"805","J01A",0.0375047729736873
"806","J01A",-0.0100323112781192
"807","J01A",0.052224539970922
"808","J01A",-0.0588478429094121
"809","J01A",0.0555346140135339
"810","J01A",0.0183147799582862
"811","J01A",0.0272468263737444
"812","J01A",0.00978217760047428
"813","J01A",-0.0191372845900172
"814","J01A",0.0251437332647706
"815","J01A",0.0463428598272816
"816","J01A",0.0198869357583638
"817","J01A",0.0392410279907275
"818","J01A",0.00391833463856626
"819","J01A",0.0167573476893341
"820","J01A",0.0437165619688118
"821","J01A",0.013044848295289
"822","J01A",0.0415247292932505
"823","J01A",0.0319507516965195
"824","J01A",0.0644872571965151
"825","J01A",0.00299350355418172
"826","J01A",0.0290649052303696
"827","J01A",0.0160363180828812
"828","J01A",0.0413955455432405
"829","J01A",-0.0282744296266847
"830","J01A",-0.030536581497068
"831","J01A",0.0244905684867052
"832","J01A",0.024834759933385
"833","J01A",0.0196951485479611
"834","J01A",-0.0266097632150261
"835","J01A",0.00980425883163421
"836","J01A",0.0484639282671947
"837","J01A",0.00534439793541402
"838","J01A",0.0406726449340778
"839","J01A",0.0535757111280735
"840","J01A",0.002023785273757
"841","J01A",0.00777606313178484
"842","J01A",0.0101818004361436
"843","J01A",-0.0275360291614899
"844","J01A",0.00583039355667283
"845","J01A",0.0514845814432994
"846","J01A",0.0724774125945383
"847","J01A",0.0157926553415627
"848","J01A",0.0633929399854912
"849","J01A",-0.0406874042639993
"850","J01A",0.0318575688537572
"851","J01A",0.0673260759253596
"852","J01A",0.0191192564819499
"853","J01A",0.0265172029987203
"854","J01A",0.026810565276802
"855","J01A",0.0178388049232177
"856","J01A",-0.0485438042707177
"857","J01A",-0.0107729020089755
"858","J01A",0.0805048852401707
"859","J01A",0.037838629743749
"860","J01A",0.030061005649184
"861","J01A",0.0132160372757127
"862","J01A",-0.00749972850421042
"863","J01A",0.0497421211019011
"864","J01A",0.0725601198017325
"865","J01A",0.0214541434149682
"866","J01A",0.0699739850015302
"867","J01A",0.0219994914994268
"868","J01A",0.0606472548751563
"869","J01A",0.0313722578018961
"870","J01A",0.00616689226115538
"871","J01A",-0.0305022244978687
"872","J01A",0.0300702144144921
"873","J01A",0.0401163922502762
"874","J01A",-0.0157256737770973
"875","J01A",-0.00159011677155021
"876","J01A",-0.0193431153700415
"877","J01A",0.0285872044481864
"878","J01A",0.0887813946697434
"879","J01A",-0.011762502685607
"880","J01A",0.0134840880947746
"881","J01A",0.0120391864426386
"882","J01A",0.0199126334632994
"883","J01A",0.0213554758142765
"884","J01A",0.00891095644108261
"885","J01A",0.024708699480904
"886","J01A",0.0174314028614263
"887","J01A",0.000329488736781703
"888","J01A",0.0604250055260014
"889","J01A",0.0378931338824754
"890","J01A",0.0592635521931189
"891","J01A",0.0602458245644771
"892","J01A",0.0204832801941179
"893","J01A",0.0233817009382242
"894","J01A",0.0116529668799174
"895","J01A",-0.00619719913100651
"896","J01A",0.0835273378678423
"897","J01A",0.0123745278608435
"898","J01A",0.0309393284374118
"899","J01A",0.00302906991320406
"900","J01A",0.00034637733039313
"901","J01A",-0.0166356689127678
"902","J01A",0.0154298224651421
"903","J01A",-0.00195016876214727
"904","J01A",0.00227648675720639
"905","J01A",-0.0187534306925913
"906","J01A",0.0146179919360739
"907","J01A",0.0611879397966291
"908","J01A",0.00655928533888349
"909","J01A",0.083176489237098
"910","J01A",0.0041130263786665
"911","J01A",0.00103669441133946
"912","J01A",0.0379439375976758
"913","J01A",0.000219478974593546
"914","J01A",0.0438541165112666
"915","J01A",0.0145880943109985
"916","J01A",0.0429307050177793
"917","J01A",0.0342022711682549
"918","J01A",0.0168960308696045
"919","J01A",-0.0108847644075379
"920","J01A",0.0120211423004558
"921","J01A",0.0359798866892273
"922","J01A",0.0403741738847896
"923","J01A",-0.0607771900340775
"924","J01A",0.0453030697835363
"925","J01A",0.0423669095265168
"926","J01A",0.049374881485544
"927","J01A",0.00644474066385763
"928","J01A",0.0176468249150168
"929","J01A",0.0798882366522077
"930","J01A",0.0192498949534017
"931","J01A",0.0698525544682268
"932","J01A",0.0807676859717512
"933","J01A",0.0221403945518887
"934","J01A",0.0484777973706188
"935","J01A",0.0114460618209378
"936","J01A",0.0331661158639433
"937","J01A",0.026873836912417
"938","J01A",0.076103379643972
"939","J01A",0.0726692304793639
"940","J01A",0.0530282568260069
"941","J01A",0.00594678515104231
"942","J01A",0.0271148847086128
"943","J01A",0.0250721984538978
"944","J01A",0.0279453316365197
"945","J01A",0.0319004507476841
"946","J01A",0.0408652111887799
"947","J01A",0.066693610209616
"948","J01A",0.0196022315716886
"949","J01A",0.0627141012375088
"950","J01A",0.0626717759477148
"951","J01A",0.0535420633322846
"952","J01A",0.0385968345423767
"953","J01A",-0.0553505093861565
"954","J01A",0.00707758999770797
"955","J01A",0.0486255275198743
"956","J01A",0.0636014567824358
"957","J01A",0.00271374867354115
"958","J01A",0.0197904519523662
"959","J01A",-0.00937723888591249
"960","J01A",0.00980759147802291
"961","J01A",0.0520253698014955
"962","J01A",0.0345877767807028
"963","J01A",-0.0124371862759821
"964","J01A",-0.00360854314935929
"965","J01A",0.0648551374214132
"966","J01A",0.0065781918841219
"967","J01A",0.0318916584252001
"968","J01A",0.055739718081447
"969","J01A",0.0772844140916749
"970","J01A",0.0381780483996756
"971","J01A",-0.00640363548907317
"972","J01A",-0.017929354480774
"973","J01A",0.0651706010007715
"974","J01A",0.0687085447975668
"975","J01A",-0.00465502004845087
"976","J01A",0.0273754713235462
"977","J01A",0.059933739398146
"978","J01A",0.0418519351608926
"979","J01A",0.0766333425856707
"980","J01A",0.0675016702285452
"981","J01A",0.022132921576825
"982","J01A",0.0115034538581026
"983","J01A",0.0704090012384945
"984","J01A",0.00324538220233266
"985","J01A",0.0578913161244921
"986","J01A",0.0318793691409989
"987","J01A",-0.00282687038809886
"988","J01A",0.0371042640089675
"989","J01A",-0.0129109390658381
"990","J01A",-0.0623715970852456
"991","J01A",0.0417194983742086
"992","J01A",0.0667568139327764
"993","J01A",0.0594970784018638
"994","J01A",0.0292578399850133
"995","J01A",0.0196542086078624
"996","J01A",0.00959437793595784
"997","J01A",0.036308359552736
"998","J01A",0.0369560608097252
"999","J01A",0.008538219165121
"1000","J01A",0.025962885485266
"1001","J01C",0.412592483532834
"1002","J01C",0.635717054562814
"1003","J01C",0.334326465508196
"1004","J01C",0.656877204194224
"1005","J01C",0.547561617079933
"1006","J01C",0.466551172185574
"1007","J01C",0.541516533187666
"1008","J01C",0.550895734881076
"1009","J01C",0.573692470062757
"1010","J01C",0.493101697397931
"1011","J01C",0.424086706648177
"1012","J01C",0.507147453650546
"1013","J01C",0.650121991354123
"1014","J01C",0.526645053440591
"1015","J01C",0.498789601275373
"1016","J01C",0.47259238145682
"1017","J01C",0.410568997480403
"1018","J01C",0.583898529838563
"1019","J01C",0.499654184469296
"1020","J01C",0.408356971616175
"1021","J01C",0.640088575880449
"1022","J01C",0.275202537480684
"1023","J01C",0.59072040811529
"1024","J01C",0.450797876899482
"1025","J01C",0.362846018366056
"1026","J01C",0.431604569277711
"1027","J01C",0.491382467092219
"1028","J01C",0.663592860960857
"1029","J01C",0.63721327286391
"1030","J01C",0.365613371170117
"1031","J01C",0.580947872664667
"1032","J01C",0.45198799958075
"1033","J01C",0.481972794605611
"1034","J01C",0.493803753912809
"1035","J01C",0.654867619666494
"1036","J01C",0.447414784072578
"1037","J01C",0.446705072102522
"1038","J01C",0.497741120957421
"1039","J01C",0.532228665435777
"1040","J01C",0.629556069631259
"1041","J01C",0.552404405950317
"1042","J01C",0.667244880309908
"1043","J01C",0.555424364094822
"1044","J01C",0.430019803033827
"1045","J01C",0.501492076759625
"1046","J01C",0.315799796994713
"1047","J01C",0.558896216473458
"1048","J01C",0.42562766306423
"1049","J01C",0.429951821912104
"1050","J01C",0.620661661154262
"1051","J01C",0.576696323207375
"1052","J01C",0.383510153968148
"1053","J01C",0.436542199772112
"1054","J01C",0.426840744878856
"1055","J01C",0.540501893089431
"1056","J01C",0.520695605719269
"1057","J01C",0.607203547140347
"1058","J01C",0.361056561596542
"1059","J01C",0.567578998282407
"1060","J01C",0.457095738020256
"1061","J01C",0.717603133498798
"1062","J01C",0.435784291293239
"1063","J01C",0.530951748100738
"1064","J01C",0.429036034987507
"1065","J01C",0.604224223045516
"1066","J01C",0.473753225844672
"1067","J01C",0.511078159074188
"1068","J01C",0.624532352687065
"1069","J01C",0.404631275379303
"1070","J01C",0.440356818574719
"1071","J01C",0.568962056316171
"1072","J01C",0.544051467535779
"1073","J01C",0.530437563975747
"1074","J01C",0.555991934367579
"1075","J01C",0.270313139079189
"1076","J01C",0.464577544560431
"1077","J01C",0.696008001621312
"1078","J01C",0.589825012827822
"1079","J01C",0.550466410572665
"1080","J01C",0.617363195319072
"1081","J01C",0.510758166457585
"1082","J01C",0.769896309858693
"1083","J01C",0.221572435787377
"1084","J01C",0.781282646572364
"1085","J01C",0.382320858916441
"1086","J01C",0.463285358343331
"1087","J01C",0.659540834125331
"1088","J01C",0.500790075465663
"1089","J01C",0.581944298626729
"1090","J01C",0.400063328448838
"1091","J01C",0.571672617681838
"1092","J01C",0.507515299285496
"1093","J01C",0.318154201289246
"1094","J01C",0.441614491499162
"1095","J01C",0.399413817312362
"1096","J01C",0.448078349498436
"1097","J01C",0.613429022641618
"1098","J01C",0.530948042527893
"1099","J01C",0.455449769076843
"1100","J01C",0.451300487928991
"1101","J01C",0.457017968139718
"1102","J01C",0.479142586331596
"1103","J01C",0.33503332958195
"1104","J01C",0.473168273772973
"1105","J01C",0.448869735674349
"1106","J01C",0.504448552058959
"1107","J01C",0.542272927807473
"1108","J01C",0.495799001867894
"1109","J01C",0.456502028395857
"1110","J01C",0.614250210333962
"1111","J01C",0.602208086828499
"1112","J01C",0.603448485923016
"1113","J01C",0.287987158373502
"1114","J01C",0.50692235037577
"1115","J01C",0.437837371035638
"1116","J01C",0.341070527981262
"1117","J01C",0.378659095541022
"1118","J01C",0.670989630637332
"1119","J01C",0.477239199962072
"1120","J01C",0.370280615388077
"1121","J01C",0.59720222936753
"1122","J01C",0.593373155852205
"1123","J01C",0.485573868753792
"1124","J01C",0.658788669338174
"1125","J01C",0.475912617741157
"1126","J01C",0.482331051136573
"1127","J01C",0.598279487997619
"1128","J01C",0.360145562346595
"1129","J01C",0.38882225223199
"1130","J01C",0.409571164628211
"1131","J01C",0.416929440460605
"1132","J01C",0.576510042800026
"1133","J01C",0.356100324113574
"1134","J01C",0.50379107028779
"1135","J01C",0.418899618335767
"1136","J01C",0.396035955183951
"1137","J01C",0.533110695498417
"1138","J01C",0.544652301765522
"1139","J01C",0.496254925821673
"1140","J01C",0.66272193644572
"1141","J01C",0.586085401956628
"1142","J01C",0.309137339363064
"1143","J01C",0.508533397794234
"1144","J01C",0.509706943407476
"1145","J01C",0.542564497847085
"1146","J01C",0.540391675227898
"1147","J01C",0.41832975920083
"1148","J01C",0.433849686361364
"1149","J01C",0.55918348641691
"1150","J01C",0.357500683213817
"1151","J01C",0.444888446865325
"1152","J01C",0.503390774579475
"1153","J01C",0.425975776836952
"1154","J01C",0.442682900659513
"1155","J01C",0.537514028717824
"1156","J01C",0.489240766456665
"1157","J01C",0.659514498774112
"1158","J01C",0.425595509205149
"1159","J01C",0.458881839645242
"1160","J01C",0.4107140948393
"1161","J01C",0.614981662145934
"1162","J01C",0.341002639467413
"1163","J01C",0.479816872497748
"1164","J01C",0.50115096294552
"1165","J01C",0.547706764166999
"1166","J01C",0.5641111120665
"1167","J01C",0.555565834579436
"1168","J01C",0.542657784305272
"1169","J01C",0.611907207146207
"1170","J01C",0.459463197179263
"1171","J01C",0.514031922029025
"1172","J01C",0.445991354383942
"1173","J01C",0.581262132721386
"1174","J01C",0.409167130700098
"1175","J01C",0.591220228800874
"1176","J01C",0.299196186846924
"1177","J01C",0.371829900210577
"1178","J01C",0.540173733245126
"1179","J01C",0.364106912812602
"1180","J01C",0.454003399890407
"1181","J01C",0.412783979054681
"1182","J01C",0.629962837963499
"1183","J01C",0.650340061713812
"1184","J01C",0.494166080443453
"1185","J01C",0.353797540871888
"1186","J01C",0.461675506111381
"1187","J01C",0.617089991644525
"1188","J01C",0.434611394233928
"1189","J01C",0.519502022565669
"1190","J01C",0.427588991480883
"1191","J01C",0.562653444102638
"1192","J01C",0.325056215623013
"1193","J01C",0.516571498259052
"1194","J01C",0.553474589766086
"1195","J01C",0.493449861548153
"1196","J01C",0.465213107313211
"1197","J01C",0.589485538166591
"1198","J01C",0.516296027642719
"1199","J01C",0.530637364823844
"1200","J01C",0.589349603072514
"1201","J01C",0.598466742520275
"1202","J01C",0.482764578515153
"1203","J01C",0.484061265491578
"1204","J01C",0.542285600366997
"1205","J01C",0.513803165051616
"1206","J01C",0.495721309901617
"1207","J01C",0.440507232690372
"1208","J01C",0.556893465105065
"1209","J01C",0.619195782994447
"1210","J01C",0.567750797523855
"1211","J01C",0.474210836656327
"1212","J01C",0.399993719361116
"1213","J01C",0.449775425821071
"1214","J01C",0.45169305630906
"1215","J01C",0.54381278507875
"1216","J01C",0.726189140604468
"1217","J01C",0.47065588649867
"1218","J01C",0.52616550551375
"1219","J01C",0.453216225058636
"1220","J01C",0.448027755317213
"1221","J01C",0.508797745373273
"1222","J01C",0.521437963570167
"1223","J01C",0.494292458759985
"1224","J01C",0.538157818742003
"1225","J01C",0.31066944284922
"1226","J01C",0.55256423341721
"1227","J01C",0.722697789453907
"1228","J01C",0.4521840868169
"1229","J01C",0.442372940566171
"1230","J01C",0.454429297781615
"1231","J01C",0.613129761931826
"1232","J01C",0.48245471569883
"1233","J01C",0.442685226533392
"1234","J01C",0.335370836438859
"1235","J01C",0.505776204655094
"1236","J01C",0.752197696083624
"1237","J01C",0.458234099895723
"1238","J01C",0.345119596837581
"1239","J01C",0.707631600662769
"1240","J01C",0.50990422085475
"1241","J01C",0.589606644717979
"1242","J01C",0.550138347443374
"1243","J01C",0.527113836515555
"1244","J01C",0.502218979623604
"1245","J01C",0.429615491016337
"1246","J01C",0.712301651541098
"1247","J01C",0.408557200062457
"1248","J01C",0.718152013649616
"1249","J01C",0.549731381212441
"1250","J01C",0.412481209190713
"1251","J01C",0.455704012657052
"1252","J01C",0.309353710621073
"1253","J01C",0.53476467757164
"1254","J01C",0.366510495501807
"1255","J01C",0.729895351529523
"1256","J01C",0.631999452086445
"1257","J01C",0.522875055532872
"1258","J01C",0.409581044707214
"1259","J01C",0.409911163741585
"1260","J01C",0.548079592719758
"1261","J01C",0.508616973897188
"1262","J01C",0.4835867678417
"1263","J01C",0.571307397149693
"1264","J01C",0.418964255410448
"1265","J01C",0.556839434259909
"1266","J01C",0.598358594575773
"1267","J01C",0.478600439944726
"1268","J01C",0.366881400346454
"1269","J01C",0.580491652839308
"1270","J01C",0.629130654981663
"1271","J01C",0.537223500573504
"1272","J01C",0.49918062101911
"1273","J01C",0.490207720948981
"1274","J01C",0.452265700528769
"1275","J01C",0.426639375681091
"1276","J01C",0.523620371713279
"1277","J01C",0.400514319800554
"1278","J01C",0.437140726015781
"1279","J01C",0.512298273995288
"1280","J01C",0.564519669163595
"1281","J01C",0.480207413566341
"1282","J01C",0.34338540466282
"1283","J01C",0.476048603560054
"1284","J01C",0.417029277403329
"1285","J01C",0.532123116294818
"1286","J01C",0.464425834632064
"1287","J01C",0.445795958439455
"1288","J01C",0.348649739344641
"1289","J01C",0.351509642737183
"1290","J01C",0.445325896547132
"1291","J01C",0.518422060967395
"1292","J01C",0.52746807149988
"1293","J01C",0.417768462352029
"1294","J01C",0.596183959237286
"1295","J01C",0.315726925476384
"1296","J01C",0.356352444263828
"1297","J01C",0.464385022152368
"1298","J01C",0.553034980091297
"1299","J01C",0.463746332915077
"1300","J01C",0.39836913793451
"1301","J01C",0.643973373431593
"1302","J01C",0.452363194392088
"1303","J01C",0.514764644231929
"1304","J01C",0.612026468218974
"1305","J01C",0.509073798674719
"1306","J01C",0.518008505022964
"1307","J01C",0.363727645183881
"1308","J01C",0.63702639882264
"1309","J01C",0.549601432199776
"1310","J01C",0.442694334739365
"1311","J01C",0.456347237898847
"1312","J01C",0.2665897292894
"1313","J01C",0.35823235975531
"1314","J01C",0.591028908079803
"1315","J01C",0.49529740933138
"1316","J01C",0.548904773730565
"1317","J01C",0.573973181074574
"1318","J01C",0.472479468057745
"1319","J01C",0.44661653504334
"1320","J01C",0.413699499383262
"1321","J01C",0.529008299187251
"1322","J01C",0.318643916117475
"1323","J01C",0.674795265480131
"1324","J01C",0.187461106566802
"1325","J01C",0.632804160199159
"1326","J01C",0.485879752923429
"1327","J01C",0.676898454139123
"1328","J01C",0.408325496830075
"1329","J01C",0.34294833156299
"1330","J01C",0.477450813297693
"1331","J01C",0.460196748414236
"1332","J01C",0.529019253010713
"1333","J01C",0.486749202660991
"1334","J01C",0.515988433098633
"1335","J01C",0.634889308300195
"1336","J01C",0.43120861016151
"1337","J01C",0.544831998096762
"1338","J01C",0.523110199999049
"1339","J01C",0.346168980154185
"1340","J01C",0.400738895715753
"1341","J01C",0.58195034924938
"1342","J01C",0.390818754117745
"1343","J01C",0.562094420223575
"1344","J01C",0.41992642651003
"1345","J01C",0.620447578987976
"1346","J01C",0.533587444777279
"1347","J01C",0.48178863862813
"1348","J01C",0.440179337964007
"1349","J01C",0.475847512092055
"1350","J01C",0.598631306859113
"1351","J01C",0.263374396201783
"1352","J01C",0.664677938733895
"1353","J01C",0.648259360155515
"1354","J01C",0.405303383068516
"1355","J01C",0.456494262934612
"1356","J01C",0.487836880788763
"1357","J01C",0.564196615237631
"1358","J01C",0.400091572829249
"1359","J01C",0.477610603592085
"1360","J01C",0.536192918635005
"1361","J01C",0.405027891447381
"1362","J01C",0.473292747278143
"1363","J01C",0.552658422555544
"1364","J01C",0.496679468908432
"1365","J01C",0.481711551053864
"1366","J01C",0.51830704370165
"1367","J01C",0.424525658420357
"1368","J01C",0.636086141472645
"1369","J01C",0.703951255285013
"1370","J01C",0.511060413044293
"1371","J01C",0.589397646410636
"1372","J01C",0.261484536121097
"1373","J01C",0.471724204444926
"1374","J01C",0.404814581092066
"1375","J01C",0.281977012000937
"1376","J01C",0.349973851134523
"1377","J01C",0.446493724806106
"1378","J01C",0.561838041596547
"1379","J01C",0.585595623901393
"1380","J01C",0.456040516159637
"1381","J01C",0.395462242647628
"1382","J01C",0.487535876147328
"1383","J01C",0.47264946288744
"1384","J01C",0.322539929311099
"1385","J01C",0.508957825992749
"1386","J01C",0.426519713991708
"1387","J01C",0.64417632302919
"1388","J01C",0.519812281676609
"1389","J01C",0.389745808552576
"1390","J01C",0.361852782746898
"1391","J01C",0.393889580131048
"1392","J01C",0.438901135511436
"1393","J01C",0.415591369839198
"1394","J01C",0.544886117338402
"1395","J01C",0.546712829277347
"1396","J01C",0.406995384607132
"1397","J01C",0.638808495228133
"1398","J01C",0.446610303063199
"1399","J01C",0.208225897448292
"1400","J01C",0.403503025696327
"1401","J01C",0.517906263888965
"1402","J01C",0.486104690534948
"1403","J01C",0.470535731014291
"1404","J01C",0.574943371385891
"1405","J01C",0.427399836788409
"1406","J01C",0.400073965690289
"1407","J01C",0.533698413949411
"1408","J01C",0.529084744348442
"1409","J01C",0.440414433399268
"1410","J01C",0.47849952164563
"1411","J01C",0.547702906639149
"1412","J01C",0.549687763423508
"1413","J01C",0.505022717374606
"1414","J01C",0.580396721046408
"1415","J01C",0.529096037399881
"1416","J01C",0.6673597362842
"1417","J01C",0.438256266982848
"1418","J01C",0.341313888182937
"1419","J01C",0.356806231391102
"1420","J01C",0.545746968208088
"1421","J01C",0.54393830271334
"1422","J01C",0.609445413450686
"1423","J01C",0.51259991007942
"1424","J01C",0.599284146661751
"1425","J01C",0.52461226694694
"1426","J01C",0.558190059809826
"1427","J01C",0.474607557721957
"1428","J01C",0.437833905278372
"1429","J01C",0.46832177357603
"1430","J01C",0.578730906024653
"1431","J01C",0.440972441317276
"1432","J01C",0.254968995709012
"1433","J01C",0.453557237740318
"1434","J01C",0.284365329233315
"1435","J01C",0.516101786299071
"1436","J01C",0.627644447141768
"1437","J01C",0.363947706292255
"1438","J01C",0.433411707547615
"1439","J01C",0.320196464128071
"1440","J01C",0.470652149098206
"1441","J01C",0.439352632615145
"1442","J01C",0.638007655272744
"1443","J01C",0.601006730664987
"1444","J01C",0.425161614863768
"1445","J01C",0.504953591980224
"1446","J01C",0.550458187084928
"1447","J01C",0.533281224487302
"1448","J01C",0.45666177895886
"1449","J01C",0.571133163246455
"1450","J01C",0.476821864377631
"1451","J01C",0.686122896846574
"1452","J01C",0.296403672100575
"1453","J01C",0.574814440624625
"1454","J01C",0.480632986166211
"1455","J01C",0.455799554304633
"1456","J01C",0.411389791617737
"1457","J01C",0.425496256004176
"1458","J01C",0.478633297695473
"1459","J01C",0.450248509747215
"1460","J01C",0.413942622854666
"1461","J01C",0.464546871598276
"1462","J01C",0.556769932161315
"1463","J01C",0.454278824765721
"1464","J01C",0.501056784724032
"1465","J01C",0.557215559747484
"1466","J01C",0.454517813049944
"1467","J01C",0.397434796282034
"1468","J01C",0.505763614791318
"1469","J01C",0.386557931134287
"1470","J01C",0.480248629899414
"1471","J01C",0.434742173195048
"1472","J01C",0.30896999629619
"1473","J01C",0.501437292594336
"1474","J01C",0.632600756790953
"1475","J01C",0.473257714819991
"1476","J01C",0.491017785010824
"1477","J01C",0.456414350771366
"1478","J01C",0.490263309885518
"1479","J01C",0.392601005639345
"1480","J01C",0.579815307542276
"1481","J01C",0.536905410843905
"1482","J01C",0.445824514646238
"1483","J01C",0.496136297659389
"1484","J01C",0.588714323693443
"1485","J01C",0.492786163296707
"1486","J01C",0.415209934332984
"1487","J01C",0.548241200065252
"1488","J01C",0.529186584651935
"1489","J01C",0.53675504137893
"1490","J01C",0.428350975547414
"1491","J01C",0.528921638562739
"1492","J01C",0.542029425452045
"1493","J01C",0.396933537568598
"1494","J01C",0.506644742012069
"1495","J01C",0.447953588295763
"1496","J01C",0.377481896786519
"1497","J01C",0.347278003947263
"1498","J01C",0.457198366199724
"1499","J01C",0.648921326123628
"1500","J01C",0.417111954364072
"1501","J01C",0.572150821945167
"1502","J01C",0.600308377399972
"1503","J01C",0.503033290078679
"1504","J01C",0.553275372377379
"1505","J01C",0.529931793557103
"1506","J01C",0.442215703929968
"1507","J01C",0.291912630038903
"1508","J01C",0.232405539923996
"1509","J01C",0.459056794505433
"1510","J01C",0.370194731979907
"1511","J01C",0.575809867109049
"1512","J01C",0.412390727656043
"1513","J01C",0.458273957060042
"1514","J01C",0.574224717002807
"1515","J01C",0.475263274960439
"1516","J01C",0.47378272080095
"1517","J01C",0.292984410988706
"1518","J01C",0.596032143976337
"1519","J01C",0.579239437148118
"1520","J01C",0.548007310894198
"1521","J01C",0.52605954476677
"1522","J01C",0.419722845023816
"1523","J01C",0.372132699242905
"1524","J01C",0.474293114784745
"1525","J01C",0.651592702450609
"1526","J01C",0.578287140450746
"1527","J01C",0.316908803201222
"1528","J01C",0.529215721841324
"1529","J01C",0.432164990434765
"1530","J01C",0.47134513837655
"1531","J01C",0.569639728555975
"1532","J01C",0.571508846651882
"1533","J01C",0.516544081067504
"1534","J01C",0.372022863500874
"1535","J01C",0.384663585465862
"1536","J01C",0.45919285913258
"1537","J01C",0.594423887661613
"1538","J01C",0.591394600645784
"1539","J01C",0.536524179364952
"1540","J01C",0.673619253935584
"1541","J01C",0.411504506699733
"1542","J01C",0.46580217150225
"1543","J01C",0.57545656387641
"1544","J01C",0.510518281009726
"1545","J01C",0.503824375835777
"1546","J01C",0.476652243940649
"1547","J01C",0.503325947814777
"1548","J01C",0.650330400660161
"1549","J01C",0.478041134391633
"1550","J01C",0.535490697466083
"1551","J01C",0.485399714649008
"1552","J01C",0.530361013426399
"1553","J01C",0.359558360675032
"1554","J01C",0.337695478411306
"1555","J01C",0.516984824748743
"1556","J01C",0.391366464432172
"1557","J01C",0.588846071463619
"1558","J01C",0.63790002035881
"1559","J01C",0.601227483217271
"1560","J01C",0.51330954554805
"1561","J01C",0.55123550268414
"1562","J01C",0.400373028485283
"1563","J01C",0.419967794615985
"1564","J01C",0.690836008066698
"1565","J01C",0.514167971635237
"1566","J01C",0.58339858884408
"1567","J01C",0.740033119123191
"1568","J01C",0.533174782602968
"1569","J01C",0.651667657729724
"1570","J01C",0.516062900631265
"1571","J01C",0.36988729588914
"1572","J01C",0.403224613074691
"1573","J01C",0.52399301876045
"1574","J01C",0.612112612120901
"1575","J01C",0.518934306363122
"1576","J01C",0.43090251658762
"1577","J01C",0.406126629007254
"1578","J01C",0.530359881881947
"1579","J01C",0.539937118717467
"1580","J01C",0.291694198540107
"1581","J01C",0.400675798639755
"1582","J01C",0.475943052379658
"1583","J01C",0.646266310981135
"1584","J01C",0.530714697362187
"1585","J01C",0.587692319516085
"1586","J01C",0.566287818766352
"1587","J01C",0.461618812780322
"1588","J01C",0.597463562272599
"1589","J01C",0.616558525298838
"1590","J01C",0.277763259945074
"1591","J01C",0.581309754241283
"1592","J01C",0.723572777628545
"1593","J01C",0.306710239765846
"1594","J01C",0.470967410300004
"1595","J01C",0.449966886827441
"1596","J01C",0.269416316918843
"1597","J01C",0.395179297245081
"1598","J01C",0.621281687752856
"1599","J01C",0.671401753294839
"1600","J01C",0.564158966130307
"1601","J01C",0.419579389682431
"1602","J01C",0.567979835514117
"1603","J01C",0.540081740526244
"1604","J01C",0.493584138844371
"1605","J01C",0.568748850933104
"1606","J01C",0.54345370998587
"1607","J01C",0.466398910382646
"1608","J01C",0.541359703034236
"1609","J01C",0.551019139519297
"1610","J01C",0.423275725625101
"1611","J01C",0.487956715629614
"1612","J01C",0.493736023645797
"1613","J01C",0.577926907971677
"1614","J01C",0.521904988623559
"1615","J01C",0.488421738586272
"1616","J01C",0.395204323146751
"1617","J01C",0.547322329003144
"1618","J01C",0.501330629272623
"1619","J01C",0.560519046028315
"1620","J01C",0.519105471695811
"1621","J01C",0.484815855038046
"1622","J01C",0.48758047364221
"1623","J01C",0.442271025071742
"1624","J01C",0.552269308883956
"1625","J01C",0.476574665360579
"1626","J01C",0.543852162596708
"1627","J01C",0.449922600348365
"1628","J01C",0.570529682528831
"1629","J01C",0.44238698860881
"1630","J01C",0.551213313328818
"1631","J01C",0.497674766373084
"1632","J01C",0.543817538647682
"1633","J01C",0.395502930243046
"1634","J01C",0.346709963504067
"1635","J01C",0.526163128334779
"1636","J01C",0.729248841980279
"1637","J01C",0.468372095572437
"1638","J01C",0.390019866446249
"1639","J01C",0.423519790572344
"1640","J01C",0.450346025859113
"1641","J01C",0.501087421732428
"1642","J01C",0.490382223604203
"1643","J01C",0.553577513690981
"1644","J01C",0.497918494279121
"1645","J01C",0.383152706296427
"1646","J01C",0.651420699454094
"1647","J01C",0.406168167258495
"1648","J01C",0.651590929119712
"1649","J01C",0.379923808186474
"1650","J01C",0.419610534953446
"1651","J01C",0.39293555817166
"1652","J01C",0.666453928385343
"1653","J01C",0.486436026344722
"1654","J01C",0.478691400388749
"1655","J01C",0.536191526581422
"1656","J01C",0.629547119152464
"1657","J01C",0.257717738212559
"1658","J01C",0.45446997540131
"1659","J01C",0.486819677977643
"1660","J01C",0.481655640880317
"1661","J01C",0.518683027131993
"1662","J01C",0.334119280819414
"1663","J01C",0.523228901321497
"1664","J01C",0.559895835549016
"1665","J01C",0.463813933113053
"1666","J01C",0.491897652540717
"1667","J01C",0.315335251087854
"1668","J01C",0.431209311586798
"1669","J01C",0.48463251164532
"1670","J01C",0.654850131529816
"1671","J01C",0.318496013570575
"1672","J01C",0.543060868694322
"1673","J01C",0.656944488568185
"1674","J01C",0.601123989096892
"1675","J01C",0.503268597680087
"1676","J01C",0.66518160726581
"1677","J01C",0.492200788788568
"1678","J01C",0.513305235678301
"1679","J01C",0.411097817496092
"1680","J01C",0.564845463890315
"1681","J01C",0.506282056308302
"1682","J01C",0.46906926469442
"1683","J01C",0.586292878520401
"1684","J01C",0.473748412721555
"1685","J01C",0.507496892061173
"1686","J01C",0.563117958740971
"1687","J01C",0.418395226828841
"1688","J01C",0.457995528019881
"1689","J01C",0.262800507143457
"1690","J01C",0.66081256008404
"1691","J01C",0.469834226958441
"1692","J01C",0.375162269358272
"1693","J01C",0.472659477870778
"1694","J01C",0.482016692989189
"1695","J01C",0.385137651344173
"1696","J01C",0.372859247542517
"1697","J01C",0.458219198188649
"1698","J01C",0.624501033261619
"1699","J01C",0.470590918912892
"1700","J01C",0.525483557626898
"1701","J01C",0.287062569414084
"1702","J01C",0.507115954226755
"1703","J01C",0.603132034251661
"1704","J01C",0.615457100525558
"1705","J01C",0.437793554680145
"1706","J01C",0.328951089240995
"1707","J01C",0.498690159454363
"1708","J01C",0.37500939940449
"1709","J01C",0.560678326869932
"1710","J01C",0.423515446438837
"1711","J01C",0.486821670239249
"1712","J01C",0.570401705232095
"1713","J01C",0.416857552946323
"1714","J01C",0.395801439336193
"1715","J01C",0.354523001352299
"1716","J01C",0.632128711067043
"1717","J01C",0.45344999327356
"1718","J01C",0.481515062319983
"1719","J01C",0.485196626274779
"1720","J01C",0.327959163476932
"1721","J01C",0.59337897301479
"1722","J01C",0.473783195412646
"1723","J01C",0.579049700401886
"1724","J01C",0.469921409655494
"1725","J01C",0.369416980765861
"1726","J01C",0.45262204396992
"1727","J01C",0.415425799547413
"1728","J01C",0.438577476104947
"1729","J01C",0.420044201872465
"1730","J01C",0.381886389086735
"1731","J01C",0.594241913269155
"1732","J01C",0.627619717585386
"1733","J01C",0.383439995252505
"1734","J01C",0.498646700025029
"1735","J01C",0.509281122930285
"1736","J01C",0.405741916252441
"1737","J01C",0.568375942126225
"1738","J01C",0.665809166698835
"1739","J01C",0.455721131617563
"1740","J01C",0.344403130153826
"1741","J01C",0.331026606395545
"1742","J01C",0.405796539721937
"1743","J01C",0.598128124257174
"1744","J01C",0.50425736792937
"1745","J01C",0.571288382758542
"1746","J01C",0.422516617844793
"1747","J01C",0.521947504930251
"1748","J01C",0.521003132095413
"1749","J01C",0.593288200296856
"1750","J01C",0.55499802345019
"1751","J01C",0.315494551798611
"1752","J01C",0.527414857921263
"1753","J01C",0.327455446220952
"1754","J01C",0.350315985831461
"1755","J01C",0.519875624833782
"1756","J01C",0.585748980424368
"1757","J01C",0.40600221083532
"1758","J01C",0.555070368887262
"1759","J01C",0.474696853908453
"1760","J01C",0.517140875114524
"1761","J01C",0.538581975084254
"1762","J01C",0.442692084479427
"1763","J01C",0.531494254313601
"1764","J01C",0.607549146373482
"1765","J01C",0.572740155827236
"1766","J01C",0.459671321960006
"1767","J01C",0.560530346849055
"1768","J01C",0.430498742769585
"1769","J01C",0.524890333853531
"1770","J01C",0.35067208066647
"1771","J01C",0.356543393440009
"1772","J01C",0.726646671253227
"1773","J01C",0.530306207941187
"1774","J01C",0.451977147692361
"1775","J01C",0.535639348395312
"1776","J01C",0.480299545506404
"1777","J01C",0.475783339526227
"1778","J01C",0.351421015467765
"1779","J01C",0.495728673836753
"1780","J01C",0.4574917723605
"1781","J01C",0.594033764884985
"1782","J01C",0.428991465235191
"1783","J01C",0.485313825606383
"1784","J01C",0.566311414252503
"1785","J01C",0.523087073379219
"1786","J01C",0.422114787685895
"1787","J01C",0.559228740632011
"1788","J01C",0.361390921123412
"1789","J01C",0.624839746818181
"1790","J01C",0.482981974010189
"1791","J01C",0.4537674569331
"1792","J01C",0.461016843874332
"1793","J01C",0.541936299942353
"1794","J01C",0.478200192438953
"1795","J01C",0.318352996078623
"1796","J01C",0.393606807025086
"1797","J01C",0.423561175908204
"1798","J01C",0.291500695022952
"1799","J01C",0.527418530302602
"1800","J01C",0.531126325698757
"1801","J01C",0.472476014480302
"1802","J01C",0.442661470137704
"1803","J01C",0.617566902235986
"1804","J01C",0.46892825088782
"1805","J01C",0.594637621992026
"1806","J01C",0.385538764884661
"1807","J01C",0.575493745527455
"1808","J01C",0.522879998169297
"1809","J01C",0.535095743914136
"1810","J01C",0.482740071438023
"1811","J01C",0.32136645051062
"1812","J01C",0.681417203400208
"1813","J01C",0.590332466901169
"1814","J01C",0.577578930262985
"1815","J01C",0.628799001163561
"1816","J01C",0.678857622464245
"1817","J01C",0.436044196991574
"1818","J01C",0.278127291071596
"1819","J01C",0.484151616825869
"1820","J01C",0.350480511336023
"1821","J01C",0.476036806098582
"1822","J01C",0.296026827845088
"1823","J01C",0.727714462943618
"1824","J01C",0.370495762190792
"1825","J01C",0.524836906458537
"1826","J01C",0.654001564003409
"1827","J01C",0.527859245071552
"1828","J01C",0.542613552134672
"1829","J01C",0.475502698997211
"1830","J01C",0.710967522485976
"1831","J01C",0.257654069940768
"1832","J01C",0.368654593281796
"1833","J01C",0.407830694155349
"1834","J01C",0.280667412077592
"1835","J01C",0.679862119663413
"1836","J01C",0.434378712002588
"1837","J01C",0.49462720622167
"1838","J01C",0.356213645578013
"1839","J01C",0.279102960092727
"1840","J01C",0.575347166642348
"1841","J01C",0.414902642149156
"1842","J01C",0.467534363476586
"1843","J01C",0.571800111943486
"1844","J01C",0.340250796615208
"1845","J01C",0.469073077415847
"1846","J01C",0.377505788732092
"1847","J01C",0.417945810076725
"1848","J01C",0.544543918249103
"1849","J01C",0.562989060191466
"1850","J01C",0.576582562635738
"1851","J01C",0.425740564381047
"1852","J01C",0.594734503810826
"1853","J01C",0.50589529108474
"1854","J01C",0.369333710568121
"1855","J01C",0.533076052701751
"1856","J01C",0.698934487310998
"1857","J01C",0.531970316645163
"1858","J01C",0.67050602599732
"1859","J01C",0.268403720474918
"1860","J01C",0.527107794817817
"1861","J01C",0.576229256814758
"1862","J01C",0.590303943792804
"1863","J01C",0.421222094178544
"1864","J01C",0.307375750610495
"1865","J01C",0.440188723925816
"1866","J01C",0.44318838763771
"1867","J01C",0.443132724103736
"1868","J01C",0.302668355257497
"1869","J01C",0.315814122505633
"1870","J01C",0.672546370018645
"1871","J01C",0.543226695751588
"1872","J01C",0.335073215005309
"1873","J01C",0.313004641631541
"1874","J01C",0.386151050750263
"1875","J01C",0.449469953218678
"1876","J01C",0.521962523750142
"1877","J01C",0.519114045003216
"1878","J01C",0.549919973696136
"1879","J01C",0.657055722680083
"1880","J01C",0.356736658419223
"1881","J01C",0.460627191177736
"1882","J01C",0.423472244346825
"1883","J01C",0.487863103013083
"1884","J01C",0.514236977884776
"1885","J01C",0.589708320723303
"1886","J01C",0.709251800549866
"1887","J01C",0.425913304418609
"1888","J01C",0.486983197691247
"1889","J01C",0.396815477799378
"1890","J01C",0.461556904167455
"1891","J01C",0.449548917660217
"1892","J01C",0.692880082187391
"1893","J01C",0.516440733096047
"1894","J01C",0.637577071518229
"1895","J01C",0.501656708450044
"1896","J01C",0.411695181549922
"1897","J01C",0.439302043166642
"1898","J01C",0.456461544582708
"1899","J01C",0.51312818848973
"1900","J01C",0.607261329964437
"1901","J01C",0.57912215186991
"1902","J01C",0.56410744834615
"1903","J01C",0.634933361178217
"1904","J01C",0.438039107942764
"1905","J01C",0.633996422829819
"1906","J01C",0.631040586049739
"1907","J01C",0.453737558574797
"1908","J01C",0.554064828843037
"1909","J01C",0.567613697401291
"1910","J01C",0.433930541914917
"1911","J01C",0.636617201417827
"1912","J01C",0.346722269165762
"1913","J01C",0.276776874725164
"1914","J01C",0.544456872933414
"1915","J01C",0.417248208099986
"1916","J01C",0.476992604677352
"1917","J01C",0.470829406380669
"1918","J01C",0.43750951774759
"1919","J01C",0.567274820220901
"1920","J01C",0.492974069064444
"1921","J01C",0.540644427102363
"1922","J01C",0.492600800918264
"1923","J01C",0.642831481250807
"1924","J01C",0.372447809262387
"1925","J01C",0.49689677125527
"1926","J01C",0.44796748729737
"1927","J01C",0.664095276808156
"1928","J01C",0.354098286919165
"1929","J01C",0.497766694037136
"1930","J01C",0.502716447048928
"1931","J01C",0.613250309149331
"1932","J01C",0.375048045350804
"1933","J01C",0.328125891363859
"1934","J01C",0.650390103893476
"1935","J01C",0.485160076682915
"1936","J01C",0.580832583156909
"1937","J01C",0.388256255485133
"1938","J01C",0.427333677593541
"1939","J01C",0.511047139497115
"1940","J01C",0.457363740964934
"1941","J01C",0.445092302832798
"1942","J01C",0.241297453258772
"1943","J01C",0.486432726955392
"1944","J01C",0.503771414667197
"1945","J01C",0.22916676408907
"1946","J01C",0.514423074384598
"1947","J01C",0.397517787201794
"1948","J01C",0.604456292545424
"1949","J01C",0.59901797091078
"1950","J01C",0.324640434843647
"1951","J01C",0.586338940675828
"1952","J01C",0.764725332744366
"1953","J01C",0.305754255006879
"1954","J01C",0.450222530462247
"1955","J01C",0.697831747294156
"1956","J01C",0.493642422945168
"1957","J01C",0.524992645547513
"1958","J01C",0.683537293794817
"1959","J01C",0.616842681752582
"1960","J01C",0.363566668342107
"1961","J01C",0.642533517366632
"1962","J01C",0.557602958555209
"1963","J01C",0.409495490727268
"1964","J01C",0.357953832757584
"1965","J01C",0.620762754407508
"1966","J01C",0.442484937050989
"1967","J01C",0.556211325061116
"1968","J01C",0.600902374960856
"1969","J01C",0.588163115630786
"1970","J01C",0.510980134138529
"1971","J01C",0.574183759246617
"1972","J01C",0.434466704956097
"1973","J01C",0.384558761939471
"1974","J01C",0.735568941138985
"1975","J01C",0.404360742145054
"1976","J01C",0.473291713633072
"1977","J01C",0.492750718417891
"1978","J01C",0.447867335910424
"1979","J01C",0.258172266946278
"1980","J01C",0.533391789571578
"1981","J01C",0.528088243127878
"1982","J01C",0.530696754871302
"1983","J01C",0.379097947986728
"1984","J01C",0.581497428713983
"1985","J01C",0.541856715534498
"1986","J01C",0.401122236297616
"1987","J01C",0.307666512163714
"1988","J01C",0.345572368529786
"1989","J01C",0.547012769307575
"1990","J01C",0.501436084906197
"1991","J01C",0.578996726562499
"1992","J01C",0.434136205585672
"1993","J01C",0.626680913506199
"1994","J01C",0.53106411311172
"1995","J01C",0.33979532071406
"1996","J01C",0.508771941850127
"1997","J01C",0.526228651607321
"1998","J01C",0.436599516283389
"1999","J01C",0.465004417248267
"2000","J01C",0.483780996431495
"2001","J01D",0.478590413345148
"2002","J01D",0.326897564757817
"2003","J01D",0.536788652955558
"2004","J01D",0.478124154306505
"2005","J01D",0.477490824914313
"2006","J01D",0.458259953351593
"2007","J01D",0.382806799274106
"2008","J01D",0.514491695726554
"2009","J01D",0.641864356484565
"2010","J01D",0.449078268935683
"2011","J01D",0.64761339752199
"2012","J01D",0.6318374949286
"2013","J01D",0.578078448606941
"2014","J01D",0.483916514894163
"2015","J01D",0.561224108813692
"2016","J01D",0.509130945165971
"2017","J01D",0.632014324294197
"2018","J01D",0.479747334727041
"2019","J01D",0.472048020210144
"2020","J01D",0.578371609034544
"2021","J01D",0.363095210878227
"2022","J01D",0.662802078484945
"2023","J01D",0.570024545136435
"2024","J01D",0.510348044844635
"2025","J01D",0.478875678694564
"2026","J01D",0.57285890069415
"2027","J01D",0.542925248614131
"2028","J01D",0.478688686918404
"2029","J01D",0.635645200786204
"2030","J01D",0.528243889172807
"2031","J01D",0.503813015051762
"2032","J01D",0.403528407344349
"2033","J01D",0.475477886211422
"2034","J01D",0.676195095114025
"2035","J01D",0.502813261077337
"2036","J01D",0.344090149125678
"2037","J01D",0.457883944076072
"2038","J01D",0.35621276221955
"2039","J01D",0.468100465949287
"2040","J01D",0.45240185033918
"2041","J01D",0.447116931258379
"2042","J01D",0.526385766048214
"2043","J01D",0.51843487458806
"2044","J01D",0.542781152656268
"2045","J01D",0.595846827914392
"2046","J01D",0.37654809992666
"2047","J01D",0.490877590526105
"2048","J01D",0.423064055834089
"2049","J01D",0.470912973873906
"2050","J01D",0.731135572022635
"2051","J01D",0.623918499759642
"2052","J01D",0.612119615092066
"2053","J01D",0.549363977191952
"2054","J01D",0.459671190249976
"2055","J01D",0.475009096851624
"2056","J01D",0.545207373288532
"2057","J01D",0.571517501917112
"2058","J01D",0.572607052482172
"2059","J01D",0.473204486581871
"2060","J01D",0.451690436195882
"2061","J01D",0.545524991793699
"2062","J01D",0.519075108765433
"2063","J01D",0.584183521442811
"2064","J01D",0.457720444787288
"2065","J01D",0.584460244920659
"2066","J01D",0.559479941475145
"2067","J01D",0.708413223650736
"2068","J01D",0.55226570177218
"2069","J01D",0.579450619149647
"2070","J01D",0.530607463807547
"2071","J01D",0.40790731550269
"2072","J01D",0.537032944742234
"2073","J01D",0.554512439340851
"2074","J01D",0.510136840596553
"2075","J01D",0.488149511129359
"2076","J01D",0.50350480070787
"2077","J01D",0.533995211902481
"2078","J01D",0.525364898371909
"2079","J01D",0.550436871506756
"2080","J01D",0.586944990603701
"2081","J01D",0.625714590745095
"2082","J01D",0.501870839779952
"2083","J01D",0.540730841919665
"2084","J01D",0.614772142527344
"2085","J01D",0.626811383988206
"2086","J01D",0.571895793548602
"2087","J01D",0.424852528872366
"2088","J01D",0.461126069066869
"2089","J01D",0.549291438768019
"2090","J01D",0.561080864609815
"2091","J01D",0.563275572474355
"2092","J01D",0.42074685805626
"2093","J01D",0.629361561262308
"2094","J01D",0.595767906654334
"2095","J01D",0.58673856617271
"2096","J01D",0.520894886939907
"2097","J01D",0.452782518062685
"2098","J01D",0.597295751243184
"2099","J01D",0.688552507298857
"2100","J01D",0.499807971987998
"2101","J01D",0.49489743830978
"2102","J01D",0.609231476352658
"2103","J01D",0.542622575894485
"2104","J01D",0.478481526333737
"2105","J01D",0.537640221264469
"2106","J01D",0.516183086024688
"2107","J01D",0.643501608506444
"2108","J01D",0.592933882223678
"2109","J01D",0.44560613509028
"2110","J01D",0.404991624869833
"2111","J01D",0.573212421204034
"2112","J01D",0.570724445087766
"2113","J01D",0.58156739888255
"2114","J01D",0.742302138312658
"2115","J01D",0.558851126185239
"2116","J01D",0.510903657421528
"2117","J01D",0.501942247584143
"2118","J01D",0.49418931293386
"2119","J01D",0.484599620603783
"2120","J01D",0.564098532888176
"2121","J01D",0.62208201039066
"2122","J01D",0.46385456337232
"2123","J01D",0.577919607425169
"2124","J01D",0.627035268532244
"2125","J01D",0.741268218281395
"2126","J01D",0.586801346717392
"2127","J01D",0.456588767673653
"2128","J01D",0.507976153855092
"2129","J01D",0.569663138786537
"2130","J01D",0.322363843196792
"2131","J01D",0.548004810992989
"2132","J01D",0.536798472987907
"2133","J01D",0.458434923875027
"2134","J01D",0.579090780412507
"2135","J01D",0.640037106967325
"2136","J01D",0.487007156545516
"2137","J01D",0.577759765232012
"2138","J01D",0.515158791290686
"2139","J01D",0.600009341955743
"2140","J01D",0.724984970955722
"2141","J01D",0.575823896773843
"2142","J01D",0.651500306816678
"2143","J01D",0.622003306994101
"2144","J01D",0.410109640738705
"2145","J01D",0.566269155822036
"2146","J01D",0.668549538875057
"2147","J01D",0.601084143153067
"2148","J01D",0.510746458271948
"2149","J01D",0.447947346685768
"2150","J01D",0.438609413985367
"2151","J01D",0.53020226670863
"2152","J01D",0.441239538802068
"2153","J01D",0.411814556960296
"2154","J01D",0.501693281388899
"2155","J01D",0.567488903383096
"2156","J01D",0.505105203581418
"2157","J01D",0.457407640597158
"2158","J01D",0.585799403330229
"2159","J01D",0.554952030651286
"2160","J01D",0.448237322220202
"2161","J01D",0.641958840829762
"2162","J01D",0.608134051557358
"2163","J01D",0.428105049126072
"2164","J01D",0.530618465805973
"2165","J01D",0.384703421346194
"2166","J01D",0.606804755785486
"2167","J01D",0.5909243400547
"2168","J01D",0.348422345765036
"2169","J01D",0.575455448327858
"2170","J01D",0.527488069294627
"2171","J01D",0.623854449564836
"2172","J01D",0.390396940491046
"2173","J01D",0.398811771425439
"2174","J01D",0.565864945111577
"2175","J01D",0.532452896236209
"2176","J01D",0.531565253950718
"2177","J01D",0.442559498302455
"2178","J01D",0.603490492954127
"2179","J01D",0.554958458856807
"2180","J01D",0.464101929584817
"2181","J01D",0.484897258533686
"2182","J01D",0.392967414179635
"2183","J01D",0.731544700350427
"2184","J01D",0.533426698145943
"2185","J01D",0.602472503774177
"2186","J01D",0.638652006348008
"2187","J01D",0.64685461493651
"2188","J01D",0.456076134996116
"2189","J01D",0.453290654646462
"2190","J01D",0.480122138469764
"2191","J01D",0.502693850268995
"2192","J01D",0.477717127273012
"2193","J01D",0.537089762347233
"2194","J01D",0.633417777375422
"2195","J01D",0.585339559443402
"2196","J01D",0.543474352377498
"2197","J01D",0.559637467286776
"2198","J01D",0.551835569547831
"2199","J01D",0.617120579131627
"2200","J01D",0.537933284963979
"2201","J01D",0.587587735690478
"2202","J01D",0.365233968057435
"2203","J01D",0.544160764258809
"2204","J01D",0.44817410026896
"2205","J01D",0.387149811712182
"2206","J01D",0.397438456637357
"2207","J01D",0.308452295444895
"2208","J01D",0.627573494928483
"2209","J01D",0.384944509324138
"2210","J01D",0.531842915553422
"2211","J01D",0.521574574330777
"2212","J01D",0.374737360779527
"2213","J01D",0.551143286361434
"2214","J01D",0.560602728270348
"2215","J01D",0.570719591941831
"2216","J01D",0.518536212188466
"2217","J01D",0.485709600510812
"2218","J01D",0.524371256692291
"2219","J01D",0.666334728934077
"2220","J01D",0.476413157949476
"2221","J01D",0.445407511505527
"2222","J01D",0.40771505662312
"2223","J01D",0.574469495255159
"2224","J01D",0.582031686955866
"2225","J01D",0.624460350225876
"2226","J01D",0.61941065388153
"2227","J01D",0.579515017502335
"2228","J01D",0.464994063395048
"2229","J01D",0.483120475586507
"2230","J01D",0.378222996301109
"2231","J01D",0.574842141498979
"2232","J01D",0.574124359937964
"2233","J01D",0.571222546392289
"2234","J01D",0.502718514655784
"2235","J01D",0.706602086411459
"2236","J01D",0.539760523465088
"2237","J01D",0.650668697202577
"2238","J01D",0.552892900557549
"2239","J01D",0.709328822299748
"2240","J01D",0.405074845381303
"2241","J01D",0.610597476003918
"2242","J01D",0.557502182189241
"2243","J01D",0.512584281627238
"2244","J01D",0.416723493114195
"2245","J01D",0.642881384616321
"2246","J01D",0.576499587058392
"2247","J01D",0.49438793998854
"2248","J01D",0.433729833073602
"2249","J01D",0.456330560000097
"2250","J01D",0.563130148585287
"2251","J01D",0.595626914941095
"2252","J01D",0.54106602353111
"2253","J01D",0.506200991702167
"2254","J01D",0.578020800867296
"2255","J01D",0.514243572428803
"2256","J01D",0.504386307067253
"2257","J01D",0.629714430656524
"2258","J01D",0.57350754875365
"2259","J01D",0.580135032231508
"2260","J01D",0.492228819232341
"2261","J01D",0.555417167977351
"2262","J01D",0.503853889598893
"2263","J01D",0.425007298691758
"2264","J01D",0.503856273746999
"2265","J01D",0.526439695822004
"2266","J01D",0.381222216382657
"2267","J01D",0.504477681307201
"2268","J01D",0.588406296340742
"2269","J01D",0.505123891830967
"2270","J01D",0.53748642113061
"2271","J01D",0.451972663331553
"2272","J01D",0.485130274309386
"2273","J01D",0.508598075850062
"2274","J01D",0.291813078282684
"2275","J01D",0.448392858446427
"2276","J01D",0.559179968522208
"2277","J01D",0.52899760019676
"2278","J01D",0.492346379989764
"2279","J01D",0.553283223833833
"2280","J01D",0.477416765027991
"2281","J01D",0.483418758737585
"2282","J01D",0.668297416045352
"2283","J01D",0.560395636078233
"2284","J01D",0.516854728957614
"2285","J01D",0.529021626783841
"2286","J01D",0.440433191668553
"2287","J01D",0.387899475695153
"2288","J01D",0.4626932512902
"2289","J01D",0.433499253575064
"2290","J01D",0.57546923315765
"2291","J01D",0.39666750953597
"2292","J01D",0.454846680625832
"2293","J01D",0.565724596757021
"2294","J01D",0.451797117061698
"2295","J01D",0.545394215867108
"2296","J01D",0.568497798181499
"2297","J01D",0.486051956713235
"2298","J01D",0.492724166108579
"2299","J01D",0.717142836639656
"2300","J01D",0.509029916997666
"2301","J01D",0.549410340218588
"2302","J01D",0.611380995458929
"2303","J01D",0.643221908350216
"2304","J01D",0.469683799858736
"2305","J01D",0.596727804213377
"2306","J01D",0.438194656835009
"2307","J01D",0.610001690854988
"2308","J01D",0.474577799192944
"2309","J01D",0.563444615714723
"2310","J01D",0.521304424639311
"2311","J01D",0.557531556655593
"2312","J01D",0.592837742773501
"2313","J01D",0.632907347876361
"2314","J01D",0.661647068319373
"2315","J01D",0.637345130890566
"2316","J01D",0.598993298866917
"2317","J01D",0.419683046808809
"2318","J01D",0.449346029426388
"2319","J01D",0.553436226224126
"2320","J01D",0.511091528161919
"2321","J01D",0.528526100329076
"2322","J01D",0.652228051738064
"2323","J01D",0.547498034075818
"2324","J01D",0.359624706533451
"2325","J01D",0.664401442539252
"2326","J01D",0.654108393870735
"2327","J01D",0.582233193088523
"2328","J01D",0.592979181724639
"2329","J01D",0.498155803852615
"2330","J01D",0.48045680890052
"2331","J01D",0.407401905353531
"2332","J01D",0.569997072731142
"2333","J01D",0.506667272390465
"2334","J01D",0.559458620463495
"2335","J01D",0.557226586292555
"2336","J01D",0.445911134749089
"2337","J01D",0.466692667866968
"2338","J01D",0.47711978374496
"2339","J01D",0.533158804810819
"2340","J01D",0.458586548208801
"2341","J01D",0.716128437967875
"2342","J01D",0.532810408017112
"2343","J01D",0.671607105362427
"2344","J01D",0.569153560757282
"2345","J01D",0.557535992302838
"2346","J01D",0.602540909158122
"2347","J01D",0.612741391716612
"2348","J01D",0.634423505604621
"2349","J01D",0.48380821447901
"2350","J01D",0.570036757155395
"2351","J01D",0.585283480912369
"2352","J01D",0.565578873821561
"2353","J01D",0.427216691646037
"2354","J01D",0.406107953289591
"2355","J01D",0.635358025206383
"2356","J01D",0.636945112107358
"2357","J01D",0.429120876837945
"2358","J01D",0.567316801995581
"2359","J01D",0.576071613197725
"2360","J01D",0.432018138507628
"2361","J01D",0.530482009574628
"2362","J01D",0.593894981150737
"2363","J01D",0.602417497849193
"2364","J01D",0.524496128008298
"2365","J01D",0.429923806608747
"2366","J01D",0.428649876442175
"2367","J01D",0.531214936074808
"2368","J01D",0.360054038651857
"2369","J01D",0.672821350634602
"2370","J01D",0.535958080988219
"2371","J01D",0.583467118882815
"2372","J01D",0.539510115891326
"2373","J01D",0.564932665340258
"2374","J01D",0.504676569162844
"2375","J01D",0.409823935863364
"2376","J01D",0.482523883744433
"2377","J01D",0.549685826066102
"2378","J01D",0.395226889720814
"2379","J01D",0.553489642081474
"2380","J01D",0.418612429756286
"2381","J01D",0.406715302380563
"2382","J01D",0.53061552415918
"2383","J01D",0.606490193341454
"2384","J01D",0.679494999815329
"2385","J01D",0.60476559950902
"2386","J01D",0.519535115719131
"2387","J01D",0.636737952730963
"2388","J01D",0.67532388193043
"2389","J01D",0.507946225659479
"2390","J01D",0.598222457051114
"2391","J01D",0.51584526453895
"2392","J01D",0.586033561113676
"2393","J01D",0.504567773152788
"2394","J01D",0.598549937174893
"2395","J01D",0.574765442159308
"2396","J01D",0.70723606690456
"2397","J01D",0.678767268258808
"2398","J01D",0.639751428858632
"2399","J01D",0.415951914839692
"2400","J01D",0.537351707557469
"2401","J01D",0.627231823331089
"2402","J01D",0.519049722691419
"2403","J01D",0.584563086992213
"2404","J01D",0.575004526220116
"2405","J01D",0.754859084884852
"2406","J01D",0.580913469201171
"2407","J01D",0.526678815698353
"2408","J01D",0.595044110078709
"2409","J01D",0.565131062903231
"2410","J01D",0.393445971405693
"2411","J01D",0.657166122274376
"2412","J01D",0.583784013787528
"2413","J01D",0.538158795938252
"2414","J01D",0.498006120971809
"2415","J01D",0.668647137699356
"2416","J01D",0.651340817712248
"2417","J01D",0.624232441253058
"2418","J01D",0.464118253966772
"2419","J01D",0.494200121805941
"2420","J01D",0.538019372530124
"2421","J01D",0.511283783906117
"2422","J01D",0.587038209436553
"2423","J01D",0.556938601728613
"2424","J01D",0.545746715508877
"2425","J01D",0.542608315083538
"2426","J01D",0.57643148828579
"2427","J01D",0.45622151047038
"2428","J01D",0.535245804896951
"2429","J01D",0.42320743138531
"2430","J01D",0.545765919256611
"2431","J01D",0.560339853923857
"2432","J01D",0.541274116007002
"2433","J01D",0.474253313011689
"2434","J01D",0.477264750605687
"2435","J01D",0.640693451148356
"2436","J01D",0.609889515976308
"2437","J01D",0.616760807096507
"2438","J01D",0.454305172381846
"2439","J01D",0.408412091355184
"2440","J01D",0.551446537539061
"2441","J01D",0.710847555155413
"2442","J01D",0.455201832509166
"2443","J01D",0.59781306242065
"2444","J01D",0.37357210007828
"2445","J01D",0.52043533460819
"2446","J01D",0.531339380809888
"2447","J01D",0.371711066326883
"2448","J01D",0.554109337045632
"2449","J01D",0.751162075739539
"2450","J01D",0.48204947445252
"2451","J01D",0.421011237501527
"2452","J01D",0.753487291383047
"2453","J01D",0.585270646717776
"2454","J01D",0.487938160833558
"2455","J01D",0.41449428902244
"2456","J01D",0.55222801571426
"2457","J01D",0.496567994169051
"2458","J01D",0.594355976253513
"2459","J01D",0.584354742884497
"2460","J01D",0.637629723155582
"2461","J01D",0.565484861953084
"2462","J01D",0.522902511973826
"2463","J01D",0.596091643230053
"2464","J01D",0.701749965285942
"2465","J01D",0.568619261049373
"2466","J01D",0.554343651492308
"2467","J01D",0.548933872084085
"2468","J01D",0.35690561743602
"2469","J01D",0.360801676476686
"2470","J01D",0.711951059391273
"2471","J01D",0.531336020486242
"2472","J01D",0.513833617773817
"2473","J01D",0.535322049217289
"2474","J01D",0.46308407957938
"2475","J01D",0.548692296148505
"2476","J01D",0.41936220707943
"2477","J01D",0.7151708262006
"2478","J01D",0.49179249906376
"2479","J01D",0.485635228906213
"2480","J01D",0.578774450529357
"2481","J01D",0.580183227361869
"2482","J01D",0.610924489246575
"2483","J01D",0.632777927115963
"2484","J01D",0.53048913544086
"2485","J01D",0.570302170717837
"2486","J01D",0.412687138144766
"2487","J01D",0.51647921707423
"2488","J01D",0.568291015966365
"2489","J01D",0.465337352630755
"2490","J01D",0.4376597173462
"2491","J01D",0.606252372530709
"2492","J01D",0.520784131047861
"2493","J01D",0.53986181115762
"2494","J01D",0.394708411336523
"2495","J01D",0.67173347285639
"2496","J01D",0.540705943868127
"2497","J01D",0.37185277550196
"2498","J01D",0.605519586916917
"2499","J01D",0.54906973784511
"2500","J01D",0.50379258799255
"2501","J01D",0.558985004336297
"2502","J01D",0.47718522786701
"2503","J01D",0.516555116911798
"2504","J01D",0.377844228689512
"2505","J01D",0.489954417104104
"2506","J01D",0.446922213243597
"2507","J01D",0.425010723733551
"2508","J01D",0.350252746107769
"2509","J01D",0.506410716325647
"2510","J01D",0.531317570436162
"2511","J01D",0.601352381861857
"2512","J01D",0.64144361480184
"2513","J01D",0.506849701329488
"2514","J01D",0.611303274311226
"2515","J01D",0.484868026333288
"2516","J01D",0.552669325957391
"2517","J01D",0.558595659175139
"2518","J01D",0.562721926175544
"2519","J01D",0.492648727658679
"2520","J01D",0.570872400874863
"2521","J01D",0.544201868381351
"2522","J01D",0.511445506911792
"2523","J01D",0.465744759601845
"2524","J01D",0.434390898848254
"2525","J01D",0.546666409022448
"2526","J01D",0.492002335599866
"2527","J01D",0.596969408560571
"2528","J01D",0.456813541492042
"2529","J01D",0.634422215301935
"2530","J01D",0.476819612874244
"2531","J01D",0.828276035638632
"2532","J01D",0.481127390785873
"2533","J01D",0.61678470937836
"2534","J01D",0.477999155752497
"2535","J01D",0.597918210310841
"2536","J01D",0.575881230797418
"2537","J01D",0.579137788585963
"2538","J01D",0.522698460731829
"2539","J01D",0.676081512556877
"2540","J01D",0.593543629825085
"2541","J01D",0.698305910611059
"2542","J01D",0.557078829175091
"2543","J01D",0.496112981674083
"2544","J01D",0.607679689020881
"2545","J01D",0.44330318089553
"2546","J01D",0.523426932585009
"2547","J01D",0.463286344514605
"2548","J01D",0.452777203703732
"2549","J01D",0.489636684506488
"2550","J01D",0.624231066713064
"2551","J01D",0.511028998948847
"2552","J01D",0.586160150964586
"2553","J01D",0.409220094011966
"2554","J01D",0.482590087455756
"2555","J01D",0.532080318111656
"2556","J01D",0.420973451696979
"2557","J01D",0.593544378955354
"2558","J01D",0.451874007888513
"2559","J01D",0.393821582278619
"2560","J01D",0.636716073725798
"2561","J01D",0.519847158323756
"2562","J01D",0.676477695349207
"2563","J01D",0.640534698690765
"2564","J01D",0.547304325883325
"2565","J01D",0.507879155235958
"2566","J01D",0.575871141907012
"2567","J01D",0.465379720705492
"2568","J01D",0.45257814860481
"2569","J01D",0.580998692255876
"2570","J01D",0.540430608457571
"2571","J01D",0.513029056108189
"2572","J01D",0.484965373958942
"2573","J01D",0.571886768512761
"2574","J01D",0.586496977250881
"2575","J01D",0.580518691325243
"2576","J01D",0.422373929785108
"2577","J01D",0.526723954387495
"2578","J01D",0.601466980521951
"2579","J01D",0.488961980879858
"2580","J01D",0.513845052969432
"2581","J01D",0.758021104357408
"2582","J01D",0.605989082681424
"2583","J01D",0.506303344654278
"2584","J01D",0.499043212567649
"2585","J01D",0.498519742311571
"2586","J01D",0.639770189478118
"2587","J01D",0.640030917942451
"2588","J01D",0.416592681075674
"2589","J01D",0.54104358678959
"2590","J01D",0.6802758588985
"2591","J01D",0.427653603910597
"2592","J01D",0.504459243786307
"2593","J01D",0.542942739313484
"2594","J01D",0.617860497258759
"2595","J01D",0.57207233089757
"2596","J01D",0.520397864059401
"2597","J01D",0.481848375248015
"2598","J01D",0.654935999081944
"2599","J01D",0.471076610856992
"2600","J01D",0.554262376954133
"2601","J01D",0.560478878249664
"2602","J01D",0.620798286891629
"2603","J01D",0.600433820826793
"2604","J01D",0.413193486505975
"2605","J01D",0.499690910062921
"2606","J01D",0.644130584572685
"2607","J01D",0.350273244218494
"2608","J01D",0.440024859303558
"2609","J01D",0.657772044266897
"2610","J01D",0.463325997797937
"2611","J01D",0.46872042520727
"2612","J01D",0.562866436817002
"2613","J01D",0.494602531066366
"2614","J01D",0.624855302566124
"2615","J01D",0.506899275726431
"2616","J01D",0.54538796114349
"2617","J01D",0.545555789993075
"2618","J01D",0.607542291182425
"2619","J01D",0.627269860774712
"2620","J01D",0.611459761981926
"2621","J01D",0.571582725798879
"2622","J01D",0.601727279048872
"2623","J01D",0.572981086043548
"2624","J01D",0.47940514435601
"2625","J01D",0.547456729248031
"2626","J01D",0.519628122057448
"2627","J01D",0.538822366501931
"2628","J01D",0.540406288004708
"2629","J01D",0.559285241992273
"2630","J01D",0.447375857032096
"2631","J01D",0.69136725784715
"2632","J01D",0.591626386321797
"2633","J01D",0.544605985429261
"2634","J01D",0.520420596066619
"2635","J01D",0.459254412948426
"2636","J01D",0.544775312895235
"2637","J01D",0.576233026260793
"2638","J01D",0.624980435430941
"2639","J01D",0.270681137620491
"2640","J01D",0.51211708859012
"2641","J01D",0.506239716166138
"2642","J01D",0.515246302064033
"2643","J01D",0.535525598676917
"2644","J01D",0.419791643482073
"2645","J01D",0.489458249693256
"2646","J01D",0.537507227827755
"2647","J01D",0.603749403264062
"2648","J01D",0.536309106800785
"2649","J01D",0.570804887045417
"2650","J01D",0.514384690853789
"2651","J01D",0.429755477407201
"2652","J01D",0.573397595286619
"2653","J01D",0.540581615147231
"2654","J01D",0.522471394364801
"2655","J01D",0.446623979655289
"2656","J01D",0.434751682058281
"2657","J01D",0.487938900747762
"2658","J01D",0.554726192735826
"2659","J01D",0.475466239545413
"2660","J01D",0.604607761335126
"2661","J01D",0.546560005815548
"2662","J01D",0.677631404019566
"2663","J01D",0.70001631957502
"2664","J01D",0.559532405509956
"2665","J01D",0.558993930175519
"2666","J01D",0.530942457239279
"2667","J01D",0.643646762197941
"2668","J01D",0.53073880001339
"2669","J01D",0.464991819950115
"2670","J01D",0.577482427914942
"2671","J01D",0.437627440532202
"2672","J01D",0.608924614399683
"2673","J01D",0.438526787175407
"2674","J01D",0.494811327700423
"2675","J01D",0.603380310723842
"2676","J01D",0.494023369375255
"2677","J01D",0.442771663764872
"2678","J01D",0.709761451887851
"2679","J01D",0.443477405554994
"2680","J01D",0.520931436357157
"2681","J01D",0.537230116364038
"2682","J01D",0.531618940531405
"2683","J01D",0.602360333613477
"2684","J01D",0.474701868057985
"2685","J01D",0.502045119279946
"2686","J01D",0.589574414795659
"2687","J01D",0.439558076994147
"2688","J01D",0.455170758391497
"2689","J01D",0.512807770700812
"2690","J01D",0.60843566611003
"2691","J01D",0.519692459956855
"2692","J01D",0.532681004996015
"2693","J01D",0.460883841544024
"2694","J01D",0.454483035140178
"2695","J01D",0.531218136095644
"2696","J01D",0.550379244257418
"2697","J01D",0.632300596712801
"2698","J01D",0.529499062328342
"2699","J01D",0.593730050912553
"2700","J01D",0.606509485822809
"2701","J01D",0.511222861502727
"2702","J01D",0.605480154884869
"2703","J01D",0.378660960765085
"2704","J01D",0.560262411259597
"2705","J01D",0.512942763698081
"2706","J01D",0.627775392245629
"2707","J01D",0.482976833720011
"2708","J01D",0.543719515838421
"2709","J01D",0.48919502610355
"2710","J01D",0.611872951393668
"2711","J01D",0.612079887184885
"2712","J01D",0.483575285436057
"2713","J01D",0.455434727378594
"2714","J01D",0.579286322691662
"2715","J01D",0.50725899750617
"2716","J01D",0.662067472425442
"2717","J01D",0.528383008927677
"2718","J01D",0.641701786617251
"2719","J01D",0.582212340340825
"2720","J01D",0.551817890205569
"2721","J01D",0.601323964560347
"2722","J01D",0.443999423300191
"2723","J01D",0.543208472895312
"2724","J01D",0.633534500302355
"2725","J01D",0.520456792430059
"2726","J01D",0.465705245269501
"2727","J01D",0.533550300632962
"2728","J01D",0.474460113117472
"2729","J01D",0.523317865601744
"2730","J01D",0.474744951081606
"2731","J01D",0.617353678365092
"2732","J01D",0.445396412334364
"2733","J01D",0.503982349527356
"2734","J01D",0.472964696319846
"2735","J01D",0.536805345118362
"2736","J01D",0.503743898983642
"2737","J01D",0.502278782579362
"2738","J01D",0.497231353338734
"2739","J01D",0.463987173987052
"2740","J01D",0.613220141508916
"2741","J01D",0.543697001469992
"2742","J01D",0.56659973991977
"2743","J01D",0.477823302726684
"2744","J01D",0.673858323167471
"2745","J01D",0.417857488993859
"2746","J01D",0.514171413845975
"2747","J01D",0.587675949346497
"2748","J01D",0.582161349625178
"2749","J01D",0.420193042121148
"2750","J01D",0.5549034822906
"2751","J01D",0.720410189950452
"2752","J01D",0.436629649456725
"2753","J01D",0.498040747490453
"2754","J01D",0.545809758793692
"2755","J01D",0.54854275330262
"2756","J01D",0.51165149485206
"2757","J01D",0.354372955252724
"2758","J01D",0.624825795570475
"2759","J01D",0.61511729076061
"2760","J01D",0.600080715665901
"2761","J01D",0.655928615683584
"2762","J01D",0.63007516357991
"2763","J01D",0.402088000224821
"2764","J01D",0.586609003801916
"2765","J01D",0.460945507494149
"2766","J01D",0.515276959916332
"2767","J01D",0.57736136791802
"2768","J01D",0.54407349674853
"2769","J01D",0.687886445113865
"2770","J01D",0.528213959507999
"2771","J01D",0.443730975605518
"2772","J01D",0.655301341411663
"2773","J01D",0.671840459722814
"2774","J01D",0.617859881395143
"2775","J01D",0.690805322010946
"2776","J01D",0.572118979357008
"2777","J01D",0.692135936886897
"2778","J01D",0.527140506661166
"2779","J01D",0.525822532734662
"2780","J01D",0.617114713019629
"2781","J01D",0.664715942388243
"2782","J01D",0.497407878600976
"2783","J01D",0.380858654005107
"2784","J01D",0.609797899384835
"2785","J01D",0.438956329586535
"2786","J01D",0.594564264285897
"2787","J01D",0.53658766489801
"2788","J01D",0.406114202006943
"2789","J01D",0.591606471372735
"2790","J01D",0.54422266556396
"2791","J01D",0.46831711843081
"2792","J01D",0.568428382378663
"2793","J01D",0.379163504740379
"2794","J01D",0.531798517189518
"2795","J01D",0.552397229397498
"2796","J01D",0.247061589773489
"2797","J01D",0.576620621653429
"2798","J01D",0.636210110368499
"2799","J01D",0.59824669055512
"2800","J01D",0.652975045273758
"2801","J01D",0.498374928920146
"2802","J01D",0.4989272040656
"2803","J01D",0.633631835798825
"2804","J01D",0.518663548236117
"2805","J01D",0.461608004769482
"2806","J01D",0.614700094041516
"2807","J01D",0.662219888884475
"2808","J01D",0.596011072517278
"2809","J01D",0.449705237063728
"2810","J01D",0.627121059924636
"2811","J01D",0.493033601431967
"2812","J01D",0.5421660487578
"2813","J01D",0.547835096761385
"2814","J01D",0.552557426373098
"2815","J01D",0.654337946654934
"2816","J01D",0.625828518027574
"2817","J01D",0.565479725631377
"2818","J01D",0.372041216067811
"2819","J01D",0.778270044917043
"2820","J01D",0.580064797650641
"2821","J01D",0.541628203059782
"2822","J01D",0.510658552605574
"2823","J01D",0.538485835533397
"2824","J01D",0.622787977389769
"2825","J01D",0.633105832302635
"2826","J01D",0.631197282624919
"2827","J01D",0.582096659228979
"2828","J01D",0.600993288744113
"2829","J01D",0.495134144885578
"2830","J01D",0.484934054926896
"2831","J01D",0.531849390829591
"2832","J01D",0.46316840826942
"2833","J01D",0.620597240507693
"2834","J01D",0.424294794964194
"2835","J01D",0.538279994350464
"2836","J01D",0.43233264954725
"2837","J01D",0.598092868280993
"2838","J01D",0.52909423934718
"2839","J01D",0.478701234920627
"2840","J01D",0.57268966233352
"2841","J01D",0.459844604100246
"2842","J01D",0.448909384161096
"2843","J01D",0.470579599958428
"2844","J01D",0.525146022620126
"2845","J01D",0.577869142798413
"2846","J01D",0.373971128270511
"2847","J01D",0.669610712197355
"2848","J01D",0.44404172193849
"2849","J01D",0.655412397871481
"2850","J01D",0.489829526193854
"2851","J01D",0.429769914398506
"2852","J01D",0.406658167309285
"2853","J01D",0.477232131186734
"2854","J01D",0.784349814216569
"2855","J01D",0.652730598530769
"2856","J01D",0.510901839864441
"2857","J01D",0.686251195565089
"2858","J01D",0.603152143869227
"2859","J01D",0.508295909772862
"2860","J01D",0.663977104107572
"2861","J01D",0.500742678296887
"2862","J01D",0.425041000069802
"2863","J01D",0.557779877588296
"2864","J01D",0.649447134621272
"2865","J01D",0.500597044877659
"2866","J01D",0.574020742250092
"2867","J01D",0.58051876746518
"2868","J01D",0.517750419881772
"2869","J01D",0.703264767464569
"2870","J01D",0.634100494739946
"2871","J01D",0.491055836230861
"2872","J01D",0.475929767455782
"2873","J01D",0.550318290228553
"2874","J01D",0.619898259308896
"2875","J01D",0.561173619054798
"2876","J01D",0.712850037788381
"2877","J01D",0.432678073323818
"2878","J01D",0.61100459517982
"2879","J01D",0.551428998120204
"2880","J01D",0.312501291992803
"2881","J01D",0.457220342556173
"2882","J01D",0.580317619012684
"2883","J01D",0.497251902334297
"2884","J01D",0.50865076983545
"2885","J01D",0.592957161657196
"2886","J01D",0.530882045809875
"2887","J01D",0.600528670628943
"2888","J01D",0.559211584246742
"2889","J01D",0.612075537785491
"2890","J01D",0.55532835343782
"2891","J01D",0.581706377072096
"2892","J01D",0.467922251734462
"2893","J01D",0.461680040785482
"2894","J01D",0.499271272611531
"2895","J01D",0.380704107027504
"2896","J01D",0.666419142949401
"2897","J01D",0.437421512971299
"2898","J01D",0.643015579855563
"2899","J01D",0.513151005828116
"2900","J01D",0.525656985150489
"2901","J01D",0.52824142962465
"2902","J01D",0.464035875586649
"2903","J01D",0.561308461450151
"2904","J01D",0.590670774542702
"2905","J01D",0.582334874506259
"2906","J01D",0.603649479032631
"2907","J01D",0.62452857230985
"2908","J01D",0.466330134898431
"2909","J01D",0.637293390030694
"2910","J01D",0.486952156052935
"2911","J01D",0.59631338245351
"2912","J01D",0.559982846710492
"2913","J01D",0.552147367604662
"2914","J01D",0.416672896291019
"2915","J01D",0.44238539706366
"2916","J01D",0.509339828016619
"2917","J01D",0.456855197864012
"2918","J01D",0.669146286656216
"2919","J01D",0.541928734183449
"2920","J01D",0.56437668916131
"2921","J01D",0.65241213672096
"2922","J01D",0.60404113968122
"2923","J01D",0.493305514950093
"2924","J01D",0.496549572579566
"2925","J01D",0.340685712347789
"2926","J01D",0.693890124111386
"2927","J01D",0.451542764853161
"2928","J01D",0.63216592640363
"2929","J01D",0.434435356819311
"2930","J01D",0.460536415301082
"2931","J01D",0.410497794309161
"2932","J01D",0.654082269476359
"2933","J01D",0.500518034333115
"2934","J01D",0.437120097915566
"2935","J01D",0.600414474491347
"2936","J01D",0.4481383374413
"2937","J01D",0.54057294745528
"2938","J01D",0.524516974026466
"2939","J01D",0.633687493506126
"2940","J01D",0.628603266750992
"2941","J01D",0.49079119502089
"2942","J01D",0.627398558601214
"2943","J01D",0.58452551283473
"2944","J01D",0.429353854599667
"2945","J01D",0.423261228405925
"2946","J01D",0.516212222639386
"2947","J01D",0.531341396850069
"2948","J01D",0.489654684600707
"2949","J01D",0.53210831137166
"2950","J01D",0.643434630785807
"2951","J01D",0.503804032735367
"2952","J01D",0.576227941343937
"2953","J01D",0.681947503450911
"2954","J01D",0.619461263259644
"2955","J01D",0.461122816368302
"2956","J01D",0.48817667172135
"2957","J01D",0.609071122761745
"2958","J01D",0.580436665428376
"2959","J01D",0.50653980110867
"2960","J01D",0.573649988204274
"2961","J01D",0.480883814139069
"2962","J01D",0.579492423536581
"2963","J01D",0.450460467018285
"2964","J01D",0.58310940253652
"2965","J01D",0.668684867774445
"2966","J01D",0.479631063626119
"2967","J01D",0.557563852866585
"2968","J01D",0.484747339951378
"2969","J01D",0.500810636296042
"2970","J01D",0.508231230283634
"2971","J01D",0.414056522377907
"2972","J01D",0.615401974116033
"2973","J01D",0.640998622954766
"2974","J01D",0.552604921700847
"2975","J01D",0.495079069200338
"2976","J01D",0.470235391283906
"2977","J01D",0.439855775521284
"2978","J01D",0.545515703860642
"2979","J01D",0.459328055541153
"2980","J01D",0.643452435845223
"2981","J01D",0.48511806863649
"2982","J01D",0.624264547444989
"2983","J01D",0.644785248864024
"2984","J01D",0.525772218913534
"2985","J01D",0.470841664792449
"2986","J01D",0.53815058953855
"2987","J01D",0.53291384399178
"2988","J01D",0.552475654766993
"2989","J01D",0.541094872695959
"2990","J01D",0.627072497374269
"2991","J01D",0.625944667414262
"2992","J01D",0.610942293878557
"2993","J01D",0.431257644278462
"2994","J01D",0.581025975495307
"2995","J01D",0.614872764281322
"2996","J01D",0.606255302524257
"2997","J01D",0.560502194286443
"2998","J01D",0.512907353848591
"2999","J01D",0.513576418160699
"3000","J01D",0.560733862664417
"3001","J01E",0.00430692533987022
"3002","J01E",-0.0534442788305042
"3003","J01E",0.0889360493542646
"3004","J01E",0.256216652816863
"3005","J01E",0.0243191688818361
"3006","J01E",0.0680704897649605
"3007","J01E",-0.079073961386799
"3008","J01E",0.0618003432355234
"3009","J01E",0.0206210416141232
"3010","J01E",0.0390020666450265
"3011","J01E",0.288560221852757
"3012","J01E",0.095536499588825
"3013","J01E",0.0541084284757295
"3014","J01E",0.193154177331405
"3015","J01E",-0.00609416082006444
"3016","J01E",0.11539750708227
"3017","J01E",0.0998573823364945
"3018","J01E",-0.0405027989531207
"3019","J01E",0.113743872190047
"3020","J01E",-0.169180039487608
"3021","J01E",0.0585936578062211
"3022","J01E",-0.075262181363133
"3023","J01E",0.0248934459536243
"3024","J01E",-0.0176447965114415
"3025","J01E",0.0179201655652211
"3026","J01E",-0.0231731129800688
"3027","J01E",0.0724394235378731
"3028","J01E",0.229590521696009
"3029","J01E",0.120157245384316
"3030","J01E",-0.00272664226095857
"3031","J01E",-0.0110950684747011
"3032","J01E",-0.0719848223903139
"3033","J01E",0.0898517438010505
"3034","J01E",0.179155788146218
"3035","J01E",0.160249426601885
"3036","J01E",-0.185068206217993
"3037","J01E",0.061634191039282
"3038","J01E",0.0830552199268002
"3039","J01E",0.00128898673124367
"3040","J01E",-0.0332815879911579
"3041","J01E",0.0527604690090193
"3042","J01E",0.163192463267871
"3043","J01E",-0.0977487377302813
"3044","J01E",0.00496113459881702
"3045","J01E",0.0407711766327936
"3046","J01E",0.144679332249641
"3047","J01E",0.0500471631480042
"3048","J01E",0.179453677409387
"3049","J01E",-0.0656523655407749
"3050","J01E",-0.150042601449694
"3051","J01E",-0.0524046675813667
"3052","J01E",-0.0565693306225417
"3053","J01E",-0.0498251047216541
"3054","J01E",0.0521293030104655
"3055","J01E",-0.0376884798735065
"3056","J01E",0.050514045287427
"3057","J01E",0.144712799127732
"3058","J01E",0.137484774092568
"3059","J01E",0.0317218552644574
"3060","J01E",0.101263349565083
"3061","J01E",0.0754516244009766
"3062","J01E",-0.0214760349303358
"3063","J01E",0.115138046047459
"3064","J01E",0.123501995548844
"3065","J01E",-0.0223294852115055
"3066","J01E",0.102977860302712
"3067","J01E",-0.00166116587389837
"3068","J01E",-0.0669583407464818
"3069","J01E",0.114081425823096
"3070","J01E",0.15671357459142
"3071","J01E",0.133716251285784
"3072","J01E",0.0441384886537064
"3073","J01E",0.179572965842791
"3074","J01E",-0.0447676529319319
"3075","J01E",-0.142214494796925
"3076","J01E",0.0848959766567905
"3077","J01E",0.0581021730608331
"3078","J01E",0.016589476273403
"3079","J01E",0.0962652033113004
"3080","J01E",-0.13070395089508
"3081","J01E",0.0244388142217923
"3082","J01E",0.0817538336991698
"3083","J01E",-0.0243048681336588
"3084","J01E",0.0175786216673365
"3085","J01E",0.0799748214106108
"3086","J01E",0.165033666798046
"3087","J01E",0.0299614472885622
"3088","J01E",0.0683941429349776
"3089","J01E",-0.0229493803866573
"3090","J01E",-0.0376978454319757
"3091","J01E",-0.108233216946076
"3092","J01E",0.199288375747339
"3093","J01E",0.155231385059874
"3094","J01E",0.253096007739532
"3095","J01E",0.139092891873212
"3096","J01E",-0.19186996789562
"3097","J01E",-0.00326778722739184
"3098","J01E",0.086594619460608
"3099","J01E",-0.0923149199897
"3100","J01E",0.202550077172011
"3101","J01E",0.192479140977223
"3102","J01E",-0.0382419800353565
"3103","J01E",0.117199731782259
"3104","J01E",0.0969575670813618
"3105","J01E",0.183187368142792
"3106","J01E",0.0639468775622255
"3107","J01E",0.0115764667309426
"3108","J01E",0.0116027686680434
"3109","J01E",0.105142573338857
"3110","J01E",0.107810448759182
"3111","J01E",-0.105704575454511
"3112","J01E",-0.0262958206775367
"3113","J01E",0.165282137200324
"3114","J01E",0.130551543589693
"3115","J01E",-0.0421275728203645
"3116","J01E",0.0605623292262483
"3117","J01E",0.223300664735599
"3118","J01E",-0.0107279147605631
"3119","J01E",0.0905484391928949
"3120","J01E",0.0809371007515471
"3121","J01E",0.0241740446971306
"3122","J01E",0.103871152367089
"3123","J01E",0.155273653179683
"3124","J01E",0.0142538926010038
"3125","J01E",0.0173739017730434
"3126","J01E",0.186537986586114
"3127","J01E",0.0443724650081141
"3128","J01E",-0.0732601157354702
"3129","J01E",-0.0825585839044001
"3130","J01E",0.109905472558618
"3131","J01E",0.159183186728796
"3132","J01E",0.0621560878292935
"3133","J01E",0.0415851063100528
"3134","J01E",0.0206036323116838
"3135","J01E",-0.00720695028919021
"3136","J01E",0.140921225707833
"3137","J01E",0.0727677315773752
"3138","J01E",-0.0469027891474665
"3139","J01E",0.0750970820371321
"3140","J01E",-0.0583369213452702
"3141","J01E",-0.0364650183021824
"3142","J01E",0.0384476263146035
"3143","J01E",-0.0425255824363123
"3144","J01E",0.066495650592141
"3145","J01E",0.0716627250800534
"3146","J01E",-0.0331590788100747
"3147","J01E",0.174796812604097
"3148","J01E",0.00459728136638507
"3149","J01E",0.157554953425704
"3150","J01E",-0.101491747242537
"3151","J01E",0.145973201087386
"3152","J01E",-0.028534484575995
"3153","J01E",0.185112160635212
"3154","J01E",-0.0471226118169512
"3155","J01E",0.183881363002391
"3156","J01E",0.0636087960407519
"3157","J01E",0.0371881771487375
"3158","J01E",0.09342305770576
"3159","J01E",0.189343390200317
"3160","J01E",-0.00591812527423208
"3161","J01E",0.0423788435456609
"3162","J01E",0.139348560043164
"3163","J01E",-0.0745945065128197
"3164","J01E",0.0597356094277275
"3165","J01E",-0.0506502454626513
"3166","J01E",0.0837765494718049
"3167","J01E",-0.0894563415174268
"3168","J01E",0.26934922689867
"3169","J01E",0.149495172839864
"3170","J01E",0.147969124774896
"3171","J01E",0.318127652621
"3172","J01E",0.131893506446993
"3173","J01E",0.199050222420162
"3174","J01E",0.103758862461708
"3175","J01E",0.058313165500542
"3176","J01E",-0.0509206315067894
"3177","J01E",-0.0808301697454253
"3178","J01E",-0.0373242328164064
"3179","J01E",0.119072198905414
"3180","J01E",-0.0615151706104718
"3181","J01E",0.00128719368990294
"3182","J01E",-0.0403633169564176
"3183","J01E",0.0741706133921687
"3184","J01E",0.0136865096601023
"3185","J01E",0.186913796054272
"3186","J01E",-0.0212616966046668
"3187","J01E",0.018519468299926
"3188","J01E",0.0393035901331639
"3189","J01E",0.08195626147582
"3190","J01E",0.0491982959369984
"3191","J01E",0.110051468334079
"3192","J01E",0.175109864969943
"3193","J01E",-0.088178590177838
"3194","J01E",0.14317479753995
"3195","J01E",0.0084023862363103
"3196","J01E",0.0494367017126459
"3197","J01E",0.200769638616899
"3198","J01E",-0.0147103065658348
"3199","J01E",0.0883653643686316
"3200","J01E",0.0989669884411008
"3201","J01E",0.127424389186733
"3202","J01E",-0.00194806295652449
"3203","J01E",0.334215432114547
"3204","J01E",0.0669023295278558
"3205","J01E",0.103282020553854
"3206","J01E",0.0861394155801184
"3207","J01E",0.166133633322482
"3208","J01E",0.0520972519706144
"3209","J01E",0.0167370372921299
"3210","J01E",0.00761572520847624
"3211","J01E",0.21868300163802
"3212","J01E",0.0702665355721333
"3213","J01E",0.161242581637946
"3214","J01E",0.0512355434228575
"3215","J01E",0.0460624229625438
"3216","J01E",-0.0610392179174566
"3217","J01E",-0.0295850089457956
"3218","J01E",0.00980065042398083
"3219","J01E",0.0375258225984039
"3220","J01E",0.053729998308151
"3221","J01E",0.049371666604923
"3222","J01E",-0.0130857315143676
"3223","J01E",0.0397101733376701
"3224","J01E",0.12909608299733
"3225","J01E",0.0998659769024083
"3226","J01E",0.27479383768821
"3227","J01E",0.0884588876962003
"3228","J01E",0.122909407731386
"3229","J01E",0.0471162380031169
"3230","J01E",0.0662177753195759
"3231","J01E",0.231189836168805
"3232","J01E",0.00558320504864392
"3233","J01E",-0.00301186844900648
"3234","J01E",0.0609901168031608
"3235","J01E",0.0339072044175447
"3236","J01E",0.193611491152787
"3237","J01E",0.0354072035625466
"3238","J01E",0.0605145417861088
"3239","J01E",0.147475748712831
"3240","J01E",0.04311687116666
"3241","J01E",0.127284719908144
"3242","J01E",0.0512377780214239
"3243","J01E",0.208259673927796
"3244","J01E",0.161553334346581
"3245","J01E",0.0153679817675655
"3246","J01E",0.100124198348951
"3247","J01E",0.00484200627439283
"3248","J01E",0.0415367811019107
"3249","J01E",-0.0367713417398523
"3250","J01E",0.0748873773875086
"3251","J01E",0.189584308441555
"3252","J01E",-0.0489530298684936
"3253","J01E",0.0159984813708975
"3254","J01E",0.0242681354159804
"3255","J01E",0.0399036833576978
"3256","J01E",0.206100868197623
"3257","J01E",0.0233115563287649
"3258","J01E",0.147060237900314
"3259","J01E",0.0397644816156836
"3260","J01E",0.0159742126451497
"3261","J01E",0.0490881880095283
"3262","J01E",-0.0515955726340423
"3263","J01E",0.0203955465158593
"3264","J01E",0.0507225161860105
"3265","J01E",-0.0494033620277681
"3266","J01E",0.100168084716878
"3267","J01E",0.0803710494095374
"3268","J01E",-0.0331535020156399
"3269","J01E",0.0513493176409434
"3270","J01E",0.0655948162518564
"3271","J01E",0.189332956840993
"3272","J01E",0.069624129693101
"3273","J01E",0.175990488460996
"3274","J01E",0.0177192231834383
"3275","J01E",-0.00684034168732228
"3276","J01E",0.137136565796599
"3277","J01E",0.0606937904293974
"3278","J01E",0.0796570719374882
"3279","J01E",0.0396548140431017
"3280","J01E",0.0916614201350397
"3281","J01E",0.111932357581885
"3282","J01E",0.00300384065060505
"3283","J01E",0.0448894289587719
"3284","J01E",0.0953444913221505
"3285","J01E",0.21994048103055
"3286","J01E",-0.111824320005762
"3287","J01E",-0.062218722742062
"3288","J01E",0.0348486638864851
"3289","J01E",0.01607524697102
"3290","J01E",0.165686563073673
"3291","J01E",-0.154259444654961
"3292","J01E",0.162067086751488
"3293","J01E",0.159226898232563
"3294","J01E",0.0887608923511794
"3295","J01E",0.133097273048402
"3296","J01E",0.228696917916718
"3297","J01E",0.0139686769598815
"3298","J01E",0.109093727374809
"3299","J01E",0.142937962322789
"3300","J01E",0.0106198957906334
"3301","J01E",0.0672193403858636
"3302","J01E",0.0313500840430974
"3303","J01E",-0.0236826994005466
"3304","J01E",0.112752102483649
"3305","J01E",-0.0580939191791273
"3306","J01E",-0.0020733036827973
"3307","J01E",0.0264752080651646
"3308","J01E",0.0229166792932117
"3309","J01E",0.231838788053249
"3310","J01E",0.0980428657360817
"3311","J01E",0.171347619270521
"3312","J01E",0.154718154353543
"3313","J01E",-0.00595031497361032
"3314","J01E",0.226391184145952
"3315","J01E",0.0845803904406559
"3316","J01E",0.0506273706073079
"3317","J01E",0.131852930910537
"3318","J01E",-0.117541319367995
"3319","J01E",-0.0588935130605422
"3320","J01E",-0.0245047322641146
"3321","J01E",0.0851848881963707
"3322","J01E",0.0958872129914232
"3323","J01E",0.0782129304882678
"3324","J01E",0.000724706485575345
"3325","J01E",-0.149533874195734
"3326","J01E",0.0595026491016357
"3327","J01E",0.18050897544979
"3328","J01E",0.267592097294946
"3329","J01E",0.224726310777059
"3330","J01E",-0.079755118341231
"3331","J01E",0.0520031677683109
"3332","J01E",0.123281111336995
"3333","J01E",0.0530426688805544
"3334","J01E",0.0511831222440768
"3335","J01E",0.0499494502863692
"3336","J01E",-0.0319528411553074
"3337","J01E",0.0357803216633269
"3338","J01E",-0.142154777549836
"3339","J01E",0.0157327118845406
"3340","J01E",-0.00328415584011565
"3341","J01E",0.214102107181208
"3342","J01E",-0.0767762644306463
"3343","J01E",0.0216339671575909
"3344","J01E",-0.0769644690929407
"3345","J01E",0.0811802142902187
"3346","J01E",-0.0505637528812451
"3347","J01E",0.0345341664052404
"3348","J01E",-0.035327984057384
"3349","J01E",-0.161025577034493
"3350","J01E",0.0215662069877265
"3351","J01E",0.0954240035450303
"3352","J01E",0.0700880745315783
"3353","J01E",0.150206590532072
"3354","J01E",0.074698169448696
"3355","J01E",-0.116850665548847
"3356","J01E",0.0897746852110272
"3357","J01E",0.149127388012794
"3358","J01E",0.00148696061584839
"3359","J01E",0.0106344654206339
"3360","J01E",0.121133362894196
"3361","J01E",0.129535230172731
"3362","J01E",-0.0590325795599991
"3363","J01E",-0.0616847752212323
"3364","J01E",-0.0305881681184622
"3365","J01E",0.113080011373588
"3366","J01E",-0.0841303732805714
"3367","J01E",0.116327461719406
"3368","J01E",0.126839091077502
"3369","J01E",0.0198570506539704
"3370","J01E",0.0101634761330063
"3371","J01E",0.131338171550413
"3372","J01E",0.0112130831290278
"3373","J01E",0.0391226391314739
"3374","J01E",0.0327628499554287
"3375","J01E",0.250488902622971
"3376","J01E",0.124197810553641
"3377","J01E",0.208375396884274
"3378","J01E",-0.025242848385076
"3379","J01E",0.167359914090964
"3380","J01E",0.135093511707815
"3381","J01E",0.0947134496171557
"3382","J01E",0.211560307874443
"3383","J01E",0.104618920060797
"3384","J01E",0.153467175443657
"3385","J01E",0.178558657483645
"3386","J01E",-0.0582909306882288
"3387","J01E",0.187477959028296
"3388","J01E",0.015469672063432
"3389","J01E",0.0778055089924306
"3390","J01E",-0.0628301335515534
"3391","J01E",-0.0670062326555925
"3392","J01E",-0.182441781927343
"3393","J01E",0.0798054099261408
"3394","J01E",0.0214408612628429
"3395","J01E",0.0290194900478747
"3396","J01E",0.202748325533841
"3397","J01E",0.0829673031051221
"3398","J01E",0.0982614632885639
"3399","J01E",0.270721524611469
"3400","J01E",0.129351487773699
"3401","J01E",-0.0212527651323222
"3402","J01E",0.108835415727581
"3403","J01E",0.131286675388208
"3404","J01E",0.102657093424874
"3405","J01E",0.0978202249843175
"3406","J01E",0.0629462186373318
"3407","J01E",0.101423968340268
"3408","J01E",-0.103826812856914
"3409","J01E",0.0795273817887826
"3410","J01E",0.0320332650309882
"3411","J01E",0.0529305691279096
"3412","J01E",-0.0608674276132267
"3413","J01E",-0.0354136607996263
"3414","J01E",0.270187898482449
"3415","J01E",0.239167659885869
"3416","J01E",0.213664097542068
"3417","J01E",0.134282714411698
"3418","J01E",0.142741226296853
"3419","J01E",-0.0192384358029571
"3420","J01E",-0.0500530174869815
"3421","J01E",0.165876782015315
"3422","J01E",0.0399887796148484
"3423","J01E",0.112225470111856
"3424","J01E",0.195850405760818
"3425","J01E",0.197277049497019
"3426","J01E",0.0705223730242205
"3427","J01E",0.168970853703984
"3428","J01E",-0.0567322231792043
"3429","J01E",0.143926665386389
"3430","J01E",0.14772384663436
"3431","J01E",-0.0962301931310778
"3432","J01E",0.102368756464036
"3433","J01E",-0.0151308370629025
"3434","J01E",0.0768742867648549
"3435","J01E",0.139806673060089
"3436","J01E",0.024227957157527
"3437","J01E",0.0783035282792478
"3438","J01E",0.0196286915366515
"3439","J01E",0.0653657193045641
"3440","J01E",0.0431006800355172
"3441","J01E",0.0405335621198664
"3442","J01E",0.167320483086292
"3443","J01E",0.203204096970309
"3444","J01E",0.0185031010479951
"3445","J01E",0.0778783861956738
"3446","J01E",-0.0945207546284739
"3447","J01E",0.0520975846203987
"3448","J01E",0.23648640912799
"3449","J01E",0.227579346977118
"3450","J01E",0.0277977360204497
"3451","J01E",0.196773935975688
"3452","J01E",-0.0346056686152715
"3453","J01E",0.170675040704562
"3454","J01E",0.122862543930482
"3455","J01E",0.0565164057251667
"3456","J01E",0.176620142217584
"3457","J01E",0.107642374266596
"3458","J01E",0.0558360901995054
"3459","J01E",0.0231070089865112
"3460","J01E",0.0822129714313806
"3461","J01E",0.201111491637829
"3462","J01E",0.148585510747828
"3463","J01E",0.0861209707544128
"3464","J01E",-0.0173882267822955
"3465","J01E",0.0557396362475968
"3466","J01E",0.0634110422363727
"3467","J01E",-0.0717626131702887
"3468","J01E",-0.0594028708857919
"3469","J01E",0.00124998751811214
"3470","J01E",0.151861062339565
"3471","J01E",0.0937214982244135
"3472","J01E",0.304711901968114
"3473","J01E",-0.059826907658617
"3474","J01E",0.103832546096451
"3475","J01E",0.0510131999307603
"3476","J01E",-0.00290179362919474
"3477","J01E",-0.0303503921656625
"3478","J01E",0.0846756211262981
"3479","J01E",0.103800309818157
"3480","J01E",0.0165565162090826
"3481","J01E",0.0776012198699162
"3482","J01E",-0.0534225587187639
"3483","J01E",0.140185816967762
"3484","J01E",0.203712742546407
"3485","J01E",0.116568067405672
"3486","J01E",-0.0117910071426694
"3487","J01E",0.148150294542948
"3488","J01E",0.0771178300871625
"3489","J01E",0.22621573445361
"3490","J01E",0.107422379070549
"3491","J01E",-0.0124215159122225
"3492","J01E",0.13184140793602
"3493","J01E",0.0268981441178004
"3494","J01E",-0.0728811629896973
"3495","J01E",-0.0875465091394477
"3496","J01E",0.00276944744999674
"3497","J01E",0.0806286658125082
"3498","J01E",0.137946559437577
"3499","J01E",0.0164177286829853
"3500","J01E",-0.0673474974622589
"3501","J01E",-0.0104392316405428
"3502","J01E",-0.0379306203508622
"3503","J01E",0.16319783387348
"3504","J01E",-0.0764845430269784
"3505","J01E",0.104884627345898
"3506","J01E",0.0873056044174543
"3507","J01E",0.0134723395439676
"3508","J01E",0.0667622982092194
"3509","J01E",0.110325407557
"3510","J01E",0.205510491084749
"3511","J01E",0.0876899261018864
"3512","J01E",0.0806250111836009
"3513","J01E",0.0292944475835223
"3514","J01E",0.00658232580292889
"3515","J01E",0.178855759234
"3516","J01E",0.0840910778489976
"3517","J01E",0.184558866007068
"3518","J01E",0.101534481166231
"3519","J01E",0.104124701842824
"3520","J01E",0.0630988041508822
"3521","J01E",0.124662494690109
"3522","J01E",0.251570245529348
"3523","J01E",0.0598783313014355
"3524","J01E",0.0445487469383126
"3525","J01E",-0.050378214376659
"3526","J01E",0.139009262072213
"3527","J01E",0.268294899816314
"3528","J01E",0.0875219260164545
"3529","J01E",0.139507143870795
"3530","J01E",0.153592900981231
"3531","J01E",0.0206650311871918
"3532","J01E",0.0793995295936781
"3533","J01E",0.0434339605303714
"3534","J01E",0.0226105895812305
"3535","J01E",0.107344734910709
"3536","J01E",0.0846060727923983
"3537","J01E",0.150875372363585
"3538","J01E",0.227732707500503
"3539","J01E",0.125163783850515
"3540","J01E",-0.0970731343616812
"3541","J01E",0.0183968356096152
"3542","J01E",-0.112219545482628
"3543","J01E",-0.0351586939899298
"3544","J01E",-0.119937450756896
"3545","J01E",-0.00422395762623024
"3546","J01E",0.0248848737060454
"3547","J01E",0.125443171644851
"3548","J01E",0.118984589418144
"3549","J01E",0.0950310492467298
"3550","J01E",0.0628930073851144
"3551","J01E",-0.0383033725027313
"3552","J01E",0.139086762976082
"3553","J01E",0.277653456127991
"3554","J01E",-0.207055443940593
"3555","J01E",0.158422745756524
"3556","J01E",-0.0203241535911652
"3557","J01E",0.183921519312608
"3558","J01E",-0.0478055508814266
"3559","J01E",0.0183035812936326
"3560","J01E",-0.0521721505466217
"3561","J01E",0.148062098482189
"3562","J01E",0.0642437837029413
"3563","J01E",0.138079719304838
"3564","J01E",-0.0835480253898877
"3565","J01E",0.115905743291901
"3566","J01E",0.00817937537275775
"3567","J01E",-0.0859793131367394
"3568","J01E",-0.0159110434167666
"3569","J01E",0.0110591512577708
"3570","J01E",0.181115869323651
"3571","J01E",0.0487244348237176
"3572","J01E",0.105877174241985
"3573","J01E",0.0562812341873204
"3574","J01E",0.106964725504883
"3575","J01E",-0.0219258400507751
"3576","J01E",0.131905689665656
"3577","J01E",0.107091857459358
"3578","J01E",0.108275373430483
"3579","J01E",0.157082551884548
"3580","J01E",0.281790892996525
"3581","J01E",-0.0108229851435821
"3582","J01E",0.103163116372772
"3583","J01E",-0.0130444615420909
"3584","J01E",0.0446512460854472
"3585","J01E",0.0641266859299834
"3586","J01E",0.105975432980428
"3587","J01E",-0.0190438373754091
"3588","J01E",0.20198765458226
"3589","J01E",0.116516650652311
"3590","J01E",0.118266392378447
"3591","J01E",0.22658789107379
"3592","J01E",-0.100870588328378
"3593","J01E",0.248453321762929
"3594","J01E",0.157436553088821
"3595","J01E",0.105627214930881
"3596","J01E",0.104917822960762
"3597","J01E",-0.0909974370824321
"3598","J01E",0.0583593642695041
"3599","J01E",0.0393518745954856
"3600","J01E",-0.036421840358493
"3601","J01E",0.0951440942544188
"3602","J01E",0.00889032572661367
"3603","J01E",0.0795055738182235
"3604","J01E",0.0473380399101065
"3605","J01E",0.0587763106166465
"3606","J01E",0.0166955328922272
"3607","J01E",-0.0262449895005274
"3608","J01E",0.0924543326706565
"3609","J01E",0.183516668598288
"3610","J01E",0.360762383615911
"3611","J01E",0.0240180489514799
"3612","J01E",0.109653021910784
"3613","J01E",0.0942368401324656
"3614","J01E",-0.060259825490406
"3615","J01E",0.0650808776863094
"3616","J01E",0.13322885048651
"3617","J01E",0.207552931759762
"3618","J01E",-0.0799008536865866
"3619","J01E",-0.059072533699121
"3620","J01E",0.0491419146868121
"3621","J01E",0.180143419008375
"3622","J01E",0.0470138776315253
"3623","J01E",0.0234034098115775
"3624","J01E",0.0113379586603175
"3625","J01E",-0.0244830182485221
"3626","J01E",-0.0136522183394024
"3627","J01E",-0.0459209767772859
"3628","J01E",0.0691029272098455
"3629","J01E",0.0990825262388183
"3630","J01E",0.0551457510144944
"3631","J01E",-0.0110372331503641
"3632","J01E",0.0744141465145519
"3633","J01E",-0.0459966351609903
"3634","J01E",0.171670766027096
"3635","J01E",-0.0721720542280372
"3636","J01E",-0.0524369065545838
"3637","J01E",0.188014022287791
"3638","J01E",0.171245798229837
"3639","J01E",-0.0342535880130249
"3640","J01E",0.139371669245495
"3641","J01E",0.0833322651890314
"3642","J01E",0.0450864978776606
"3643","J01E",0.0350640117302217
"3644","J01E",0.146507139588991
"3645","J01E",0.0744192337153673
"3646","J01E",0.109093354033371
"3647","J01E",0.0643515743561038
"3648","J01E",0.0648309686843016
"3649","J01E",0.0523378504198312
"3650","J01E",0.111629877277235
"3651","J01E",-0.0305512619499275
"3652","J01E",0.0250911197364133
"3653","J01E",0.198755556481543
"3654","J01E",0.12198319757032
"3655","J01E",-0.162119232893021
"3656","J01E",0.134721777897459
"3657","J01E",0.109505584262391
"3658","J01E",0.113089344658753
"3659","J01E",0.122009597191807
"3660","J01E",0.0617156884011049
"3661","J01E",0.198885441528536
"3662","J01E",0.0775638060053931
"3663","J01E",0.202922573831234
"3664","J01E",0.0464671909934576
"3665","J01E",-0.0397739793724368
"3666","J01E",0.13450494106992
"3667","J01E",-0.00920099618290716
"3668","J01E",0.141998074847114
"3669","J01E",0.0371162809626785
"3670","J01E",-0.0121378438762665
"3671","J01E",0.170246322525583
"3672","J01E",0.0995493236167793
"3673","J01E",0.170758476924084
"3674","J01E",-0.0330209566787641
"3675","J01E",0.123638706414193
"3676","J01E",0.0554434936542798
"3677","J01E",-0.000258625047088291
"3678","J01E",0.101905450609007
"3679","J01E",0.199707330216574
"3680","J01E",0.0403512752865385
"3681","J01E",0.203891714832714
"3682","J01E",0.0407108828682081
"3683","J01E",0.060026374913678
"3684","J01E",0.144445156839623
"3685","J01E",-0.0475016829691065
"3686","J01E",0.0867705282533568
"3687","J01E",-0.052601459931117
"3688","J01E",-0.0674325445076913
"3689","J01E",-0.0486466058123502
"3690","J01E",0.0726770157672244
"3691","J01E",0.119999682358347
"3692","J01E",0.0667017885683619
"3693","J01E",0.0507028650715985
"3694","J01E",0.102393097017572
"3695","J01E",0.176511269781952
"3696","J01E",-0.10266389878257
"3697","J01E",0.104276958008456
"3698","J01E",-0.0773432996872197
"3699","J01E",0.0939205056105256
"3700","J01E",-0.0355937310088916
"3701","J01E",0.133297296966078
"3702","J01E",0.0666023606072316
"3703","J01E",0.344073195597501
"3704","J01E",0.0471885796103045
"3705","J01E",0.0964526492017664
"3706","J01E",-0.0572987076028343
"3707","J01E",0.321112199591963
"3708","J01E",-0.172987299659826
"3709","J01E",0.0322710052861064
"3710","J01E",-0.0406977229499752
"3711","J01E",0.151488460438029
"3712","J01E",0.112901998908342
"3713","J01E",0.0737028288283053
"3714","J01E",0.122376835553608
"3715","J01E",-0.00135889487365652
"3716","J01E",0.224305949875974
"3717","J01E",-0.0406470691068167
"3718","J01E",0.353911686797903
"3719","J01E",0.0160280090036151
"3720","J01E",0.0813774614104101
"3721","J01E",-0.076028763494141
"3722","J01E",0.0472845873000187
"3723","J01E",0.227565530912577
"3724","J01E",0.0504127578806094
"3725","J01E",0.0604116127759282
"3726","J01E",-0.0531407815185611
"3727","J01E",-0.014730507221651
"3728","J01E",0.0780348369518969
"3729","J01E",-0.144394362932891
"3730","J01E",-0.112025775190197
"3731","J01E",0.110060000412139
"3732","J01E",-0.0365841067587325
"3733","J01E",0.0731059698831943
"3734","J01E",0.0713764713852465
"3735","J01E",0.205487538707516
"3736","J01E",0.122465690275487
"3737","J01E",0.0386549805682341
"3738","J01E",0.122738882413289
"3739","J01E",-0.0265541189722036
"3740","J01E",0.00171482619303457
"3741","J01E",0.107395233070305
"3742","J01E",0.169159839980565
"3743","J01E",0.0478123735811749
"3744","J01E",-0.0531199127232
"3745","J01E",0.326345182434791
"3746","J01E",0.297607464864757
"3747","J01E",-0.0931650743576521
"3748","J01E",0.170413097917663
"3749","J01E",-0.191227151944128
"3750","J01E",0.0915446127500827
"3751","J01E",0.080389113634306
"3752","J01E",0.163284653062318
"3753","J01E",0.239235438350439
"3754","J01E",-0.0807199281088043
"3755","J01E",-0.0311019392275977
"3756","J01E",0.0202195227620981
"3757","J01E",-0.0133985498534331
"3758","J01E",-0.00344944540743945
"3759","J01E",0.0621927575447995
"3760","J01E",-0.056245286492892
"3761","J01E",0.0980456169708246
"3762","J01E",-0.0409248475697526
"3763","J01E",0.0394481402626951
"3764","J01E",0.129451184294533
"3765","J01E",0.0787808273022074
"3766","J01E",0.116114613414028
"3767","J01E",0.0307768235510251
"3768","J01E",0.106347317541522
"3769","J01E",0.1769885011912
"3770","J01E",0.146965201649682
"3771","J01E",-0.0695230960490346
"3772","J01E",0.197803331367845
"3773","J01E",0.112896582785506
"3774","J01E",0.0652681651330193
"3775","J01E",0.0553560695216691
"3776","J01E",0.296659077832032
"3777","J01E",0.00531158323052694
"3778","J01E",0.0645211111646297
"3779","J01E",0.169395122212045
"3780","J01E",0.0854827300369571
"3781","J01E",-0.034716083951002
"3782","J01E",0.0190206571497264
"3783","J01E",-0.0425715316666824
"3784","J01E",0.0620221624037805
"3785","J01E",-0.0132628870600445
"3786","J01E",0.0389988530336709
"3787","J01E",0.225481261537555
"3788","J01E",-0.0780385920169952
"3789","J01E",0.0572660756662757
"3790","J01E",-0.0204642729593584
"3791","J01E",0.0650807542859534
"3792","J01E",0.287973244767504
"3793","J01E",0.163261657339129
"3794","J01E",0.0731355246340561
"3795","J01E",0.142422198038403
"3796","J01E",0.115412030045988
"3797","J01E",-0.0453723044375571
"3798","J01E",-0.0385423463886443
"3799","J01E",-0.0664048522591945
"3800","J01E",0.0745679714431497
"3801","J01E",0.12779299536302
"3802","J01E",0.00756096422905532
"3803","J01E",0.278557385584404
"3804","J01E",-0.0866005805097181
"3805","J01E",0.276379198435438
"3806","J01E",0.0478089642075018
"3807","J01E",0.0721196952912224
"3808","J01E",0.0302382506244823
"3809","J01E",0.094013439284301
"3810","J01E",0.272747109406194
"3811","J01E",0.0966751826933365
"3812","J01E",-0.0114146104900521
"3813","J01E",0.126164431433155
"3814","J01E",0.0893112091447112
"3815","J01E",0.066656658648547
"3816","J01E",0.0762463434899774
"3817","J01E",0.121641467568938
"3818","J01E",-0.0164335902772169
"3819","J01E",-0.172812936383461
"3820","J01E",-1.43546715145046e-05
"3821","J01E",-0.00890553721099058
"3822","J01E",0.0523086811324042
"3823","J01E",-0.0446573343436892
"3824","J01E",0.00835162046815429
"3825","J01E",0.115755698885206
"3826","J01E",0.12390908211751
"3827","J01E",0.0490588765049459
"3828","J01E",0.20722422881359
"3829","J01E",0.031657061315554
"3830","J01E",-0.0897594039710361
"3831","J01E",0.210337937336935
"3832","J01E",-0.0128710401568664
"3833","J01E",0.141444420879029
"3834","J01E",-0.057515635162568
"3835","J01E",0.112364940797929
"3836","J01E",0.0680742293618087
"3837","J01E",0.0334723409963912
"3838","J01E",0.0580029006601516
"3839","J01E",0.0936882858551467
"3840","J01E",-0.0488563915219617
"3841","J01E",0.139260042965689
"3842","J01E",-0.0527591858761215
"3843","J01E",-0.00838410777225442
"3844","J01E",0.123795218501017
"3845","J01E",0.163355638111184
"3846","J01E",0.143545172680925
"3847","J01E",-0.0683447534935486
"3848","J01E",0.116307562855425
"3849","J01E",-0.1288516356738
"3850","J01E",0.0641105907733223
"3851","J01E",-0.0143209647996209
"3852","J01E",0.0858585125169571
"3853","J01E",-0.0610651361817486
"3854","J01E",-0.039037799027765
"3855","J01E",0.299265583138817
"3856","J01E",0.0884677149965565
"3857","J01E",-0.17356525248804
"3858","J01E",0.0314250643038533
"3859","J01E",0.0162208408893418
"3860","J01E",0.00118587624159962
"3861","J01E",0.133247782042399
"3862","J01E",0.0770093457663727
"3863","J01E",-0.00835542591503073
"3864","J01E",0.133260852974694
"3865","J01E",0.0944573425150712
"3866","J01E",0.0229529091815515
"3867","J01E",0.185595282414738
"3868","J01E",-0.103488273279209
"3869","J01E",0.103390882943721
"3870","J01E",-0.0948177000935323
"3871","J01E",0.0417398540537155
"3872","J01E",0.0385984476470765
"3873","J01E",-0.0261850175384194
"3874","J01E",0.112862446019085
"3875","J01E",0.0716163456929255
"3876","J01E",0.195755417610581
"3877","J01E",0.232645706654936
"3878","J01E",0.00125199447153137
"3879","J01E",0.138654967217907
"3880","J01E",0.0530094940440421
"3881","J01E",0.0254508601760458
"3882","J01E",0.11297084350912
"3883","J01E",0.004572574645627
"3884","J01E",-0.0374488977139334
"3885","J01E",0.095226514626246
"3886","J01E",0.0866141019361204
"3887","J01E",0.207057443271996
"3888","J01E",0.143855241746187
"3889","J01E",0.143365589652695
"3890","J01E",0.190798658216819
"3891","J01E",0.191547554151064
"3892","J01E",-0.042717093211214
"3893","J01E",-0.1011155882
"3894","J01E",-0.0674617626652516
"3895","J01E",0.0934413950642959
"3896","J01E",0.0361994192175742
"3897","J01E",0.0247915107452743
"3898","J01E",0.129800478013249
"3899","J01E",0.0266713862730519
"3900","J01E",-0.0315898615527796
"3901","J01E",0.176673513097732
"3902","J01E",0.201415059696717
"3903","J01E",0.0378848188850629
"3904","J01E",-0.0344860796101983
"3905","J01E",-0.215359122729844
"3906","J01E",-0.00078171652221175
"3907","J01E",-0.0326956230889582
"3908","J01E",0.0444313882787644
"3909","J01E",0.0861979439722428
"3910","J01E",-0.117995136019355
"3911","J01E",0.150818209489247
"3912","J01E",-0.089850455712711
"3913","J01E",-0.0305827865091596
"3914","J01E",-0.04001015978075
"3915","J01E",0.168119557810781
"3916","J01E",0.138279173024766
"3917","J01E",0.0465496462144196
"3918","J01E",0.234304972000173
"3919","J01E",-0.0415364285663372
"3920","J01E",-0.0834988264880066
"3921","J01E",0.172908475544324
"3922","J01E",0.057657320401993
"3923","J01E",0.10574691725123
"3924","J01E",0.137357669811349
"3925","J01E",-0.00659131774111627
"3926","J01E",-0.0766712632037166
"3927","J01E",0.096553451234989
"3928","J01E",0.192501458990313
"3929","J01E",-0.0886912087036478
"3930","J01E",0.0443516490350008
"3931","J01E",0.277059996965739
"3932","J01E",0.0366135234531271
"3933","J01E",0.0770472786980175
"3934","J01E",0.0510560303870055
"3935","J01E",0.0308871738678628
"3936","J01E",0.0706446384112926
"3937","J01E",0.0754167178176861
"3938","J01E",-0.172802289581744
"3939","J01E",0.0803924986977599
"3940","J01E",-0.0731275416755625
"3941","J01E",0.0938795721517896
"3942","J01E",0.148209169148366
"3943","J01E",0.0675553953942587
"3944","J01E",-0.0190105443714983
"3945","J01E",0.0305732463816271
"3946","J01E",0.118005686117651
"3947","J01E",0.12219749438626
"3948","J01E",0.202792090432875
"3949","J01E",0.113513908001347
"3950","J01E",-0.13376718712389
"3951","J01E",0.0726148328667548
"3952","J01E",-0.01992000240193
"3953","J01E",0.118644570531732
"3954","J01E",-0.0398994574302757
"3955","J01E",-0.0121465408726843
"3956","J01E",-0.0178568630497091
"3957","J01E",0.0844605157160737
"3958","J01E",0.299833470456592
"3959","J01E",-0.0363741504436243
"3960","J01E",0.195038119276029
"3961","J01E",0.0502260015002312
"3962","J01E",0.289985334525693
"3963","J01E",0.0671640884104638
"3964","J01E",0.16509535416366
"3965","J01E",0.046476781856409
"3966","J01E",0.0471315131553955
"3967","J01E",0.149863556955215
"3968","J01E",-0.00646285070934832
"3969","J01E",-0.123580536778751
"3970","J01E",0.270470247562137
"3971","J01E",0.0625523454485428
"3972","J01E",0.1735633871516
"3973","J01E",0.186456522681769
"3974","J01E",-0.0135517680220215
"3975","J01E",0.0327173829935861
"3976","J01E",0.0761602346174605
"3977","J01E",0.15636648713021
"3978","J01E",0.126044622073248
"3979","J01E",-0.023354362647828
"3980","J01E",0.189130412638491
"3981","J01E",0.0969106964441361
"3982","J01E",-0.00746626216490817
"3983","J01E",-0.0277146698730475
"3984","J01E",0.172241635769999
"3985","J01E",0.179955272226028
"3986","J01E",0.0173940775124806
"3987","J01E",0.00856252391766225
"3988","J01E",0.0130919293181206
"3989","J01E",-0.0285113416728794
"3990","J01E",0.0275804604374974
"3991","J01E",-0.0443807640615349
"3992","J01E",-0.00545280847000074
"3993","J01E",-0.000948501886755803
"3994","J01E",0.022021457359587
"3995","J01E",0.0357005529866693
"3996","J01E",-0.00185944523249468
"3997","J01E",0.0670568701495092
"3998","J01E",0.189048640287095
"3999","J01E",-0.078500237733123
"4000","J01E",0.180071836604739
"4001","J01F",0.893205054638042
"4002","J01F",1.05226488017781
"4003","J01F",0.846534856622455
"4004","J01F",0.977463175347422
"4005","J01F",0.57630335365463
"4006","J01F",0.595072974528653
"4007","J01F",0.752217255319041
"4008","J01F",0.991925449279929
"4009","J01F",0.783618630428324
"4010","J01F",0.266144637352039
"4011","J01F",0.783130593108925
"4012","J01F",0.69917748517
"4013","J01F",0.643707714254762
"4014","J01F",0.932894938815197
"4015","J01F",0.686838133948746
"4016","J01F",0.651479117777508
"4017","J01F",0.70092739496723
"4018","J01F",0.759609534446898
"4019","J01F",0.809616159973083
"4020","J01F",0.723401987103233
"4021","J01F",0.818706691428098
"4022","J01F",0.834799811842951
"4023","J01F",0.838320532639272
"4024","J01F",0.974659746872976
"4025","J01F",0.657476351620288
"4026","J01F",0.916371156653218
"4027","J01F",0.619964499013231
"4028","J01F",0.669513669239218
"4029","J01F",0.667585407297446
"4030","J01F",0.676995877975987
"4031","J01F",0.846429718987319
"4032","J01F",0.929441575185489
"4033","J01F",1.0133897669059
"4034","J01F",0.666800835773181
"4035","J01F",0.816049182533143
"4036","J01F",0.663879095897555
"4037","J01F",0.741864575251245
"4038","J01F",0.723538732060105
"4039","J01F",0.863887046489899
"4040","J01F",0.965774016312826
"4041","J01F",0.81503792451793
"4042","J01F",0.729453050364929
"4043","J01F",0.810756134133944
"4044","J01F",0.759392547305807
"4045","J01F",0.8326384787974
"4046","J01F",0.813441547867217
"4047","J01F",0.834722118548372
"4048","J01F",0.835095114575988
"4049","J01F",0.60835512091374
"4050","J01F",0.802859651673683
"4051","J01F",0.74944890724853
"4052","J01F",0.605928110996312
"4053","J01F",0.762177743548259
"4054","J01F",0.972394180440504
"4055","J01F",0.940628557836404
"4056","J01F",0.782068142501552
"4057","J01F",0.905092805210036
"4058","J01F",0.681958547835285
"4059","J01F",0.792457085495396
"4060","J01F",0.725199139085882
"4061","J01F",0.937936019680322
"4062","J01F",0.712214999930993
"4063","J01F",0.71802212023702
"4064","J01F",0.793610129259373
"4065","J01F",0.838281361051215
"4066","J01F",0.714076532993229
"4067","J01F",0.758116178961796
"4068","J01F",0.743411162338805
"4069","J01F",0.873959806919381
"4070","J01F",0.622325061804409
"4071","J01F",0.631869771993307
"4072","J01F",0.789341419579411
"4073","J01F",0.797312014957601
"4074","J01F",0.970373853801141
"4075","J01F",0.828792334286038
"4076","J01F",0.700258711637086
"4077","J01F",0.784595629168306
"4078","J01F",0.85808376164917
"4079","J01F",0.941047099355323
"4080","J01F",0.681199570202682
"4081","J01F",0.755201147322425
"4082","J01F",0.438716436073803
"4083","J01F",1.01754778608792
"4084","J01F",0.784593685974518
"4085","J01F",0.772263572231616
"4086","J01F",0.937829389886588
"4087","J01F",1.06856156493215
"4088","J01F",0.599778674011578
"4089","J01F",0.712954404098826
"4090","J01F",0.773113514791943
"4091","J01F",0.732552880137061
"4092","J01F",0.950842032929906
"4093","J01F",1.06766936115297
"4094","J01F",0.663833332150017
"4095","J01F",0.821654730429663
"4096","J01F",0.816220489885819
"4097","J01F",0.709664017322113
"4098","J01F",1.12143832309209
"4099","J01F",0.755415991622435
"4100","J01F",0.647010192562333
"4101","J01F",0.835385002278779
"4102","J01F",0.911526704090764
"4103","J01F",0.835103331109802
"4104","J01F",0.903227878357587
"4105","J01F",0.97025235939307
"4106","J01F",0.984207772283318
"4107","J01F",0.802224183178885
"4108","J01F",0.981081315755443
"4109","J01F",0.702893919642216
"4110","J01F",0.606489467473124
"4111","J01F",0.580917933867572
"4112","J01F",0.883161636391039
"4113","J01F",0.863866295720814
"4114","J01F",0.404275765982461
"4115","J01F",0.716422632004128
"4116","J01F",0.666678026718217
"4117","J01F",0.932769324573996
"4118","J01F",0.645824010504864
"4119","J01F",0.776398245194194
"4120","J01F",0.856964266322351
"4121","J01F",0.834470856994512
"4122","J01F",0.760644706267063
"4123","J01F",0.800048759353155
"4124","J01F",1.06876787506092
"4125","J01F",0.717152340981173
"4126","J01F",1.00127384975051
"4127","J01F",0.882689905296048
"4128","J01F",0.801565360308389
"4129","J01F",0.936516205167363
"4130","J01F",0.871375956951235
"4131","J01F",0.778017763329437
"4132","J01F",0.817016424577777
"4133","J01F",0.867373028996979
"4134","J01F",0.793761701620081
"4135","J01F",0.99597066485933
"4136","J01F",1.00900357089555
"4137","J01F",0.989187109502225
"4138","J01F",0.791808253943611
"4139","J01F",0.653768340727923
"4140","J01F",0.807843898155264
"4141","J01F",0.864897937081376
"4142","J01F",0.871542220124619
"4143","J01F",0.920729289796035
"4144","J01F",0.656656849639449
"4145","J01F",0.72133943323387
"4146","J01F",0.733944837286702
"4147","J01F",0.625392972008473
"4148","J01F",0.577135346775522
"4149","J01F",0.766099368726977
"4150","J01F",0.805920103929912
"4151","J01F",0.877767161252072
"4152","J01F",0.906809079424372
"4153","J01F",0.589378004015837
"4154","J01F",0.906628728802593
"4155","J01F",0.519286847020707
"4156","J01F",0.969509683734394
"4157","J01F",1.08579946418457
"4158","J01F",0.696264252259435
"4159","J01F",0.634658183911637
"4160","J01F",0.813152901652677
"4161","J01F",0.838368322860831
"4162","J01F",0.657433021984757
"4163","J01F",0.58497079876777
"4164","J01F",0.860640655892887
"4165","J01F",0.929442401413154
"4166","J01F",1.01258497947141
"4167","J01F",0.533752389651891
"4168","J01F",0.932338806165033
"4169","J01F",0.470629164033757
"4170","J01F",0.640642180158869
"4171","J01F",1.09060969160405
"4172","J01F",0.72413451301343
"4173","J01F",1.11691457617985
"4174","J01F",0.536549625638064
"4175","J01F",0.504580780585445
"4176","J01F",0.838265197818216
"4177","J01F",0.650582638089543
"4178","J01F",0.562305789757846
"4179","J01F",0.839666625961988
"4180","J01F",0.625878734284727
"4181","J01F",0.901559577553079
"4182","J01F",1.20366624958129
"4183","J01F",0.505998717686763
"4184","J01F",0.573379099618492
"4185","J01F",0.904454434745137
"4186","J01F",0.922923184815312
"4187","J01F",0.907949982622907
"4188","J01F",0.788477402341075
"4189","J01F",0.617769020172479
"4190","J01F",0.678101432040525
"4191","J01F",0.673399407412667
"4192","J01F",0.935432281463391
"4193","J01F",0.930865265690513
"4194","J01F",0.844077502726141
"4195","J01F",0.871029931979094
"4196","J01F",0.647046096254113
"4197","J01F",0.889952151180383
"4198","J01F",0.60773106335247
"4199","J01F",0.98527342263438
"4200","J01F",0.646170829132068
"4201","J01F",0.735482563025049
"4202","J01F",0.559784953502103
"4203","J01F",0.671739636118906
"4204","J01F",0.677246093057534
"4205","J01F",0.832321122937502
"4206","J01F",0.933746171436819
"4207","J01F",0.817134485713751
"4208","J01F",0.753958481493579
"4209","J01F",0.820263207330888
"4210","J01F",0.539052861632972
"4211","J01F",0.807213408164217
"4212","J01F",0.94708030096212
"4213","J01F",0.855055676244494
"4214","J01F",0.921072836085753
"4215","J01F",0.885656389712817
"4216","J01F",0.406405868661453
"4217","J01F",0.445827171688371
"4218","J01F",0.562986188998235
"4219","J01F",0.750970234143464
"4220","J01F",0.7653237050002
"4221","J01F",0.85784139159006
"4222","J01F",0.795230366884848
"4223","J01F",0.698288862803301
"4224","J01F",0.697100966810076
"4225","J01F",0.821699924731368
"4226","J01F",0.77133089096128
"4227","J01F",0.581691213816
"4228","J01F",0.682338602683527
"4229","J01F",0.933389716534244
"4230","J01F",0.782628477195521
"4231","J01F",0.950365983246135
"4232","J01F",0.691878777253257
"4233","J01F",0.843642600774306
"4234","J01F",0.73891221845224
"4235","J01F",1.05673303481197
"4236","J01F",0.795345739951785
"4237","J01F",0.766968604715368
"4238","J01F",0.75683441856803
"4239","J01F",0.791934194155088
"4240","J01F",0.878768312098763
"4241","J01F",0.377573534297554
"4242","J01F",0.872249910227424
"4243","J01F",0.887365562574442
"4244","J01F",0.937735333070752
"4245","J01F",0.701699868792538
"4246","J01F",0.762474721287595
"4247","J01F",0.882705773953616
"4248","J01F",0.953241425800959
"4249","J01F",0.782276579091387
"4250","J01F",0.706465152750604
"4251","J01F",0.61488511309707
"4252","J01F",0.959015498910242
"4253","J01F",0.7244192307145
"4254","J01F",0.880533311160715
"4255","J01F",0.732281200974314
"4256","J01F",0.778405325187555
"4257","J01F",0.872982560670957
"4258","J01F",0.69927132359141
"4259","J01F",0.675806577218572
"4260","J01F",0.772395463112036
"4261","J01F",0.49003537952159
"4262","J01F",0.944479568225915
"4263","J01F",0.603701626957446
"4264","J01F",0.755188080030481
"4265","J01F",0.895956476136105
"4266","J01F",0.903205307017045
"4267","J01F",0.868609834447425
"4268","J01F",0.640937956839886
"4269","J01F",0.591188730094977
"4270","J01F",1.23400687173757
"4271","J01F",0.806264377045971
"4272","J01F",1.06730791061563
"4273","J01F",0.77661551489347
"4274","J01F",0.697600572242037
"4275","J01F",0.673442898008694
"4276","J01F",0.78276083553166
"4277","J01F",0.657622073979257
"4278","J01F",1.03701411573533
"4279","J01F",0.765728210599841
"4280","J01F",0.727974626851355
"4281","J01F",1.01387515830711
"4282","J01F",0.812357962551617
"4283","J01F",0.673618914841285
"4284","J01F",0.99646970317466
"4285","J01F",0.696110139615558
"4286","J01F",0.558416374915379
"4287","J01F",0.740766297663412
"4288","J01F",1.063095045378
"4289","J01F",0.818949946950807
"4290","J01F",1.06416136098149
"4291","J01F",1.09971362324381
"4292","J01F",0.66364030319575
"4293","J01F",1.1294474054728
"4294","J01F",0.725251648392535
"4295","J01F",1.01492388018641
"4296","J01F",0.610022674722558
"4297","J01F",0.56580546370512
"4298","J01F",1.2026968140808
"4299","J01F",0.897307994722814
"4300","J01F",0.854834799696625
"4301","J01F",0.839168845639257
"4302","J01F",0.658474473585645
"4303","J01F",1.21972001002013
"4304","J01F",0.856857134969584
"4305","J01F",0.615767007239161
"4306","J01F",0.915783223289014
"4307","J01F",0.723179177398251
"4308","J01F",0.923322807694362
"4309","J01F",0.6216989188923
"4310","J01F",0.901270483479934
"4311","J01F",0.778990584616499
"4312","J01F",0.594141657456603
"4313","J01F",0.542395275839751
"4314","J01F",0.876621314393544
"4315","J01F",0.703862782310726
"4316","J01F",0.680621023594224
"4317","J01F",0.695406175979627
"4318","J01F",0.737352056260586
"4319","J01F",0.993414324060382
"4320","J01F",0.513562845889462
"4321","J01F",0.666347395077576
"4322","J01F",0.771430847274249
"4323","J01F",0.872988998114949
"4324","J01F",0.685454036382164
"4325","J01F",0.61574934774498
"4326","J01F",0.846346886522006
"4327","J01F",0.751571073914325
"4328","J01F",1.08371687955351
"4329","J01F",1.0142995201641
"4330","J01F",0.896180749663351
"4331","J01F",0.980781889535435
"4332","J01F",0.918125982617849
"4333","J01F",0.685063388506458
"4334","J01F",1.12094727342652
"4335","J01F",0.831501270982741
"4336","J01F",0.729910792975799
"4337","J01F",1.0344419314153
"4338","J01F",0.824485878936792
"4339","J01F",0.821898405464187
"4340","J01F",0.847638172733377
"4341","J01F",0.974865071550438
"4342","J01F",0.554890539743349
"4343","J01F",0.840184582961263
"4344","J01F",0.855435352363088
"4345","J01F",0.766152202458898
"4346","J01F",0.92651189182053
"4347","J01F",0.772464335681015
"4348","J01F",0.824570764383857
"4349","J01F",0.703552105461216
"4350","J01F",0.895377468476136
"4351","J01F",0.873353770401482
"4352","J01F",0.635556760592907
"4353","J01F",0.867972541827063
"4354","J01F",0.959316800483713
"4355","J01F",0.620394355872651
"4356","J01F",0.77109340862015
"4357","J01F",0.609191937626833
"4358","J01F",0.888070763698816
"4359","J01F",0.690396418711956
"4360","J01F",0.940342504111334
"4361","J01F",0.807610927777714
"4362","J01F",1.06449109345616
"4363","J01F",0.664340153685037
"4364","J01F",0.818325889058974
"4365","J01F",0.943838451406974
"4366","J01F",0.730362861088608
"4367","J01F",0.818192779020007
"4368","J01F",0.702900289780005
"4369","J01F",0.92223356037119
"4370","J01F",0.644347188317249
"4371","J01F",1.06385795310761
"4372","J01F",0.512692025430672
"4373","J01F",0.769121888593317
"4374","J01F",0.88989564645267
"4375","J01F",0.854502026896022
"4376","J01F",0.853975170854423
"4377","J01F",0.972226431155486
"4378","J01F",0.59153520976667
"4379","J01F",0.808658342608643
"4380","J01F",0.659108045776258
"4381","J01F",0.735127014761093
"4382","J01F",0.916356058680763
"4383","J01F",0.706245598291968
"4384","J01F",0.687041275285039
"4385","J01F",1.0136992222287
"4386","J01F",0.793357400719878
"4387","J01F",0.751554005937257
"4388","J01F",0.983402342208151
"4389","J01F",0.650471849064423
"4390","J01F",0.665862753379294
"4391","J01F",0.778503800214036
"4392","J01F",0.82932251133028
"4393","J01F",0.78265378243239
"4394","J01F",0.617187409552493
"4395","J01F",0.803834115509063
"4396","J01F",0.791140965551726
"4397","J01F",1.06440741288925
"4398","J01F",0.768709830675083
"4399","J01F",0.707981190433869
"4400","J01F",0.712515653177926
"4401","J01F",1.04223683469291
"4402","J01F",0.803627578379695
"4403","J01F",0.864713498219559
"4404","J01F",0.943439511505076
"4405","J01F",0.609463670479483
"4406","J01F",1.0147047306165
"4407","J01F",1.0109295460224
"4408","J01F",0.725330150167643
"4409","J01F",0.770823559344224
"4410","J01F",0.845819852472899
"4411","J01F",1.07411344200932
"4412","J01F",0.489771692437571
"4413","J01F",0.868645731030415
"4414","J01F",0.733755794779535
"4415","J01F",0.724566970395004
"4416","J01F",0.790517726000437
"4417","J01F",0.72181596717074
"4418","J01F",0.512577477961695
"4419","J01F",0.704416543535839
"4420","J01F",0.782806635700947
"4421","J01F",0.734868767260083
"4422","J01F",0.926074770843461
"4423","J01F",0.832050624943106
"4424","J01F",0.796403850519887
"4425","J01F",0.630869968134847
"4426","J01F",0.650703523619523
"4427","J01F",0.7929636980011
"4428","J01F",0.748810033411645
"4429","J01F",0.916799163444506
"4430","J01F",0.402733981203336
"4431","J01F",0.490792984507438
"4432","J01F",0.658278803546828
"4433","J01F",0.617185655625074
"4434","J01F",0.827028954548422
"4435","J01F",0.620867353971559
"4436","J01F",0.748265152713015
"4437","J01F",1.04612958016768
"4438","J01F",0.902085287942482
"4439","J01F",1.05595694086405
"4440","J01F",0.808258158206871
"4441","J01F",0.786680941774971
"4442","J01F",0.773809539267908
"4443","J01F",0.805412726579221
"4444","J01F",0.631967369430407
"4445","J01F",0.905832033075013
"4446","J01F",0.879297088982776
"4447","J01F",0.634477139667332
"4448","J01F",0.725162897018944
"4449","J01F",1.00994131749207
"4450","J01F",0.933008505187774
"4451","J01F",0.779261847452444
"4452","J01F",0.633172485816588
"4453","J01F",0.967942404365005
"4454","J01F",0.952612902198032
"4455","J01F",0.743941838505495
"4456","J01F",0.598411050982988
"4457","J01F",0.799461494022406
"4458","J01F",0.582198024518295
"4459","J01F",0.762461323714394
"4460","J01F",0.843319502914927
"4461","J01F",0.77895762307475
"4462","J01F",0.736546948576613
"4463","J01F",0.610670642538979
"4464","J01F",0.786361616345799
"4465","J01F",0.905698314023316
"4466","J01F",0.822853342592286
"4467","J01F",0.679992593236165
"4468","J01F",0.666692809440214
"4469","J01F",0.771457605341715
"4470","J01F",0.794393880491721
"4471","J01F",0.718914470259492
"4472","J01F",0.809673978048844
"4473","J01F",0.639090645382493
"4474","J01F",0.738528812774151
"4475","J01F",0.708590338228921
"4476","J01F",0.873333770267504
"4477","J01F",0.940487990741802
"4478","J01F",0.990999482123609
"4479","J01F",0.552133743023615
"4480","J01F",1.09440141227683
"4481","J01F",0.706428727414484
"4482","J01F",0.73669927940938
"4483","J01F",0.561043775620423
"4484","J01F",0.754565699377661
"4485","J01F",0.608218417566536
"4486","J01F",0.991651542684375
"4487","J01F",1.07004124643205
"4488","J01F",0.719529637554566
"4489","J01F",0.620702900454506
"4490","J01F",0.778359728088378
"4491","J01F",1.00773800795034
"4492","J01F",1.00577335396778
"4493","J01F",0.635345276238088
"4494","J01F",0.56323213187894
"4495","J01F",0.539458423491145
"4496","J01F",0.813923540691911
"4497","J01F",0.51292922142817
"4498","J01F",0.716173845881211
"4499","J01F",1.15035231981234
"4500","J01F",0.884345139615032
"4501","J01F",0.670525557600628
"4502","J01F",0.75017403295908
"4503","J01F",0.92275445309673
"4504","J01F",0.705587301605165
"4505","J01F",0.871620832196829
"4506","J01F",0.795872717834977
"4507","J01F",0.870655694699737
"4508","J01F",0.948398774371462
"4509","J01F",1.02983150013507
"4510","J01F",0.918593167920016
"4511","J01F",0.714593390133197
"4512","J01F",0.71949571435581
"4513","J01F",0.945411391356628
"4514","J01F",0.903586477397594
"4515","J01F",0.756854137443405
"4516","J01F",0.904798158397838
"4517","J01F",0.806779080117949
"4518","J01F",0.903662263260009
"4519","J01F",0.802127566977432
"4520","J01F",1.1720990822908
"4521","J01F",0.925612097995322
"4522","J01F",0.777374873082041
"4523","J01F",0.791946902293382
"4524","J01F",0.816971634601368
"4525","J01F",0.916378654267456
"4526","J01F",0.812247833532851
"4527","J01F",0.984716678875082
"4528","J01F",0.883830563518529
"4529","J01F",0.744132703247935
"4530","J01F",0.66951587887992
"4531","J01F",0.687259497004609
"4532","J01F",0.722167337527373
"4533","J01F",0.571565865442482
"4534","J01F",0.707836283540686
"4535","J01F",0.678032162040247
"4536","J01F",1.01946204920602
"4537","J01F",0.831808426640323
"4538","J01F",0.798048038609367
"4539","J01F",0.768935491776777
"4540","J01F",0.750208756634693
"4541","J01F",0.740886616016968
"4542","J01F",0.904457440689688
"4543","J01F",0.658640536246915
"4544","J01F",0.974465593003644
"4545","J01F",0.670716345585668
"4546","J01F",0.654113087134156
"4547","J01F",0.865173368050832
"4548","J01F",0.778393594731345
"4549","J01F",0.672881645299514
"4550","J01F",0.508982791452921
"4551","J01F",0.713222901216391
"4552","J01F",0.84524548700572
"4553","J01F",0.661365343611023
"4554","J01F",0.730307267749283
"4555","J01F",0.774134744441848
"4556","J01F",0.680184069698191
"4557","J01F",0.953657274632443
"4558","J01F",0.932872794779266
"4559","J01F",0.903750951638985
"4560","J01F",0.920288320858816
"4561","J01F",0.994427048104465
"4562","J01F",0.768882780912524
"4563","J01F",0.998628646474406
"4564","J01F",0.666964471338797
"4565","J01F",0.813009391306054
"4566","J01F",0.799798779547244
"4567","J01F",1.06311137757307
"4568","J01F",0.895418625275683
"4569","J01F",1.14748295551314
"4570","J01F",0.621583258424369
"4571","J01F",0.982529255475189
"4572","J01F",0.667396996369511
"4573","J01F",1.26458641928738
"4574","J01F",0.875779762983505
"4575","J01F",0.799627112202456
"4576","J01F",1.13364553584639
"4577","J01F",0.822733205771357
"4578","J01F",0.749427911372784
"4579","J01F",0.604914707956259
"4580","J01F",0.92051688072536
"4581","J01F",0.900450440348197
"4582","J01F",0.926322198280683
"4583","J01F",0.487210499667275
"4584","J01F",0.422566134156009
"4585","J01F",0.805592704723947
"4586","J01F",0.774654059421259
"4587","J01F",0.779043183814499
"4588","J01F",0.570711562294966
"4589","J01F",0.679396901938997
"4590","J01F",0.862699091176654
"4591","J01F",0.782615125998827
"4592","J01F",0.919763516994617
"4593","J01F",0.772791438036859
"4594","J01F",0.793725769786322
"4595","J01F",0.675394697803418
"4596","J01F",0.876250188590282
"4597","J01F",0.766978350851055
"4598","J01F",1.09258381680408
"4599","J01F",0.699020598478962
"4600","J01F",0.78197991201248
"4601","J01F",0.854473347948167
"4602","J01F",0.99153926718667
"4603","J01F",0.891763108924645
"4604","J01F",0.44306228008235
"4605","J01F",0.644930432142991
"4606","J01F",0.6944452678059
"4607","J01F",0.804987409737193
"4608","J01F",0.62656476182198
"4609","J01F",1.28917567753109
"4610","J01F",0.855278827052914
"4611","J01F",0.848080303015608
"4612","J01F",1.06746427936768
"4613","J01F",1.04836241017481
"4614","J01F",0.662261245970363
"4615","J01F",0.648738329729134
"4616","J01F",0.764358097500871
"4617","J01F",0.529939559195697
"4618","J01F",0.827945135466489
"4619","J01F",0.789673988666684
"4620","J01F",0.735046819508435
"4621","J01F",0.900650332903162
"4622","J01F",0.808506424417739
"4623","J01F",0.810056185821016
"4624","J01F",1.10931067984335
"4625","J01F",0.665193361278399
"4626","J01F",0.627976745090432
"4627","J01F",0.973136562687615
"4628","J01F",0.519692468235641
"4629","J01F",0.729582090331572
"4630","J01F",0.779675026464886
"4631","J01F",1.01252669345312
"4632","J01F",0.703962369862064
"4633","J01F",1.09399307222882
"4634","J01F",0.862247119484934
"4635","J01F",0.781412934003287
"4636","J01F",0.541942237627326
"4637","J01F",0.844587317551082
"4638","J01F",1.00040872606193
"4639","J01F",0.852051901937095
"4640","J01F",0.52609042621371
"4641","J01F",0.947114868543725
"4642","J01F",0.830259386616963
"4643","J01F",0.762586309380075
"4644","J01F",0.886324860106988
"4645","J01F",0.698080065775514
"4646","J01F",0.756993402047106
"4647","J01F",0.58179651866814
"4648","J01F",0.681944173496083
"4649","J01F",0.55359453358866
"4650","J01F",0.770626188607233
"4651","J01F",1.08756118301361
"4652","J01F",0.832983826979549
"4653","J01F",0.72865393331439
"4654","J01F",0.557709591967796
"4655","J01F",0.68235334130643
"4656","J01F",0.871679075970877
"4657","J01F",0.672043433826877
"4658","J01F",0.855665220407571
"4659","J01F",0.611788761338769
"4660","J01F",0.838482680850522
"4661","J01F",0.995285739989777
"4662","J01F",1.04046146517921
"4663","J01F",0.756589763607129
"4664","J01F",0.78900745753057
"4665","J01F",0.745792699525207
"4666","J01F",0.610587732719591
"4667","J01F",0.605864420968516
"4668","J01F",0.555803494468687
"4669","J01F",0.753668774280331
"4670","J01F",1.01469464551028
"4671","J01F",0.834887484013836
"4672","J01F",0.702909976402677
"4673","J01F",0.665931166218991
"4674","J01F",0.779829533459376
"4675","J01F",0.72551851546687
"4676","J01F",0.782370118014551
"4677","J01F",0.958666970940608
"4678","J01F",0.645006338910473
"4679","J01F",0.962180701559086
"4680","J01F",0.708803360900803
"4681","J01F",1.16307704902043
"4682","J01F",0.82827731343873
"4683","J01F",0.777560438456847
"4684","J01F",0.835800062617501
"4685","J01F",0.471252147863463
"4686","J01F",0.954397168867733
"4687","J01F",0.554214975676782
"4688","J01F",0.76364210787348
"4689","J01F",0.824728147489128
"4690","J01F",0.575639051484734
"4691","J01F",0.801483598644448
"4692","J01F",0.859327692898041
"4693","J01F",0.854995263780448
"4694","J01F",0.827602938148271
"4695","J01F",0.697495821768909
"4696","J01F",0.670301082918858
"4697","J01F",0.741743289640765
"4698","J01F",0.594637750481728
"4699","J01F",0.830095177103447
"4700","J01F",0.626937781663581
"4701","J01F",1.014068282837
"4702","J01F",0.926252679165645
"4703","J01F",0.647147232368284
"4704","J01F",0.854057851593564
"4705","J01F",0.941924976267084
"4706","J01F",0.696659551033169
"4707","J01F",0.929794731895487
"4708","J01F",0.716263754456364
"4709","J01F",0.784947101580881
"4710","J01F",0.703122445837361
"4711","J01F",0.980536458296026
"4712","J01F",0.961475299232991
"4713","J01F",0.696127347908686
"4714","J01F",0.744251562820363
"4715","J01F",1.02729399971725
"4716","J01F",0.896591668853022
"4717","J01F",0.84385010804998
"4718","J01F",0.887757253152611
"4719","J01F",0.818614461169322
"4720","J01F",0.84407906654786
"4721","J01F",0.820971232681411
"4722","J01F",0.966389983768362
"4723","J01F",0.793695886189174
"4724","J01F",1.09866070361976
"4725","J01F",0.990215664680268
"4726","J01F",0.882867342142165
"4727","J01F",0.825447061371853
"4728","J01F",0.639571355838365
"4729","J01F",0.897279063994861
"4730","J01F",0.825792483717276
"4731","J01F",0.857493349033079
"4732","J01F",0.761907970893909
"4733","J01F",0.557312931302784
"4734","J01F",1.05380656884807
"4735","J01F",0.538979932765398
"4736","J01F",0.844514257457493
"4737","J01F",0.995261510928393
"4738","J01F",1.04093622382862
"4739","J01F",0.712403603732892
"4740","J01F",0.882609757640452
"4741","J01F",0.845836264872652
"4742","J01F",0.916688215930767
"4743","J01F",0.901131453512041
"4744","J01F",0.908523604677972
"4745","J01F",1.00644058212189
"4746","J01F",0.476658150473124
"4747","J01F",0.862161623291008
"4748","J01F",0.422612218245364
"4749","J01F",0.867567118557184
"4750","J01F",0.853648907929649
"4751","J01F",0.943977711256802
"4752","J01F",0.614487398493224
"4753","J01F",0.696399878356524
"4754","J01F",0.811765101350176
"4755","J01F",0.749886507582035
"4756","J01F",0.78358619035497
"4757","J01F",0.76612450657996
"4758","J01F",0.900282022290584
"4759","J01F",0.932118327038559
"4760","J01F",0.696084493847355
"4761","J01F",0.792334475364542
"4762","J01F",0.687318226230781
"4763","J01F",0.775229244411834
"4764","J01F",0.7792867708175
"4765","J01F",0.833507372090679
"4766","J01F",0.765130109912853
"4767","J01F",0.872840762231397
"4768","J01F",0.9011715239295
"4769","J01F",0.942172656138257
"4770","J01F",0.777423010554444
"4771","J01F",0.930050077956411
"4772","J01F",0.897594743569643
"4773","J01F",1.09618891564218
"4774","J01F",0.849737128289141
"4775","J01F",0.889049572835715
"4776","J01F",0.7524602683201
"4777","J01F",0.8414433994764
"4778","J01F",0.763431264858092
"4779","J01F",0.790769381264666
"4780","J01F",0.81121168073576
"4781","J01F",0.784665590460976
"4782","J01F",0.716992771964898
"4783","J01F",0.944030792741303
"4784","J01F",0.532706872375263
"4785","J01F",0.95375618414556
"4786","J01F",0.880140691970003
"4787","J01F",0.506104994521094
"4788","J01F",0.906992998875791
"4789","J01F",0.770564502973584
"4790","J01F",0.798798353019486
"4791","J01F",0.884821291072397
"4792","J01F",0.783013726955247
"4793","J01F",0.827226033915173
"4794","J01F",0.75106214940428
"4795","J01F",0.696732484445714
"4796","J01F",0.509867494375407
"4797","J01F",0.815286948071966
"4798","J01F",0.7013439250851
"4799","J01F",0.962063997647131
"4800","J01F",0.646686982739392
"4801","J01F",0.881218978414593
"4802","J01F",0.649716730621091
"4803","J01F",0.628983124599585
"4804","J01F",0.671904988055642
"4805","J01F",0.89109862940439
"4806","J01F",0.880044254419551
"4807","J01F",0.528945128792164
"4808","J01F",0.939234690665266
"4809","J01F",0.578555150107687
"4810","J01F",0.823248922381159
"4811","J01F",0.506943221836277
"4812","J01F",0.778892079433164
"4813","J01F",0.938981796832565
"4814","J01F",1.14760637366144
"4815","J01F",0.843771464854376
"4816","J01F",0.867638441512293
"4817","J01F",0.744267523387028
"4818","J01F",0.757642473277275
"4819","J01F",0.870979935649961
"4820","J01F",0.639247149838104
"4821","J01F",0.710690960491487
"4822","J01F",0.760402281324678
"4823","J01F",0.632799724920177
"4824","J01F",0.738126255856621
"4825","J01F",0.931383293246825
"4826","J01F",0.773971274431863
"4827","J01F",0.801552524253066
"4828","J01F",0.854332524078903
"4829","J01F",1.00767558739361
"4830","J01F",0.765402684582939
"4831","J01F",0.727229739552093
"4832","J01F",0.681646902170273
"4833","J01F",0.786959301828365
"4834","J01F",0.881200243993206
"4835","J01F",0.814922076248193
"4836","J01F",0.697850466716281
"4837","J01F",0.548217296011638
"4838","J01F",0.884625942869458
"4839","J01F",0.868237814383338
"4840","J01F",0.725915633146562
"4841","J01F",1.20190108451735
"4842","J01F",0.888165857363717
"4843","J01F",0.885816444269333
"4844","J01F",0.601942275544758
"4845","J01F",0.734960137132045
"4846","J01F",0.569301118247153
"4847","J01F",1.09698974592469
"4848","J01F",0.63122624449428
"4849","J01F",0.709418247360156
"4850","J01F",0.840805789886114
"4851","J01F",0.741213263451257
"4852","J01F",0.777045863572994
"4853","J01F",0.637618022586741
"4854","J01F",0.882038393421725
"4855","J01F",0.785801206000464
"4856","J01F",0.57624866447162
"4857","J01F",0.419193929641028
"4858","J01F",0.786178276393924
"4859","J01F",0.858342138819145
"4860","J01F",0.900386463195911
"4861","J01F",0.65826754409775
"4862","J01F",0.710156235221219
"4863","J01F",0.756574926007048
"4864","J01F",0.93882586765433
"4865","J01F",1.09316415034986
"4866","J01F",0.94933429566293
"4867","J01F",0.903873010205874
"4868","J01F",0.629941364915115
"4869","J01F",0.857760937524393
"4870","J01F",0.880793585927629
"4871","J01F",0.583002823733319
"4872","J01F",0.888704783237182
"4873","J01F",0.700847525949168
"4874","J01F",0.93961874903693
"4875","J01F",0.79757907789629
"4876","J01F",1.17199193963403
"4877","J01F",0.877410009859186
"4878","J01F",0.689700568226435
"4879","J01F",0.890458202847334
"4880","J01F",0.958476514053748
"4881","J01F",0.649590077879874
"4882","J01F",0.60559684452236
"4883","J01F",0.747549032935344
"4884","J01F",0.558853020174402
"4885","J01F",0.885280757166353
"4886","J01F",0.889242976660202
"4887","J01F",0.811064678082768
"4888","J01F",0.959648160683562
"4889","J01F",0.732863780485221
"4890","J01F",0.954563315621953
"4891","J01F",0.614057114924305
"4892","J01F",0.819809514620712
"4893","J01F",0.971049497088432
"4894","J01F",0.684640919986985
"4895","J01F",0.99317346488309
"4896","J01F",0.745545650866591
"4897","J01F",0.679103624432929
"4898","J01F",0.928877411232209
"4899","J01F",0.549121689947212
"4900","J01F",0.792337442343865
"4901","J01F",0.766144347470761
"4902","J01F",0.890497828245395
"4903","J01F",0.88507957245176
"4904","J01F",0.965302861807213
"4905","J01F",0.734287130096694
"4906","J01F",0.909831063836951
"4907","J01F",0.777485874370545
"4908","J01F",0.517470071620138
"4909","J01F",0.78018190161549
"4910","J01F",0.794553442660526
"4911","J01F",0.733464806789831
"4912","J01F",0.828665587888
"4913","J01F",0.688923486809004
"4914","J01F",0.968237784927263
"4915","J01F",0.99949248111292
"4916","J01F",0.602100372956106
"4917","J01F",0.637391180713583
"4918","J01F",0.886356132033691
"4919","J01F",0.983268541740129
"4920","J01F",0.936794672807829
"4921","J01F",0.57041362561501
"4922","J01F",0.708804123693003
"4923","J01F",0.66431065267518
"4924","J01F",0.830438800256445
"4925","J01F",0.676495907625315
"4926","J01F",0.957426014877976
"4927","J01F",0.772258348080114
"4928","J01F",0.876685700442603
"4929","J01F",0.575096541902492
"4930","J01F",0.614841564935779
"4931","J01F",0.536763462390212
"4932","J01F",0.806023098684685
"4933","J01F",0.936264812063071
"4934","J01F",0.489149541380526
"4935","J01F",0.398959408072362
"4936","J01F",0.963704577212114
"4937","J01F",0.837199223685433
"4938","J01F",0.514317056176858
"4939","J01F",0.89654611503972
"4940","J01F",0.799332483917777
"4941","J01F",1.04237897550731
"4942","J01F",0.535738735140013
"4943","J01F",0.776859058934595
"4944","J01F",1.31347407653302
"4945","J01F",0.966842855160966
"4946","J01F",0.92204368141127
"4947","J01F",0.791746746486287
"4948","J01F",0.902169638614798
"4949","J01F",0.5664971395165
"4950","J01F",0.762439525977629
"4951","J01F",0.907615467829461
"4952","J01F",0.93159335176317
"4953","J01F",0.815431103355726
"4954","J01F",0.689140241871528
"4955","J01F",0.711198755985821
"4956","J01F",0.59030432740698
"4957","J01F",0.822205638718086
"4958","J01F",1.12847922454505
"4959","J01F",0.77230826023369
"4960","J01F",0.851713758557303
"4961","J01F",0.92291132249051
"4962","J01F",1.00048752584168
"4963","J01F",0.65847829387308
"4964","J01F",0.764590763737428
"4965","J01F",0.854961037494563
"4966","J01F",0.924117224498588
"4967","J01F",0.915456160690275
"4968","J01F",0.461485629299892
"4969","J01F",0.96952197067281
"4970","J01F",0.520204726711139
"4971","J01F",0.726771257347376
"4972","J01F",0.683180902498537
"4973","J01F",0.754868611777387
"4974","J01F",0.793285560977166
"4975","J01F",0.953180027862507
"4976","J01F",0.94690874025749
"4977","J01F",0.744248055198679
"4978","J01F",0.489430643340708
"4979","J01F",0.913558335323445
"4980","J01F",0.76406558557438
"4981","J01F",0.56740521192966
"4982","J01F",0.645301755842775
"4983","J01F",0.764643842389223
"4984","J01F",0.777974872921298
"4985","J01F",0.923278003125599
"4986","J01F",0.883485522220584
"4987","J01F",0.810589116883092
"4988","J01F",1.06980191283865
"4989","J01F",0.993989112788074
"4990","J01F",0.878683148941886
"4991","J01F",0.910030719734316
"4992","J01F",0.790488891571767
"4993","J01F",0.791945379633445
"4994","J01F",0.751879469456244
"4995","J01F",0.847030483772408
"4996","J01F",0.505881884455933
"4997","J01F",0.849203056431506
"4998","J01F",0.881524768523536
"4999","J01F",0.705247821562041
"5000","J01F",0.657415201518022
"5001","J01G",0.628269836261107
"5002","J01G",0.678144618222526
"5003","J01G",0.755610182470184
"5004","J01G",0.616326659752792
"5005","J01G",0.741540639881722
"5006","J01G",0.621518557018816
"5007","J01G",0.466129912068433
"5008","J01G",0.553260591315943
"5009","J01G",0.611352931720063
"5010","J01G",0.733990756155695
"5011","J01G",0.594679773051625
"5012","J01G",0.445056755111446
"5013","J01G",0.618531839981236
"5014","J01G",0.752720031051211
"5015","J01G",0.508711965844307
"5016","J01G",0.705022339089587
"5017","J01G",0.61411096902019
"5018","J01G",0.64204832553139
"5019","J01G",0.716731108208519
"5020","J01G",0.360527005083461
"5021","J01G",0.973664188516676
"5022","J01G",0.388482848543805
"5023","J01G",0.568645006581597
"5024","J01G",0.595004965462103
"5025","J01G",0.630068563603694
"5026","J01G",0.673418479326703
"5027","J01G",0.570824939370894
"5028","J01G",0.486680506136393
"5029","J01G",0.687542268381732
"5030","J01G",0.488813898476816
"5031","J01G",0.442329679230854
"5032","J01G",0.540526399042898
"5033","J01G",0.730961932979434
"5034","J01G",0.574445666477713
"5035","J01G",0.694968512894855
"5036","J01G",0.489210511360304
"5037","J01G",0.792700542042796
"5038","J01G",0.686000788776292
"5039","J01G",0.540125888921158
"5040","J01G",0.56964071041937
"5041","J01G",0.561871095605488
"5042","J01G",0.752571841476813
"5043","J01G",0.477638853284881
"5044","J01G",0.661766413797503
"5045","J01G",0.545715334250898
"5046","J01G",0.744506945830445
"5047","J01G",0.479935170766776
"5048","J01G",0.633762632311645
"5049","J01G",0.551372215411722
"5050","J01G",0.406408266580833
"5051","J01G",0.574945152554156
"5052","J01G",0.361388716413785
"5053","J01G",0.772490171781315
"5054","J01G",0.560466959039793
"5055","J01G",0.53972062489007
"5056","J01G",0.59900678850132
"5057","J01G",0.848324014852821
"5058","J01G",0.632459928430789
"5059","J01G",0.64878734388699
"5060","J01G",0.457968699054044
"5061","J01G",0.633386735093602
"5062","J01G",0.480308529527993
"5063","J01G",0.511442513706239
"5064","J01G",0.571119705741027
"5065","J01G",0.574019716830172
"5066","J01G",0.63054589592967
"5067","J01G",0.696702358759746
"5068","J01G",0.570580097939722
"5069","J01G",0.488894281725973
"5070","J01G",0.670135242621859
"5071","J01G",0.676366723595687
"5072","J01G",0.821996545678628
"5073","J01G",0.62529873126637
"5074","J01G",0.490765289348157
"5075","J01G",0.412468406445202
"5076","J01G",0.852467322837455
"5077","J01G",0.592684191460676
"5078","J01G",0.436453796662212
"5079","J01G",0.414249432382538
"5080","J01G",0.695866213723129
"5081","J01G",0.678903646734233
"5082","J01G",0.692316722134324
"5083","J01G",0.496410192975882
"5084","J01G",0.666063110951599
"5085","J01G",0.564559651713173
"5086","J01G",0.705767335080008
"5087","J01G",0.427196469604766
"5088","J01G",0.635113448669778
"5089","J01G",0.577598631061304
"5090","J01G",0.495717923683402
"5091","J01G",0.628706275315341
"5092","J01G",0.492049434130072
"5093","J01G",0.699062326921578
"5094","J01G",0.538081987608029
"5095","J01G",0.515759875481418
"5096","J01G",0.679529583149157
"5097","J01G",0.440092722506621
"5098","J01G",0.606974140395117
"5099","J01G",0.621414576860905
"5100","J01G",0.829076095239075
"5101","J01G",0.498432817379046
"5102","J01G",0.571108012066867
"5103","J01G",0.526696430560646
"5104","J01G",0.640586607400543
"5105","J01G",0.889050902127178
"5106","J01G",0.423118656770247
"5107","J01G",0.603528700926069
"5108","J01G",0.37538586402323
"5109","J01G",0.60988002173612
"5110","J01G",0.805143520172273
"5111","J01G",0.519842465656415
"5112","J01G",0.638212655052373
"5113","J01G",0.556959450475167
"5114","J01G",0.795918567151448
"5115","J01G",0.642688432189592
"5116","J01G",0.567247965555174
"5117","J01G",0.546916884049261
"5118","J01G",0.526388821848276
"5119","J01G",0.607895911204748
"5120","J01G",0.555429060545675
"5121","J01G",0.789587284968287
"5122","J01G",0.452806709833878
"5123","J01G",0.552489094787912
"5124","J01G",0.660855484462973
"5125","J01G",0.543304920441854
"5126","J01G",0.595039085115983
"5127","J01G",0.628773923336231
"5128","J01G",0.556228170870546
"5129","J01G",0.532344734546269
"5130","J01G",0.469845944947746
"5131","J01G",0.469790917714637
"5132","J01G",0.794087372431052
"5133","J01G",0.559229242228295
"5134","J01G",0.654826761495672
"5135","J01G",0.567863271699669
"5136","J01G",0.590091514896282
"5137","J01G",0.699633929956757
"5138","J01G",0.536285434942942
"5139","J01G",0.624018542775711
"5140","J01G",0.509400312424679
"5141","J01G",0.757269434962932
"5142","J01G",0.672621149727661
"5143","J01G",0.504871852978114
"5144","J01G",0.435382964179659
"5145","J01G",0.523624970125388
"5146","J01G",0.576320415201808
"5147","J01G",0.728955838776883
"5148","J01G",0.797143623959396
"5149","J01G",0.478729427192688
"5150","J01G",0.593509731850806
"5151","J01G",0.62008025173015
"5152","J01G",0.519877680949534
"5153","J01G",0.757839431407168
"5154","J01G",0.703959157617426
"5155","J01G",0.413257660247457
"5156","J01G",0.518631990449573
"5157","J01G",0.571301047212526
"5158","J01G",0.410128069471227
"5159","J01G",0.520301572678213
"5160","J01G",0.612798246264396
"5161","J01G",0.6735546740277
"5162","J01G",0.469598807248839
"5163","J01G",0.455065829270146
"5164","J01G",0.605216436270136
"5165","J01G",0.429581168157392
"5166","J01G",0.576977235248188
"5167","J01G",0.677415160110693
"5168","J01G",0.777357954642078
"5169","J01G",0.641814293234396
"5170","J01G",0.608755077031854
"5171","J01G",0.690918282028244
"5172","J01G",0.746509153177534
"5173","J01G",0.456844817591267
"5174","J01G",0.833816936941631
"5175","J01G",0.475786856503304
"5176","J01G",0.49923896575241
"5177","J01G",0.736772285812543
"5178","J01G",0.697165472612638
"5179","J01G",0.438825478474729
"5180","J01G",0.298003525704443
"5181","J01G",0.544639868396472
"5182","J01G",0.700306128992974
"5183","J01G",0.66730536524673
"5184","J01G",0.43952129241172
"5185","J01G",0.708297243959639
"5186","J01G",0.620631840147425
"5187","J01G",0.597659531125426
"5188","J01G",0.659560545677227
"5189","J01G",0.68473261559642
"5190","J01G",0.70467337227436
"5191","J01G",0.370028333900998
"5192","J01G",0.798448252948856
"5193","J01G",0.730643114147616
"5194","J01G",0.447413894686099
"5195","J01G",0.62982211896696
"5196","J01G",0.656366373393103
"5197","J01G",0.583287709691235
"5198","J01G",0.477412539666678
"5199","J01G",0.656938556163713
"5200","J01G",0.665595929803607
"5201","J01G",0.628957068824318
"5202","J01G",0.774884492228119
"5203","J01G",0.725689841553039
"5204","J01G",0.517955781591287
"5205","J01G",0.6313681893541
"5206","J01G",0.416064338847624
"5207","J01G",0.641831906347017
"5208","J01G",0.564465106175556
"5209","J01G",0.641182518688227
"5210","J01G",0.690910820148867
"5211","J01G",0.742700514076608
"5212","J01G",0.5161693148206
"5213","J01G",0.400570846996685
"5214","J01G",0.685460985708034
"5215","J01G",0.487883810331401
"5216","J01G",0.648719925844041
"5217","J01G",0.596160289301963
"5218","J01G",0.691268303527671
"5219","J01G",0.748674963127952
"5220","J01G",0.594442297151838
"5221","J01G",0.735742320999937
"5222","J01G",0.562228702816627
"5223","J01G",0.377138823807953
"5224","J01G",0.528735897527947
"5225","J01G",0.463707562481702
"5226","J01G",0.604516314370503
"5227","J01G",0.863856142812006
"5228","J01G",0.57151188454208
"5229","J01G",0.784208913953772
"5230","J01G",0.57577815736738
"5231","J01G",0.461949270552715
"5232","J01G",0.316068025212453
"5233","J01G",0.583859452039332
"5234","J01G",0.715728091449772
"5235","J01G",0.475351235903911
"5236","J01G",0.426487549129906
"5237","J01G",0.631052488408498
"5238","J01G",0.591312437430932
"5239","J01G",0.549561042319658
"5240","J01G",0.508514197632639
"5241","J01G",0.566804636252922
"5242","J01G",0.595123211428033
"5243","J01G",0.653067003467692
"5244","J01G",0.559574267860359
"5245","J01G",0.47072751489455
"5246","J01G",0.612205208620085
"5247","J01G",0.363212672644901
"5248","J01G",0.555140483610446
"5249","J01G",0.558099386088516
"5250","J01G",0.678723771843427
"5251","J01G",0.684332711189392
"5252","J01G",0.55422849538029
"5253","J01G",0.566600961561585
"5254","J01G",0.692270241078928
"5255","J01G",0.684191894933063
"5256","J01G",0.658924321233083
"5257","J01G",0.67509362572995
"5258","J01G",0.680349159426264
"5259","J01G",0.802748791854278
"5260","J01G",0.766044579734977
"5261","J01G",0.607783317210018
"5262","J01G",0.771301288393108
"5263","J01G",0.538857775416984
"5264","J01G",0.709743966226771
"5265","J01G",0.536203252878679
"5266","J01G",0.615499392520458
"5267","J01G",0.66733096224725
"5268","J01G",0.418482708399077
"5269","J01G",0.864598053314865
"5270","J01G",0.538196430824708
"5271","J01G",0.509825729654837
"5272","J01G",0.516347908582237
"5273","J01G",0.7909033332166
"5274","J01G",0.348647726434016
"5275","J01G",0.614782227358155
"5276","J01G",0.585133251195069
"5277","J01G",0.657484957059066
"5278","J01G",0.55429656082411
"5279","J01G",0.549880015313903
"5280","J01G",0.615515595598106
"5281","J01G",0.609951734651836
"5282","J01G",0.584865471578083
"5283","J01G",0.571793460180047
"5284","J01G",0.882706677288426
"5285","J01G",0.476375471423679
"5286","J01G",0.790494424844869
"5287","J01G",0.67878858785217
"5288","J01G",0.627074986603446
"5289","J01G",0.433044759979733
"5290","J01G",0.634197694155354
"5291","J01G",0.577838540013009
"5292","J01G",0.58213402692264
"5293","J01G",0.681648686246508
"5294","J01G",0.754038449498963
"5295","J01G",0.774800988790357
"5296","J01G",0.594954388123862
"5297","J01G",0.677200661007609
"5298","J01G",0.608063158495504
"5299","J01G",0.757966467527755
"5300","J01G",0.608738571141803
"5301","J01G",0.737334832450352
"5302","J01G",0.39350387560121
"5303","J01G",0.532135281686282
"5304","J01G",0.545010961187619
"5305","J01G",0.719242687485136
"5306","J01G",0.623526950308607
"5307","J01G",0.479388768048147
"5308","J01G",0.59203563899601
"5309","J01G",0.653024630342875
"5310","J01G",0.535782846448037
"5311","J01G",0.651705197329419
"5312","J01G",0.481107938968368
"5313","J01G",0.563369317730238
"5314","J01G",0.59924228720669
"5315","J01G",0.417339366884822
"5316","J01G",0.541553895750629
"5317","J01G",0.720432900222168
"5318","J01G",0.391708564777099
"5319","J01G",0.565484217605588
"5320","J01G",0.662400005816414
"5321","J01G",0.72111342905073
"5322","J01G",0.440310544855207
"5323","J01G",0.689376861756167
"5324","J01G",0.655904136389875
"5325","J01G",0.570144291458749
"5326","J01G",0.767437579756553
"5327","J01G",0.592088218271082
"5328","J01G",0.664360045635514
"5329","J01G",0.543198967842806
"5330","J01G",0.383060595713532
"5331","J01G",0.641565574318553
"5332","J01G",0.62096605474584
"5333","J01G",0.476794224674644
"5334","J01G",0.403565401152948
"5335","J01G",0.605888690749614
"5336","J01G",0.65459523587251
"5337","J01G",0.695792867059783
"5338","J01G",0.676114132165795
"5339","J01G",0.587733736867789
"5340","J01G",0.726473902299008
"5341","J01G",0.629574493783961
"5342","J01G",0.668987501266569
"5343","J01G",0.653062867522756
"5344","J01G",0.464039662863632
"5345","J01G",0.390449868462876
"5346","J01G",0.404945952148395
"5347","J01G",0.699963229773025
"5348","J01G",0.596572690092362
"5349","J01G",0.73166331282805
"5350","J01G",0.598882894537543
"5351","J01G",0.676565553750041
"5352","J01G",0.579297390136942
"5353","J01G",0.453360968904562
"5354","J01G",0.582565214013139
"5355","J01G",0.681087244447804
"5356","J01G",0.643408599863967
"5357","J01G",0.733743948115435
"5358","J01G",0.51880916378917
"5359","J01G",0.480750294936824
"5360","J01G",0.727396021390187
"5361","J01G",0.517350895152034
"5362","J01G",0.569424860242262
"5363","J01G",0.552509619682111
"5364","J01G",0.609361646362005
"5365","J01G",0.445063943452154
"5366","J01G",0.606281386310473
"5367","J01G",0.57563826790875
"5368","J01G",0.618792789963654
"5369","J01G",0.661527417864801
"5370","J01G",0.585661583660725
"5371","J01G",0.553515396251972
"5372","J01G",0.86119132511218
"5373","J01G",0.619454817832019
"5374","J01G",0.613516202182213
"5375","J01G",0.468206075814515
"5376","J01G",0.787761656799848
"5377","J01G",0.714232549904879
"5378","J01G",0.650310070144515
"5379","J01G",0.530571746438256
"5380","J01G",0.701400077720438
"5381","J01G",0.678380548356014
"5382","J01G",0.642113661590132
"5383","J01G",0.701200126035021
"5384","J01G",0.380244152881196
"5385","J01G",0.475656172448088
"5386","J01G",0.586932535059557
"5387","J01G",0.571050449324815
"5388","J01G",0.390934582381802
"5389","J01G",0.655820726827464
"5390","J01G",0.525131261132264
"5391","J01G",0.737323829758093
"5392","J01G",0.65000000193789
"5393","J01G",0.437058734208385
"5394","J01G",0.512106519494245
"5395","J01G",0.38738375519313
"5396","J01G",0.671299554654895
"5397","J01G",0.70882327621494
"5398","J01G",0.528073281974276
"5399","J01G",0.613031491519465
"5400","J01G",0.59455101229872
"5401","J01G",0.496554468161645
"5402","J01G",0.544251351448208
"5403","J01G",0.717672651725648
"5404","J01G",0.67707218400726
"5405","J01G",0.71799896631005
"5406","J01G",0.50587002801499
"5407","J01G",0.574622974312141
"5408","J01G",0.573594512783166
"5409","J01G",0.783354656619322
"5410","J01G",0.755839911658995
"5411","J01G",0.718998818338689
"5412","J01G",0.613409448603356
"5413","J01G",0.441083488839787
"5414","J01G",0.621211722104515
"5415","J01G",0.535872626548694
"5416","J01G",0.450593021497634
"5417","J01G",0.629919215286565
"5418","J01G",0.619239355457058
"5419","J01G",0.569583717220616
"5420","J01G",0.583536376261018
"5421","J01G",0.585027226292154
"5422","J01G",0.490010945412984
"5423","J01G",0.642970903216872
"5424","J01G",0.5464718788039
"5425","J01G",0.653542478023643
"5426","J01G",0.852226671374846
"5427","J01G",0.647375319329566
"5428","J01G",0.64000603447789
"5429","J01G",0.703761468572189
"5430","J01G",0.579208866389504
"5431","J01G",0.590772798466245
"5432","J01G",0.549837253089276
"5433","J01G",0.622380052601263
"5434","J01G",0.64876813012827
"5435","J01G",0.573707304631427
"5436","J01G",0.664854651629373
"5437","J01G",0.604050936004639
"5438","J01G",0.391228796454988
"5439","J01G",0.706857248821813
"5440","J01G",0.500372511173318
"5441","J01G",0.574089607776745
"5442","J01G",0.671716853037607
"5443","J01G",0.683241834089552
"5444","J01G",0.650026939484867
"5445","J01G",0.531073924428268
"5446","J01G",0.679176483624025
"5447","J01G",0.570911214829915
"5448","J01G",0.616803614020997
"5449","J01G",0.510527643838484
"5450","J01G",0.526922319520897
"5451","J01G",0.680704901221818
"5452","J01G",0.532547645691325
"5453","J01G",0.419014360521276
"5454","J01G",0.581241461922768
"5455","J01G",0.248590477638933
"5456","J01G",0.634138406580133
"5457","J01G",0.616702343921494
"5458","J01G",0.403846916246659
"5459","J01G",0.597831605961839
"5460","J01G",0.53495716029539
"5461","J01G",0.617521407494511
"5462","J01G",0.528263357937274
"5463","J01G",0.664395827492114
"5464","J01G",0.503552653217542
"5465","J01G",0.668653751079899
"5466","J01G",0.778392955320297
"5467","J01G",0.394011195773928
"5468","J01G",0.505812459913885
"5469","J01G",0.680831631212012
"5470","J01G",0.50914187746109
"5471","J01G",0.808542010159541
"5472","J01G",0.815807435223064
"5473","J01G",0.471521627656405
"5474","J01G",0.621967857665805
"5475","J01G",0.572613557758021
"5476","J01G",0.663282156610161
"5477","J01G",0.446370151415268
"5478","J01G",0.506074507917968
"5479","J01G",0.567766929390145
"5480","J01G",0.513095172287327
"5481","J01G",0.542810352754246
"5482","J01G",0.373758903651235
"5483","J01G",0.605737880158066
"5484","J01G",0.671678317688021
"5485","J01G",0.58189807916634
"5486","J01G",0.555976314800279
"5487","J01G",0.668608852573999
"5488","J01G",0.586329239310251
"5489","J01G",0.454421649073329
"5490","J01G",0.553142788419004
"5491","J01G",0.596856713141197
"5492","J01G",0.741473391335459
"5493","J01G",0.482832088297716
"5494","J01G",0.484631880182026
"5495","J01G",0.515265417006108
"5496","J01G",0.742925193923505
"5497","J01G",0.638740506527806
"5498","J01G",0.729443751914051
"5499","J01G",0.718877902401512
"5500","J01G",0.434526221968549
"5501","J01G",0.575320962707693
"5502","J01G",0.650976310018255
"5503","J01G",0.771331237002249
"5504","J01G",0.452139659298786
"5505","J01G",0.557645090375166
"5506","J01G",0.585633718861322
"5507","J01G",0.626346684026108
"5508","J01G",0.512400275241093
"5509","J01G",0.623177433771813
"5510","J01G",0.482796884917951
"5511","J01G",0.561641871542366
"5512","J01G",0.590467904659622
"5513","J01G",0.49319274949269
"5514","J01G",0.71993920305004
"5515","J01G",0.461100394259884
"5516","J01G",0.79831501190474
"5517","J01G",0.595604120521336
"5518","J01G",0.55922539739511
"5519","J01G",0.707666187759188
"5520","J01G",0.33501135917453
"5521","J01G",0.453127276911505
"5522","J01G",0.589540339658694
"5523","J01G",0.606405527728173
"5524","J01G",0.473556791427732
"5525","J01G",0.682912610958039
"5526","J01G",0.708987917165812
"5527","J01G",0.562504270915623
"5528","J01G",0.545080639731241
"5529","J01G",0.577247206859035
"5530","J01G",0.513471281124657
"5531","J01G",0.603694824739602
"5532","J01G",0.741172472009019
"5533","J01G",0.775830032717847
"5534","J01G",0.413079265280879
"5535","J01G",0.689761988796828
"5536","J01G",0.639163290919947
"5537","J01G",0.679258666926772
"5538","J01G",0.592654639579907
"5539","J01G",0.636368072156366
"5540","J01G",0.670497622240926
"5541","J01G",0.553860426886737
"5542","J01G",0.640276807522743
"5543","J01G",0.599831666021884
"5544","J01G",0.440607466388791
"5545","J01G",0.497113130533921
"5546","J01G",0.579564121780387
"5547","J01G",0.605359341812626
"5548","J01G",0.664545718784835
"5549","J01G",0.373083802620922
"5550","J01G",0.488967939253582
"5551","J01G",0.727824986789982
"5552","J01G",0.82773976890325
"5553","J01G",0.677099000721077
"5554","J01G",0.573898405350456
"5555","J01G",0.482132172928418
"5556","J01G",0.685303953722098
"5557","J01G",0.594021441595982
"5558","J01G",0.390698657972385
"5559","J01G",0.782996733024589
"5560","J01G",0.86393720180275
"5561","J01G",0.578563098253755
"5562","J01G",0.618161283373827
"5563","J01G",0.686731581032059
"5564","J01G",0.542196644443239
"5565","J01G",0.541462908871084
"5566","J01G",0.780708505340203
"5567","J01G",0.399873579116923
"5568","J01G",0.63259718120319
"5569","J01G",0.472490467143001
"5570","J01G",0.53469102212949
"5571","J01G",0.708868054413528
"5572","J01G",0.687293211301506
"5573","J01G",0.533226141572587
"5574","J01G",0.273724363026322
"5575","J01G",0.521052553269967
"5576","J01G",0.637413877209818
"5577","J01G",0.618210992087631
"5578","J01G",0.737298514542489
"5579","J01G",0.590011069287373
"5580","J01G",0.859733717415112
"5581","J01G",0.570003393519401
"5582","J01G",0.434845200124096
"5583","J01G",0.616914368181683
"5584","J01G",0.752009962511503
"5585","J01G",0.492021172098592
"5586","J01G",0.806354811877214
"5587","J01G",0.612996144164995
"5588","J01G",0.457142730041962
"5589","J01G",0.59159572222307
"5590","J01G",0.627743727479021
"5591","J01G",0.629354638140406
"5592","J01G",0.742909769138416
"5593","J01G",0.572440031284968
"5594","J01G",0.765143039462978
"5595","J01G",0.543146612915886
"5596","J01G",0.515194470686306
"5597","J01G",0.449101334270786
"5598","J01G",0.547676663243313
"5599","J01G",0.457813819048006
"5600","J01G",0.615567750564663
"5601","J01G",0.451112863899012
"5602","J01G",0.549833422379669
"5603","J01G",0.564743677898624
"5604","J01G",0.482880134001457
"5605","J01G",0.480514178540454
"5606","J01G",0.706801186679888
"5607","J01G",0.614411049422589
"5608","J01G",0.520044946697092
"5609","J01G",0.834187272695054
"5610","J01G",0.763360987642666
"5611","J01G",0.709654255016999
"5612","J01G",0.664531830830372
"5613","J01G",0.594904445467046
"5614","J01G",0.532641629658523
"5615","J01G",0.671847566806883
"5616","J01G",0.61829801387571
"5617","J01G",0.693434442906861
"5618","J01G",0.590954895193769
"5619","J01G",0.55702211784336
"5620","J01G",0.671938059385784
"5621","J01G",0.671987476095148
"5622","J01G",0.619042306535139
"5623","J01G",0.474692846139104
"5624","J01G",0.556813482244836
"5625","J01G",0.689073084814779
"5626","J01G",0.490269277526463
"5627","J01G",0.567827357033799
"5628","J01G",0.697798580645519
"5629","J01G",0.690036074536491
"5630","J01G",0.636683495527062
"5631","J01G",0.344712066674477
"5632","J01G",0.476690193840062
"5633","J01G",0.38774789507597
"5634","J01G",0.665479644051557
"5635","J01G",0.527774293373198
"5636","J01G",0.752754997167968
"5637","J01G",0.631185733439562
"5638","J01G",0.739467368312464
"5639","J01G",0.664724329884367
"5640","J01G",0.650193631512933
"5641","J01G",0.581119533644425
"5642","J01G",0.598528688939238
"5643","J01G",0.829907066260927
"5644","J01G",0.653800926621068
"5645","J01G",0.806653461057524
"5646","J01G",0.561761576682635
"5647","J01G",0.698239302414165
"5648","J01G",0.390609782475491
"5649","J01G",0.733249118225916
"5650","J01G",0.464910363065805
"5651","J01G",0.573228905426356
"5652","J01G",0.642266708148333
"5653","J01G",0.640455647080097
"5654","J01G",0.531162427301936
"5655","J01G",0.53129212017473
"5656","J01G",0.699360484632445
"5657","J01G",0.453815427020526
"5658","J01G",0.606498989041168
"5659","J01G",0.48120785503931
"5660","J01G",0.72988875401953
"5661","J01G",0.362986835214684
"5662","J01G",0.737168839778895
"5663","J01G",0.502196734075148
"5664","J01G",0.697901986839311
"5665","J01G",0.698083483244776
"5666","J01G",0.703245436307524
"5667","J01G",0.58698333727127
"5668","J01G",0.796361274181862
"5669","J01G",0.546744811991024
"5670","J01G",0.741849470493819
"5671","J01G",0.765632970383697
"5672","J01G",0.733661422154542
"5673","J01G",0.456670003718912
"5674","J01G",0.612637155558008
"5675","J01G",0.578933996443233
"5676","J01G",0.426792642502102
"5677","J01G",0.361902941094376
"5678","J01G",0.445827531139797
"5679","J01G",0.528792718123174
"5680","J01G",0.489617990297057
"5681","J01G",0.64704048624898
"5682","J01G",0.842565539374746
"5683","J01G",0.667603173177279
"5684","J01G",0.61941618369809
"5685","J01G",0.509822514588694
"5686","J01G",0.513785755792502
"5687","J01G",0.467559621744778
"5688","J01G",0.581902594540882
"5689","J01G",0.452852087963102
"5690","J01G",0.558057590846428
"5691","J01G",0.656583502212532
"5692","J01G",0.698017512506494
"5693","J01G",0.63516249735837
"5694","J01G",0.554674403305734
"5695","J01G",0.717735861458921
"5696","J01G",0.382495031425979
"5697","J01G",0.578863361392986
"5698","J01G",0.601296972387641
"5699","J01G",0.636404687586818
"5700","J01G",0.532661920711298
"5701","J01G",0.656809158642588
"5702","J01G",0.542049679945929
"5703","J01G",0.469128729831896
"5704","J01G",0.733838427020864
"5705","J01G",0.497867645462798
"5706","J01G",0.515272655868291
"5707","J01G",0.740228933573825
"5708","J01G",0.627101808006898
"5709","J01G",0.652626837887556
"5710","J01G",0.777815271673137
"5711","J01G",0.727950540502247
"5712","J01G",0.365683362792592
"5713","J01G",0.669710142445872
"5714","J01G",0.387556545963765
"5715","J01G",0.701727140339477
"5716","J01G",0.707062089854838
"5717","J01G",0.525531243909421
"5718","J01G",0.556298059861027
"5719","J01G",0.595484251061261
"5720","J01G",0.596844170874359
"5721","J01G",0.672933457103374
"5722","J01G",0.603983190164486
"5723","J01G",0.540794497319913
"5724","J01G",0.518386810131489
"5725","J01G",0.766064350078104
"5726","J01G",0.523067192379366
"5727","J01G",0.607673083317002
"5728","J01G",0.546548692852012
"5729","J01G",0.786794337236024
"5730","J01G",0.745133049857273
"5731","J01G",0.555435959810158
"5732","J01G",0.64110619871688
"5733","J01G",0.513356001839049
"5734","J01G",0.559250639052579
"5735","J01G",0.483847417898684
"5736","J01G",0.783103899021172
"5737","J01G",0.766314414708787
"5738","J01G",0.583919545246674
"5739","J01G",0.776494661709624
"5740","J01G",0.726628675274988
"5741","J01G",0.805959125620104
"5742","J01G",0.657733750271337
"5743","J01G",0.618452930799967
"5744","J01G",0.501588140475187
"5745","J01G",0.663067197692012
"5746","J01G",0.402662423588232
"5747","J01G",0.772811288457302
"5748","J01G",0.875514913966427
"5749","J01G",0.479624843138135
"5750","J01G",0.581279001624026
"5751","J01G",0.62131521133449
"5752","J01G",0.598822021008238
"5753","J01G",0.546066620571209
"5754","J01G",0.683836083615033
"5755","J01G",0.724405455504449
"5756","J01G",0.709687517676337
"5757","J01G",0.867076378510518
"5758","J01G",0.60122700171101
"5759","J01G",0.662844335914639
"5760","J01G",0.573116028432883
"5761","J01G",0.623366299395477
"5762","J01G",0.602490588717992
"5763","J01G",0.377576382980404
"5764","J01G",0.513116330817778
"5765","J01G",0.629219258571532
"5766","J01G",0.73339592489612
"5767","J01G",0.46612435287758
"5768","J01G",0.684605483331279
"5769","J01G",0.526219523548909
"5770","J01G",0.594558581676915
"5771","J01G",0.534951066832491
"5772","J01G",0.535016360980672
"5773","J01G",0.519435597770767
"5774","J01G",0.702472144013861
"5775","J01G",0.511431783910242
"5776","J01G",0.664164546563355
"5777","J01G",0.685737143648274
"5778","J01G",0.645898631634602
"5779","J01G",0.636016889579835
"5780","J01G",0.472273665387006
"5781","J01G",0.701868537725281
"5782","J01G",0.435398385203927
"5783","J01G",0.585483104826158
"5784","J01G",0.529540956076757
"5785","J01G",0.57808153956667
"5786","J01G",0.631890473265985
"5787","J01G",0.8312002003159
"5788","J01G",0.536828636512311
"5789","J01G",0.470080469265642
"5790","J01G",0.503896632183214
"5791","J01G",0.528422259222806
"5792","J01G",0.776637696488604
"5793","J01G",0.505715193495065
"5794","J01G",0.700888212755765
"5795","J01G",0.678536443510085
"5796","J01G",0.36133785727628
"5797","J01G",0.417644652593638
"5798","J01G",0.624161301760369
"5799","J01G",0.669143503622928
"5800","J01G",0.549122148621045
"5801","J01G",0.412595173298825
"5802","J01G",0.485222610183051
"5803","J01G",0.522646682504859
"5804","J01G",0.722676862795313
"5805","J01G",0.551580646358844
"5806","J01G",0.511507604623795
"5807","J01G",0.390826922835018
"5808","J01G",0.550708018527296
"5809","J01G",0.439444114162031
"5810","J01G",0.524008222103207
"5811","J01G",0.448011229850354
"5812","J01G",0.541919713760523
"5813","J01G",0.538156451127635
"5814","J01G",0.469770851503999
"5815","J01G",0.448799998163875
"5816","J01G",0.470245589460588
"5817","J01G",0.659620673739404
"5818","J01G",0.424463123179987
"5819","J01G",0.621454716301512
"5820","J01G",0.578430089167824
"5821","J01G",0.458654769366365
"5822","J01G",0.470692653595913
"5823","J01G",0.474746269741319
"5824","J01G",0.623208590737882
"5825","J01G",0.511624103298504
"5826","J01G",0.474993419065549
"5827","J01G",0.590740870130726
"5828","J01G",0.703373250063398
"5829","J01G",0.425693227708673
"5830","J01G",0.694282226279917
"5831","J01G",0.444674576677187
"5832","J01G",0.6270435071623
"5833","J01G",0.642352623377028
"5834","J01G",0.689355970154764
"5835","J01G",0.668748834876686
"5836","J01G",0.655050179902105
"5837","J01G",0.458806819989779
"5838","J01G",0.461069138476428
"5839","J01G",0.700912869970662
"5840","J01G",0.587418976438727
"5841","J01G",0.576132817125793
"5842","J01G",0.69612247687621
"5843","J01G",0.7747804418667
"5844","J01G",0.535517162327688
"5845","J01G",0.797766210967606
"5846","J01G",0.554000691188075
"5847","J01G",0.561222165855944
"5848","J01G",0.735449085941872
"5849","J01G",0.773614358214021
"5850","J01G",0.551096852654845
"5851","J01G",0.426388008832083
"5852","J01G",0.748875999682
"5853","J01G",0.574591066762389
"5854","J01G",0.556014807528867
"5855","J01G",0.550542566541216
"5856","J01G",0.70619925561427
"5857","J01G",0.520105185211447
"5858","J01G",0.502145382811163
"5859","J01G",0.518089100708167
"5860","J01G",0.675533115090093
"5861","J01G",0.470424777382933
"5862","J01G",0.51481207438511
"5863","J01G",0.528143553406977
"5864","J01G",0.446419101199398
"5865","J01G",0.643744230663249
"5866","J01G",0.718671601477575
"5867","J01G",0.362663817775179
"5868","J01G",0.571194266432893
"5869","J01G",0.44700706189276
"5870","J01G",0.7183722832279
"5871","J01G",0.660648500487565
"5872","J01G",0.419423432943796
"5873","J01G",0.694281977076235
"5874","J01G",0.496773628762419
"5875","J01G",0.655993901313581
"5876","J01G",0.555311194238866
"5877","J01G",0.621609858189174
"5878","J01G",0.533294910999964
"5879","J01G",0.466998098523732
"5880","J01G",0.584529666152651
"5881","J01G",0.587410954943164
"5882","J01G",0.582413870232596
"5883","J01G",0.667097464137555
"5884","J01G",0.688612938681628
"5885","J01G",0.577313910067782
"5886","J01G",0.490789576698392
"5887","J01G",0.398631324463721
"5888","J01G",0.578104878643182
"5889","J01G",0.603467823693641
"5890","J01G",0.552576357556214
"5891","J01G",0.591799455169913
"5892","J01G",0.870496112731958
"5893","J01G",0.777805884880144
"5894","J01G",0.793144747090914
"5895","J01G",0.57498857054208
"5896","J01G",0.525668960601534
"5897","J01G",0.795704924282939
"5898","J01G",0.673613926542852
"5899","J01G",0.736997647977037
"5900","J01G",0.705922403060361
"5901","J01G",0.573516401811604
"5902","J01G",0.535448687905739
"5903","J01G",0.4753417255646
"5904","J01G",0.747997487149534
"5905","J01G",0.372879378411128
"5906","J01G",0.550050698747327
"5907","J01G",0.58032194826972
"5908","J01G",0.595937154056394
"5909","J01G",0.38790256398419
"5910","J01G",0.491373287279302
"5911","J01G",0.563066806497118
"5912","J01G",0.528549481715554
"5913","J01G",0.730697077850801
"5914","J01G",0.772279073234779
"5915","J01G",0.58023835037884
"5916","J01G",0.613312799385514
"5917","J01G",0.676125666345916
"5918","J01G",0.51984243736428
"5919","J01G",0.448181176668884
"5920","J01G",0.670665678914092
"5921","J01G",0.650479705772024
"5922","J01G",0.558469969690607
"5923","J01G",0.853719788197949
"5924","J01G",0.589812064072026
"5925","J01G",0.761911580396068
"5926","J01G",0.609512223571228
"5927","J01G",0.684104258511945
"5928","J01G",0.697512256138021
"5929","J01G",0.566870363591624
"5930","J01G",0.546475869308621
"5931","J01G",0.662181023509297
"5932","J01G",0.569160169849405
"5933","J01G",0.585944375767709
"5934","J01G",0.679050634374398
"5935","J01G",0.773707312540855
"5936","J01G",0.559787707404601
"5937","J01G",0.586895844523976
"5938","J01G",0.357020404033324
"5939","J01G",0.551537259401675
"5940","J01G",0.785782317212063
"5941","J01G",0.536988528152225
"5942","J01G",0.337990925879642
"5943","J01G",0.446183773668585
"5944","J01G",0.583752869433652
"5945","J01G",0.702209066649306
"5946","J01G",0.729239747047504
"5947","J01G",0.509445129355675
"5948","J01G",0.646137655790588
"5949","J01G",0.596161986889903
"5950","J01G",0.545185123070329
"5951","J01G",0.58361781390722
"5952","J01G",0.532860361600673
"5953","J01G",0.674771297033365
"5954","J01G",0.680951234332695
"5955","J01G",0.593426375082901
"5956","J01G",0.80363975170884
"5957","J01G",0.767588286928524
"5958","J01G",0.630743253521429
"5959","J01G",0.727000159474394
"5960","J01G",0.434685094541902
"5961","J01G",0.568146831833152
"5962","J01G",0.532061662442652
"5963","J01G",0.667570477250446
"5964","J01G",0.495235247863805
"5965","J01G",0.69148848041284
"5966","J01G",0.650098518762566
"5967","J01G",0.486295163162366
"5968","J01G",0.590485994705814
"5969","J01G",0.627533426486675
"5970","J01G",0.388582959759858
"5971","J01G",0.576915254562156
"5972","J01G",0.607175475477024
"5973","J01G",0.35716224008071
"5974","J01G",0.672401083001333
"5975","J01G",0.666422824780863
"5976","J01G",0.794618269664036
"5977","J01G",0.551180803014304
"5978","J01G",0.64750471939565
"5979","J01G",0.706082220222643
"5980","J01G",0.693350361994089
"5981","J01G",0.615219743526784
"5982","J01G",0.480502359009152
"5983","J01G",0.712169252390828
"5984","J01G",0.71918981187783
"5985","J01G",0.371759814309397
"5986","J01G",0.749594412661291
"5987","J01G",0.718508471019997
"5988","J01G",0.412068262540846
"5989","J01G",0.733965696091396
"5990","J01G",0.694302417288185
"5991","J01G",0.688845252316608
"5992","J01G",0.912854930128042
"5993","J01G",0.556531560510052
"5994","J01G",0.861134829081225
"5995","J01G",0.615900809033116
"5996","J01G",0.724286125331251
"5997","J01G",0.622053006852296
"5998","J01G",0.654176716498017
"5999","J01G",0.478916099479737
"6000","J01G",0.72735529319006
"6001","J01M",1.69283200011652
"6002","J01M",1.32612198331551
"6003","J01M",1.40658634070773
"6004","J01M",1.20843065691808
"6005","J01M",1.45607024357241
"6006","J01M",1.18498746853505
"6007","J01M",1.09134325135114
"6008","J01M",1.03414302317406
"6009","J01M",1.06289400614658
"6010","J01M",1.38937342230614
"6011","J01M",1.73672569258291
"6012","J01M",1.38294494515295
"6013","J01M",1.1567837574937
"6014","J01M",1.09017456036793
"6015","J01M",1.65161354670014
"6016","J01M",0.956374969671316
"6017","J01M",0.7899992863215
"6018","J01M",0.995714616223953
"6019","J01M",1.09835976802571
"6020","J01M",0.947410907426319
"6021","J01M",0.677570465290381
"6022","J01M",0.896827447614687
"6023","J01M",1.19540076778983
"6024","J01M",1.10224055133673
"6025","J01M",1.0614676535985
"6026","J01M",1.5111097178158
"6027","J01M",0.954205741102939
"6028","J01M",1.20078831114401
"6029","J01M",0.905496869277221
"6030","J01M",1.36198867458025
"6031","J01M",1.20711058755354
"6032","J01M",1.15561382483587
"6033","J01M",0.973244057344611
"6034","J01M",1.23455163158063
"6035","J01M",1.27442989269584
"6036","J01M",1.62339343326623
"6037","J01M",1.21887948594975
"6038","J01M",0.788986918130178
"6039","J01M",1.18737754303993
"6040","J01M",1.10866002348906
"6041","J01M",0.923107838286169
"6042","J01M",1.22736541464898
"6043","J01M",1.19689646888431
"6044","J01M",1.43383728932978
"6045","J01M",0.90837636658647
"6046","J01M",1.24165945953749
"6047","J01M",1.02675838344637
"6048","J01M",1.00802997246655
"6049","J01M",1.28918342088642
"6050","J01M",1.18375381054955
"6051","J01M",1.34147551557039
"6052","J01M",1.06688247033383
"6053","J01M",1.03429770062731
"6054","J01M",1.07483912889883
"6055","J01M",1.07701855598349
"6056","J01M",0.906535988264719
"6057","J01M",1.16191130323323
"6058","J01M",1.27687355739012
"6059","J01M",1.02265665794999
"6060","J01M",1.35025167019011
"6061","J01M",1.51929965871806
"6062","J01M",0.959990108024565
"6063","J01M",1.08760448253482
"6064","J01M",1.68506728321981
"6065","J01M",1.40471421888054
"6066","J01M",1.33484953398036
"6067","J01M",1.43682171456669
"6068","J01M",1.10840287453717
"6069","J01M",1.05263336582489
"6070","J01M",1.13188783669458
"6071","J01M",0.967339797957871
"6072","J01M",0.90029212870963
"6073","J01M",0.961219252736656
"6074","J01M",1.06876651498228
"6075","J01M",1.01484990611017
"6076","J01M",1.27359738090879
"6077","J01M",1.18660497780654
"6078","J01M",1.20821227945566
"6079","J01M",1.17223554545391
"6080","J01M",1.58364038284985
"6081","J01M",1.06991193549195
"6082","J01M",1.16789429376035
"6083","J01M",1.14811410633468
"6084","J01M",1.23512690870275
"6085","J01M",1.53749825360309
"6086","J01M",0.918675262702143
"6087","J01M",1.24152266969347
"6088","J01M",0.924491133551003
"6089","J01M",1.26029748053483
"6090","J01M",1.04089244533635
"6091","J01M",1.09181309807294
"6092","J01M",1.34864573264897
"6093","J01M",1.00563493938656
"6094","J01M",1.24387554989736
"6095","J01M",1.56272805342806
"6096","J01M",1.26036399576487
"6097","J01M",0.718507802454607
"6098","J01M",1.13302793339807
"6099","J01M",0.942152061930241
"6100","J01M",1.36148452552485
"6101","J01M",0.909612406506321
"6102","J01M",1.22269664489144
"6103","J01M",1.23986109715085
"6104","J01M",1.22791606699228
"6105","J01M",1.32249355975613
"6106","J01M",1.28530467624617
"6107","J01M",1.32421996742495
"6108","J01M",1.54357350792985
"6109","J01M",1.27896246301828
"6110","J01M",1.55610234138323
"6111","J01M",1.05713390526264
"6112","J01M",1.20623818289486
"6113","J01M",1.17059942092956
"6114","J01M",1.18583914092521
"6115","J01M",1.28533757909816
"6116","J01M",1.25360651188283
"6117","J01M",1.3249068139886
"6118","J01M",1.22553059688131
"6119","J01M",1.21866156447159
"6120","J01M",1.30987572097473
"6121","J01M",1.04208438438708
"6122","J01M",0.966619597233046
"6123","J01M",0.927463797061681
"6124","J01M",1.35173376540946
"6125","J01M",0.920245923419504
"6126","J01M",0.860319374504988
"6127","J01M",1.45514542630295
"6128","J01M",1.21932789451416
"6129","J01M",1.33494768364699
"6130","J01M",1.56210628456929
"6131","J01M",0.813622188457133
"6132","J01M",1.47869384217522
"6133","J01M",1.33154231518177
"6134","J01M",1.37333527082806
"6135","J01M",1.28169414176317
"6136","J01M",1.34662901514915
"6137","J01M",1.18788998587226
"6138","J01M",1.26101124144207
"6139","J01M",1.50926456962809
"6140","J01M",0.966391272974073
"6141","J01M",1.31078448392633
"6142","J01M",1.38798761611608
"6143","J01M",1.0409809305512
"6144","J01M",1.4083922874956
"6145","J01M",1.19804863173851
"6146","J01M",1.09901600558965
"6147","J01M",1.52152190312227
"6148","J01M",1.17897919756262
"6149","J01M",1.00092637619207
"6150","J01M",1.19207295720973
"6151","J01M",1.62395478268396
"6152","J01M",0.891985924286985
"6153","J01M",1.37460957111639
"6154","J01M",1.29762160074578
"6155","J01M",1.20327771165863
"6156","J01M",1.42505704936203
"6157","J01M",1.39704917966501
"6158","J01M",1.60903847775909
"6159","J01M",1.10868326493193
"6160","J01M",0.85833176785272
"6161","J01M",1.16495031321778
"6162","J01M",1.44949023558242
"6163","J01M",1.20991025771438
"6164","J01M",1.34471065906743
"6165","J01M",1.35149791843778
"6166","J01M",0.922181611118094
"6167","J01M",1.29670798870715
"6168","J01M",1.37824659058896
"6169","J01M",1.01120811641007
"6170","J01M",1.13078424532076
"6171","J01M",1.14621240883982
"6172","J01M",1.04994573326911
"6173","J01M",0.902944444100322
"6174","J01M",1.18320545216892
"6175","J01M",1.55601134682285
"6176","J01M",1.53255042605806
"6177","J01M",1.19604072209751
"6178","J01M",0.939826813883046
"6179","J01M",1.33016247665416
"6180","J01M",0.966698973208874
"6181","J01M",1.21849607236348
"6182","J01M",1.33657697479074
"6183","J01M",1.48111823195409
"6184","J01M",1.30182570115484
"6185","J01M",1.25412531680814
"6186","J01M",1.11886445523745
"6187","J01M",1.34834508567189
"6188","J01M",1.81324428244426
"6189","J01M",0.771581675194758
"6190","J01M",1.32970527786448
"6191","J01M",0.898743335774546
"6192","J01M",1.12515122493931
"6193","J01M",1.0474533632322
"6194","J01M",1.07036566237037
"6195","J01M",1.18862252671076
"6196","J01M",1.03952492237466
"6197","J01M",1.35575935013168
"6198","J01M",1.2829841329308
"6199","J01M",0.813825744452568
"6200","J01M",1.1846947896135
"6201","J01M",0.860954095172005
"6202","J01M",1.16644856552417
"6203","J01M",1.05981797948257
"6204","J01M",1.03338714454256
"6205","J01M",1.04533494958718
"6206","J01M",1.18221074197924
"6207","J01M",0.846969225784305
"6208","J01M",1.2496891597932
"6209","J01M",1.06880990787389
"6210","J01M",0.895172153128968
"6211","J01M",1.12918324293034
"6212","J01M",1.44833967116778
"6213","J01M",1.20919024776179
"6214","J01M",1.56324318160621
"6215","J01M",1.13886070067498
"6216","J01M",0.793306902207819
"6217","J01M",1.1641263883895
"6218","J01M",0.897040278486847
"6219","J01M",1.23978457298273
"6220","J01M",1.03991836187348
"6221","J01M",1.43732112717519
"6222","J01M",1.13271463550215
"6223","J01M",1.185451285259
"6224","J01M",1.0487142051653
"6225","J01M",1.32835584691899
"6226","J01M",1.18387773427961
"6227","J01M",1.64208898613436
"6228","J01M",0.969000925756904
"6229","J01M",1.01661895201653
"6230","J01M",1.42841345379408
"6231","J01M",1.36767000779542
"6232","J01M",1.0551822697027
"6233","J01M",1.06671155191759
"6234","J01M",1.43115238132946
"6235","J01M",0.855136964372546
"6236","J01M",1.32197019023155
"6237","J01M",1.11210866794566
"6238","J01M",1.09140072029742
"6239","J01M",1.16769295762656
"6240","J01M",0.907828268755317
"6241","J01M",1.36300545238289
"6242","J01M",1.06062869752352
"6243","J01M",1.45569149896312
"6244","J01M",1.33716097944343
"6245","J01M",1.17491919843339
"6246","J01M",1.20240970141369
"6247","J01M",1.52438664499533
"6248","J01M",1.5929831774406
"6249","J01M",1.74354636327865
"6250","J01M",0.640227818043268
"6251","J01M",0.938996069569896
"6252","J01M",1.62449189388849
"6253","J01M",1.33512874142188
"6254","J01M",1.03255415895438
"6255","J01M",1.06542431609595
"6256","J01M",1.0959444176841
"6257","J01M",1.40564269666595
"6258","J01M",1.37964375417504
"6259","J01M",1.49484289666561
"6260","J01M",1.11563674131227
"6261","J01M",1.36865312313193
"6262","J01M",1.22090553432754
"6263","J01M",0.958699926514528
"6264","J01M",0.775516930789621
"6265","J01M",1.21986572409712
"6266","J01M",0.931406405235934
"6267","J01M",1.15293645303673
"6268","J01M",1.15646257506796
"6269","J01M",1.35935584853563
"6270","J01M",0.972747706872341
"6271","J01M",0.634125717794191
"6272","J01M",1.2133875332886
"6273","J01M",0.977226841979282
"6274","J01M",1.19021555856443
"6275","J01M",1.27201296694429
"6276","J01M",1.17975404438495
"6277","J01M",1.44204843971197
"6278","J01M",0.916512583128648
"6279","J01M",0.93790846430213
"6280","J01M",1.68890663990109
"6281","J01M",1.33469015068627
"6282","J01M",1.16373606277702
"6283","J01M",1.22391662958686
"6284","J01M",0.853878369857745
"6285","J01M",1.01563929139811
"6286","J01M",1.14693625914908
"6287","J01M",0.511316799417388
"6288","J01M",1.24319321316992
"6289","J01M",1.13478985924599
"6290","J01M",0.962241987687442
"6291","J01M",1.40842539780023
"6292","J01M",0.943300181537838
"6293","J01M",1.24861888310206
"6294","J01M",1.17062455907843
"6295","J01M",1.39136306154851
"6296","J01M",0.971105111792625
"6297","J01M",1.24358380136693
"6298","J01M",1.61168372304103
"6299","J01M",0.796900472170513
"6300","J01M",1.12450225562055
"6301","J01M",1.48833746503266
"6302","J01M",1.73392100272266
"6303","J01M",1.17576657156428
"6304","J01M",1.16575117052888
"6305","J01M",1.34600804954501
"6306","J01M",1.22738481557048
"6307","J01M",1.64998525381072
"6308","J01M",1.0322184908513
"6309","J01M",1.18496208071295
"6310","J01M",1.16196121321779
"6311","J01M",1.37648462243583
"6312","J01M",1.492317411952
"6313","J01M",0.755389561038034
"6314","J01M",1.13325913373827
"6315","J01M",1.2832368719259
"6316","J01M",1.30297414025519
"6317","J01M",1.06285895666724
"6318","J01M",0.719259178733888
"6319","J01M",1.32677036398219
"6320","J01M",0.829536284383958
"6321","J01M",1.09342538406125
"6322","J01M",1.35780876569916
"6323","J01M",1.14427447452097
"6324","J01M",1.32124986953062
"6325","J01M",1.35865444136679
"6326","J01M",0.81988310251052
"6327","J01M",1.44640228935621
"6328","J01M",1.41838146352371
"6329","J01M",0.966722698287266
"6330","J01M",1.47720439332883
"6331","J01M",1.27437205620569
"6332","J01M",1.24885817134364
"6333","J01M",1.18695206713359
"6334","J01M",1.3043399815503
"6335","J01M",1.24567313699467
"6336","J01M",1.35469103350609
"6337","J01M",1.16328517811064
"6338","J01M",1.28916005746173
"6339","J01M",1.36591685171989
"6340","J01M",0.902578974545905
"6341","J01M",1.17075571155583
"6342","J01M",1.10841816331435
"6343","J01M",1.11287859668122
"6344","J01M",1.08124989314635
"6345","J01M",0.758137831679761
"6346","J01M",1.13643233762861
"6347","J01M",0.872208649583024
"6348","J01M",1.24874861050003
"6349","J01M",1.4189076769444
"6350","J01M",1.14707769057648
"6351","J01M",1.33983346553142
"6352","J01M",0.905175575754792
"6353","J01M",1.0414338861085
"6354","J01M",1.07080626836019
"6355","J01M",1.28785729297014
"6356","J01M",1.24442268108923
"6357","J01M",1.06511627250222
"6358","J01M",1.2016685076581
"6359","J01M",1.52870526858687
"6360","J01M",1.17357198693128
"6361","J01M",0.707094357403617
"6362","J01M",0.938080423738266
"6363","J01M",1.065056891593
"6364","J01M",1.66282179145013
"6365","J01M",1.18808498137505
"6366","J01M",1.06067074318905
"6367","J01M",1.31188631249561
"6368","J01M",1.3451414232074
"6369","J01M",1.4384620626491
"6370","J01M",1.21470901396349
"6371","J01M",0.803615926824077
"6372","J01M",1.49505838578598
"6373","J01M",1.20141094396737
"6374","J01M",1.61909781316157
"6375","J01M",1.20492145625443
"6376","J01M",1.02021392035591
"6377","J01M",0.922635260182727
"6378","J01M",0.948915178046511
"6379","J01M",1.31866118252094
"6380","J01M",1.53416758185439
"6381","J01M",1.03906102792224
"6382","J01M",0.999754270964779
"6383","J01M",1.30679715455101
"6384","J01M",1.01061995809643
"6385","J01M",1.36527454665612
"6386","J01M",1.28148327850445
"6387","J01M",1.14940995121067
"6388","J01M",1.20519422700947
"6389","J01M",1.33419788877125
"6390","J01M",1.20506778441063
"6391","J01M",1.2570226353288
"6392","J01M",0.889484967369016
"6393","J01M",1.36208754427729
"6394","J01M",1.42218561207305
"6395","J01M",1.34819696500779
"6396","J01M",0.997289085215237
"6397","J01M",1.37002253673768
"6398","J01M",1.37119660317114
"6399","J01M",1.12938085371658
"6400","J01M",1.12644240394261
"6401","J01M",1.19080468525501
"6402","J01M",1.66426752036513
"6403","J01M",1.39666802810215
"6404","J01M",1.24443487102866
"6405","J01M",0.882820439677765
"6406","J01M",1.26396945634588
"6407","J01M",1.47810116134495
"6408","J01M",1.1793769252099
"6409","J01M",1.06862550881484
"6410","J01M",1.22496846768105
"6411","J01M",1.13646582204845
"6412","J01M",1.0805618414486
"6413","J01M",1.35922416696418
"6414","J01M",0.847601586158562
"6415","J01M",1.13325179898571
"6416","J01M",0.905375020915041
"6417","J01M",1.47684667664232
"6418","J01M",1.31373557964687
"6419","J01M",1.45055588654416
"6420","J01M",1.11657793145338
"6421","J01M",1.11210894278959
"6422","J01M",0.984694778017848
"6423","J01M",1.44978671714827
"6424","J01M",1.45900019551821
"6425","J01M",1.48009882594032
"6426","J01M",1.05757188936899
"6427","J01M",1.27937882284958
"6428","J01M",1.22096411618999
"6429","J01M",1.09247624614019
"6430","J01M",0.859882356808987
"6431","J01M",1.3025676744747
"6432","J01M",1.35492898753081
"6433","J01M",1.07973305761411
"6434","J01M",1.22976691027332
"6435","J01M",1.20404394184632
"6436","J01M",1.38471787723143
"6437","J01M",1.40923921051713
"6438","J01M",1.32153670045608
"6439","J01M",1.39033276165829
"6440","J01M",0.821547069099646
"6441","J01M",1.06240931166314
"6442","J01M",1.26869014498625
"6443","J01M",1.1748352325729
"6444","J01M",0.935229225380674
"6445","J01M",1.31599768421677
"6446","J01M",1.32028077792426
"6447","J01M",1.06181140192875
"6448","J01M",1.14860787162599
"6449","J01M",1.08776541384932
"6450","J01M",1.14704045460993
"6451","J01M",1.28906837087592
"6452","J01M",1.28078408086623
"6453","J01M",1.14566049080263
"6454","J01M",1.08011080539506
"6455","J01M",1.237879471937
"6456","J01M",1.16266496888279
"6457","J01M",1.18469092360465
"6458","J01M",0.949158023755516
"6459","J01M",1.1554744887535
"6460","J01M",1.27468434160475
"6461","J01M",1.18265895094906
"6462","J01M",1.18486768886596
"6463","J01M",1.22235860953389
"6464","J01M",0.911639857927213
"6465","J01M",1.22077653399826
"6466","J01M",1.15796464607753
"6467","J01M",0.817716272911825
"6468","J01M",0.942167924099253
"6469","J01M",1.43171995299935
"6470","J01M",1.29346370611055
"6471","J01M",0.826163953580736
"6472","J01M",0.948921924545567
"6473","J01M",0.849671037392323
"6474","J01M",0.895826565789208
"6475","J01M",1.25545475201776
"6476","J01M",0.993998315712557
"6477","J01M",1.51570309172008
"6478","J01M",1.62449732764711
"6479","J01M",1.19691647063456
"6480","J01M",1.20596614909596
"6481","J01M",1.15277726697468
"6482","J01M",1.58930998359097
"6483","J01M",1.21559979805619
"6484","J01M",1.42333867436694
"6485","J01M",1.22112652814596
"6486","J01M",0.894681925139273
"6487","J01M",1.2961289700451
"6488","J01M",1.12278625183114
"6489","J01M",1.13942574836699
"6490","J01M",0.722866902631603
"6491","J01M",1.33103894113598
"6492","J01M",1.42102776181204
"6493","J01M",1.39037685768014
"6494","J01M",0.965869224275367
"6495","J01M",1.50130441534527
"6496","J01M",1.01563746807167
"6497","J01M",1.12895162198919
"6498","J01M",1.282028027485
"6499","J01M",1.09610094457761
"6500","J01M",1.57569074390648
"6501","J01M",1.60927504810386
"6502","J01M",0.915414048071512
"6503","J01M",1.01740052293662
"6504","J01M",1.12429580786553
"6505","J01M",1.52662226795926
"6506","J01M",1.20014469132252
"6507","J01M",1.40098469489632
"6508","J01M",0.966382475163531
"6509","J01M",1.33704772399014
"6510","J01M",1.21677841605074
"6511","J01M",1.20814290836931
"6512","J01M",0.922427065826542
"6513","J01M",1.20943139100503
"6514","J01M",0.872109910569231
"6515","J01M",1.4031648297442
"6516","J01M",0.966884344775546
"6517","J01M",1.13807036541583
"6518","J01M",1.2116478978644
"6519","J01M",1.26127627966226
"6520","J01M",1.29444484302685
"6521","J01M",1.00502855723796
"6522","J01M",1.36314452863925
"6523","J01M",1.1473271975011
"6524","J01M",1.13626457646627
"6525","J01M",1.39983244545481
"6526","J01M",1.44839893443353
"6527","J01M",1.09632608432552
"6528","J01M",1.11803980634937
"6529","J01M",1.17306661322176
"6530","J01M",1.41994814624472
"6531","J01M",1.32121983245667
"6532","J01M",1.02124824350394
"6533","J01M",1.02208545732242
"6534","J01M",1.16849122353925
"6535","J01M",1.47498913011634
"6536","J01M",1.11795492975237
"6537","J01M",0.928521706321208
"6538","J01M",1.26404715175691
"6539","J01M",1.13979428500973
"6540","J01M",1.11031972704663
"6541","J01M",0.896703940033919
"6542","J01M",1.22778903285814
"6543","J01M",1.16700543218412
"6544","J01M",1.1999508932884
"6545","J01M",1.32257378367377
"6546","J01M",1.14525990504042
"6547","J01M",1.23450798184789
"6548","J01M",1.4232882934474
"6549","J01M",1.3046178773752
"6550","J01M",1.43775991883238
"6551","J01M",1.313550048105
"6552","J01M",0.723636029279609
"6553","J01M",1.25519468443318
"6554","J01M",1.2460112574404
"6555","J01M",1.07230817923841
"6556","J01M",1.050811237083
"6557","J01M",1.47067500219089
"6558","J01M",0.919548506081015
"6559","J01M",1.21694012721294
"6560","J01M",1.17926663990586
"6561","J01M",1.13436403263918
"6562","J01M",1.13444839371461
"6563","J01M",1.52582002841291
"6564","J01M",0.826459051042593
"6565","J01M",1.36199214466979
"6566","J01M",1.24709616015521
"6567","J01M",1.20869003845661
"6568","J01M",1.17072926117429
"6569","J01M",0.771159479720381
"6570","J01M",1.13092674416154
"6571","J01M",1.19400738960083
"6572","J01M",1.36872730683253
"6573","J01M",1.09308153484834
"6574","J01M",0.969577414876696
"6575","J01M",1.47503458324379
"6576","J01M",0.880080602813876
"6577","J01M",1.07325823928722
"6578","J01M",1.06343502879879
"6579","J01M",1.27198476589228
"6580","J01M",1.1260890027239
"6581","J01M",0.799885804200918
"6582","J01M",1.47184295207344
"6583","J01M",1.20217963336217
"6584","J01M",1.21646662708837
"6585","J01M",1.43477915374707
"6586","J01M",1.23036158556188
"6587","J01M",0.714809669789393
"6588","J01M",0.925061804411014
"6589","J01M",0.959529270068589
"6590","J01M",1.39721014040121
"6591","J01M",0.976304028903539
"6592","J01M",1.17756975912328
"6593","J01M",1.13014079689552
"6594","J01M",1.44390444513191
"6595","J01M",1.61381424560371
"6596","J01M",1.18874787780712
"6597","J01M",1.33008536763946
"6598","J01M",1.03818561395913
"6599","J01M",1.53745968533598
"6600","J01M",1.05211873827102
"6601","J01M",0.987654792181077
"6602","J01M",1.03983281533129
"6603","J01M",1.26897758335113
"6604","J01M",1.4416292286773
"6605","J01M",1.19721665114785
"6606","J01M",1.26745952753724
"6607","J01M",1.29871862139306
"6608","J01M",1.18282271561309
"6609","J01M",1.01707515953359
"6610","J01M",1.00878586073249
"6611","J01M",1.61304498495573
"6612","J01M",1.02487200558428
"6613","J01M",0.99025972327937
"6614","J01M",1.34215577908367
"6615","J01M",1.54173640751516
"6616","J01M",1.22476900977609
"6617","J01M",1.35786676985448
"6618","J01M",1.00454574556586
"6619","J01M",0.925349105388661
"6620","J01M",1.20859846984188
"6621","J01M",1.37577782927656
"6622","J01M",1.12476872835006
"6623","J01M",1.44398584454418
"6624","J01M",0.957039844893425
"6625","J01M",0.848219786583823
"6626","J01M",1.26837680870184
"6627","J01M",1.40148059198096
"6628","J01M",1.13690862966695
"6629","J01M",0.866228201581155
"6630","J01M",1.30024691105581
"6631","J01M",1.01217918681936
"6632","J01M",1.29402549795886
"6633","J01M",0.596511674642338
"6634","J01M",0.880468528041681
"6635","J01M",1.15614138068259
"6636","J01M",1.2775115654657
"6637","J01M",1.2956449363267
"6638","J01M",1.69220730590441
"6639","J01M",0.968045320785277
"6640","J01M",1.07571668935555
"6641","J01M",1.17510689448772
"6642","J01M",1.21460885488613
"6643","J01M",1.00217290558013
"6644","J01M",0.78021308150974
"6645","J01M",0.958846257382389
"6646","J01M",1.71275756889402
"6647","J01M",1.234338837233
"6648","J01M",1.23564219007931
"6649","J01M",1.4278950576484
"6650","J01M",0.757641008936161
"6651","J01M",1.31147117268474
"6652","J01M",1.29950549927281
"6653","J01M",1.15691422204269
"6654","J01M",1.25007325595205
"6655","J01M",1.18572228886581
"6656","J01M",1.05125728425449
"6657","J01M",1.63309476300557
"6658","J01M",1.27652681341302
"6659","J01M",0.79873367606946
"6660","J01M",0.959134483027069
"6661","J01M",1.41114777271585
"6662","J01M",1.09313057907889
"6663","J01M",1.06965465913821
"6664","J01M",0.919274999584259
"6665","J01M",1.60525958489444
"6666","J01M",1.1878305541756
"6667","J01M",1.0921954839573
"6668","J01M",1.20125173772367
"6669","J01M",1.14101991633864
"6670","J01M",1.23711611733147
"6671","J01M",1.26911841607538
"6672","J01M",1.42904248388536
"6673","J01M",1.52314681344899
"6674","J01M",1.43682738703109
"6675","J01M",1.14210428050504
"6676","J01M",1.21645615682951
"6677","J01M",1.50447685430388
"6678","J01M",0.773445315717414
"6679","J01M",1.49079795023974
"6680","J01M",1.04290945894544
"6681","J01M",1.03653556577142
"6682","J01M",1.44310882522448
"6683","J01M",1.15771125055156
"6684","J01M",1.00003048117932
"6685","J01M",1.4375411891316
"6686","J01M",1.31398916203384
"6687","J01M",1.46326527650952
"6688","J01M",0.99448130995669
"6689","J01M",1.25702146898618
"6690","J01M",1.18318914327251
"6691","J01M",1.10090515795601
"6692","J01M",1.30408306400777
"6693","J01M",1.07784204344497
"6694","J01M",1.00212054666675
"6695","J01M",0.744987316482767
"6696","J01M",1.00159610309818
"6697","J01M",1.05452659872886
"6698","J01M",1.10365543631355
"6699","J01M",1.27319590338232
"6700","J01M",0.917068064797801
"6701","J01M",1.27903570369185
"6702","J01M",1.54367616232968
"6703","J01M",1.12393137656262
"6704","J01M",1.25455376284064
"6705","J01M",1.34667872600838
"6706","J01M",1.24227812789919
"6707","J01M",1.07018610587572
"6708","J01M",1.05173141457075
"6709","J01M",1.31723184018679
"6710","J01M",1.39263018990172
"6711","J01M",1.10815740769824
"6712","J01M",1.08992363211642
"6713","J01M",1.38041543448763
"6714","J01M",1.65965715622526
"6715","J01M",1.00927947804395
"6716","J01M",1.31023204487739
"6717","J01M",1.25394165622129
"6718","J01M",1.53137220019717
"6719","J01M",1.44385233320664
"6720","J01M",1.18202116042454
"6721","J01M",0.97306433278561
"6722","J01M",1.5459275738514
"6723","J01M",1.29718188002813
"6724","J01M",1.12127668571063
"6725","J01M",1.00014139965015
"6726","J01M",1.12208252714605
"6727","J01M",1.21084535243812
"6728","J01M",0.663183450402516
"6729","J01M",1.11489337609185
"6730","J01M",1.08966762644423
"6731","J01M",0.949171533412222
"6732","J01M",1.20483199723116
"6733","J01M",1.39636935931277
"6734","J01M",1.24762312680519
"6735","J01M",1.18567003939525
"6736","J01M",1.07586733484147
"6737","J01M",1.04935564925651
"6738","J01M",1.36561827392457
"6739","J01M",0.906924504457337
"6740","J01M",1.23752088083445
"6741","J01M",0.939060074228327
"6742","J01M",1.27175385209609
"6743","J01M",1.03631441349126
"6744","J01M",1.29590147947326
"6745","J01M",1.06661854392277
"6746","J01M",0.977079008155238
"6747","J01M",1.24347629314112
"6748","J01M",1.16735704439625
"6749","J01M",1.12446100927707
"6750","J01M",1.21643947865828
"6751","J01M",0.935279694158991
"6752","J01M",1.4338764874937
"6753","J01M",1.16099616583244
"6754","J01M",1.69381805814793
"6755","J01M",1.24983651424335
"6756","J01M",1.08535455348095
"6757","J01M",1.66593675521319
"6758","J01M",1.02225020567488
"6759","J01M",1.37295344049493
"6760","J01M",1.22054886827675
"6761","J01M",1.1015212279389
"6762","J01M",1.09894896703924
"6763","J01M",1.29875097546663
"6764","J01M",1.1193587872748
"6765","J01M",0.876501801872204
"6766","J01M",1.00659800716067
"6767","J01M",1.11157220240913
"6768","J01M",0.937386559910913
"6769","J01M",1.19113251947023
"6770","J01M",1.20330141310535
"6771","J01M",1.44369286460592
"6772","J01M",1.07236385500901
"6773","J01M",1.2310226503514
"6774","J01M",1.33577726138189
"6775","J01M",1.45114976680877
"6776","J01M",0.983934482728992
"6777","J01M",1.08239150216227
"6778","J01M",1.0271292895306
"6779","J01M",1.0423093389266
"6780","J01M",1.04258541917359
"6781","J01M",0.877054323862799
"6782","J01M",0.938462846641173
"6783","J01M",1.29281829618744
"6784","J01M",1.50561653876404
"6785","J01M",1.02150336166436
"6786","J01M",0.797369630048598
"6787","J01M",1.1240593863344
"6788","J01M",1.08501667644822
"6789","J01M",0.975616810395083
"6790","J01M",1.35142066769855
"6791","J01M",1.14811672516534
"6792","J01M",1.48290628069924
"6793","J01M",1.55158718248874
"6794","J01M",0.94229310595441
"6795","J01M",1.07116092806106
"6796","J01M",1.57098810677749
"6797","J01M",1.32667090012112
"6798","J01M",1.1368276180348
"6799","J01M",0.864396753382424
"6800","J01M",1.18062167196962
"6801","J01M",0.92390226379998
"6802","J01M",1.22255502894693
"6803","J01M",1.15211143306533
"6804","J01M",0.923279330188162
"6805","J01M",1.075520415691
"6806","J01M",0.960859132608304
"6807","J01M",1.034878669254
"6808","J01M",1.00537908310559
"6809","J01M",1.28995558187679
"6810","J01M",1.26222180028001
"6811","J01M",1.08756177084878
"6812","J01M",0.968110323026879
"6813","J01M",1.42756575244492
"6814","J01M",1.08539294387492
"6815","J01M",0.999693345813804
"6816","J01M",1.2409223255428
"6817","J01M",1.29884752325232
"6818","J01M",1.19963315432501
"6819","J01M",0.965618410286685
"6820","J01M",1.32397895999766
"6821","J01M",1.00979503948988
"6822","J01M",1.35337975967217
"6823","J01M",1.19178438953628
"6824","J01M",1.04142979069739
"6825","J01M",1.06994139443114
"6826","J01M",1.15088764388591
"6827","J01M",1.22877068202775
"6828","J01M",0.866475483098978
"6829","J01M",1.52706483768719
"6830","J01M",1.0836763582859
"6831","J01M",0.945827469669243
"6832","J01M",1.46709976439882
"6833","J01M",1.36854045142399
"6834","J01M",0.846664198905522
"6835","J01M",1.33184002645329
"6836","J01M",1.02783171245434
"6837","J01M",1.55271134457452
"6838","J01M",1.29381106454077
"6839","J01M",1.37172489889162
"6840","J01M",1.14483951112759
"6841","J01M",1.55059835797345
"6842","J01M",1.21192817015384
"6843","J01M",0.998405392549842
"6844","J01M",1.54294569329387
"6845","J01M",1.10668709296304
"6846","J01M",0.79942478756166
"6847","J01M",1.16193566673747
"6848","J01M",1.46949233015721
"6849","J01M",1.28984335854491
"6850","J01M",1.41693535177577
"6851","J01M",1.04343123801088
"6852","J01M",1.00599294356734
"6853","J01M",0.911231386195173
"6854","J01M",1.26729136697462
"6855","J01M",1.02946880884594
"6856","J01M",1.12642728328581
"6857","J01M",1.00720983170996
"6858","J01M",1.04389347634682
"6859","J01M",1.37985695077184
"6860","J01M",1.37985641901183
"6861","J01M",0.765580865659566
"6862","J01M",1.53119629253741
"6863","J01M",0.950422163053873
"6864","J01M",0.884674564366985
"6865","J01M",0.870486967193762
"6866","J01M",1.161155012891
"6867","J01M",1.01192277714138
"6868","J01M",1.12668071779248
"6869","J01M",1.35010525628047
"6870","J01M",1.30149241689544
"6871","J01M",1.0443266976016
"6872","J01M",0.981877129699582
"6873","J01M",1.20394412418322
"6874","J01M",1.32377366553349
"6875","J01M",1.14589306492781
"6876","J01M",1.41914130895741
"6877","J01M",1.34382159429971
"6878","J01M",1.3167333626509
"6879","J01M",1.50440240867324
"6880","J01M",1.26052478132278
"6881","J01M",1.15001438872331
"6882","J01M",1.07012746948201
"6883","J01M",1.38880418018939
"6884","J01M",1.62948727204864
"6885","J01M",1.29720623687424
"6886","J01M",1.02589140588534
"6887","J01M",1.2832532747687
"6888","J01M",0.938269874408288
"6889","J01M",1.32495306074559
"6890","J01M",1.20848760226771
"6891","J01M",1.17232674424109
"6892","J01M",0.800353049458334
"6893","J01M",0.938661338075005
"6894","J01M",1.55393307723008
"6895","J01M",1.13239523094911
"6896","J01M",1.38063232499112
"6897","J01M",1.10906392048607
"6898","J01M",1.40718327933946
"6899","J01M",1.13167197514666
"6900","J01M",1.38847443051349
"6901","J01M",1.18063623408113
"6902","J01M",1.07212842773301
"6903","J01M",1.11959602578723
"6904","J01M",1.27676509744417
"6905","J01M",1.31230107980402
"6906","J01M",0.844122425428326
"6907","J01M",1.22682313411959
"6908","J01M",0.877498174062421
"6909","J01M",1.53184267503833
"6910","J01M",1.26064119151798
"6911","J01M",1.58898447441753
"6912","J01M",1.31356696970385
"6913","J01M",1.46712337299496
"6914","J01M",1.500728346107
"6915","J01M",1.28092207133171
"6916","J01M",1.55356593590821
"6917","J01M",0.801326149724189
"6918","J01M",1.26429218463768
"6919","J01M",1.20931292595936
"6920","J01M",1.04740967796133
"6921","J01M",1.14183920081896
"6922","J01M",1.11311707754951
"6923","J01M",1.19348057950941
"6924","J01M",1.10577137122414
"6925","J01M",1.42867302135863
"6926","J01M",0.654315749675182
"6927","J01M",1.09328709843868
"6928","J01M",1.51587214103098
"6929","J01M",0.754479167313586
"6930","J01M",1.07704920904646
"6931","J01M",1.04047591522885
"6932","J01M",1.10036970721209
"6933","J01M",1.04502119203854
"6934","J01M",1.13659012845358
"6935","J01M",0.985074956488592
"6936","J01M",1.04678204732543
"6937","J01M",1.24243842773355
"6938","J01M",1.64412707022489
"6939","J01M",1.54940951501813
"6940","J01M",1.33470031448206
"6941","J01M",1.12487446603444
"6942","J01M",1.2336024959717
"6943","J01M",1.30995629458473
"6944","J01M",1.28048069993632
"6945","J01M",1.27514515973599
"6946","J01M",1.02760903878838
"6947","J01M",1.38279255386867
"6948","J01M",0.782537480256003
"6949","J01M",1.58214672723516
"6950","J01M",0.902701592262933
"6951","J01M",0.916326219132373
"6952","J01M",1.32529816364893
"6953","J01M",1.29990024672231
"6954","J01M",1.02609735386698
"6955","J01M",1.26497989114123
"6956","J01M",1.49504704792691
"6957","J01M",1.05024305249889
"6958","J01M",1.04616264745172
"6959","J01M",0.927529937920712
"6960","J01M",1.12424300761852
"6961","J01M",1.27811426562025
"6962","J01M",1.21148186017162
"6963","J01M",1.23471704811275
"6964","J01M",1.17538280516408
"6965","J01M",1.14442968782448
"6966","J01M",1.55158845211305
"6967","J01M",1.26279896765785
"6968","J01M",1.15796686917514
"6969","J01M",1.05239490879042
"6970","J01M",1.31618226889567
"6971","J01M",0.832203357402058
"6972","J01M",1.01007005056217
"6973","J01M",1.15028727785637
"6974","J01M",1.36401230763544
"6975","J01M",1.01590778163864
"6976","J01M",1.23554122698061
"6977","J01M",0.88707511193202
"6978","J01M",1.09903285358033
"6979","J01M",0.801900126544846
"6980","J01M",1.54810329668204
"6981","J01M",1.80494118426958
"6982","J01M",1.10876247473502
"6983","J01M",1.08803855621281
"6984","J01M",0.968692164017443
"6985","J01M",1.16106849695065
"6986","J01M",1.07133387738893
"6987","J01M",1.50021482762032
"6988","J01M",0.93964448686773
"6989","J01M",1.28900663682821
"6990","J01M",1.02137042875082
"6991","J01M",1.39912270259487
"6992","J01M",1.34881317575585
"6993","J01M",1.34910848829438
"6994","J01M",1.23779018000313
"6995","J01M",1.26717348654074
"6996","J01M",1.52441382092387
"6997","J01M",0.986499995641112
"6998","J01M",1.50519426037615
"6999","J01M",1.03414490421773
"7000","J01M",0.963242130433085
